MJD;Magnitude;Error;Facility;Filter;Observer
53710.07279;18.793;0.155;CRTS;CSS-V;CSS
53710.07918;18.506;0.137;CRTS;CSS-V;CSS
53710.08555;18.812;0.157;CRTS;CSS-V;CSS
53710.09191;18.748;0.153;CRTS;CSS-V;CSS
53560.40472;18.401;0.135;CRTS;CSS-V;CSS
53560.41177;18.505;0.141;CRTS;CSS-V;CSS
53560.41886;18.521;0.141;CRTS;CSS-V;CSS
53560.42591;18.678;0.151;CRTS;CSS-V;CSS
53702.08604;18.448;0.134;CRTS;CSS-V;CSS
53702.09259;18.419;0.133;CRTS;CSS-V;CSS
53702.09914;18.517;0.139;CRTS;CSS-V;CSS
53702.1057;18.834;0.159;CRTS;CSS-V;CSS
53654.22108;18.374;0.137;CRTS;CSS-V;CSS
53654.22646;18.755;0.161;CRTS;CSS-V;CSS
53654.23188;18.743;0.16;CRTS;CSS-V;CSS
53654.23732;18.909;0.172;CRTS;CSS-V;CSS
53636.23564;18.657;0.155;CRTS;CSS-V;CSS
53636.24206;18.676;0.157;CRTS;CSS-V;CSS
53636.24851;18.634;0.154;CRTS;CSS-V;CSS
53636.25498;18.673;0.156;CRTS;CSS-V;CSS
54081.14492;18.816;0.154;CRTS;CSS-V;CSS
54081.15044;18.696;0.147;CRTS;CSS-V;CSS
54081.15594;18.692;0.147;CRTS;CSS-V;CSS
54081.16144;18.685;0.146;CRTS;CSS-V;CSS
54093.0884;18.756;0.148;CRTS;CSS-V;CSS
54093.09596;18.671;0.143;CRTS;CSS-V;CSS
54093.10346;18.448;0.13;CRTS;CSS-V;CSS
54093.11098;18.613;0.14;CRTS;CSS-V;CSS
53744.07314;18.587;0.15;CRTS;CSS-V;CSS
53744.07791;18.67;0.156;CRTS;CSS-V;CSS
53744.08268;19.077;0.189;CRTS;CSS-V;CSS
53744.08746;19.177;0.198;CRTS;CSS-V;CSS
53937.38745;18.582;0.156;CRTS;CSS-V;CSS
53937.39632;18.576;0.156;CRTS;CSS-V;CSS
53937.40518;18.82;0.174;CRTS;CSS-V;CSS
53937.41407;18.782;0.171;CRTS;CSS-V;CSS
54024.17326;18.458;0.13;CRTS;CSS-V;CSS
54024.18086;18.805;0.15;CRTS;CSS-V;CSS
54024.18845;18.851;0.153;CRTS;CSS-V;CSS
54024.19607;18.586;0.136;CRTS;CSS-V;CSS
53992.31967;18.737;0.147;CRTS;CSS-V;CSS
53992.3268;18.655;0.142;CRTS;CSS-V;CSS
53992.33395;18.585;0.138;CRTS;CSS-V;CSS
53992.3411;19.002;0.165;CRTS;CSS-V;CSS
54008.24493;18.683;0.143;CRTS;CSS-V;CSS
54008.25467;18.413;0.128;CRTS;CSS-V;CSS
54008.26442;18.638;0.14;CRTS;CSS-V;CSS
54008.27418;18.693;0.143;CRTS;CSS-V;CSS
54454.1265;18.431;0.131;CRTS;CSS-V;CSS
54454.13294;18.734;0.148;CRTS;CSS-V;CSS
54454.13943;18.929;0.162;CRTS;CSS-V;CSS
54454.14589;18.29;0.124;CRTS;CSS-V;CSS
54109.08699;18.304;0.131;CRTS;CSS-V;CSS
54109.09132;17.873;0.11;CRTS;CSS-V;CSS
54109.09575;18.73;0.156;CRTS;CSS-V;CSS
54109.10021;18.335;0.133;CRTS;CSS-V;CSS
54406.15013;18.62;0.14;CRTS;CSS-V;CSS
54406.15727;18.671;0.143;CRTS;CSS-V;CSS
54406.16441;18.746;0.148;CRTS;CSS-V;CSS
54406.17156;18.744;0.147;CRTS;CSS-V;CSS
54415.14862;18.641;0.141;CRTS;CSS-V;CSS
54415.15518;18.792;0.151;CRTS;CSS-V;CSS
54415.16176;18.468;0.132;CRTS;CSS-V;CSS
54415.16837;18.603;0.139;CRTS;CSS-V;CSS
54421.07414;18.455;0.133;CRTS;CSS-V;CSS
54421.08162;18.399;0.131;CRTS;CSS-V;CSS
54421.08912;18.796;0.154;CRTS;CSS-V;CSS
54421.09661;18.262;0.124;CRTS;CSS-V;CSS
54377.23007;18.764;0.15;CRTS;CSS-V;CSS
54377.23823;18.511;0.135;CRTS;CSS-V;CSS
54377.24639;18.449;0.131;CRTS;CSS-V;CSS
54377.2545;18.683;0.145;CRTS;CSS-V;CSS
54386.18745;18.302;0.123;CRTS;CSS-V;CSS
54386.19465;18.538;0.136;CRTS;CSS-V;CSS
54386.20185;18.883;0.157;CRTS;CSS-V;CSS
54386.20908;18.694;0.144;CRTS;CSS-V;CSS
54388.21799;18.716;0.146;CRTS;CSS-V;CSS
54388.22608;18.693;0.144;CRTS;CSS-V;CSS
54388.23413;18.89;0.157;CRTS;CSS-V;CSS
54388.24217;18.739;0.147;CRTS;CSS-V;CSS
54346.28079;19.112;0.177;CRTS;CSS-V;CSS
54346.28798;18.686;0.146;CRTS;CSS-V;CSS
54346.29516;18.431;0.131;CRTS;CSS-V;CSS
54346.30234;18.766;0.151;CRTS;CSS-V;CSS
54355.23102;18.771;0.154;CRTS;CSS-V;CSS
54355.23752;18.841;0.158;CRTS;CSS-V;CSS
54355.24403;18.845;0.17;CRTS;CSS-V;CSS
54355.25052;18.532;0.142;CRTS;CSS-V;CSS
54466.08532;18.744;0.147;CRTS;CSS-V;CSS
54466.09078;18.914;0.159;CRTS;CSS-V;CSS
54466.09621;18.625;0.14;CRTS;CSS-V;CSS
54466.10172;18.625;0.14;CRTS;CSS-V;CSS
54477.07279;18.385;0.154;CRTS;CSS-V;CSS
54477.07699;18.131;0.139;CRTS;CSS-V;CSS
54477.08117;18.098;0.137;CRTS;CSS-V;CSS
54477.08535;18.765;0.184;CRTS;CSS-V;CSS
54776.12903;18.506;0.131;CRTS;CSS-V;CSS
54776.13628;18.697;0.142;CRTS;CSS-V;CSS
54776.14353;18.127;0.113;CRTS;CSS-V;CSS
54776.15077;18.699;0.142;CRTS;CSS-V;CSS
54748.12013;18.933;0.161;CRTS;CSS-V;CSS
54748.12742;18.454;0.131;CRTS;CSS-V;CSS
54748.13463;18.575;0.137;CRTS;CSS-V;CSS
54748.14188;18.499;0.132;CRTS;CSS-V;CSS
54766.15795;18.462;0.129;CRTS;CSS-V;CSS
54766.16589;18.494;0.131;CRTS;CSS-V;CSS
54766.17368;18.629;0.139;CRTS;CSS-V;CSS
54766.18155;18.848;0.152;CRTS;CSS-V;CSS
54769.15892;18.57;0.138;CRTS;CSS-V;CSS
54769.16618;18.719;0.147;CRTS;CSS-V;CSS
54769.17349;18.714;0.146;CRTS;CSS-V;CSS
54769.18068;18.839;0.154;CRTS;CSS-V;CSS
54716.32487;18.569;0.14;CRTS;CSS-V;CSS
54716.3323;18.573;0.137;CRTS;CSS-V;CSS
54716.33973;18.409;0.128;CRTS;CSS-V;CSS
54716.34711;18.735;0.147;CRTS;CSS-V;CSS
54729.26068;18.964;0.162;CRTS;CSS-V;CSS
54729.26709;18.544;0.135;CRTS;CSS-V;CSS
54729.27352;18.683;0.143;CRTS;CSS-V;CSS
54729.27998;18.996;0.164;CRTS;CSS-V;CSS
54738.2844;18.822;0.15;CRTS;CSS-V;CSS
54738.2922;18.6;0.137;CRTS;CSS-V;CSS
54738.30014;18.519;0.132;CRTS;CSS-V;CSS
54738.30801;18.64;0.139;CRTS;CSS-V;CSS
55058.37951;18.774;0.135;CRTS;CSS-V;CSS
55058.38751;18.543;0.123;CRTS;CSS-V;CSS
55058.39546;18.386;0.116;CRTS;CSS-V;CSS
55058.40343;18.677;0.13;CRTS;CSS-V;CSS
55070.39723;18.496;0.137;CRTS;CSS-V;CSS
55070.40448;18.953;0.168;CRTS;CSS-V;CSS
55070.41176;18.45;0.135;CRTS;CSS-V;CSS
55070.41899;18.76;0.155;CRTS;CSS-V;CSS
55182.06462;18.65;0.173;CRTS;CSS-V;CSS
55182.06867;19.094;0.214;CRTS;CSS-V;CSS
55182.0728;18.566;0.167;CRTS;CSS-V;CSS
55182.07687;18.337;0.151;CRTS;CSS-V;CSS
55039.41107;18.569;0.143;CRTS;CSS-V;CSS
55039.41982;18.59;0.144;CRTS;CSS-V;CSS
55039.42857;18.723;0.153;CRTS;CSS-V;CSS
55039.43729;18.38;0.132;CRTS;CSS-V;CSS
55151.10583;18.741;0.151;CRTS;CSS-V;CSS
55151.11124;18.704;0.149;CRTS;CSS-V;CSS
55151.1166;18.579;0.141;CRTS;CSS-V;CSS
55151.12203;18.905;0.162;CRTS;CSS-V;CSS
55084.31338;18.508;0.166;CRTS;CSS-V;CSS
55084.3191;18.951;0.205;CRTS;CSS-V;CSS
55084.32504;18.536;0.168;CRTS;CSS-V;CSS
55084.33092;18.397;0.158;CRTS;CSS-V;CSS
55538.08271;18.625;0.177;CRTS;CSS-V;CSS
55538.09271;18.362;0.157;CRTS;CSS-V;CSS
55538.09767;18.364;0.157;CRTS;CSS-V;CSS
55504.11608;18.306;0.129;CRTS;CSS-V;CSS
55504.12641;18.695;0.151;CRTS;CSS-V;CSS
55504.13155;18.734;0.154;CRTS;CSS-V;CSS
55530.12567;18.763;0.152;CRTS;CSS-V;CSS
55530.13489;18.626;0.143;CRTS;CSS-V;CSS
55530.13946;18.555;0.139;CRTS;CSS-V;CSS
55449.30692;18.565;0.166;CRTS;CSS-V;CSS
55449.31911;18.887;0.192;CRTS;CSS-V;CSS
55449.32511;18.38;0.152;CRTS;CSS-V;CSS
55468.29983;18.478;0.135;CRTS;CSS-V;CSS
55468.31361;18.656;0.146;CRTS;CSS-V;CSS
55468.32049;18.886;0.161;CRTS;CSS-V;CSS
55563.09243;18.881;0.209;CRTS;CSS-V;CSS
55563.09826;18.479;0.173;CRTS;CSS-V;CSS
55563.10412;18.671;0.19;CRTS;CSS-V;CSS
55563.11045;18.415;0.171;CRTS;CSS-V;CSS
55743.39462;18.889;0.177;CRTS;CSS-V;CSS
55743.40216;18.92;0.179;CRTS;CSS-V;CSS
55743.40968;18.608;0.155;CRTS;CSS-V;CSS
55743.41724;18.706;0.162;CRTS;CSS-V;CSS
55822.2985;18.666;0.144;CRTS;CSS-V;CSS
55822.30591;18.492;0.134;CRTS;CSS-V;CSS
55822.31323;18.818;0.154;CRTS;CSS-V;CSS
55822.32067;18.61;0.14;CRTS;CSS-V;CSS
55857.26178;18.81;0.137;CRTS;CSS-V;CSS
55857.27005;18.818;0.138;CRTS;CSS-V;CSS
55857.27832;18.69;0.131;CRTS;CSS-V;CSS
55857.28657;18.728;0.133;CRTS;CSS-V;CSS
55864.12925;18.29;0.125;CRTS;CSS-V;CSS
55864.13423;18.707;0.148;CRTS;CSS-V;CSS
55864.13939;18.711;0.148;CRTS;CSS-V;CSS
55864.14459;18.751;0.15;CRTS;CSS-V;CSS
55833.34704;18.729;0.152;CRTS;CSS-V;CSS
55833.35061;18.552;0.141;CRTS;CSS-V;CSS
55833.35418;18.405;0.133;CRTS;CSS-V;CSS
55833.35775;18.688;0.15;CRTS;CSS-V;CSS
55840.1935;18.737;0.146;CRTS;CSS-V;CSS
55840.20226;18.787;0.149;CRTS;CSS-V;CSS
55840.21103;18.555;0.135;CRTS;CSS-V;CSS
55840.21986;18.846;0.153;CRTS;CSS-V;CSS
55881.13078;18.726;0.148;CRTS;CSS-V;CSS
55881.13577;18.493;0.135;CRTS;CSS-V;CSS
55881.14088;18.516;0.136;CRTS;CSS-V;CSS
55881.14601;18.391;0.129;CRTS;CSS-V;CSS
55849.26048;18.287;0.125;CRTS;CSS-V;CSS
55849.26734;18.271;0.123;CRTS;CSS-V;CSS
55849.2742;18.621;0.142;CRTS;CSS-V;CSS
55849.28098;18.906;0.164;CRTS;CSS-V;CSS
55930.0638;19.148;0.18;CRTS;CSS-V;CSS
55930.06894;18.176;0.12;CRTS;CSS-V;CSS
55930.0741;18.531;0.138;CRTS;CSS-V;CSS
55930.07928;18.898;0.162;CRTS;CSS-V;CSS
56164.35693;18.179;0.122;CRTS;CSS-V;CSS
56164.36297;18.222;0.125;CRTS;CSS-V;CSS
56164.36901;18.43;0.135;CRTS;CSS-V;CSS
56164.37513;18.207;0.124;CRTS;CSS-V;CSS
56189.35014;17.948;0.113;CRTS;CSS-V;CSS
56189.35538;18.453;0.137;CRTS;CSS-V;CSS
56189.36069;18.284;0.129;CRTS;CSS-V;CSS
56189.36592;18.246;0.127;CRTS;CSS-V;CSS
56208.21042;18.549;0.142;CRTS;CSS-V;CSS
56208.21602;18.356;0.131;CRTS;CSS-V;CSS
56208.2216;18.404;0.134;CRTS;CSS-V;CSS
56214.19252;18.302;0.127;CRTS;CSS-V;CSS
56214.20096;18.692;0.149;CRTS;CSS-V;CSS
56214.20941;18.438;0.134;CRTS;CSS-V;CSS
56214.21791;18.389;0.132;CRTS;CSS-V;CSS
56235.10837;18.438;0.135;CRTS;CSS-V;CSS
56235.11741;18.277;0.126;CRTS;CSS-V;CSS
56235.12633;18.549;0.141;CRTS;CSS-V;CSS
56235.13533;18.56;0.141;CRTS;CSS-V;CSS
56272.09243;18.587;0.124;CRTS;CSS-V;CSS
56272.09785;18.889;0.141;CRTS;CSS-V;CSS
56272.10327;18.507;0.121;CRTS;CSS-V;CSS
56272.10874;18.668;0.129;CRTS;CSS-V;CSS
56285.10011;18.777;0.136;CRTS;CSS-V;CSS
56285.10553;18.491;0.123;CRTS;CSS-V;CSS
56285.11098;18.572;0.125;CRTS;CSS-V;CSS
56285.11636;18.686;0.131;CRTS;CSS-V;CSS
56536.30631;18.815;0.166;CRTS;CSS-V;CSS
56536.31664;18.836;0.168;CRTS;CSS-V;CSS
56536.32692;18.493;0.144;CRTS;CSS-V;CSS
56536.33736;18.785;0.164;CRTS;CSS-V;CSS
56558.25863;18.78;0.158;CRTS;CSS-V;CSS
56558.26796;18.804;0.16;CRTS;CSS-V;CSS
56558.27728;18.609;0.147;CRTS;CSS-V;CSS
56558.28654;18.879;0.165;CRTS;CSS-V;CSS
56564.28711;18.531;0.138;CRTS;CSS-V;CSS
56564.29208;18.684;0.147;CRTS;CSS-V;CSS
56564.2971;18.287;0.125;CRTS;CSS-V;CSS
56564.30218;18.351;0.128;CRTS;CSS-V;CSS
56570.24324;18.168;0.12;CRTS;CSS-V;CSS
56570.24824;18.838;0.158;CRTS;CSS-V;CSS
56570.2533;18.842;0.158;CRTS;CSS-V;CSS
56570.25826;18.584;0.142;CRTS;CSS-V;CSS
56604.16729;18.53;0.14;CRTS;CSS-V;CSS
56604.17283;19.098;0.18;CRTS;CSS-V;CSS
56604.17838;18.575;0.143;CRTS;CSS-V;CSS
56604.18394;18.483;0.137;CRTS;CSS-V;CSS
56625.06475;18.737;0.136;CRTS;CSS-V;CSS
56625.07218;18.497;0.122;CRTS;CSS-V;CSS
56625.07961;18.41;0.12;CRTS;CSS-V;CSS
56625.08704;18.532;0.129;CRTS;CSS-V;CSS
56652.06177;18.583;0.142;CRTS;CSS-V;CSS
56652.06781;18.758;0.154;CRTS;CSS-V;CSS
56652.07385;18.591;0.143;CRTS;CSS-V;CSS
56652.07988;18.511;0.139;CRTS;CSS-V;CSS
56818.44842;18.713;0.166;CRTS;CSS-V;CSS
56818.45142;18.6;0.157;CRTS;CSS-V;CSS
56818.45443;18.711;0.165;CRTS;CSS-V;CSS
56818.45744;18.748;0.168;CRTS;CSS-V;CSS
56832.44001;18.747;0.152;CRTS;CSS-V;CSS
56832.44648;18.338;0.127;CRTS;CSS-V;CSS
56832.45295;18.532;0.137;CRTS;CSS-V;CSS
56832.45941;18.776;0.152;CRTS;CSS-V;CSS
56900.27432;18.578;0.14;CRTS;CSS-V;CSS
56900.28033;18.658;0.145;CRTS;CSS-V;CSS
56900.28634;18.937;0.164;CRTS;CSS-V;CSS
56900.29235;18.574;0.14;CRTS;CSS-V;CSS
56912.20022;18.606;0.143;CRTS;CSS-V;CSS
56912.20674;18.746;0.152;CRTS;CSS-V;CSS
56912.21325;18.933;0.164;CRTS;CSS-V;CSS
56912.21975;19.017;0.17;CRTS;CSS-V;CSS
56930.3155;18.706;0.146;CRTS;CSS-V;CSS
56930.32559;18.533;0.136;CRTS;CSS-V;CSS
56930.33569;18.495;0.134;CRTS;CSS-V;CSS
56930.3458;18.806;0.153;CRTS;CSS-V;CSS
56942.20735;18.638;0.143;CRTS;CSS-V;CSS
56942.21761;18.722;0.148;CRTS;CSS-V;CSS
56942.22789;18.696;0.146;CRTS;CSS-V;CSS
56942.23813;18.284;0.123;CRTS;CSS-V;CSS
56954.13514;18.195;0.119;CRTS;CSS-V;CSS
56954.14427;18.386;0.128;CRTS;CSS-V;CSS
56954.1534;18.889;0.158;CRTS;CSS-V;CSS
56954.16252;18.793;0.152;CRTS;CSS-V;CSS
56979.10442;18.47;0.132;CRTS;CSS-V;CSS
56979.10942;18.789;0.151;CRTS;CSS-V;CSS
56979.11442;18.515;0.134;CRTS;CSS-V;CSS
56979.11943;18.541;0.136;CRTS;CSS-V;CSS
56985.12251;18.694;0.145;CRTS;CSS-V;CSS
56985.12751;18.294;0.123;CRTS;CSS-V;CSS
56985.13251;18.447;0.131;CRTS;CSS-V;CSS
56985.13751;18.599;0.139;CRTS;CSS-V;CSS
57015.09124;18.544;0.137;CRTS;CSS-V;CSS
57015.09526;18.749;0.149;CRTS;CSS-V;CSS
57015.09926;18.83;0.154;CRTS;CSS-V;CSS
57015.10327;18.641;0.143;CRTS;CSS-V;CSS
57187.44442;18.689;0.154;CRTS;CSS-V;CSS
57187.44743;18.859;0.167;CRTS;CSS-V;CSS
57187.45043;19.015;0.179;CRTS;CSS-V;CSS
57187.45343;18.884;0.168;CRTS;CSS-V;CSS
57193.43806;18.621;0.155;CRTS;CSS-V;CSS
57193.44308;18.306;0.135;CRTS;CSS-V;CSS
57193.4481;18.922;0.175;CRTS;CSS-V;CSS
57193.45311;18.86;0.17;CRTS;CSS-V;CSS
57283.24276;18.718;0.153;CRTS;CSS-V;CSS
57283.24861;18.494;0.139;CRTS;CSS-V;CSS
57283.25545;18.29;0.135;CRTS;CSS-V;CSS
57283.2613;18.614;0.146;CRTS;CSS-V;CSS
57288.24756;18.724;0.153;CRTS;CSS-V;CSS
57288.25257;18.496;0.139;CRTS;CSS-V;CSS
57288.25757;18.313;0.129;CRTS;CSS-V;CSS
57288.26257;19.012;0.174;CRTS;CSS-V;CSS
57297.27157;18.831;0.161;CRTS;CSS-V;CSS
57297.27607;18.72;0.153;CRTS;CSS-V;CSS
57297.28058;18.319;0.13;CRTS;CSS-V;CSS
57297.28508;18.247;0.126;CRTS;CSS-V;CSS
57304.16595;18.684;0.152;CRTS;CSS-V;CSS
57304.17096;18.679;0.151;CRTS;CSS-V;CSS
57304.17761;18.854;0.164;CRTS;CSS-V;CSS
57304.19362;18.774;0.157;CRTS;CSS-V;CSS
57310.21547;18.77;0.156;CRTS;CSS-V;CSS
57310.22047;18.509;0.14;CRTS;CSS-V;CSS
57310.22547;18.985;0.174;CRTS;CSS-V;CSS
57310.23047;18.853;0.171;CRTS;CSS-V;CSS
57333.11203;18.384;0.132;CRTS;CSS-V;CSS
57333.11653;18.488;0.137;CRTS;CSS-V;CSS
57333.12104;18.364;0.13;CRTS;CSS-V;CSS
57333.12554;18.333;0.129;CRTS;CSS-V;CSS
57339.07898;18.175;0.121;CRTS;CSS-V;CSS
57339.0835;18.475;0.137;CRTS;CSS-V;CSS
57339.08803;18.438;0.138;CRTS;CSS-V;CSS
57339.09256;18.492;0.138;CRTS;CSS-V;CSS
53649.17877;18.6;0.036;CRTS;MLS-V;MLS
53649.18428;18.161;0.03;CRTS;MLS-V;MLS
53649.18984;18.67;0.038;CRTS;MLS-V;MLS
53649.19537;18.71;0.038;CRTS;MLS-V;MLS
53672.2159;18.601;0.039;CRTS;MLS-V;MLS
53672.22282;18.726;0.042;CRTS;MLS-V;MLS
53672.22976;18.678;0.042;CRTS;MLS-V;MLS
53672.2367;18.772;0.047;CRTS;MLS-V;MLS
54064.10119;18.625;0.042;CRTS;MLS-V;MLS
54064.10568;18.636;0.043;CRTS;MLS-V;MLS
54064.11016;18.61;0.042;CRTS;MLS-V;MLS
54064.11457;18.757;0.046;CRTS;MLS-V;MLS
54010.21016;18.999;0.061;CRTS;MLS-V;MLS
54010.21566;18.721;0.046;CRTS;MLS-V;MLS
54010.22125;18.702;0.045;CRTS;MLS-V;MLS
54010.22684;18.616;0.043;CRTS;MLS-V;MLS
54407.15659;18.762;0.04;CRTS;MLS-V;MLS
54407.16714;18.607;0.036;CRTS;MLS-V;MLS
54407.17756;18.641;0.038;CRTS;MLS-V;MLS
54407.18791;18.687;0.039;CRTS;MLS-V;MLS
54388.19283;18.551;0.036;CRTS;MLS-V;MLS
54388.20115;18.687;0.039;CRTS;MLS-V;MLS
54388.20946;18.683;0.038;CRTS;MLS-V;MLS
54388.21779;18.682;0.038;CRTS;MLS-V;MLS
54355.29755;18.657;0.039;CRTS;MLS-V;MLS
54355.30218;18.737;0.041;CRTS;MLS-V;MLS
54355.30676;18.642;0.038;CRTS;MLS-V;MLS
54355.31141;18.708;0.04;CRTS;MLS-V;MLS
54732.24911;18.759;0.043;CRTS;MLS-V;MLS
54732.25585;18.655;0.04;CRTS;MLS-V;MLS
54732.26256;18.641;0.039;CRTS;MLS-V;MLS
54732.26926;18.755;0.043;CRTS;MLS-V;MLS
55129.14409;18.688;0.053;CRTS;MLS-V;MLS
55129.15123;18.73;0.054;CRTS;MLS-V;MLS
55129.15848;18.693;0.053;CRTS;MLS-V;MLS
55129.16579;18.656;0.051;CRTS;MLS-V;MLS
55093.28815;18.623;0.044;CRTS;MLS-V;MLS
55093.29919;18.763;0.049;CRTS;MLS-V;MLS
55093.30936;18.71;0.047;CRTS;MLS-V;MLS
55093.31955;18.745;0.048;CRTS;MLS-V;MLS
55478.17038;18.729;0.042;CRTS;MLS-V;MLS
55478.17728;18.707;0.041;CRTS;MLS-V;MLS
55478.18422;18.753;0.042;CRTS;MLS-V;MLS
55478.19106;18.756;0.042;CRTS;MLS-V;MLS
55450.29212;18.69;0.04;CRTS;MLS-V;MLS
55450.30272;18.725;0.041;CRTS;MLS-V;MLS
55450.31061;18.682;0.04;CRTS;MLS-V;MLS
55450.31846;18.693;0.04;CRTS;MLS-V;MLS
55450.3263;18.641;0.039;CRTS;MLS-V;MLS
55825.33124;18.846;0.052;CRTS;MLS-V;MLS
55825.3376;18.771;0.05;CRTS;MLS-V;MLS
55825.34406;18.777;0.05;CRTS;MLS-V;MLS
55825.35047;18.657;0.045;CRTS;MLS-V;MLS
55858.13083;18.653;0.042;CRTS;MLS-V;MLS
55858.13665;18.75;0.045;CRTS;MLS-V;MLS
55858.14246;18.656;0.042;CRTS;MLS-V;MLS
55858.14834;18.633;0.041;CRTS;MLS-V;MLS
56186.37781;18.367;0.038;CRTS;MLS-V;MLS
56186.38235;18.409;0.039;CRTS;MLS-V;MLS
56186.38698;18.403;0.039;CRTS;MLS-V;MLS
56186.39161;18.362;0.038;CRTS;MLS-V;MLS
56297.08123;18.579;0.044;CRTS;MLS-V;MLS
56297.08686;18.623;0.045;CRTS;MLS-V;MLS
56297.0922;18.66;0.047;CRTS;MLS-V;MLS
56297.09761;18.726;0.049;CRTS;MLS-V;MLS
56547.30068;18.648;0.045;CRTS;MLS-V;MLS
56547.30976;18.683;0.046;CRTS;MLS-V;MLS
56547.31882;18.681;0.046;CRTS;MLS-V;MLS
56547.32785;18.671;0.046;CRTS;MLS-V;MLS
56558.32072;18.707;0.046;CRTS;MLS-V;MLS
56558.32688;18.762;0.048;CRTS;MLS-V;MLS
56558.33307;18.763;0.048;CRTS;MLS-V;MLS
56558.33926;18.742;0.047;CRTS;MLS-V;MLS
56593.2209;18.606;0.044;CRTS;MLS-V;MLS
56593.23297;18.756;0.049;CRTS;MLS-V;MLS
56593.24284;18.659;0.046;CRTS;MLS-V;MLS
56593.25275;18.642;0.045;CRTS;MLS-V;MLS
56902.33225;18.627;0.046;CRTS;MLS-V;MLS
56902.33807;18.689;0.049;CRTS;MLS-V;MLS
56902.34388;18.607;0.046;CRTS;MLS-V;MLS
56902.34969;18.702;0.049;CRTS;MLS-V;MLS
56930.25962;18.828;0.054;CRTS;MLS-V;MLS
56930.26471;18.589;0.046;CRTS;MLS-V;MLS
56930.2698;18.623;0.047;CRTS;MLS-V;MLS
56930.27489;18.622;0.047;CRTS;MLS-V;MLS
57362.08295;18.61;0.039;CRTS;MLS-V;MLS
57362.08804;18.718;0.042;CRTS;MLS-V;MLS
57362.09313;18.754;0.043;CRTS;MLS-V;MLS
57362.09822;18.797;0.044;CRTS;MLS-V;MLS
53900.73344;18.741;0.284;CRTS;SSS-V;SSS
53900.7444;18.722;0.28;CRTS;SSS-V;SSS
53900.76628;19.09;0.337;CRTS;SSS-V;SSS
53865.79469;18.606;0.312;CRTS;SSS-V;SSS
53865.80035;19.323;0.465;CRTS;SSS-V;SSS
53865.80601;19.011;0.387;CRTS;SSS-V;SSS
53865.81168;19.016;0.389;CRTS;SSS-V;SSS
54264.75371;19.081;0.44;CRTS;SSS-V;SSS
54264.76226;18.277;0.281;CRTS;SSS-V;SSS
54264.77079;18.437;0.305;CRTS;SSS-V;SSS
54264.77942;18.865;0.386;CRTS;SSS-V;SSS
54233.80094;19.385;0.601;CRTS;SSS-V;SSS
54233.80625;18.312;0.325;CRTS;SSS-V;SSS
54233.81154;18.946;0.462;CRTS;SSS-V;SSS
54233.8168;18.764;0.414;CRTS;SSS-V;SSS
54596.79398;18.987;0.358;CRTS;SSS-V;SSS
54596.79935;19.128;0.386;CRTS;SSS-V;SSS
54596.80458;18.636;0.294;CRTS;SSS-V;SSS
54596.80988;18.846;0.328;CRTS;SSS-V;SSS
54732.56237;18.712;0.208;CRTS;SSS-V;SSS
54732.57034;18.696;0.206;CRTS;SSS-V;SSS
54732.5783;18.807;0.218;CRTS;SSS-V;SSS
54732.58624;18.75;0.212;CRTS;SSS-V;SSS
55013.68142;18.862;0.289;CRTS;SSS-V;SSS
55013.69271;18.612;0.255;CRTS;SSS-V;SSS
55013.70406;18.919;0.299;CRTS;SSS-V;SSS
55013.71851;18.66;0.26;CRTS;SSS-V;SSS
54966.78377;18.661;0.268;CRTS;SSS-V;SSS
54966.79152;18.771;0.283;CRTS;SSS-V;SSS
54966.79914;18.868;0.298;CRTS;SSS-V;SSS
54966.80687;18.779;0.283;CRTS;SSS-V;SSS
55101.59506;18.506;0.245;CRTS;SSS-V;SSS
55101.6073;18.486;0.243;CRTS;SSS-V;SSS
55101.61962;18.515;0.247;CRTS;SSS-V;SSS
55101.632;18.248;0.216;CRTS;SSS-V;SSS
55355.76502;18.759;0.303;CRTS;SSS-V;SSS
55355.80334;18.527;0.268;CRTS;SSS-V;SSS
55337.78065;18.682;0.366;CRTS;SSS-V;SSS
55722.75994;19.108;0.289;CRTS;SSS-V;SSS
55722.77344;18.479;0.209;CRTS;SSS-V;SSS
55722.7874;18.74;0.241;CRTS;SSS-V;SSS
55722.80109;18.617;0.224;CRTS;SSS-V;SSS
55696.80073;18.605;0.258;CRTS;SSS-V;SSS
55696.81877;18.352;0.22;CRTS;SSS-V;SSS
56065.77908;19.086;0.491;CRTS;SSS-V;SSS
56065.7893;18.625;0.319;CRTS;SSS-V;SSS
56065.79952;19.073;0.421;CRTS;SSS-V;SSS
56065.80977;18.651;0.324;CRTS;SSS-V;SSS
56098.72484;18.766;0.331;CRTS;SSS-V;SSS
56098.73483;19.005;0.368;CRTS;SSS-V;SSS
56098.7448;18.35;0.253;CRTS;SSS-V;SSS
56098.75484;18.947;0.343;CRTS;SSS-V;SSS
56128.65963;18.269;0.171;CRTS;SSS-V;SSS
56128.67244;18.13;0.16;CRTS;SSS-V;SSS
56128.68528;18.169;0.163;CRTS;SSS-V;SSS
56128.69816;18.243;0.168;CRTS;SSS-V;SSS
56182.60365;18.325;0.175;CRTS;SSS-V;SSS
56182.61632;18.281;0.172;CRTS;SSS-V;SSS
56182.62909;18.198;0.166;CRTS;SSS-V;SSS
56182.6419;18.196;0.166;CRTS;SSS-V;SSS
56431.76962;18.475;0.19;CRTS;SSS-V;SSS
56431.78406;19.021;0.28;CRTS;SSS-V;SSS
56431.79847;19.365;0.408;CRTS;SSS-V;SSS
56431.81294;18.876;0.419;CRTS;SSS-V;SSS
56458.79355;18.886;0.272;CRTS;SSS-V;SSS
56458.80449;18.671;0.263;CRTS;SSS-V;SSS
56458.8152;18.672;0.227;CRTS;SSS-V;SSS
56458.8258;18.613;0.23;CRTS;SSS-V;SSS
56493.70681;18.668;0.238;CRTS;SSS-V;SSS
56493.71777;18.512;0.22;CRTS;SSS-V;SSS
56493.72852;18.851;0.261;CRTS;SSS-V;SSS
56493.73935;18.718;0.244;CRTS;SSS-V;SSS
55337.79017;18.453;0.322;CRTS;SSS-V;SSS
55337.80023;18.72;0.374;CRTS;SSS-V;SSS
55355.77773;18.681;0.289;CRTS;SSS-V;SSS
55355.79053;18.516;0.266;CRTS;SSS-V;SSS
55008.4141572;18.699941635131836;0.04025593772530556;PTF;PTF(R);PTF
55008.4467072;18.68206214904785;0.03842296078801155;PTF;PTF(R);PTF
55015.3788072;18.747241973876953;0.11501173675060272;PTF;PTF(R);PTF
55015.4257772;18.777755737304688;0.10169611126184464;PTF;PTF(R);PTF
55028.4017972;18.775531768798828;0.22943797707557678;PTF;PTF(R);PTF
55028.4402072;18.788118362426758;0.22984462976455688;PTF;PTF(R);PTF
55038.3090772;18.66843605041504;0.1303565353155136;PTF;PTF(R);PTF
55038.4463972;18.646724700927734;0.12505683302879333;PTF;PTF(R);PTF
55044.3338972;18.715959548950195;0.05060456693172455;PTF;PTF(R);PTF
55044.3940672;18.70694923400879;0.03557616472244263;PTF;PTF(R);PTF
55358.3658674;14.835;0.28;ALLWISE;WISE(W2);ALLWISE
55358.3658674;14.836;0.118;ALLWISE;WISE(W1);ALLWISE
55358.4981712;15.612;0.167;ALLWISE;WISE(W1);ALLWISE
55358.6304749;15.383;0.508;ALLWISE;WISE(W2);ALLWISE
55358.6304749;15.326;0.154;ALLWISE;WISE(W1);ALLWISE
55358.7627787;15.728;0.171;ALLWISE;WISE(W1);ALLWISE
55358.8288669;15.676;0.189;ALLWISE;WISE(W1);ALLWISE
55358.8288669;14.413;0.202;ALLWISE;WISE(W2);ALLWISE
55358.8950826;15.724;0.173;ALLWISE;WISE(W1);ALLWISE
55358.9611708;15.7;0.177;ALLWISE;WISE(W1);ALLWISE
55359.0273863;15.444;0.137;ALLWISE;WISE(W1);ALLWISE
55359.0934746;15.783;0.197;ALLWISE;WISE(W1);ALLWISE
55359.2257784;14.928;0.282;ALLWISE;WISE(W2);ALLWISE
55359.2257784;15.636;0.174;ALLWISE;WISE(W1);ALLWISE
55359.3580821;15.359;0.151;ALLWISE;WISE(W1);ALLWISE
55359.4903859;15.683;0.168;ALLWISE;WISE(W1);ALLWISE
55359.4903859;15.481;0.499;ALLWISE;WISE(W2);ALLWISE
55363.4282472;18.710243225097656;0.05843044072389603;PTF;PTF(R);PTF
55363.4729472;18.652969360351562;0.059218090027570724;PTF;PTF(R);PTF
55376.3830472;18.750619888305664;0.11714319884777069;PTF;PTF(R);PTF
55376.4262172;18.772764205932617;0.09944546222686768;PTF;PTF(R);PTF
55384.3602572;18.690458297729492;0.05388936772942543;PTF;PTF(R);PTF
55384.4033972;18.759645462036133;0.053861960768699646;PTF;PTF(R);PTF
55410.4842972;18.70063018798828;0.2831273376941681;PTF;PTF(R);PTF
55418.2817972;18.747804641723633;0.24764370918273926;PTF;PTF(R);PTF
55418.3257472;18.758699417114258;0.2461206614971161;PTF;PTF(R);PTF
55424.2962372;18.681110382080078;0.2491532266139984;PTF;PTF(R);PTF
55424.3397472;18.734708786010742;0.24936307966709137;PTF;PTF(R);PTF
55428.2686772;18.734392166137695;0.08755575120449066;PTF;PTF(R);PTF
55428.3121872;18.708574295043945;0.08639922738075256;PTF;PTF(R);PTF
55536.1829583;15.486;0.151;ALLWISE;WISE(W1);ALLWISE
55536.1829583;15.216;0.401;ALLWISE;WISE(W2);ALLWISE
55536.3151353;15.392;0.138;ALLWISE;WISE(W1);ALLWISE
55536.3151353;15.426;0.48;ALLWISE;WISE(W2);ALLWISE
55536.4474396;15.558;0.178;ALLWISE;WISE(W1);ALLWISE
55536.4474396;14.955;0.313;ALLWISE;WISE(W2);ALLWISE
55536.5797439;15.412;0.142;ALLWISE;WISE(W1);ALLWISE
55536.5797439;15.048;0.411;ALLWISE;WISE(W2);ALLWISE
55536.6458324;15.468;0.487;ALLWISE;WISE(W2);ALLWISE
55536.6458324;15.845;0.207;ALLWISE;WISE(W1);ALLWISE
55536.7119209;15.752;0.196;ALLWISE;WISE(W1);ALLWISE
55536.7781367;16.333;0.346;ALLWISE;WISE(W1);ALLWISE
55536.7781367;15.475;0.51;ALLWISE;WISE(W2);ALLWISE
55536.8442253;15.453;0.146;ALLWISE;WISE(W1);ALLWISE
55536.9103137;15.527;0.164;ALLWISE;WISE(W1);ALLWISE
55536.9103137;15.261;0.434;ALLWISE;WISE(W2);ALLWISE
55537.0426181;15.624;0.171;ALLWISE;WISE(W1);ALLWISE
55537.1749224;16.203;0.291;ALLWISE;WISE(W1);ALLWISE
56203.2304572;18.49506950378418;0.045535825192928314;PTF;PTF(R);PTF
56203.2317372;18.512182235717773;0.04686175659298897;PTF;PTF(R);PTF
56203.2329972;18.623485565185547;0.048231083899736404;PTF;PTF(R);PTF
56229.1005572;18.545419692993164;0.06430966407060623;PTF;PTF(R);PTF
56230.1190372;18.57074737548828;0.0578048899769783;PTF;PTF(R);PTF
56230.2165872;18.691604614257812;0.06239946186542511;PTF;PTF(R);PTF
56231.1182772;18.695016860961914;0.06021709367632866;PTF;PTF(R);PTF
56231.2145772;18.650314331054688;0.05043519660830498;PTF;PTF(R);PTF
56232.1163872;18.595436096191406;0.08552137762308121;PTF;PTF(R);PTF
56232.1809272;18.535364151000977;0.08216827362775803;PTF;PTF(R);PTF
56820.54159174;15.275;0.137;NEOWISE;WISE(W1);NEOWISE
56820.54159174;14.905;0.347;NEOWISE;WISE(W2);NEOWISE
56820.67325883;14.759;0.314;NEOWISE;WISE(W2);NEOWISE
56820.67325883;15.271;0.132;NEOWISE;WISE(W1);NEOWISE
56820.80479862;15.358;0.137;NEOWISE;WISE(W1);NEOWISE
56820.93646578;14.889;0.308;NEOWISE;WISE(W2);NEOWISE
56820.93646578;15.534;0.174;NEOWISE;WISE(W1);NEOWISE
56821.00217204;15.05;0.111;NEOWISE;WISE(W1);NEOWISE
56821.00217204;14.487;0.271;NEOWISE;WISE(W2);NEOWISE
56821.06800561;15.323;0.144;NEOWISE;WISE(W1);NEOWISE
56821.06800561;15.219;0.523;NEOWISE;WISE(W2);NEOWISE
56821.13383909;14.769;0.31;NEOWISE;WISE(W2);NEOWISE
56821.13383909;15.559;0.155;NEOWISE;WISE(W1);NEOWISE
56821.1995453;15.04;0.386;NEOWISE;WISE(W2);NEOWISE
56821.1995453;15.438;0.155;NEOWISE;WISE(W1);NEOWISE
56821.26537883;15.36;0.147;NEOWISE;WISE(W1);NEOWISE
56821.26537883;15.029;0.493;NEOWISE;WISE(W2);NEOWISE
56821.39691857;14.785;0.31;NEOWISE;WISE(W2);NEOWISE
56821.39691857;15.308;0.142;NEOWISE;WISE(W1);NEOWISE
56821.39704588;14.908;0.467;NEOWISE;WISE(W2);NEOWISE
56821.39704588;15.073;0.113;NEOWISE;WISE(W1);NEOWISE
56821.52858562;15.503;0.187;NEOWISE;WISE(W1);NEOWISE
56827.58157832;15.607;0.316;NEOWISE;WISE(W1);NEOWISE
56827.58157832;13.307;0.274;NEOWISE;WISE(W2);NEOWISE
56911.3560372;18.7089900970459;0.07991280406713486;PTF;PTF(R);PTF
57000.91003726;15.531;0.232;NEOWISE;WISE(W1);NEOWISE
57000.91003726;14.992;0.442;NEOWISE;WISE(W2);NEOWISE
57000.91016462;15.344;0.158;NEOWISE;WISE(W1);NEOWISE
57001.04157764;14.518;0.295;NEOWISE;WISE(W2);NEOWISE
57001.04157764;15.476;0.188;NEOWISE;WISE(W1);NEOWISE
57001.17299065;14.565;0.273;NEOWISE;WISE(W2);NEOWISE
57001.17299065;15.02;0.104;NEOWISE;WISE(W1);NEOWISE
57001.23869714;14.421;0.258;NEOWISE;WISE(W2);NEOWISE
57001.23869714;15.4;0.149;NEOWISE;WISE(W1);NEOWISE
57001.30440367;14.969;0.411;NEOWISE;WISE(W2);NEOWISE
57001.30440367;15.892;0.272;NEOWISE;WISE(W1);NEOWISE
57001.3701102;14.646;0.253;NEOWISE;WISE(W2);NEOWISE
57001.3701102;15.19;0.134;NEOWISE;WISE(W1);NEOWISE
57001.43594405;15.2;0.149;NEOWISE;WISE(W1);NEOWISE
57001.43594405;14.986;0.343;NEOWISE;WISE(W2);NEOWISE
57001.50165058;14.895;0.106;NEOWISE;WISE(W1);NEOWISE
57001.50165058;14.826;0.431;NEOWISE;WISE(W2);NEOWISE
57001.6330636;14.579;0.353;NEOWISE;WISE(W2);NEOWISE
57001.6330636;15.46;0.151;NEOWISE;WISE(W1);NEOWISE
57001.76447667;15.451;0.151;NEOWISE;WISE(W1);NEOWISE
57185.27392142;15.329;0.199;NEOWISE;WISE(W1);NEOWISE
57185.27392142;14.668;0.247;NEOWISE;WISE(W2);NEOWISE
57185.40520714;14.781;0.345;NEOWISE;WISE(W2);NEOWISE
57185.40520714;15.231;0.133;NEOWISE;WISE(W1);NEOWISE
57185.53649233;14.868;0.114;NEOWISE;WISE(W1);NEOWISE
57185.66765015;15.246;0.12;NEOWISE;WISE(W1);NEOWISE
57185.66765015;14.846;0.325;NEOWISE;WISE(W2);NEOWISE
57185.7332291;15.246;0.126;NEOWISE;WISE(W1);NEOWISE
57185.7332291;14.834;0.385;NEOWISE;WISE(W2);NEOWISE
57185.79893539;15.324;0.141;NEOWISE;WISE(W1);NEOWISE
57185.86451433;15.155;0.113;NEOWISE;WISE(W1);NEOWISE
57185.86451433;14.223;0.2;NEOWISE;WISE(W2);NEOWISE
57185.93009322;15.61;0.159;NEOWISE;WISE(W1);NEOWISE
57185.93009322;14.096;0.207;NEOWISE;WISE(W2);NEOWISE
57185.99567215;15.466;0.148;NEOWISE;WISE(W1);NEOWISE
57185.99567215;14.872;0.293;NEOWISE;WISE(W2);NEOWISE
57185.99579951;15.613;0.166;NEOWISE;WISE(W1);NEOWISE
57185.99579951;14.385;0.221;NEOWISE;WISE(W2);NEOWISE
57186.1269574;14.091;0.291;NEOWISE;WISE(W2);NEOWISE
57186.1269574;15.342;0.162;NEOWISE;WISE(W1);NEOWISE
57186.25824249;14.529;0.213;NEOWISE;WISE(W2);NEOWISE
57186.25824249;15.159;0.143;NEOWISE;WISE(W1);NEOWISE
57360.05058552;15.212;0.119;NEOWISE;WISE(W1);NEOWISE
57360.05058552;14.795;0.286;NEOWISE;WISE(W2);NEOWISE
57360.1816167;15.523;0.159;NEOWISE;WISE(W1);NEOWISE
57360.1816167;14.79;0.284;NEOWISE;WISE(W2);NEOWISE
57360.18174406;15.274;0.134;NEOWISE;WISE(W1);NEOWISE
57360.18174406;14.689;0.243;NEOWISE;WISE(W2);NEOWISE
57360.31277529;15.083;0.352;NEOWISE;WISE(W2);NEOWISE
57360.31277529;15.235;0.133;NEOWISE;WISE(W1);NEOWISE
57360.3783546;14.853;0.362;NEOWISE;WISE(W2);NEOWISE
57360.3783546;15.491;0.146;NEOWISE;WISE(W1);NEOWISE
57360.44393384;15.769;0.242;NEOWISE;WISE(W1);NEOWISE
57360.50951309;15.123;0.154;NEOWISE;WISE(W1);NEOWISE
57360.50951309;14.821;0.287;NEOWISE;WISE(W2);NEOWISE
57360.57509234;15.721;0.18;NEOWISE;WISE(W1);NEOWISE
57360.57509234;14.354;0.225;NEOWISE;WISE(W2);NEOWISE
57360.64067163;15.196;0.524;NEOWISE;WISE(W2);NEOWISE
57360.64067163;15.317;0.126;NEOWISE;WISE(W1);NEOWISE
57360.77183022;15.416;0.144;NEOWISE;WISE(W1);NEOWISE
57360.90298876;15.071;0.103;NEOWISE;WISE(W1);NEOWISE
57360.90298876;15.342;0.479;NEOWISE;WISE(W2);NEOWISE
57549.44030175;14.695;0.304;NEOWISE;WISE(W2);NEOWISE
57549.44030175;15.462;0.153;NEOWISE;WISE(W1);NEOWISE
57549.57133243;15.444;0.154;NEOWISE;WISE(W1);NEOWISE
57549.57133243;14.567;0.317;NEOWISE;WISE(W2);NEOWISE
57549.70236301;15.296;0.139;NEOWISE;WISE(W1);NEOWISE
57549.70236301;14.861;0.33;NEOWISE;WISE(W2);NEOWISE
57549.7678147;14.98;0.377;NEOWISE;WISE(W2);NEOWISE
57549.7678147;15.501;0.226;NEOWISE;WISE(W1);NEOWISE
57549.76794206;15.505;0.31;NEOWISE;WISE(W1);NEOWISE
57549.76794206;14.815;0.329;NEOWISE;WISE(W2);NEOWISE
57549.83339375;15.666;0.223;NEOWISE;WISE(W1);NEOWISE
57549.83339375;14.755;0.35;NEOWISE;WISE(W2);NEOWISE
57549.89897274;15.121;0.172;NEOWISE;WISE(W1);NEOWISE
57549.89897274;14.462;0.302;NEOWISE;WISE(W2);NEOWISE
57549.96442439;15.269;0.143;NEOWISE;WISE(W1);NEOWISE
57549.96442439;14.874;0.387;NEOWISE;WISE(W2);NEOWISE
57550.03000338;15.318;0.128;NEOWISE;WISE(W1);NEOWISE
57550.03000338;14.354;0.258;NEOWISE;WISE(W2);NEOWISE
57550.16103406;14.728;0.272;NEOWISE;WISE(W2);NEOWISE
57550.16103406;15.484;0.172;NEOWISE;WISE(W1);NEOWISE
57550.29206461;15.314;0.141;NEOWISE;WISE(W1);NEOWISE
57550.29206461;14.337;0.257;NEOWISE;WISE(W2);NEOWISE
57550.42309529;15.213;0.12;NEOWISE;WISE(W1);NEOWISE
57550.42309529;14.609;0.314;NEOWISE;WISE(W2);NEOWISE
57719.14264808;15.422;0.516;NEOWISE;WISE(W2);NEOWISE
57719.14264808;15.273;0.12;NEOWISE;WISE(W1);NEOWISE
57719.27367895;15.428;0.136;NEOWISE;WISE(W1);NEOWISE
57719.27367895;15.049;0.476;NEOWISE;WISE(W2);NEOWISE
57719.4045826;14.995;0.371;NEOWISE;WISE(W2);NEOWISE
57719.4045826;15.253;0.157;NEOWISE;WISE(W1);NEOWISE
57719.40470992;15.403;0.133;NEOWISE;WISE(W1);NEOWISE
57719.40470992;14.946;0.345;NEOWISE;WISE(W2);NEOWISE
57719.53561353;15.232;0.119;NEOWISE;WISE(W1);NEOWISE
57719.53561353;15.131;0.412;NEOWISE;WISE(W2);NEOWISE
57719.6011927;15.654;0.188;NEOWISE;WISE(W1);NEOWISE
57719.66664444;15.282;0.128;NEOWISE;WISE(W1);NEOWISE
57719.66664444;14.714;0.338;NEOWISE;WISE(W2);NEOWISE
57719.73209625;15.23;0.42;NEOWISE;WISE(W2);NEOWISE
57719.73209625;15.296;0.221;NEOWISE;WISE(W1);NEOWISE
57719.86312722;14.78;0.288;NEOWISE;WISE(W2);NEOWISE
57719.86312722;15.197;0.12;NEOWISE;WISE(W1);NEOWISE
57719.99415819;15.407;0.145;NEOWISE;WISE(W1);NEOWISE
57719.99415819;14.822;0.316;NEOWISE;WISE(W2);NEOWISE
57720.12518911;15.443;0.153;NEOWISE;WISE(W1);NEOWISE
57720.12518911;14.919;0.335;NEOWISE;WISE(W2);NEOWISE
57913.60553146;14.948;0.406;NEOWISE;WISE(W2);NEOWISE
57913.60553146;15.548;0.163;NEOWISE;WISE(W1);NEOWISE
57913.73643534;14.791;0.341;NEOWISE;WISE(W2);NEOWISE
57913.73643534;15.394;0.135;NEOWISE;WISE(W1);NEOWISE
57913.73656213;15.702;0.201;NEOWISE;WISE(W1);NEOWISE
57913.73656213;15.271;0.521;NEOWISE;WISE(W2);NEOWISE
57913.86746597;15.457;0.161;NEOWISE;WISE(W1);NEOWISE
57913.99836928;15.542;0.199;NEOWISE;WISE(W1);NEOWISE
57913.99836928;14.59;0.277;NEOWISE;WISE(W2);NEOWISE
57914.06382091;15.707;0.186;NEOWISE;WISE(W1);NEOWISE
57914.06382091;14.698;0.411;NEOWISE;WISE(W2);NEOWISE
57914.12927255;14.661;0.319;NEOWISE;WISE(W2);NEOWISE
57914.12927255;15.476;0.23;NEOWISE;WISE(W1);NEOWISE
57914.19472418;15.368;0.535;NEOWISE;WISE(W2);NEOWISE
57914.19472418;15.495;0.156;NEOWISE;WISE(W1);NEOWISE
57914.19485155;14.546;0.281;NEOWISE;WISE(W2);NEOWISE
57914.19485155;15.28;0.137;NEOWISE;WISE(W1);NEOWISE
57914.26030318;15.372;0.137;NEOWISE;WISE(W1);NEOWISE
57914.32575477;14.68;0.298;NEOWISE;WISE(W2);NEOWISE
57914.32575477;15.403;0.171;NEOWISE;WISE(W1);NEOWISE
57914.45665803;15.182;0.134;NEOWISE;WISE(W1);NEOWISE
57914.58756125;14.83;0.368;NEOWISE;WISE(W2);NEOWISE
57914.58756125;15.65;0.347;NEOWISE;WISE(W1);NEOWISE
58079.79343678;14.335;0.202;NEOWISE;WISE(W2);NEOWISE
58079.79343678;15.498;0.145;NEOWISE;WISE(W1);NEOWISE
58079.9243403;15.203;0.112;NEOWISE;WISE(W1);NEOWISE
58080.05524376;15.291;0.128;NEOWISE;WISE(W1);NEOWISE
58080.05524376;14.422;0.216;NEOWISE;WISE(W2);NEOWISE
58080.18614728;14.807;0.334;NEOWISE;WISE(W2);NEOWISE
58080.18614728;15.42;0.136;NEOWISE;WISE(W1);NEOWISE
58080.25159902;15.353;0.173;NEOWISE;WISE(W1);NEOWISE
58080.25159902;14.616;0.234;NEOWISE;WISE(W2);NEOWISE
58080.3170508;15.235;0.129;NEOWISE;WISE(W1);NEOWISE
58080.3170508;14.975;0.4;NEOWISE;WISE(W2);NEOWISE
58080.38250253;15.311;0.483;NEOWISE;WISE(W2);NEOWISE
58080.38250253;15.456;0.175;NEOWISE;WISE(W1);NEOWISE
58080.44795427;15.206;0.118;NEOWISE;WISE(W1);NEOWISE
58080.44795427;14.668;0.288;NEOWISE;WISE(W2);NEOWISE
58080.51340605;15.392;0.204;NEOWISE;WISE(W1);NEOWISE
58080.51340605;14.075;0.178;NEOWISE;WISE(W2);NEOWISE
58080.51353337;15.0;0.413;NEOWISE;WISE(W2);NEOWISE
58080.51353337;14.995;0.092;NEOWISE;WISE(W1);NEOWISE
58080.64443679;14.761;0.312;NEOWISE;WISE(W2);NEOWISE
58080.64443679;15.416;0.136;NEOWISE;WISE(W1);NEOWISE
58080.77534031;15.17;0.11;NEOWISE;WISE(W1);NEOWISE
58080.77534031;14.4;0.193;NEOWISE;WISE(W2);NEOWISE
58280.445544;19.7424412;0.0999489278;ZTF;ZTF(zg);ZTF
58280.4810648;18.8557777;0.0585928485;ZTF;ZTF(zr);ZTF
58280.82179993;14.731;0.289;NEOWISE;WISE(W2);NEOWISE
58280.82179993;15.113;0.119;NEOWISE;WISE(W1);NEOWISE
58280.95270324;14.646;0.289;NEOWISE;WISE(W2);NEOWISE
58280.95270324;15.316;0.137;NEOWISE;WISE(W1);NEOWISE
58281.08360661;15.237;0.132;NEOWISE;WISE(W1);NEOWISE
58281.08360661;14.345;0.314;NEOWISE;WISE(W2);NEOWISE
58281.14905826;14.344;0.275;NEOWISE;WISE(W2);NEOWISE
58281.14905826;15.155;0.117;NEOWISE;WISE(W1);NEOWISE
58281.21450983;14.973;0.202;NEOWISE;WISE(W1);NEOWISE
58281.21450983;15.065;0.522;NEOWISE;WISE(W2);NEOWISE
58281.27996148;15.173;0.117;NEOWISE;WISE(W1);NEOWISE
58281.27996148;14.643;0.325;NEOWISE;WISE(W2);NEOWISE
58281.34528582;14.591;0.289;NEOWISE;WISE(W2);NEOWISE
58281.34528582;15.34;0.135;NEOWISE;WISE(W1);NEOWISE
58281.34541314;15.096;0.118;NEOWISE;WISE(W1);NEOWISE
58281.34541314;15.347;0.511;NEOWISE;WISE(W2);NEOWISE
58281.41073743;15.679;0.185;NEOWISE;WISE(W1);NEOWISE
58281.41073743;14.553;0.248;NEOWISE;WISE(W2);NEOWISE
58281.41086475;14.666;0.313;NEOWISE;WISE(W2);NEOWISE
58281.41086475;15.162;0.127;NEOWISE;WISE(W1);NEOWISE
58281.5416408;14.606;0.283;NEOWISE;WISE(W2);NEOWISE
58281.5416408;15.16;0.15;NEOWISE;WISE(W1);NEOWISE
58281.67254406;15.042;0.126;NEOWISE;WISE(W1);NEOWISE
58281.67254406;14.717;0.297;NEOWISE;WISE(W2);NEOWISE
58281.80344747;15.241;0.125;NEOWISE;WISE(W1);NEOWISE
58281.80344747;14.446;0.329;NEOWISE;WISE(W2);NEOWISE
58283.4424306;19.8098145;0.104957417;ZTF;ZTF(zg);ZTF
58283.4631019;18.9795647;0.0641849115;ZTF;ZTF(zr);ZTF
58286.4424074;19.7867813;0.103221081;ZTF;ZTF(zg);ZTF
58289.4354282;19.8204632;0.105768621;ZTF;ZTF(zg);ZTF
58289.4634028;18.8882523;0.0600080676;ZTF;ZTF(zr);ZTF
58292.4409606;19.6232204;0.0916068405;ZTF;ZTF(zg);ZTF
58295.4457292;19.5627308;0.0876248032;ZTF;ZTF(zg);ZTF
58312.3820139;18.6940975;0.0687609389;ZTF;ZTF(zi);ZTF
58312.4179398;18.9737701;0.0639110059;ZTF;ZTF(zr);ZTF
58315.4397917;19.7006454;0.096949026;ZTF;ZTF(zg);ZTF
58315.4637269;18.8772049;0.0595225357;ZTF;ZTF(zr);ZTF
58318.4384259;19.6470299;0.0932200551;ZTF;ZTF(zg);ZTF
58319.4826273;18.6145515;0.0646682084;ZTF;ZTF(zi);ZTF
58321.4385995;19.7493401;0.100451954;ZTF;ZTF(zg);ZTF
58325.3775694;18.5638542;0.0621837936;ZTF;ZTF(zi);ZTF
58325.4178588;19.5449295;0.0864845216;ZTF;ZTF(zg);ZTF
58325.4625347;19.0499916;0.0676122829;ZTF;ZTF(zr);ZTF
58332.3975;18.8400917;0.0579221621;ZTF;ZTF(zr);ZTF
58333.3587037;18.6492805;0.0664255247;ZTF;ZTF(zi);ZTF
58335.3968403;18.9605503;0.0632906929;ZTF;ZTF(zr);ZTF
58337.4403009;18.6415157;0.0660286322;ZTF;ZTF(zi);ZTF
58338.3360532;18.9571629;0.0631327182;ZTF;ZTF(zr);ZTF
58338.4057176;19.6804657;0.0955298543;ZTF;ZTF(zg);ZTF
58342.3363079;18.9715347;0.0638056695;ZTF;ZTF(zr);ZTF
58342.3787384;18.5666218;0.0623169392;ZTF;ZTF(zi);ZTF
58342.4170486;19.655262;0.0937839746;ZTF;ZTF(zg);ZTF
58345.3957639;18.9788971;0.0641532987;ZTF;ZTF(zr);ZTF
58347.3803241;18.5858936;0.0632521361;ZTF;ZTF(zi);ZTF
58348.3948727;19.691124;0.0962770656;ZTF;ZTF(zg);ZTF
58348.399375;18.9789734;0.0641569123;ZTF;ZTF(zr);ZTF
58351.3359144;18.5606956;0.0620321296;ZTF;ZTF(zi);ZTF
58351.373588;18.9401169;0.0623441786;ZTF;ZTF(zr);ZTF
58351.4014699;19.7896976;0.103439577;ZTF;ZTF(zg);ZTF
58353.3831944;19.0189304;0.0603293106;ZTF;ZTF(zr);ZTF
58353.3841088;18.9422054;0.0624402426;ZTF;ZTF(zr);ZTF
58354.3956481;18.9903374;0.0646973774;ZTF;ZTF(zr);ZTF
58361.3605556;18.5948792;0.0636928156;ZTF;ZTF(zi);ZTF
58362.2665625;19.6527081;0.093608737;ZTF;ZTF(zg);ZTF
58362.3147801;18.9671936;0.0636015981;ZTF;ZTF(zr);ZTF
58362.3820023;18.9880943;0.0589620098;ZTF;ZTF(zr);ZTF
58362.3848611;18.9508629;0.0628400669;ZTF;ZTF(zr);ZTF
58363.3934722;19.7561111;0.0926719904;ZTF;ZTF(zg);ZTF
58363.3939236;19.5766373;0.0885255635;ZTF;ZTF(zg);ZTF
58365.3125463;19.7820396;0.102866784;ZTF;ZTF(zg);ZTF
58368.3361921;18.8920765;0.0601771101;ZTF;ZTF(zr);ZTF
58368.357037;19.7700901;0.101978518;ZTF;ZTF(zg);ZTF
58369.3417593;18.6692734;0.0674578547;ZTF;ZTF(zi);ZTF
58371.3206366;18.9618759;0.0633526146;ZTF;ZTF(zr);ZTF
58373.3414468;18.5831718;0.0631192476;ZTF;ZTF(zi);ZTF
58374.2732639;19.6281357;0.0919377431;ZTF;ZTF(zg);ZTF
58374.3146991;18.9036503;0.0606917664;ZTF;ZTF(zr);ZTF
58377.3088657;18.9195557;0.0614067502;ZTF;ZTF(zr);ZTF
58377.3206134;18.6417637;0.0660412759;ZTF;ZTF(zi);ZTF
58377.3389468;19.7363338;0.0995054916;ZTF;ZTF(zg);ZTF
58380.3169213;18.995306;0.0649351552;ZTF;ZTF(zr);ZTF
58383.2949884;18.9108543;0.0610145405;ZTF;ZTF(zr);ZTF
58387.2915741;19.6088123;0.0906431675;ZTF;ZTF(zg);ZTF
58387.3993056;18.7900925;0.0740249529;ZTF;ZTF(zi);ZTF
58389.3320949;19.0130692;0.0600670464;ZTF;ZTF(zr);ZTF
58390.2662847;19.0138206;0.0658291504;ZTF;ZTF(zr);ZTF
58390.3020718;19.6263561;0.0918177813;ZTF;ZTF(zg);ZTF
58400.2342824;18.4889984;0.058687117;ZTF;ZTF(zi);ZTF
58423.2153704;19.6755848;0.0951894671;ZTF;ZTF(zg);ZTF
58426.207338;19.6080608;0.0905932039;ZTF;ZTF(zg);ZTF
58426.2374421;18.9547119;0.0630187094;ZTF;ZTF(zr);ZTF
58428.1277778;18.4959221;0.059002094;ZTF;ZTF(zi);ZTF
58429.207338;19.8137131;0.105253741;ZTF;ZTF(zg);ZTF
58429.2559491;18.942173;0.0624387637;ZTF;ZTF(zr);ZTF
58434.1412963;19.7281342;0.0989128947;ZTF;ZTF(zg);ZTF
58434.211794;18.5891418;0.0634111241;ZTF;ZTF(zi);ZTF
58437.2287037;19.5109978;0.0843503401;ZTF;ZTF(zg);ZTF
58437.2536458;19.0098076;0.0656343326;ZTF;ZTF(zr);ZTF
58443.125544;18.938839;0.0622854866;ZTF;ZTF(zr);ZTF
58443.1260069;19.034502;0.0610317774;ZTF;ZTF(zr);ZTF
58443.39772581;15.966;0.276;NEOWISE;WISE(W1);NEOWISE
58443.39772581;14.335;0.202;NEOWISE;WISE(W2);NEOWISE
58443.65940542;15.227;0.139;NEOWISE;WISE(W1);NEOWISE
58443.65940542;14.224;0.228;NEOWISE;WISE(W2);NEOWISE
58443.72485715;15.199;0.139;NEOWISE;WISE(W1);NEOWISE
58443.72485715;14.614;0.266;NEOWISE;WISE(W2);NEOWISE
58443.79030947;15.617;0.172;NEOWISE;WISE(W1);NEOWISE
58443.79030947;14.749;0.293;NEOWISE;WISE(W2);NEOWISE
58443.8557612;15.764;0.242;NEOWISE;WISE(W1);NEOWISE
58443.8557612;14.929;0.35;NEOWISE;WISE(W2);NEOWISE
58443.92121295;14.768;0.316;NEOWISE;WISE(W2);NEOWISE
58443.92121295;15.092;0.156;NEOWISE;WISE(W1);NEOWISE
58443.98653737;15.584;0.168;NEOWISE;WISE(W1);NEOWISE
58443.98653737;14.446;0.209;NEOWISE;WISE(W2);NEOWISE
58444.11744081;15.007;0.102;NEOWISE;WISE(W1);NEOWISE
58444.11744081;14.784;0.349;NEOWISE;WISE(W2);NEOWISE
58444.24834429;15.322;0.132;NEOWISE;WISE(W1);NEOWISE
58444.37924778;14.539;0.225;NEOWISE;WISE(W2);NEOWISE
58444.37924778;15.154;0.16;NEOWISE;WISE(W1);NEOWISE
58456.1471296;18.8176937;0.0569787994;ZTF;ZTF(zr);ZTF
58469.1459375;19.6066742;0.0905010402;ZTF;ZTF(zg);ZTF
58475.1642014;18.7885723;0.0557771772;ZTF;ZTF(zr);ZTF
58482.0949537;19.0157032;0.0659207553;ZTF;ZTF(zr);ZTF
58488.1281597;19.7901306;0.103472039;ZTF;ZTF(zg);ZTF
58503.0915972;18.8767376;0.0595020875;ZTF;ZTF(zr);ZTF
58503.0964583;18.9296246;0.0618639253;ZTF;ZTF(zr);ZTF
58503.1013079;18.7764664;0.0552858487;ZTF;ZTF(zr);ZTF
58503.106169;18.728569;0.0533881932;ZTF;ZTF(zr);ZTF
58505.1009028;18.7508736;0.0542627387;ZTF;ZTF(zr);ZTF
58505.1059375;18.6732159;0.0512850657;ZTF;ZTF(zr);ZTF
58510.0906713;18.3465309;0.0406660512;ZTF;ZTF(zr);ZTF
58510.0955903;18.716156;0.0529082753;ZTF;ZTF(zr);ZTF
58510.1005093;18.8698845;0.0592031814;ZTF;ZTF(zr);ZTF
58510.1054167;18.6904221;0.0519286767;ZTF;ZTF(zr);ZTF
58644.87425861;15.019;0.106;NEOWISE;WISE(W1);NEOWISE
58644.87425861;14.491;0.233;NEOWISE;WISE(W2);NEOWISE
58645.00516186;15.116;0.12;NEOWISE;WISE(W1);NEOWISE
58645.00516186;14.161;0.205;NEOWISE;WISE(W2);NEOWISE
58645.13593785;15.267;0.124;NEOWISE;WISE(W1);NEOWISE
58645.13593785;15.049;0.512;NEOWISE;WISE(W2);NEOWISE
58645.2668411;14.448;0.248;NEOWISE;WISE(W2);NEOWISE
58645.2668411;15.644;0.18;NEOWISE;WISE(W1);NEOWISE
58645.33216538;15.001;0.144;NEOWISE;WISE(W1);NEOWISE
58645.33216538;14.275;0.201;NEOWISE;WISE(W2);NEOWISE
58645.39761704;15.522;0.166;NEOWISE;WISE(W1);NEOWISE
58645.39761704;14.745;0.349;NEOWISE;WISE(W2);NEOWISE
58645.46306869;15.243;0.127;NEOWISE;WISE(W1);NEOWISE
58645.46306869;14.354;0.279;NEOWISE;WISE(W2);NEOWISE
58645.59384463;15.216;0.139;NEOWISE;WISE(W1);NEOWISE
58645.59384463;14.715;0.342;NEOWISE;WISE(W2);NEOWISE
58645.72474782;14.526;0.24;NEOWISE;WISE(W2);NEOWISE
58645.72474782;15.166;0.192;NEOWISE;WISE(W1);NEOWISE
58645.85501441;14.275;0.277;NEOWISE;WISE(W2);NEOWISE
58645.85501441;15.163;0.156;NEOWISE;WISE(W1);NEOWISE
58646.4412963;19.8666782;0.109351054;ZTF;ZTF(zg);ZTF
58655.4395718;18.9447594;0.0625578985;ZTF;ZTF(zr);ZTF
58667.4629398;18.9166584;0.0612758212;ZTF;ZTF(zr);ZTF
58668.4710301;18.5627003;0.0621283501;ZTF;ZTF(zi);ZTF
58670.4398843;19.8149338;0.105346687;ZTF;ZTF(zg);ZTF
58670.4626042;18.961937;0.0633554533;ZTF;ZTF(zr);ZTF
58672.4503241;18.5574303;0.0618757494;ZTF;ZTF(zi);ZTF
58673.4461921;18.988306;0.064600423;ZTF;ZTF(zr);ZTF
58676.4612269;18.932724;0.0620053709;ZTF;ZTF(zr);ZTF
58680.4806829;19.5709858;0.0881584287;ZTF;ZTF(zg);ZTF
58688.4187037;18.9864235;0.064510718;ZTF;ZTF(zr);ZTF
58688.4411574;19.8091469;0.104906738;ZTF;ZTF(zg);ZTF
58691.3384954;18.6106625;0.0644742101;ZTF;ZTF(zi);ZTF
58691.418125;18.895256;0.0603180453;ZTF;ZTF(zr);ZTF
58694.3889236;18.9663029;0.0635598302;ZTF;ZTF(zr);ZTF
58694.4278241;19.8352852;0.106906563;ZTF;ZTF(zg);ZTF
58697.4146412;18.9889984;0.0646334663;ZTF;ZTF(zr);ZTF
58698.3795023;18.6644249;0.0672061145;ZTF;ZTF(zi);ZTF
58700.3702431;19.6641102;0.0943935215;ZTF;ZTF(zg);ZTF
58700.3985648;18.9083214;0.0609008446;ZTF;ZTF(zr);ZTF
58704.3973148;19.627264;0.0918789804;ZTF;ZTF(zg);ZTF
58707.4628125;18.9348068;0.0621006154;ZTF;ZTF(zr);ZTF
58710.3562037;18.8686409;0.0591490678;ZTF;ZTF(zr);ZTF
58714.3779514;18.9222851;0.0615302995;ZTF;ZTF(zr);ZTF
58716.323669;18.5072422;0.059520755;ZTF;ZTF(zi);ZTF
58717.4621528;18.9292526;0.0618469715;ZTF;ZTF(zr);ZTF
58719.4413079;19.011219;0.0599844791;ZTF;ZTF(zr);ZTF
58719.4417477;18.9584751;0.057678014;ZTF;ZTF(zr);ZTF
58720.3904745;18.9671593;0.0636000335;ZTF;ZTF(zr);ZTF
58723.3772569;18.8450298;0.058132384;ZTF;ZTF(zr);ZTF
58725.303044;18.5618191;0.0620860606;ZTF;ZTF(zi);ZTF
58726.3990509;19.7129078;0.097820729;ZTF;ZTF(zg);ZTF
58728.2440278;18.9044151;0.0607259646;ZTF;ZTF(zr);ZTF
58732.3712963;18.5668278;0.0623268709;ZTF;ZTF(zi);ZTF
58732.3797801;19.6695385;0.0947693214;ZTF;ZTF(zg);ZTF
58735.3710764;18.9477119;0.0626942366;ZTF;ZTF(zr);ZTF
58735.3995255;19.7160931;0.0980483145;ZTF;ZTF(zg);ZTF
58743.3381019;19.0826778;0.0692659095;ZTF;ZTF(zr);ZTF
58744.3512269;18.7273006;0.0705410019;ZTF;ZTF(zi);ZTF
58747.4082755;18.9749317;0.0639658421;ZTF;ZTF(zr);ZTF
58748.2886111;18.5881786;0.0633639395;ZTF;ZTF(zi);ZTF
58748.3627778;19.0156517;0.0601824634;ZTF;ZTF(zr);ZTF
58748.3632292;19.0192127;0.060341984;ZTF;ZTF(zr);ZTF
58750.293206;19.0185757;0.0660608038;ZTF;ZTF(zr);ZTF
58750.3610995;19.7038155;0.0971737728;ZTF;ZTF(zg);ZTF
58757.2568519;18.6392765;0.0659146458;ZTF;ZTF(zi);ZTF
58757.2933912;18.9224758;0.0615389422;ZTF;ZTF(zr);ZTF
58760.272419;18.956686;0.0631105229;ZTF;ZTF(zr);ZTF
58760.3373611;19.6510086;0.0934922397;ZTF;ZTF(zg);ZTF
58761.2965162;18.5698338;0.0624718852;ZTF;ZTF(zi);ZTF
58764.3408218;19.9350204;0.114832461;ZTF;ZTF(zg);ZTF
58765.2947338;18.6830978;0.0681806281;ZTF;ZTF(zi);ZTF
58769.240787;19.1569862;0.0649969131;ZTF;ZTF(zg);ZTF
58769.2949537;18.6299;0.0654392242;ZTF;ZTF(zi);ZTF
58770.3333912;18.9860554;0.0644931793;ZTF;ZTF(zr);ZTF
58771.3270602;18.8972073;0.0551115833;ZTF;ZTF(zr);ZTF
58771.3275116;18.8421001;0.0580075383;ZTF;ZTF(zr);ZTF
58772.1886806;19.8854752;0.110836878;ZTF;ZTF(zg);ZTF
58774.2343403;18.9300842;0.0618849024;ZTF;ZTF(zr);ZTF
58774.2347917;18.8419342;0.0528974608;ZTF;ZTF(zr);ZTF
58774.2352431;18.9482193;0.0572400503;ZTF;ZTF(zr);ZTF
58775.1846528;19.8659172;0.109291196;ZTF;ZTF(zg);ZTF
58775.1919097;18.9592056;0.0632279441;ZTF;ZTF(zr);ZTF
58778.1865394;19.6371918;0.0925503522;ZTF;ZTF(zg);ZTF
58778.3159606;18.9722595;0.0638398081;ZTF;ZTF(zr);ZTF
58782.2296065;19.7402439;0.0997892097;ZTF;ZTF(zg);ZTF
58785.2159838;19.7495117;0.1004645;ZTF;ZTF(zg);ZTF
58789.2056134;19.7329674;0.0992617905;ZTF;ZTF(zg);ZTF
58789.2282176;18.9407978;0.062375471;ZTF;ZTF(zr);ZTF
58792.1474074;18.9802551;0.064217627;ZTF;ZTF(zr);ZTF
58792.1918056;19.6745148;0.0951149613;ZTF;ZTF(zg);ZTF
58800.173588;19.5336132;0.0857671127;ZTF;ZTF(zg);ZTF
58800.2547454;19.0339699;0.0668164417;ZTF;ZTF(zr);ZTF
58803.2336227;19.104166;0.0703750625;ZTF;ZTF(zr);ZTF
58807.52665671;14.313;0.242;NEOWISE;WISE(W2);NEOWISE
58807.52665671;15.011;0.096;NEOWISE;WISE(W1);NEOWISE
58807.65756001;15.081;0.102;NEOWISE;WISE(W1);NEOWISE
58807.65756001;14.509;0.23;NEOWISE;WISE(W2);NEOWISE
58807.78833604;14.495;0.228;NEOWISE;WISE(W2);NEOWISE
58807.78833604;15.158;0.146;NEOWISE;WISE(W1);NEOWISE
58807.91911203;14.286;0.181;NEOWISE;WISE(W2);NEOWISE
58807.91911203;15.182;0.11;NEOWISE;WISE(W1);NEOWISE
58807.91923939;15.238;0.167;NEOWISE;WISE(W1);NEOWISE
58807.91923939;14.535;0.287;NEOWISE;WISE(W2);NEOWISE
58807.98456373;15.177;0.117;NEOWISE;WISE(W1);NEOWISE
58807.98456373;14.41;0.208;NEOWISE;WISE(W2);NEOWISE
58808.05001542;14.251;0.208;NEOWISE;WISE(W2);NEOWISE
58808.05001542;15.348;0.141;NEOWISE;WISE(W1);NEOWISE
58808.11546707;14.35;0.297;NEOWISE;WISE(W2);NEOWISE
58808.11546707;15.284;0.127;NEOWISE;WISE(W1);NEOWISE
58808.18079141;15.063;0.101;NEOWISE;WISE(W1);NEOWISE
58808.18079141;14.385;0.195;NEOWISE;WISE(W2);NEOWISE
58808.24624306;15.178;0.113;NEOWISE;WISE(W1);NEOWISE
58808.37701904;14.214;0.163;NEOWISE;WISE(W2);NEOWISE
58808.37701904;14.814;0.108;NEOWISE;WISE(W1);NEOWISE
58808.37714635;15.395;0.148;NEOWISE;WISE(W1);NEOWISE
58808.37714635;15.019;0.35;NEOWISE;WISE(W2);NEOWISE
58808.50792238;14.502;0.251;NEOWISE;WISE(W2);NEOWISE
58808.50792238;15.15;0.122;NEOWISE;WISE(W1);NEOWISE
58812.1407292;19.6247444;0.091709286;ZTF;ZTF(zg);ZTF
58812.1745718;18.9016647;0.0606031716;ZTF;ZTF(zr);ZTF
58830.0916782;19.3374557;0.0742192045;ZTF;ZTF(zg);ZTF
58833.070787;18.7750778;0.0552297905;ZTF;ZTF(zr);ZTF
58833.1064815;19.4762306;0.082216613;ZTF;ZTF(zg);ZTF
58836.1065278;19.7876472;0.103285953;ZTF;ZTF(zg);ZTF
58847.0770949;18.9017982;0.0606091246;ZTF;ZTF(zr);ZTF
58854.1247454;18.7508965;0.0542636365;ZTF;ZTF(zr);ZTF
58860.1294676;18.9336739;0.0620488077;ZTF;ZTF(zr);ZTF
58863.0901852;19.0367928;0.0669559613;ZTF;ZTF(zr);ZTF
58863.1091551;19.8173141;0.105528146;ZTF;ZTF(zg);ZTF
58872.0911343;18.8137627;0.0568149425;ZTF;ZTF(zr);ZTF
58872.0961343;18.8408813;0.0579557084;ZTF;ZTF(zr);ZTF
58872.1011343;18.91008;0.0609797351;ZTF;ZTF(zr);ZTF
58872.1061227;18.8436966;0.0580755621;ZTF;ZTF(zr);ZTF
59009.06714484;14.41;0.27;NEOWISE;WISE(W2);NEOWISE
59009.06714484;15.182;0.13;NEOWISE;WISE(W1);NEOWISE
59009.19792076;15.3;0.145;NEOWISE;WISE(W1);NEOWISE
59009.19792076;14.879;0.378;NEOWISE;WISE(W2);NEOWISE
59009.3286966;14.353;0.235;NEOWISE;WISE(W2);NEOWISE
59009.3286966;15.837;0.302;NEOWISE;WISE(W1);NEOWISE
59009.39402086;14.23;0.254;NEOWISE;WISE(W2);NEOWISE
59009.39402086;15.153;0.118;NEOWISE;WISE(W1);NEOWISE
59009.45947248;15.61;0.171;NEOWISE;WISE(W1);NEOWISE
59009.45947248;14.524;0.471;NEOWISE;WISE(W2);NEOWISE
59009.52479674;14.164;0.193;NEOWISE;WISE(W2);NEOWISE
59009.52479674;15.218;0.127;NEOWISE;WISE(W1);NEOWISE
59009.52492405;14.093;0.19;NEOWISE;WISE(W2);NEOWISE
59009.52492405;15.161;0.161;NEOWISE;WISE(W1);NEOWISE
59009.59024831;15.128;0.141;NEOWISE;WISE(W1);NEOWISE
59009.59024831;14.188;0.185;NEOWISE;WISE(W2);NEOWISE
59009.65569993;15.189;0.149;NEOWISE;WISE(W1);NEOWISE
59009.65569993;14.908;0.373;NEOWISE;WISE(W2);NEOWISE
59009.78647576;14.247;0.245;NEOWISE;WISE(W2);NEOWISE
59009.78647576;15.266;0.141;NEOWISE;WISE(W1);NEOWISE
59009.91725164;15.192;0.127;NEOWISE;WISE(W1);NEOWISE
59009.91725164;14.39;0.307;NEOWISE;WISE(W2);NEOWISE
59010.04802752;14.552;0.367;NEOWISE;WISE(W2);NEOWISE
59010.04802752;15.114;0.143;NEOWISE;WISE(W1);NEOWISE
59042.3596644;19.7577114;0.101065427;ZTF;ZTF(zg);ZTF
59042.4618519;18.9444923;0.0625455827;ZTF;ZTF(zr);ZTF
59045.3603009;18.8618088;0.0588529296;ZTF;ZTF(zr);ZTF
59045.4594444;19.7169971;0.0981129408;ZTF;ZTF(zg);ZTF
59048.4001852;18.8793983;0.0596185997;ZTF;ZTF(zr);ZTF
59049.3905324;18.9406643;0.0569195673;ZTF;ZTF(zr);ZTF
59049.3929167;18.9114895;0.0610430315;ZTF;ZTF(zr);ZTF
59051.397037;18.9940014;0.0648726001;ZTF;ZTF(zr);ZTF
59051.4558449;19.646244;0.0931664184;ZTF;ZTF(zg);ZTF
59054.4582986;19.7905083;0.103500389;ZTF;ZTF(zg);ZTF
59057.4533796;18.9759274;0.0640128553;ZTF;ZTF(zr);ZTF
59061.3643634;18.954834;0.0575221032;ZTF;ZTF(zr);ZTF
59061.3653009;19.0322952;0.066733852;ZTF;ZTF(zr);ZTF
59063.3549421;19.0977383;0.0700414181;ZTF;ZTF(zr);ZTF
59069.3761574;19.8741798;0.109942056;ZTF;ZTF(zg);ZTF
59069.4177431;19.0531406;0.0677698627;ZTF;ZTF(zr);ZTF
59073.3765162;19.7703094;0.10199476;ZTF;ZTF(zg);ZTF
59073.4400926;18.9678497;0.0636324361;ZTF;ZTF(zr);ZTF
59075.4324537;19.7266827;0.0908516124;ZTF;ZTF(zg);ZTF
59075.4329167;19.7995739;0.0954034701;ZTF;ZTF(zg);ZTF
59075.4333912;19.7861233;0.103171833;ZTF;ZTF(zg);ZTF
59076.3763194;19.0238037;0.0663164109;ZTF;ZTF(zr);ZTF
59079.3482755;19.8711128;0.109700091;ZTF;ZTF(zg);ZTF
59079.378206;18.9538155;0.0629770532;ZTF;ZTF(zr);ZTF
59079.4109838;18.9680119;0.0636400431;ZTF;ZTF(zr);ZTF
59084.3870255;19.7557774;0.100923359;ZTF;ZTF(zg);ZTF
59084.3874884;19.812336;0.0962148234;ZTF;ZTF(zg);ZTF
59084.3879514;19.7921143;0.0949311033;ZTF;ZTF(zg);ZTF
59086.3842477;18.9655113;0.0579804331;ZTF;ZTF(zr);ZTF
59086.3847106;18.9529228;0.0574404597;ZTF;ZTF(zr);ZTF
59086.3851852;18.9495831;0.0627808198;ZTF;ZTF(zr);ZTF
59087.3348264;19.7768002;0.102476507;ZTF;ZTF(zg);ZTF
59087.3559954;18.8710442;0.0592536181;ZTF;ZTF(zr);ZTF
59089.3595486;19.6267643;0.0918452442;ZTF;ZTF(zg);ZTF
59089.3600231;19.8659954;0.0996703878;ZTF;ZTF(zg);ZTF
59089.3618981;19.7009621;0.0892804936;ZTF;ZTF(zg);ZTF
59090.3535185;19.7063713;0.0896093771;ZTF;ZTF(zg);ZTF
59090.360544;19.7584515;0.0928178355;ZTF;ZTF(zg);ZTF
59091.3800231;19.7110786;0.0898961723;ZTF;ZTF(zg);ZTF
59091.3804861;19.6591797;0.0867690146;ZTF;ZTF(zg);ZTF
59092.3931481;19.9989414;0.108496778;ZTF;ZTF(zg);ZTF
59092.3936111;19.68293;0.0881903917;ZTF;ZTF(zg);ZTF
59092.4010764;19.7179909;0.0981841236;ZTF;ZTF(zg);ZTF
59098.3331366;18.8767262;0.0595016219;ZTF;ZTF(zr);ZTF
59106.3368403;18.9523182;0.0629075468;ZTF;ZTF(zr);ZTF
59107.2957407;18.9518299;0.0628848821;ZTF;ZTF(zr);ZTF
59107.3370139;19.6746941;0.0951274857;ZTF;ZTF(zg);ZTF
59108.3785185;18.9567795;0.0631148517;ZTF;ZTF(zr);ZTF
59109.2326736;18.9619961;0.0633581877;ZTF;ZTF(zr);ZTF
59110.3270602;19.9716988;0.11786399;ZTF;ZTF(zg);ZTF
59111.3317708;19.7367401;0.0995349512;ZTF;ZTF(zg);ZTF
59112.3372917;18.9326572;0.0620023273;ZTF;ZTF(zr);ZTF
59113.2968403;18.9808254;0.064244695;ZTF;ZTF(zr);ZTF
59113.3610069;19.8061008;0.1046758;ZTF;ZTF(zg);ZTF
59114.3110764;18.9455528;0.0625945255;ZTF;ZTF(zr);ZTF
59114.315;19.6937237;0.0964601412;ZTF;ZTF(zg);ZTF
59117.3002894;19.8668938;0.0997288525;ZTF;ZTF(zg);ZTF
59117.3007639;19.7259731;0.0908080339;ZTF;ZTF(zg);ZTF
59117.3149653;19.7990761;0.104144812;ZTF;ZTF(zg);ZTF
59117.3375926;19.0189285;0.0660780296;ZTF;ZTF(zr);ZTF
59118.2917245;18.9904461;0.0590652004;ZTF;ZTF(zr);ZTF
59118.3028241;18.8775826;0.0543145873;ZTF;ZTF(zr);ZTF
59118.303287;18.9939098;0.0648682639;ZTF;ZTF(zr);ZTF
59120.3364236;19.5075188;0.0780980736;ZTF;ZTF(zg);ZTF
59120.3567593;19.4229374;0.0735767186;ZTF;ZTF(zg);ZTF
59124.2927431;18.8909168;0.0601257868;ZTF;ZTF(zr);ZTF
59126.3110069;18.9954414;0.0649416223;ZTF;ZTF(zr);ZTF
59128.2700579;19.0124989;0.065764904;ZTF;ZTF(zr);ZTF
59128.2747569;19.7330818;0.0992700756;ZTF;ZTF(zg);ZTF
59128.3041204;19.9850826;0.107561871;ZTF;ZTF(zg);ZTF
59128.3055208;19.6831055;0.0882009268;ZTF;ZTF(zg);ZTF
59129.401875;19.8334713;0.0975676179;ZTF;ZTF(zg);ZTF
59129.402338;19.6252708;0.0847689733;ZTF;ZTF(zg);ZTF
59130.2382755;19.7469177;0.100275069;ZTF;ZTF(zg);ZTF
59130.2574653;18.9304867;0.0619032308;ZTF;ZTF(zr);ZTF
59130.2827662;18.9990177;0.0594427772;ZTF;ZTF(zr);ZTF
59130.2832407;18.9874744;0.058934845;ZTF;ZTF(zr);ZTF
59134.2494213;19.7176704;0.0981611609;ZTF;ZTF(zg);ZTF
59134.2954745;19.0123959;0.0657599196;ZTF;ZTF(zr);ZTF
59135.2783102;19.7516766;0.0923961401;ZTF;ZTF(zg);ZTF
59135.2787847;19.8218098;0.096819818;ZTF;ZTF(zg);ZTF
59137.1899306;18.9798584;0.0641988069;ZTF;ZTF(zr);ZTF
59137.2322454;19.6535034;0.0936632603;ZTF;ZTF(zg);ZTF
59137.2426852;19.7365341;0.0914583355;ZTF;ZTF(zg);ZTF
59137.2431597;19.7074738;0.0896764323;ZTF;ZTF(zg);ZTF
59139.2212153;19.66782;0.0946501791;ZTF;ZTF(zg);ZTF
59139.2288194;19.8050041;0.095748201;ZTF;ZTF(zg);ZTF
59139.229294;19.7676525;0.0933924317;ZTF;ZTF(zg);ZTF
59139.2534144;18.9768066;0.0640543699;ZTF;ZTF(zr);ZTF
59139.2671759;18.9404697;0.0569113456;ZTF;ZTF(zr);ZTF
59139.2676389;18.9913864;0.0591065176;ZTF;ZTF(zr);ZTF
59141.168669;18.9286499;0.0618195459;ZTF;ZTF(zr);ZTF
59141.2103009;19.503685;0.0838971287;ZTF;ZTF(zg);ZTF
59143.2137616;18.9969349;0.0650132895;ZTF;ZTF(zr);ZTF
59145.1828356;18.9983406;0.0650807917;ZTF;ZTF(zr);ZTF
59145.1847685;18.9562187;0.0575813502;ZTF;ZTF(zr);ZTF
59145.1852315;18.8951244;0.0550263785;ZTF;ZTF(zr);ZTF
59145.2213079;19.8713226;0.100017175;ZTF;ZTF(zg);ZTF
59145.2217824;19.9180584;0.103086025;ZTF;ZTF(zg);ZTF
59145.2735185;19.6850014;0.0958471969;ZTF;ZTF(zg);ZTF
59151.2422917;18.846693;0.0582033768;ZTF;ZTF(zr);ZTF
59152.2076042;18.8792896;0.0596138425;ZTF;ZTF(zr);ZTF
59153.2075347;18.6262016;0.0451230444;ZTF;ZTF(zr);ZTF
59153.2079977;19.1427841;0.0661429688;ZTF;ZTF(zr);ZTF
59153.249919;19.6068764;0.0836985111;ZTF;ZTF(zg);ZTF
59154.1695949;18.8878193;0.0599889271;ZTF;ZTF(zr);ZTF
59155.2064352;19.0874825;0.0634826571;ZTF;ZTF(zr);ZTF
59155.2068981;18.9863281;0.0588846765;ZTF;ZTF(zr);ZTF
59156.2016782;18.9300785;0.0618846305;ZTF;ZTF(zr);ZTF
59156.2219676;19.7996941;0.1041914;ZTF;ZTF(zg);ZTF
59158.192662;19.5288658;0.0854677856;ZTF;ZTF(zg);ZTF
59158.225162;19.0244522;0.0663482025;ZTF;ZTF(zr);ZTF
59158.2694097;19.7849483;0.0944787338;ZTF;ZTF(zg);ZTF
59164.2103588;19.5467453;0.0866002366;ZTF;ZTF(zg);ZTF
59165.1725579;19.7793732;0.10266798;ZTF;ZTF(zg);ZTF
59165.1824421;19.8619442;0.0994071513;ZTF;ZTF(zg);ZTF
59165.1829167;19.7661667;0.093299523;ZTF;ZTF(zg);ZTF
59165.2159954;18.9445419;0.0625478923;ZTF;ZTF(zr);ZTF
59165.2478819;19.0215015;0.0604447499;ZTF;ZTF(zr);ZTF
59165.2483565;18.9038448;0.0553838685;ZTF;ZTF(zr);ZTF
59167.1707407;19.4497948;0.0806296095;ZTF;ZTF(zg);ZTF
59167.2098958;18.8728046;0.059330333;ZTF;ZTF(zr);ZTF
59168.1800463;19.0139694;0.060107246;ZTF;ZTF(zr);ZTF
59168.1805093;19.0350132;0.0610549822;ZTF;ZTF(zr);ZTF
59168.2385532;19.7821865;0.094304733;ZTF;ZTF(zg);ZTF
59169.1686458;18.9172382;0.0613020249;ZTF;ZTF(zr);ZTF
59169.2678588;19.7725677;0.1021621;ZTF;ZTF(zg);ZTF
59170.179838;18.9253387;0.056275107;ZTF;ZTF(zr);ZTF
59170.1803009;19.0193195;0.0603468046;ZTF;ZTF(zr);ZTF
59171.1914236;18.9300175;0.0618818551;ZTF;ZTF(zr);ZTF
59171.66602089;15.017;0.098;NEOWISE;WISE(W1);NEOWISE
59171.66602089;14.164;0.252;NEOWISE;WISE(W2);NEOWISE
59171.79679691;15.124;0.166;NEOWISE;WISE(W1);NEOWISE
59171.79679691;14.532;0.483;NEOWISE;WISE(W2);NEOWISE
59171.92757288;14.044;0.164;NEOWISE;WISE(W2);NEOWISE
59171.92757288;15.296;0.148;NEOWISE;WISE(W1);NEOWISE
59172.05834947;15.126;0.112;NEOWISE;WISE(W1);NEOWISE
59172.05834947;14.398;0.208;NEOWISE;WISE(W2);NEOWISE
59172.1007176;19.7997265;0.0954131484;ZTF;ZTF(zg);ZTF
59172.1011921;19.7980576;0.0953073576;ZTF;ZTF(zg);ZTF
59172.12329176;14.288;0.216;NEOWISE;WISE(W2);NEOWISE
59172.12329176;14.906;0.092;NEOWISE;WISE(W1);NEOWISE
59172.18912544;14.529;0.231;NEOWISE;WISE(W2);NEOWISE
59172.18912544;15.177;0.131;NEOWISE;WISE(W1);NEOWISE
59172.25457708;14.434;0.206;NEOWISE;WISE(W2);NEOWISE
59172.25457708;15.259;0.129;NEOWISE;WISE(W1);NEOWISE
59172.3853531;14.352;0.24;NEOWISE;WISE(W2);NEOWISE
59172.3853531;14.945;0.105;NEOWISE;WISE(W1);NEOWISE
59172.51613456;14.248;0.193;NEOWISE;WISE(W2);NEOWISE
59172.51613456;15.189;0.126;NEOWISE;WISE(W1);NEOWISE
59172.64691054;15.45;0.138;NEOWISE;WISE(W1);NEOWISE
59172.64691054;14.769;0.295;NEOWISE;WISE(W2);NEOWISE
59173.1051968;18.9513321;0.06286183;ZTF;ZTF(zr);ZTF
59179.1073958;19.0194855;0.0661052018;ZTF;ZTF(zr);ZTF
59179.1714815;19.7014046;0.0970028043;ZTF;ZTF(zg);ZTF
59179.1778241;18.8738804;0.0541656166;ZTF;ZTF(zr);ZTF
59179.178287;18.8744507;0.0541885272;ZTF;ZTF(zr);ZTF
59179.1994907;19.6651649;0.0871256441;ZTF;ZTF(zg);ZTF
59181.1069213;18.8152218;0.0568756908;ZTF;ZTF(zr);ZTF
59181.1728704;18.6717072;0.0430536419;ZTF;ZTF(zg);ZTF
59182.1608449;18.7997627;0.0512710772;ZTF;ZTF(zr);ZTF
59182.1613194;19.2185822;0.069962129;ZTF;ZTF(zr);ZTF
59183.0925;19.0064297;0.0654707626;ZTF;ZTF(zr);ZTF
59183.1033102;18.8661976;0.0538577624;ZTF;ZTF(zr);ZTF
59183.1037731;19.0124149;0.0600378253;ZTF;ZTF(zr);ZTF
59185.1067245;19.8712349;0.10970968;ZTF;ZTF(zg);ZTF
59185.1483102;18.9815254;0.0642778724;ZTF;ZTF(zr);ZTF
59189.1093866;19.6640244;0.0943875909;ZTF;ZTF(zg);ZTF
59189.1964236;19.0493622;0.0675808415;ZTF;ZTF(zr);ZTF
59192.1275116;19.0119934;0.0657403469;ZTF;ZTF(zr);ZTF
59194.1267824;18.9075699;0.060867127;ZTF;ZTF(zr);ZTF
59194.1877199;19.5361176;0.0859253332;ZTF;ZTF(zg);ZTF
59199.128044;18.7259045;0.0532847308;ZTF;ZTF(zr);ZTF
59202.1877431;19.3599586;0.0754607767;ZTF;ZTF(zg);ZTF
59210.1065741;18.7136841;0.0528132617;ZTF;ZTF(zr);ZTF
59211.1715856;18.3610878;0.0531675927;ZTF;ZTF(zi);ZTF
59215.0817014;18.7255783;0.0532721132;ZTF;ZTF(zr);ZTF
59219.1066088;19.6029873;0.0902563184;ZTF;ZTF(zg);ZTF
59219.1281019;18.9927139;0.064810954;ZTF;ZTF(zr);ZTF
59219.1529167;18.3975563;0.0546843149;ZTF;ZTF(zi);ZTF
59223.1276852;19.8294315;0.106455944;ZTF;ZTF(zg);ZTF
59224.1372454;18.5436325;0.0612192452;ZTF;ZTF(zi);ZTF
59225.1057755;19.5460358;0.0865549669;ZTF;ZTF(zg);ZTF
59231.098588;18.8299637;0.0574935116;ZTF;ZTF(zr);ZTF
59231.1009838;18.8767128;0.0595010445;ZTF;ZTF(zr);ZTF
59231.1033912;18.9178009;0.0613274351;ZTF;ZTF(zr);ZTF
59231.1057986;18.7979679;0.0561618283;ZTF;ZTF(zr);ZTF
59232.0991898;18.8218594;0.0571529567;ZTF;ZTF(zr);ZTF
59232.1016319;19.0379753;0.0670145005;ZTF;ZTF(zr);ZTF
59232.1040741;19.0310707;0.0666734576;ZTF;ZTF(zr);ZTF
59232.1065162;19.0037632;0.0653419346;ZTF;ZTF(zr);ZTF
59233.0992593;19.0334225;0.0667894259;ZTF;ZTF(zr);ZTF
59233.101794;19.0319042;0.0667145774;ZTF;ZTF(zr);ZTF
59233.1043287;18.961935;0.0633553416;ZTF;ZTF(zr);ZTF
59233.1068519;18.9528313;0.0629313365;ZTF;ZTF(zr);ZTF
59376.25485156;15.048;0.409;NEOWISE;WISE(W2);NEOWISE
59376.25485156;14.995;0.119;NEOWISE;WISE(W1);NEOWISE
59376.38562748;15.211;0.133;NEOWISE;WISE(W1);NEOWISE
59376.51627602;15.712;0.469;NEOWISE;WISE(W1);NEOWISE
59376.51627602;14.154;0.178;NEOWISE;WISE(W2);NEOWISE
59376.51640333;14.515;0.259;NEOWISE;WISE(W2);NEOWISE
59376.51640333;15.318;0.128;NEOWISE;WISE(W1);NEOWISE
59376.64705189;14.346;0.235;NEOWISE;WISE(W2);NEOWISE
59376.64705189;15.134;0.129;NEOWISE;WISE(W1);NEOWISE
59376.71237616;14.102;0.188;NEOWISE;WISE(W2);NEOWISE
59376.71237616;15.314;0.135;NEOWISE;WISE(W1);NEOWISE
59376.77782779;15.329;0.181;NEOWISE;WISE(W1);NEOWISE
59376.77782779;14.142;0.189;NEOWISE;WISE(W2);NEOWISE
59376.84315212;14.338;0.271;NEOWISE;WISE(W2);NEOWISE
59376.84315212;15.401;0.174;NEOWISE;WISE(W1);NEOWISE
59376.97380066;14.423;0.277;NEOWISE;WISE(W2);NEOWISE
59376.97380066;15.475;0.192;NEOWISE;WISE(W1);NEOWISE
59376.97392797;14.038;0.164;NEOWISE;WISE(W2);NEOWISE
59376.97392797;15.201;0.116;NEOWISE;WISE(W1);NEOWISE
59377.10457657;14.357;0.232;NEOWISE;WISE(W2);NEOWISE
59377.10457657;15.014;0.144;NEOWISE;WISE(W1);NEOWISE
59377.23522516;14.979;0.392;NEOWISE;WISE(W2);NEOWISE
59377.23522516;15.086;0.152;NEOWISE;WISE(W1);NEOWISE
59377.23535248;14.693;0.317;NEOWISE;WISE(W2);NEOWISE
59377.23535248;15.156;0.166;NEOWISE;WISE(W1);NEOWISE
59378.4267477;19.7394676;0.099732846;ZTF;ZTF(zg);ZTF
59379.4546528;18.59161;0.0635321513;ZTF;ZTF(zi);ZTF
59385.4372222;19.7037277;0.0971675068;ZTF;ZTF(zg);ZTF
59385.4565972;18.4995422;0.0591674782;ZTF;ZTF(zi);ZTF
59392.4278704;18.7047958;0.0524732769;ZTF;ZTF(zr);ZTF
59397.3990162;18.9607468;0.0632998198;ZTF;ZTF(zr);ZTF
59397.4563657;19.6992607;0.0968510956;ZTF;ZTF(zg);ZTF
59400.4163889;19.7681351;0.101833828;ZTF;ZTF(zg);ZTF
59400.4559259;19.0425816;0.0672430098;ZTF;ZTF(zr);ZTF
59402.4586343;19.6745567;0.0951179415;ZTF;ZTF(zg);ZTF
59403.4578125;18.5681686;0.0623915121;ZTF;ZTF(zi);ZTF
59405.4626273;19.612196;0.0908686593;ZTF;ZTF(zg);ZTF
59408.4403935;18.9872093;0.0645481423;ZTF;ZTF(zr);ZTF
59410.4591088;19.7248993;0.0986799225;ZTF;ZTF(zg);ZTF
59416.4128356;18.949398;0.0627722144;ZTF;ZTF(zr);ZTF
59418.3938079;18.8704414;0.059227407;ZTF;ZTF(zr);ZTF
59424.3918287;18.8639603;0.0589460284;ZTF;ZTF(zr);ZTF
59424.3927662;19.0329971;0.0667684302;ZTF;ZTF(zr);ZTF
59424.4621065;18.5793114;0.0629311651;ZTF;ZTF(zi);ZTF
59425.4184722;19.7417965;0.0999020264;ZTF;ZTF(zg);ZTF
59426.3770023;19.8317108;0.106631219;ZTF;ZTF(zg);ZTF
59426.4226273;18.9994583;0.0651345551;ZTF;ZTF(zr);ZTF
59426.4307407;18.9625645;0.0578535758;ZTF;ZTF(zr);ZTF
59426.4312037;19.0074444;0.0598163456;ZTF;ZTF(zr);ZTF
59427.3619329;19.5901527;0.0894092992;ZTF;ZTF(zg);ZTF
59427.4159259;18.4660759;0.0576563813;ZTF;ZTF(zi);ZTF
59427.4185417;18.8477726;0.0582495295;ZTF;ZTF(zr);ZTF
59427.4194907;18.8880577;0.0599994399;ZTF;ZTF(zr);ZTF
59427.4311921;18.9272766;0.0563562065;ZTF;ZTF(zr);ZTF
59427.4316551;18.9644756;0.0579358041;ZTF;ZTF(zr);ZTF
59428.4071181;18.9634323;0.0634253621;ZTF;ZTF(zr);ZTF
59428.421412;19.7962723;0.103933536;ZTF;ZTF(zg);ZTF
59429.4075;18.9403648;0.0623555742;ZTF;ZTF(zr);ZTF
59429.4084491;18.9878922;0.0645807013;ZTF;ZTF(zr);ZTF
59429.4347801;19.7293854;0.0990030617;ZTF;ZTF(zg);ZTF
59429.4357176;19.7747498;0.102324121;ZTF;ZTF(zg);ZTF
59430.3591898;18.8766079;0.0594964661;ZTF;ZTF(zr);ZTF
59430.4316898;19.7234306;0.0985743254;ZTF;ZTF(zg);ZTF
59430.4544097;18.553154;0.0616715476;ZTF;ZTF(zi);ZTF
59434.3746181;18.9583073;0.0631860346;ZTF;ZTF(zr);ZTF
59434.4201736;19.7412491;0.0998622328;ZTF;ZTF(zg);ZTF
59435.4501852;18.5544968;0.0617355816;ZTF;ZTF(zi);ZTF
59436.4201852;19.6963081;0.0966424271;ZTF;ZTF(zg);ZTF
59439.3777894;18.9486427;0.062737301;ZTF;ZTF(zr);ZTF
59439.4034722;18.5198441;0.0601035133;ZTF;ZTF(zi);ZTF
59442.3334838;19.7533836;0.100747839;ZTF;ZTF(zg);ZTF
59442.3363542;19.010746;0.0656798258;ZTF;ZTF(zr);ZTF
59444.4245139;19.7664032;0.101705782;ZTF;ZTF(zg);ZTF
59448.2952894;19.0449829;0.0673624873;ZTF;ZTF(zr);ZTF
59452.3354282;19.5844707;0.0890367702;ZTF;ZTF(zg);ZTF
59452.3378125;19.6487484;0.0933375508;ZTF;ZTF(zg);ZTF
59452.3618056;18.6069698;0.064290598;ZTF;ZTF(zi);ZTF
59453.335625;18.980238;0.0642168298;ZTF;ZTF(zr);ZTF
59454.3352083;18.9254341;0.0616732202;ZTF;ZTF(zr);ZTF
59454.3361458;18.9338074;0.0620549172;ZTF;ZTF(zr);ZTF
59454.3681019;19.5844059;0.0890325531;ZTF;ZTF(zg);ZTF
59454.3690509;19.6838741;0.0957682878;ZTF;ZTF(zg);ZTF
59455.296794;18.6898918;0.0685385019;ZTF;ZTF(zi);ZTF
59455.3577778;19.7849922;0.103087328;ZTF;ZTF(zg);ZTF
59458.2891551;19.7454872;0.100170746;ZTF;ZTF(zg);ZTF
59458.327963;18.4927902;0.0588594191;ZTF;ZTF(zi);ZTF
59458.3355208;18.8747482;0.059415184;ZTF;ZTF(zr);ZTF
59458.3364583;18.8898697;0.0600794628;ZTF;ZTF(zr);ZTF
59459.3572569;18.963131;0.0634112507;ZTF;ZTF(zr);ZTF
59460.3486227;18.951149;0.0628533214;ZTF;ZTF(zr);ZTF
59460.3939352;19.6629581;0.0943139791;ZTF;ZTF(zg);ZTF
59461.2703704;19.8007259;0.104269303;ZTF;ZTF(zg);ZTF
59461.3344097;18.6931648;0.0687115043;ZTF;ZTF(zi);ZTF
59461.3573843;18.9226437;0.0615465567;ZTF;ZTF(zr);ZTF
59462.313287;19.6890717;0.0961328223;ZTF;ZTF(zg);ZTF
59462.3221875;19.7386322;0.0996721759;ZTF;ZTF(zg);ZTF
59462.3568866;18.9604874;0.0632877424;ZTF;ZTF(zr);ZTF
59462.3726968;18.8361053;0.0577530339;ZTF;ZTF(zr);ZTF
59464.3352662;18.9420891;0.062434867;ZTF;ZTF(zr);ZTF
59464.3565625;18.7225475;0.0702835172;ZTF;ZTF(zi);ZTF
59466.3366898;19.0171719;0.0659923106;ZTF;ZTF(zr);ZTF
59467.3343403;18.5963249;0.0637640208;ZTF;ZTF(zi);ZTF
59468.4286921;19.9358349;0.114899173;ZTF;ZTF(zg);ZTF
59470.3412616;18.591856;0.0635441989;ZTF;ZTF(zi);ZTF
59470.358669;19.7158356;0.0980298892;ZTF;ZTF(zg);ZTF
59470.4146296;18.9760609;0.0640191585;ZTF;ZTF(zr);ZTF
59472.3622106;18.9738121;0.0639129728;ZTF;ZTF(zr);ZTF
59472.4129514;19.7658348;0.101663783;ZTF;ZTF(zg);ZTF
59473.4045486;18.6078339;0.0643335357;ZTF;ZTF(zi);ZTF
59474.2914352;18.978611;0.0641397461;ZTF;ZTF(zr);ZTF
59474.3406829;19.7272434;0.0988486409;ZTF;ZTF(zg);ZTF
59479.2000463;19.2274399;0.0684452653;ZTF;ZTF(zg);ZTF
59479.2660532;18.8084373;0.0565938167;ZTF;ZTF(zr);ZTF
59479.2946296;18.7761688;0.073239021;ZTF;ZTF(zi);ZTF
59484.2872685;18.6055393;0.0642195866;ZTF;ZTF(zi);ZTF
59484.3676505;19.81007;0.104976781;ZTF;ZTF(zg);ZTF
59487.2743056;18.5389557;0.0609982386;ZTF;ZTF(zi);ZTF
59488.2533565;19.6626949;0.0942957848;ZTF;ZTF(zg);ZTF
59490.3158333;19.656311;0.0938560516;ZTF;ZTF(zg);ZTF
59494.2961458;18.4793549;0.0582512654;ZTF;ZTF(zi);ZTF
59497.2985648;18.9051533;0.0607589521;ZTF;ZTF(zr);ZTF
59497.3160417;18.5741291;0.0626796186;ZTF;ZTF(zi);ZTF
59497.3576389;19.478714;0.0823672563;ZTF;ZTF(zg);ZTF
59502.2708449;18.8222637;0.0571698882;ZTF;ZTF(zr);ZTF
59502.2728356;18.4958954;0.0590008944;ZTF;ZTF(zi);ZTF
59509.2380903;18.9036331;0.0606910177;ZTF;ZTF(zr);ZTF
59509.2940394;18.6406097;0.0659824833;ZTF;ZTF(zi);ZTF
59512.1607523;19.0453625;0.0673813671;ZTF;ZTF(zr);ZTF
59512.2133681;19.8467979;0.107797652;ZTF;ZTF(zg);ZTF
59520.2909259;19.6859951;0.0959168747;ZTF;ZTF(zg);ZTF
59521.1703819;18.6108418;0.0644831732;ZTF;ZTF(zi);ZTF
59522.1942477;19.0003071;0.0651753917;ZTF;ZTF(zr);ZTF
59522.2322454;19.7692928;0.101919472;ZTF;ZTF(zg);ZTF
59524.1498495;19.8512001;0.108140036;ZTF;ZTF(zg);ZTF
59524.2074537;18.6786041;0.0679448694;ZTF;ZTF(zi);ZTF
59524.2328704;19.0235691;0.0663049743;ZTF;ZTF(zr);ZTF
59526.1656366;18.9240341;0.0616096705;ZTF;ZTF(zr);ZTF
59526.1899421;19.7155132;0.0980067924;ZTF;ZTF(zg);ZTF
59527.1712731;18.6540833;0.0666720793;ZTF;ZTF(zi);ZTF
59529.2109028;19.7698975;0.101964213;ZTF;ZTF(zg);ZTF
59530.1476505;18.5448494;0.0612768233;ZTF;ZTF(zi);ZTF
59537.1712384;18.9278717;0.0617840961;ZTF;ZTF(zr);ZTF
59538.75312668;14.144;0.167;NEOWISE;WISE(W2);NEOWISE
59538.75312668;15.679;0.172;NEOWISE;WISE(W1);NEOWISE
59538.88390274;15.173;0.109;NEOWISE;WISE(W1);NEOWISE
59538.88390274;14.43;0.295;NEOWISE;WISE(W2);NEOWISE
59539.01455145;15.14;0.179;NEOWISE;WISE(W1);NEOWISE
59539.14520021;15.26;0.118;NEOWISE;WISE(W1);NEOWISE
59539.14520021;14.706;0.268;NEOWISE;WISE(W2);NEOWISE
59539.21052456;15.524;0.19;NEOWISE;WISE(W1);NEOWISE
59539.21052456;14.387;0.216;NEOWISE;WISE(W2);NEOWISE
59539.27597618;15.361;0.488;NEOWISE;WISE(W2);NEOWISE
59539.27597618;15.457;0.141;NEOWISE;WISE(W1);NEOWISE
59539.34130053;15.273;0.123;NEOWISE;WISE(W1);NEOWISE
59539.34130053;14.434;0.324;NEOWISE;WISE(W2);NEOWISE
59539.40662493;14.425;0.236;NEOWISE;WISE(W2);NEOWISE
59539.40662493;15.438;0.155;NEOWISE;WISE(W1);NEOWISE
59539.47194924;15.348;0.133;NEOWISE;WISE(W1);NEOWISE
59539.47194924;14.554;0.298;NEOWISE;WISE(W2);NEOWISE
59539.60259799;14.867;0.298;NEOWISE;WISE(W2);NEOWISE
59539.60259799;15.704;0.179;NEOWISE;WISE(W1);NEOWISE
59539.73337406;14.287;0.182;NEOWISE;WISE(W2);NEOWISE
59539.73337406;15.249;0.15;NEOWISE;WISE(W1);NEOWISE
59540.1992593;18.8398514;0.0579119287;ZTF;ZTF(zr);ZTF
59542.2321875;18.6361923;0.0657578632;ZTF;ZTF(zi);ZTF
59543.1318634;18.7967415;0.0561114438;ZTF;ZTF(zr);ZTF
59543.1711111;19.3325768;0.0739527494;ZTF;ZTF(zg);ZTF
59740.37914153;15.262;0.142;NEOWISE;WISE(W1);NEOWISE
59740.37914153;14.489;0.244;NEOWISE;WISE(W2);NEOWISE
59740.64005669;14.464;0.249;NEOWISE;WISE(W2);NEOWISE
59740.64005669;15.31;0.151;NEOWISE;WISE(W1);NEOWISE
59740.77057802;14.753;0.364;NEOWISE;WISE(W2);NEOWISE
59740.77057802;15.286;0.135;NEOWISE;WISE(W1);NEOWISE
59740.83577501;14.863;0.378;NEOWISE;WISE(W2);NEOWISE
59740.83577501;15.25;0.133;NEOWISE;WISE(W1);NEOWISE
59740.83590233;15.088;0.48;NEOWISE;WISE(W2);NEOWISE
59740.83590233;15.481;0.157;NEOWISE;WISE(W1);NEOWISE
59740.90109936;14.455;0.362;NEOWISE;WISE(W2);NEOWISE
59740.90109936;15.307;0.142;NEOWISE;WISE(W1);NEOWISE
59740.96629634;15.143;0.126;NEOWISE;WISE(W1);NEOWISE
59740.96629634;14.644;0.312;NEOWISE;WISE(W2);NEOWISE
59741.03162065;14.721;0.322;NEOWISE;WISE(W2);NEOWISE
59741.03162065;15.315;0.135;NEOWISE;WISE(W1);NEOWISE
59741.09681764;15.662;0.179;NEOWISE;WISE(W1);NEOWISE
59741.09681764;14.574;0.381;NEOWISE;WISE(W2);NEOWISE
59741.22733888;15.329;0.134;NEOWISE;WISE(W1);NEOWISE
59741.22733888;14.92;0.463;NEOWISE;WISE(W2);NEOWISE
59741.35786021;14.193;0.246;NEOWISE;WISE(W2);NEOWISE
59741.35786021;15.216;0.278;NEOWISE;WISE(W1);NEOWISE
59748.4373264;18.8385944;0.0578585826;ZTF;ZTF(zr);ZTF
59752.4070949;18.9910526;0.0647315457;ZTF;ZTF(zr);ZTF
59752.4421065;19.6578064;0.0939588547;ZTF;ZTF(zg);ZTF
59753.3974074;18.6567001;0.0668068603;ZTF;ZTF(zi);ZTF
59755.4361227;19.6688175;0.0947193131;ZTF;ZTF(zg);ZTF
59755.4590278;19.0181198;0.0660385266;ZTF;ZTF(zr);ZTF
59761.4573495;18.6306572;0.065477483;ZTF;ZTF(zi);ZTF
59763.4371412;18.9301682;0.0618887059;ZTF;ZTF(zr);ZTF
59764.4563194;18.5522995;0.0616308041;ZTF;ZTF(zi);ZTF
59765.4366204;19.7247868;0.0986718684;ZTF;ZTF(zg);ZTF
59765.4567824;18.9317799;0.0619622506;ZTF;ZTF(zr);ZTF
59769.4191435;19.6681824;0.0946752802;ZTF;ZTF(zg);ZTF
59771.3845602;19.978199;0.118407741;ZTF;ZTF(zg);ZTF
59771.4583449;19.7826118;0.10290949;ZTF;ZTF(zg);ZTF
59775.3832639;19.1388321;0.07220193;ZTF;ZTF(zr);ZTF
59779.4184028;18.9546642;0.0630164817;ZTF;ZTF(zr);ZTF
59779.4599074;18.8882961;0.0600099601;ZTF;ZTF(zr);ZTF
59782.4313194;18.9617729;0.0633477643;ZTF;ZTF(zr);ZTF
59783.4567014;18.5997791;0.0639344454;ZTF;ZTF(zi);ZTF
59784.3982292;19.8247414;0.106096044;ZTF;ZTF(zg);ZTF
59784.4411111;18.9924526;0.0647984743;ZTF;ZTF(zr);ZTF
59786.4195602;18.5925465;0.0635781661;ZTF;ZTF(zi);ZTF
59786.4419097;19.874424;0.109961249;ZTF;ZTF(zg);ZTF
59788.4202083;18.9121361;0.061072126;ZTF;ZTF(zr);ZTF
59788.4422569;19.6717663;0.0949239433;ZTF;ZTF(zg);ZTF
59789.4222222;18.5869789;0.0633051917;ZTF;ZTF(zi);ZTF
59794.4358796;18.6079407;0.0643388033;ZTF;ZTF(zi);ZTF
59797.3977778;19.8336296;0.106779009;ZTF;ZTF(zg);ZTF
59797.4579745;18.6281433;0.0653505027;ZTF;ZTF(zi);ZTF
59797.4735532;18.9081116;0.0608914383;ZTF;ZTF(zr);ZTF
59800.37625;19.6455574;0.0931195468;ZTF;ZTF(zg);ZTF
59800.4399769;18.857872;0.0586830303;ZTF;ZTF(zr);ZTF
59801.3760648;18.6850395;0.0682826862;ZTF;ZTF(zi);ZTF
59802.4551389;19.1234665;0.0713864788;ZTF;ZTF(zr);ZTF
59807.3681829;18.9375305;0.06222542;ZTF;ZTF(zr);ZTF
59807.3774421;19.4336109;0.079673022;ZTF;ZTF(zg);ZTF
59807.4638889;18.6872921;0.0684013367;ZTF;ZTF(zi);ZTF
59809.3034954;18.9340096;0.0620641895;ZTF;ZTF(zr);ZTF
59809.3554282;19.6670456;0.0945965946;ZTF;ZTF(zg);ZTF
59810.2535532;18.6602669;0.0669909269;ZTF;ZTF(zi);ZTF
59811.3622454;18.9004002;0.0605467781;ZTF;ZTF(zr);ZTF
59811.4186458;19.7119408;0.0977517664;ZTF;ZTF(zg);ZTF
59813.3346875;19.682745;0.0956891924;ZTF;ZTF(zg);ZTF
59813.3695023;18.6856232;0.0683134273;ZTF;ZTF(zi);ZTF
59813.377338;18.9157581;0.061235223;ZTF;ZTF(zr);ZTF
59815.3784259;18.9869385;0.0645352527;ZTF;ZTF(zr);ZTF
59815.4251157;19.7525024;0.100683317;ZTF;ZTF(zg);ZTF
59816.4080903;18.6085529;0.0643692687;ZTF;ZTF(zi);ZTF
59817.3921296;18.9352283;0.0621199347;ZTF;ZTF(zr);ZTF
59817.3984259;19.8035431;0.104482166;ZTF;ZTF(zg);ZTF
59819.2653472;19.0013771;0.0652269349;ZTF;ZTF(zr);ZTF
59819.355625;18.5696659;0.0624637641;ZTF;ZTF(zi);ZTF
59819.3801968;19.6543999;0.0937247947;ZTF;ZTF(zg);ZTF
59822.3061806;18.93433;0.0620787963;ZTF;ZTF(zr);ZTF
59822.3350463;19.7421989;0.0999313295;ZTF;ZTF(zg);ZTF
59823.3570255;18.5825596;0.0630893633;ZTF;ZTF(zi);ZTF
59824.353912;19.7893257;0.103411704;ZTF;ZTF(zg);ZTF
59824.3751042;18.9714832;0.0638032556;ZTF;ZTF(zr);ZTF
59826.2945255;18.8976917;0.0604262166;ZTF;ZTF(zr);ZTF
59826.3362153;19.7937565;0.103744313;ZTF;ZTF(zg);ZTF
59827.3932523;18.5467796;0.061368376;ZTF;ZTF(zi);ZTF
59829.4227199;18.9199638;0.0614251904;ZTF;ZTF(zr);ZTF
59839.3124421;19.7245178;0.098652482;ZTF;ZTF(zg);ZTF
59841.2740394;19.7661819;0.101689406;ZTF;ZTF(zg);ZTF
59841.3303935;19.9273891;0.114209622;ZTF;ZTF(zg);ZTF
59842.3169329;18.5250778;0.0603472628;ZTF;ZTF(zi);ZTF
59844.3041898;18.9232769;0.0615752675;ZTF;ZTF(zr);ZTF
59846.2928588;18.6415443;0.0660301;ZTF;ZTF(zi);ZTF
59847.2561921;19.0184002;0.066052258;ZTF;ZTF(zr);ZTF
59847.3107986;19.7976189;0.104034998;ZTF;ZTF(zg);ZTF
59849.3087153;18.9217472;0.0615059286;ZTF;ZTF(zr);ZTF
59854.2761806;18.8756638;0.0594551824;ZTF;ZTF(zr);ZTF
59856.2697222;19.735569;0.0994500443;ZTF;ZTF(zg);ZTF
59857.3165509;18.6856041;0.0683124214;ZTF;ZTF(zi);ZTF
59858.2784606;18.939846;0.062331751;ZTF;ZTF(zr);ZTF
59861.2731134;18.902256;0.0606295504;ZTF;ZTF(zr);ZTF
59862.336794;18.6997337;0.0690601021;ZTF;ZTF(zi);ZTF
59863.2347801;18.9495754;0.0627804399;ZTF;ZTF(zr);ZTF
59864.3118866;18.9519844;0.057400424;ZTF;ZTF(zr);ZTF
59865.2111921;19.7058258;0.0973164514;ZTF;ZTF(zg);ZTF
59865.2911227;18.5611992;0.0620563142;ZTF;ZTF(zi);ZTF
59865.3302083;19.0145721;0.0658656806;ZTF;ZTF(zr);ZTF
59867.2069097;19.0387669;0.0670537204;ZTF;ZTF(zr);ZTF
59867.2284375;19.8276882;0.106322065;ZTF;ZTF(zg);ZTF
59869.2422685;18.5077515;0.059544187;ZTF;ZTF(zi);ZTF
59870.3525694;19.5785275;0.0886486173;ZTF;ZTF(zg);ZTF
59872.289537;19.6433163;0.0929667354;ZTF;ZTF(zg);ZTF
59874.2254167;19.7407837;0.0998284444;ZTF;ZTF(zg);ZTF
59874.2663079;18.9134178;0.0611297935;ZTF;ZTF(zr);ZTF
59877.2320023;19.5753174;0.0884397104;ZTF;ZTF(zg);ZTF
59877.2575231;18.5197506;0.060099192;ZTF;ZTF(zi);ZTF
59877.2963426;18.7756481;0.055252783;ZTF;ZTF(zr);ZTF
59879.2531019;18.8847198;0.0598523282;ZTF;ZTF(zr);ZTF
59879.2954398;19.5759335;0.0884797126;ZTF;ZTF(zg);ZTF
59881.1631019;18.549284;0.0614872724;ZTF;ZTF(zi);ZTF
59881.2526389;18.9497414;0.0627881065;ZTF;ZTF(zr);ZTF
59881.3155208;19.7498131;0.100486554;ZTF;ZTF(zg);ZTF
59883.2242708;19.4686584;0.0817589313;ZTF;ZTF(zg);ZTF
59883.2962153;18.860569;0.0587993637;ZTF;ZTF(zr);ZTF
59889.1874769;18.384491;0.0541358031;ZTF;ZTF(zi);ZTF
59889.2757639;19.0376186;0.0669968501;ZTF;ZTF(zr);ZTF
59894.148912;18.8076363;0.0565606318;ZTF;ZTF(zr);ZTF
59895.2330093;18.5325089;0.0606949478;ZTF;ZTF(zi);ZTF
59896.2690856;18.889183;0.0600491241;ZTF;ZTF(zr);ZTF
59897.2136806;18.8684978;0.0591428503;ZTF;ZTF(zr);ZTF
59899.1716319;18.779871;0.0554235503;ZTF;ZTF(zr);ZTF
59900.1621991;18.5227051;0.0602366216;ZTF;ZTF(zi);ZTF
59903.04584308;15.324;0.127;NEOWISE;WISE(W1);NEOWISE
59903.04584308;14.405;0.272;NEOWISE;WISE(W2);NEOWISE
59903.17623716;14.268;0.179;NEOWISE;WISE(W2);NEOWISE
59903.17623716;15.155;0.117;NEOWISE;WISE(W1);NEOWISE
59903.30650378;14.544;0.22;NEOWISE;WISE(W2);NEOWISE
59903.30650378;15.227;0.139;NEOWISE;WISE(W1);NEOWISE
59903.43677051;15.63;0.201;NEOWISE;WISE(W1);NEOWISE
59903.43677051;14.739;0.267;NEOWISE;WISE(W2);NEOWISE
59903.50196756;14.656;0.284;NEOWISE;WISE(W2);NEOWISE
59903.50196756;15.259;0.148;NEOWISE;WISE(W1);NEOWISE
59903.56716459;14.76;0.254;NEOWISE;WISE(W2);NEOWISE
59903.56716459;15.271;0.129;NEOWISE;WISE(W1);NEOWISE
59903.63236159;15.396;0.132;NEOWISE;WISE(W1);NEOWISE
59903.63236159;14.924;0.415;NEOWISE;WISE(W2);NEOWISE
59903.76262831;15.287;0.124;NEOWISE;WISE(W1);NEOWISE
59903.76262831;14.469;0.273;NEOWISE;WISE(W2);NEOWISE
59903.89289503;15.432;0.158;NEOWISE;WISE(W1);NEOWISE
59903.89289503;14.828;0.338;NEOWISE;WISE(W2);NEOWISE
59904.02328912;15.145;0.126;NEOWISE;WISE(W1);NEOWISE
59904.02328912;14.522;0.217;NEOWISE;WISE(W2);NEOWISE
59904.1487269;19.4112282;0.0783685818;ZTF;ZTF(zg);ZTF
59906.1122685;18.5783424;0.0628840476;ZTF;ZTF(zi);ZTF
59906.1704977;19.6122952;0.0908752531;ZTF;ZTF(zg);ZTF
59908.1252894;19.6850243;0.0958487839;ZTF;ZTF(zg);ZTF
59908.1509606;18.9346008;0.0620912313;ZTF;ZTF(zr);ZTF
59910.143125;19.7952309;0.103855126;ZTF;ZTF(zg);ZTF
59910.187037;18.9534531;0.0629602224;ZTF;ZTF(zr);ZTF
59922.1565394;19.6601009;0.0941168666;ZTF;ZTF(zg);ZTF
59922.1704514;18.8253307;0.0572985485;ZTF;ZTF(zr);ZTF
59924.1709954;18.9097481;0.06096486;ZTF;ZTF(zr);ZTF
59930.1875463;18.9802589;0.064217791;ZTF;ZTF(zr);ZTF
59932.1107986;19.7010212;0.0969757065;ZTF;ZTF(zg);ZTF
59934.1115741;18.9376774;0.0622321367;ZTF;ZTF(zr);ZTF
59934.1627894;19.5769863;0.0885482952;ZTF;ZTF(zg);ZTF
59936.1293056;18.8254433;0.0573033132;ZTF;ZTF(zr);ZTF
59958.1007523;18.8131104;0.0567878149;ZTF;ZTF(zr);ZTF
59958.1047222;18.9327278;0.0620055422;ZTF;ZTF(zr);ZTF
59958.1086921;18.9490337;0.0627553836;ZTF;ZTF(zr);ZTF
59958.1126736;18.9663162;0.0635604411;ZTF;ZTF(zr);ZTF
59970.099213;18.5689583;0.0475746505;ZTF;ZTF(zr);ZTF
59970.1016088;18.6520824;0.0505069122;ZTF;ZTF(zr);ZTF
60104.51176936;14.442;0.368;NEOWISE;WISE(W2);NEOWISE
60104.51176936;15.422;0.178;NEOWISE;WISE(W1);NEOWISE
60104.64165393;15.154;0.139;NEOWISE;WISE(W1);NEOWISE
60104.77141118;15.368;0.183;NEOWISE;WISE(W1);NEOWISE
60104.8363535;15.235;0.246;NEOWISE;WISE(W1);NEOWISE
60104.90116848;14.1;0.321;NEOWISE;WISE(W2);NEOWISE
60104.90116848;15.236;0.18;NEOWISE;WISE(W1);NEOWISE
60104.9661108;15.17;0.161;NEOWISE;WISE(W1);NEOWISE
60105.03092579;15.147;0.21;NEOWISE;WISE(W1);NEOWISE
60107.49733325;14.851;0.386;NEOWISE;WISE(W2);NEOWISE
60107.49733325;15.233;0.131;NEOWISE;WISE(W1);NEOWISE
60107.62709046;16.406;0.472;NEOWISE;WISE(W1);NEOWISE
60107.62709046;14.333;0.316;NEOWISE;WISE(W2);NEOWISE
60107.75697565;15.286;0.178;NEOWISE;WISE(W1);NEOWISE
60107.75697565;14.254;0.261;NEOWISE;WISE(W2);NEOWISE
60107.82179064;15.229;0.154;NEOWISE;WISE(W1);NEOWISE
60107.82179064;14.55;0.333;NEOWISE;WISE(W2);NEOWISE
60107.88673295;14.942;0.13;NEOWISE;WISE(W1);NEOWISE
60107.88673295;14.531;0.39;NEOWISE;WISE(W2);NEOWISE
60107.95154789;14.863;0.334;NEOWISE;WISE(W2);NEOWISE
60107.95154789;15.175;0.207;NEOWISE;WISE(W1);NEOWISE
60107.95167525;15.194;0.142;NEOWISE;WISE(W1);NEOWISE
60107.95167525;14.319;0.236;NEOWISE;WISE(W2);NEOWISE
60108.01649025;14.947;0.429;NEOWISE;WISE(W2);NEOWISE
60108.01649025;15.333;0.165;NEOWISE;WISE(W1);NEOWISE
60108.08143256;14.723;0.315;NEOWISE;WISE(W2);NEOWISE
60108.08143256;15.182;0.125;NEOWISE;WISE(W1);NEOWISE
60108.21118981;14.239;0.355;NEOWISE;WISE(W2);NEOWISE
60108.21118981;15.257;0.141;NEOWISE;WISE(W1);NEOWISE
60108.34094707;14.414;0.319;NEOWISE;WISE(W2);NEOWISE
60108.34094707;15.416;0.185;NEOWISE;WISE(W1);NEOWISE
60108.47070432;14.937;0.474;NEOWISE;WISE(W2);NEOWISE
60108.47070432;15.704;0.214;NEOWISE;WISE(W1);NEOWISE
60114.4292593;19.6323204;0.0922203064;ZTF;ZTF(zg);ZTF
60117.404838;18.8573627;0.0586610995;ZTF;ZTF(zr);ZTF
60119.4278356;19.7414169;0.0998744592;ZTF;ZTF(zg);ZTF
60119.4581829;19.0228748;0.0662709326;ZTF;ZTF(zr);ZTF
60121.4310185;19.9019928;0.112156212;ZTF;ZTF(zg);ZTF
60123.4162153;19.629406;0.0920233801;ZTF;ZTF(zg);ZTF
60123.4617708;18.9294891;0.0618577823;ZTF;ZTF(zr);ZTF
60134.4165972;19.8148613;0.105341248;ZTF;ZTF(zg);ZTF
60134.4593981;18.9412117;0.0623944923;ZTF;ZTF(zr);ZTF
60137.4614352;19.6328087;0.0922533721;ZTF;ZTF(zg);ZTF
60140.3921528;19.6269646;0.0918587446;ZTF;ZTF(zg);ZTF
60142.440544;18.9230843;0.0615665615;ZTF;ZTF(zr);ZTF
60144.4166667;19.6743374;0.0951026827;ZTF;ZTF(zg);ZTF
60146.3822338;19.0353737;0.0668858141;ZTF;ZTF(zr);ZTF
60146.4400463;19.045105;0.0673685372;ZTF;ZTF(zr);ZTF
60148.4391204;19.7791405;0.102650657;ZTF;ZTF(zg);ZTF
60150.4359606;19.7486668;0.100402832;ZTF;ZTF(zg);ZTF
60156.3989005;19.1192837;0.071166046;ZTF;ZTF(zr);ZTF
60162.3984954;19.7040176;0.0971880481;ZTF;ZTF(zg);ZTF
60162.4428472;19.0612736;0.0681784675;ZTF;ZTF(zr);ZTF
60168.3810648;19.7131824;0.0978403091;ZTF;ZTF(zg);ZTF
60170.3535995;19.8176022;0.105550148;ZTF;ZTF(zg);ZTF
60170.3791319;18.9697533;0.0637218803;ZTF;ZTF(zr);ZTF
60173.3789468;19.7686787;0.101874039;ZTF;ZTF(zg);ZTF
60181.3543403;19.8314323;0.106609762;ZTF;ZTF(zg);ZTF
60181.4413426;18.8655548;0.0590151399;ZTF;ZTF(zr);ZTF
60183.3995255;19.668457;0.0946943611;ZTF;ZTF(zg);ZTF
60185.3490046;19.0320091;0.0667197481;ZTF;ZTF(zr);ZTF
60185.4199306;19.6143208;0.0910104662;ZTF;ZTF(zg);ZTF
60191.4006944;19.6534309;0.0936582834;ZTF;ZTF(zg);ZTF
60194.3495023;19.8231831;0.105976611;ZTF;ZTF(zg);ZTF
60194.3564236;18.8726044;0.0593216009;ZTF;ZTF(zr);ZTF
60196.3152199;19.6908226;0.0962558463;ZTF;ZTF(zg);ZTF
60196.3369792;18.9464417;0.0626355261;ZTF;ZTF(zr);ZTF
60200.3825463;19.5607014;0.0874941126;ZTF;ZTF(zg);ZTF
60200.4008218;18.9458218;0.0626069009;ZTF;ZTF(zr);ZTF
60202.211713;19.6902428;0.0962150991;ZTF;ZTF(zg);ZTF
60204.3363657;19.81991;0.105726354;ZTF;ZTF(zg);ZTF
60204.4157523;19.0442505;0.0673260018;ZTF;ZTF(zr);ZTF
60206.2848958;18.963974;0.0634507537;ZTF;ZTF(zr);ZTF
60206.2947917;19.8130493;0.105203316;ZTF;ZTF(zg);ZTF
60209.2745023;18.9472885;0.0626746789;ZTF;ZTF(zr);ZTF
60212.3000463;19.6702194;0.0948165357;ZTF;ZTF(zg);ZTF
60221.2417593;18.9677391;0.0636272281;ZTF;ZTF(zr);ZTF
60223.2043519;18.9607143;0.0632983223;ZTF;ZTF(zr);ZTF
60228.2316898;19.6197815;0.0913759619;ZTF;ZTF(zg);ZTF
60228.2733912;18.9007854;0.0605639368;ZTF;ZTF(zr);ZTF
60231.211713;19.7469692;0.100278907;ZTF;ZTF(zg);ZTF
60231.3216898;18.8888187;0.0600330643;ZTF;ZTF(zr);ZTF
60233.1675;18.8759003;0.0594654977;ZTF;ZTF(zr);ZTF
60233.2132292;19.5129089;0.0844692439;ZTF;ZTF(zg);ZTF
60235.1930208;19.7435856;0.100032233;ZTF;ZTF(zg);ZTF
60235.2324074;18.9527092;0.0629256964;ZTF;ZTF(zr);ZTF
60237.2054745;18.9174232;0.0613103732;ZTF;ZTF(zr);ZTF
60237.2109375;19.6369267;0.0925323218;ZTF;ZTF(zg);ZTF
60239.1459838;18.9619236;0.0633548424;ZTF;ZTF(zr);ZTF
60239.2116204;19.7710037;0.102046154;ZTF;ZTF(zg);ZTF
60244.1975116;19.1374226;0.0721267611;ZTF;ZTF(zr);ZTF
60250.1486227;19.7194977;0.0982920751;ZTF;ZTF(zg);ZTF
60250.2765278;18.986042;0.0644925535;ZTF;ZTF(zr);ZTF
60252.1874074;19.7659721;0.101673901;ZTF;ZTF(zg);ZTF
60252.2933681;18.905735;0.0607849807;ZTF;ZTF(zr);ZTF
60254.2014815;19.6945724;0.0965199769;ZTF;ZTF(zg);ZTF
60254.285162;18.8145752;0.0568487868;ZTF;ZTF(zr);ZTF
60257.168669;18.8205223;0.0570970178;ZTF;ZTF(zr);ZTF
60259.1898495;19.4797077;0.0824275687;ZTF;ZTF(zg);ZTF
60261.1521412;18.8316593;0.0575650185;ZTF;ZTF(zr);ZTF
60263.1448843;19.0362263;0.0669279546;ZTF;ZTF(zr);ZTF
60267.26789501;14.702;0.268;NEOWISE;WISE(W2);NEOWISE
60267.26789501;15.845;0.22;NEOWISE;WISE(W1);NEOWISE
60267.39714316;15.271;0.157;NEOWISE;WISE(W1);NEOWISE
60267.39714316;14.957;0.339;NEOWISE;WISE(W2);NEOWISE
60267.5263912;14.397;0.29;NEOWISE;WISE(W2);NEOWISE
60267.5263912;15.111;0.135;NEOWISE;WISE(W1);NEOWISE
60267.59107891;14.844;0.376;NEOWISE;WISE(W2);NEOWISE
60267.59107891;15.375;0.133;NEOWISE;WISE(W1);NEOWISE
60267.65563925;15.263;0.145;NEOWISE;WISE(W1);NEOWISE
60267.65563925;14.853;0.484;NEOWISE;WISE(W2);NEOWISE
60267.720327;15.275;0.125;NEOWISE;WISE(W1);NEOWISE
60267.720327;15.241;0.502;NEOWISE;WISE(W2);NEOWISE
60267.78488735;14.615;0.341;NEOWISE;WISE(W2);NEOWISE
60267.78488735;15.349;0.136;NEOWISE;WISE(W1);NEOWISE
60267.84957505;15.056;0.124;NEOWISE;WISE(W1);NEOWISE
60267.9788231;14.173;0.188;NEOWISE;WISE(W2);NEOWISE
60267.9788231;15.45;0.146;NEOWISE;WISE(W1);NEOWISE
60268.10807115;14.568;0.283;NEOWISE;WISE(W2);NEOWISE
60268.10807115;14.927;0.114;NEOWISE;WISE(W1);NEOWISE
60268.23731919;15.284;0.132;NEOWISE;WISE(W1);NEOWISE
60268.23731919;14.303;0.214;NEOWISE;WISE(W2);NEOWISE
60270.95114726;15.33;0.186;NEOWISE;WISE(W1);NEOWISE
60284.1086458;19.7557144;0.100918807;ZTF;ZTF(zg);ZTF
60288.2082292;18.6446934;0.0502380282;ZTF;ZTF(zr);ZTF
60290.1494676;19.0698166;0.0686104298;ZTF;ZTF(zr);ZTF
60314.1625579;18.7713528;0.0550797209;ZTF;ZTF(zr);ZTF
60471.63425038;15.218;0.164;NEOWISE;WISE(W1);NEOWISE
60471.76222487;15.606;0.228;NEOWISE;WISE(W1);NEOWISE
60471.89019941;15.612;0.257;NEOWISE;WISE(W1);NEOWISE
60471.89019941;14.691;0.424;NEOWISE;WISE(W2);NEOWISE
60471.95412307;14.56;0.317;NEOWISE;WISE(W2);NEOWISE
60471.95412307;15.499;0.217;NEOWISE;WISE(W1);NEOWISE
60472.01804663;15.728;0.395;NEOWISE;WISE(W1);NEOWISE
60472.0820976;15.33;0.183;NEOWISE;WISE(W1);NEOWISE
60472.0820976;14.318;0.309;NEOWISE;WISE(W2);NEOWISE
60472.14602116;14.335;0.277;NEOWISE;WISE(W2);NEOWISE
60472.14602116;15.477;0.301;NEOWISE;WISE(W1);NEOWISE
60472.21007204;15.281;0.194;NEOWISE;WISE(W1);NEOWISE
60472.33791978;15.155;0.182;NEOWISE;WISE(W1);NEOWISE
60472.33791978;15.076;0.503;NEOWISE;WISE(W2);NEOWISE
60472.46589432;14.587;0.485;NEOWISE;WISE(W2);NEOWISE
60472.46589432;14.949;0.139;NEOWISE;WISE(W1);NEOWISE
60472.59386885;15.913;0.289;NEOWISE;WISE(W1);NEOWISE
60476.423588;19.9546394;0.116446301;ZTF;ZTF(zg);ZTF
60485.4580787;19.5113373;0.0843714476;ZTF;ZTF(zg);ZTF
60490.3978125;18.9857597;0.0644791052;ZTF;ZTF(zr);ZTF
60490.4831829;19.5684566;0.0879945904;ZTF;ZTF(zg);ZTF
