MJD;Magnitude;Error;Facility;Filter;Observer
51225.21659999993;15.709;0.158;2MASS;2MASS(H);2MASS
55282.8613817;15.741;0.52;ALLWISE;WISE(W2);ALLWISE
55282.8613817;15.587;0.158;ALLWISE;WISE(W1);ALLWISE
55282.9936858;16.072;0.254;ALLWISE;WISE(W1);ALLWISE
55282.9938132;16.197;0.292;ALLWISE;WISE(W1);ALLWISE
55283.1261173;15.419;0.123;ALLWISE;WISE(W1);ALLWISE
55283.1922056;15.867;0.196;ALLWISE;WISE(W1);ALLWISE
55283.2584213;16.44;0.343;ALLWISE;WISE(W1);ALLWISE
55283.3245096;15.665;0.168;ALLWISE;WISE(W1);ALLWISE
55283.3907254;16.137;0.225;ALLWISE;WISE(W1);ALLWISE
55283.5230293;15.979;0.216;ALLWISE;WISE(W1);ALLWISE
55283.589245;15.687;0.153;ALLWISE;WISE(W1);ALLWISE
55283.6553334;15.698;0.161;ALLWISE;WISE(W1);ALLWISE
55283.7215491;16.001;0.228;ALLWISE;WISE(W1);ALLWISE
55283.7215491;15.179;0.34;ALLWISE;WISE(W2);ALLWISE
55283.7876374;16.271;0.261;ALLWISE;WISE(W1);ALLWISE
55283.8538531;16.93;0.524;ALLWISE;WISE(W1);ALLWISE
55283.9199415;16.626;0.362;ALLWISE;WISE(W1);ALLWISE
55283.9861573;15.836;0.21;ALLWISE;WISE(W1);ALLWISE
55284.0522456;15.735;0.173;ALLWISE;WISE(W1);ALLWISE
55284.1184613;16.301;0.266;ALLWISE;WISE(W1);ALLWISE
55284.1184613;15.557;0.476;ALLWISE;WISE(W2);ALLWISE
55284.2507653;15.735;0.174;ALLWISE;WISE(W1);ALLWISE
55284.3830694;16.207;0.273;ALLWISE;WISE(W1);ALLWISE
55284.3830694;15.543;0.461;ALLWISE;WISE(W2);ALLWISE
55284.5153734;15.688;0.15;ALLWISE;WISE(W1);ALLWISE
55474.5031261;16.262;0.247;ALLWISE;WISE(W1);ALLWISE
55474.63543;16.227;0.235;ALLWISE;WISE(W1);ALLWISE
55474.63543;15.741;0.493;ALLWISE;WISE(W2);ALLWISE
55474.7676067;15.454;0.116;ALLWISE;WISE(W1);ALLWISE
55474.8999107;15.786;0.169;ALLWISE;WISE(W1);ALLWISE
55474.9659991;15.533;0.131;ALLWISE;WISE(W1);ALLWISE
55474.9659991;15.722;0.47;ALLWISE;WISE(W2);ALLWISE
55474.9661264;16.224;0.224;ALLWISE;WISE(W1);ALLWISE
55475.0322148;15.942;0.197;ALLWISE;WISE(W1);ALLWISE
55475.1645187;16.42;0.327;ALLWISE;WISE(W1);ALLWISE
55475.230607;15.722;0.161;ALLWISE;WISE(W1);ALLWISE
55475.2966954;16.701;0.503;ALLWISE;WISE(W1);ALLWISE
55475.362911;15.832;0.163;ALLWISE;WISE(W1);ALLWISE
55475.4289994;15.61;0.423;ALLWISE;WISE(W2);ALLWISE
55475.4289994;15.979;0.186;ALLWISE;WISE(W1);ALLWISE
55475.4950877;15.797;0.179;ALLWISE;WISE(W1);ALLWISE
55475.5613033;15.644;0.133;ALLWISE;WISE(W1);ALLWISE
55475.5613033;15.601;0.425;ALLWISE;WISE(W2);ALLWISE
55475.6273916;15.688;0.141;ALLWISE;WISE(W1);ALLWISE
55475.6273916;15.738;0.463;ALLWISE;WISE(W2);ALLWISE
55475.6934799;15.921;0.195;ALLWISE;WISE(W1);ALLWISE
55475.6934799;15.391;0.372;ALLWISE;WISE(W2);ALLWISE
55475.7596956;16.108;0.242;ALLWISE;WISE(W1);ALLWISE
55475.825784;16.034;0.187;ALLWISE;WISE(W1);ALLWISE
55475.8918723;15.445;0.38;ALLWISE;WISE(W2);ALLWISE
55475.8918723;16.076;0.199;ALLWISE;WISE(W1);ALLWISE
55475.8919997;15.535;0.128;ALLWISE;WISE(W1);ALLWISE
55476.0241763;16.531;0.314;ALLWISE;WISE(W1);ALLWISE
55476.1564803;16.0;0.185;ALLWISE;WISE(W1);ALLWISE
55914.9970544;19.1001;0.012474;PS1;PS1(z);PS1
56326.2255932;19.1506;0.012489;PS1;PS1(i);PS1
56378.7523445;20.0575;0.016167;PS1;PS1(g);PS1
56391.4930049;19.349;0.010926;PS1;PS1(r);PS1
56744.90019315;15.536;0.478;NEOWISE;WISE(W2);NEOWISE
56744.90019315;16.106;0.234;NEOWISE;WISE(W1);NEOWISE
56745.0318605;16.007;0.206;NEOWISE;WISE(W1);NEOWISE
56745.1635278;15.491;0.133;NEOWISE;WISE(W1);NEOWISE
56745.29519515;15.383;0.442;NEOWISE;WISE(W2);NEOWISE
56745.29519515;15.601;0.154;NEOWISE;WISE(W1);NEOWISE
56745.36102883;15.518;0.14;NEOWISE;WISE(W1);NEOWISE
56745.42686255;15.534;0.145;NEOWISE;WISE(W1);NEOWISE
56745.55852986;15.804;0.257;NEOWISE;WISE(W1);NEOWISE
56745.62436348;15.612;0.221;NEOWISE;WISE(W1);NEOWISE
56745.69019716;16.317;0.272;NEOWISE;WISE(W1);NEOWISE
56745.75603079;15.481;0.164;NEOWISE;WISE(W1);NEOWISE
56745.82186447;15.005;0.374;NEOWISE;WISE(W2);NEOWISE
56745.82186447;16.166;0.23;NEOWISE;WISE(W1);NEOWISE
56745.88769814;15.292;0.45;NEOWISE;WISE(W2);NEOWISE
56745.88769814;15.959;0.308;NEOWISE;WISE(W1);NEOWISE
56746.0193655;15.408;0.466;NEOWISE;WISE(W2);NEOWISE
56746.0193655;15.993;0.191;NEOWISE;WISE(W1);NEOWISE
56746.08519917;15.652;0.173;NEOWISE;WISE(W1);NEOWISE
56746.15103285;15.526;0.143;NEOWISE;WISE(W1);NEOWISE
56746.21686653;15.737;0.17;NEOWISE;WISE(W1);NEOWISE
56746.2827002;15.942;0.192;NEOWISE;WISE(W1);NEOWISE
56746.4143676;15.751;0.195;NEOWISE;WISE(W1);NEOWISE
56746.54603486;15.851;0.191;NEOWISE;WISE(W1);NEOWISE
56936.56810153;16.213;0.235;NEOWISE;WISE(W1);NEOWISE
56936.56810153;15.242;0.348;NEOWISE;WISE(W2);NEOWISE
56936.69964167;15.819;0.206;NEOWISE;WISE(W1);NEOWISE
56936.83118175;15.833;0.181;NEOWISE;WISE(W1);NEOWISE
56936.83118175;15.384;0.454;NEOWISE;WISE(W2);NEOWISE
56936.96272189;15.699;0.154;NEOWISE;WISE(W1);NEOWISE
56937.02855557;15.415;0.193;NEOWISE;WISE(W1);NEOWISE
56937.09426192;15.616;0.149;NEOWISE;WISE(W1);NEOWISE
56937.15996833;15.545;0.169;NEOWISE;WISE(W1);NEOWISE
56937.16009565;16.272;0.325;NEOWISE;WISE(W1);NEOWISE
56937.22580201;15.101;0.384;NEOWISE;WISE(W2);NEOWISE
56937.22580201;15.583;0.137;NEOWISE;WISE(W1);NEOWISE
56937.29150838;15.789;0.174;NEOWISE;WISE(W1);NEOWISE
56937.3573421;15.655;0.158;NEOWISE;WISE(W1);NEOWISE
56937.55458851;15.97;0.19;NEOWISE;WISE(W1);NEOWISE
56937.62042218;15.736;0.164;NEOWISE;WISE(W1);NEOWISE
56937.68612859;15.58;0.151;NEOWISE;WISE(W1);NEOWISE
56937.68612859;14.982;0.34;NEOWISE;WISE(W2);NEOWISE
56937.75183495;15.637;0.182;NEOWISE;WISE(W1);NEOWISE
56937.75196231;15.457;0.164;NEOWISE;WISE(W1);NEOWISE
56937.75196231;15.369;0.392;NEOWISE;WISE(W2);NEOWISE
56937.81766868;15.602;0.201;NEOWISE;WISE(W1);NEOWISE
56937.88337508;15.667;0.181;NEOWISE;WISE(W1);NEOWISE
56937.94920881;15.933;0.255;NEOWISE;WISE(W1);NEOWISE
56938.0807489;16.406;0.293;NEOWISE;WISE(W1);NEOWISE
56938.21228894;15.976;0.229;NEOWISE;WISE(W1);NEOWISE
57103.92849872;15.882;0.271;NEOWISE;WISE(W1);NEOWISE
57104.05978475;16.159;0.252;NEOWISE;WISE(W1);NEOWISE
57104.05978475;14.179;0.231;NEOWISE;WISE(W2);NEOWISE
57104.19107017;16.286;0.32;NEOWISE;WISE(W1);NEOWISE
57104.32248296;15.639;0.162;NEOWISE;WISE(W1);NEOWISE
57104.32248296;15.303;0.465;NEOWISE;WISE(W2);NEOWISE
57104.38806201;15.346;0.525;NEOWISE;WISE(W2);NEOWISE
57104.38806201;16.023;0.205;NEOWISE;WISE(W1);NEOWISE
57104.45376844;15.857;0.301;NEOWISE;WISE(W1);NEOWISE
57104.58505389;15.526;0.143;NEOWISE;WISE(W1);NEOWISE
57104.65076031;16.158;0.24;NEOWISE;WISE(W1);NEOWISE
57104.71633932;15.309;0.392;NEOWISE;WISE(W2);NEOWISE
57104.71633932;16.016;0.318;NEOWISE;WISE(W1);NEOWISE
57104.78204573;15.653;0.176;NEOWISE;WISE(W1);NEOWISE
57104.84775215;15.492;0.146;NEOWISE;WISE(W1);NEOWISE
57104.9133312;15.715;0.163;NEOWISE;WISE(W1);NEOWISE
57104.9133312;15.697;0.511;NEOWISE;WISE(W2);NEOWISE
57104.97903763;15.92;0.209;NEOWISE;WISE(W1);NEOWISE
57105.04474409;16.038;0.215;NEOWISE;WISE(W1);NEOWISE
57105.17602956;15.643;0.154;NEOWISE;WISE(W1);NEOWISE
57105.17602956;14.87;0.335;NEOWISE;WISE(W2);NEOWISE
57105.30731493;15.717;0.185;NEOWISE;WISE(W1);NEOWISE
57105.43860045;15.518;0.154;NEOWISE;WISE(W1);NEOWISE
57105.43860045;14.909;0.286;NEOWISE;WISE(W2);NEOWISE
57105.43872777;15.704;0.529;NEOWISE;WISE(W2);NEOWISE
57105.43872777;16.032;0.37;NEOWISE;WISE(W1);NEOWISE
57105.57001329;15.442;0.446;NEOWISE;WISE(W2);NEOWISE
57105.57001329;15.866;0.183;NEOWISE;WISE(W1);NEOWISE
57109.1813242;15.211;0.424;NEOWISE;WISE(W2);NEOWISE
57109.1813242;15.93;0.282;NEOWISE;WISE(W1);NEOWISE
57109.24703061;15.604;0.163;NEOWISE;WISE(W1);NEOWISE
57298.35902683;16.03;0.212;NEOWISE;WISE(W1);NEOWISE
57298.62134322;16.058;0.217;NEOWISE;WISE(W1);NEOWISE
57298.62134322;15.168;0.355;NEOWISE;WISE(W2);NEOWISE
57298.62147053;15.746;0.224;NEOWISE;WISE(W1);NEOWISE
57298.75262869;15.897;0.189;NEOWISE;WISE(W1);NEOWISE
57298.81820782;15.763;0.158;NEOWISE;WISE(W1);NEOWISE
57298.88378691;15.547;0.17;NEOWISE;WISE(W1);NEOWISE
57298.94936604;16.215;0.26;NEOWISE;WISE(W1);NEOWISE
57299.01494513;15.13;0.352;NEOWISE;WISE(W2);NEOWISE
57299.01494513;16.42;0.427;NEOWISE;WISE(W1);NEOWISE
57299.08052478;16.147;0.252;NEOWISE;WISE(W1);NEOWISE
57299.21168295;15.526;0.513;NEOWISE;WISE(W2);NEOWISE
57299.21168295;15.958;0.206;NEOWISE;WISE(W1);NEOWISE
57299.27726207;15.831;0.19;NEOWISE;WISE(W1);NEOWISE
57299.2773894;15.869;0.205;NEOWISE;WISE(W1);NEOWISE
57299.34296852;15.493;0.181;NEOWISE;WISE(W1);NEOWISE
57299.47412674;15.695;0.238;NEOWISE;WISE(W1);NEOWISE
57299.53970582;15.277;0.441;NEOWISE;WISE(W2);NEOWISE
57299.53970582;15.555;0.204;NEOWISE;WISE(W1);NEOWISE
57299.60528491;16.233;0.24;NEOWISE;WISE(W1);NEOWISE
57301.37617493;15.926;0.458;NEOWISE;WISE(W1);NEOWISE
57301.3763023;15.394;0.408;NEOWISE;WISE(W2);NEOWISE
57301.63861868;16.34;0.301;NEOWISE;WISE(W1);NEOWISE
57301.70419772;16.185;0.252;NEOWISE;WISE(W1);NEOWISE
57301.76977685;15.746;0.161;NEOWISE;WISE(W1);NEOWISE
57301.83535593;16.211;0.269;NEOWISE;WISE(W1);NEOWISE
57301.90093506;15.297;0.382;NEOWISE;WISE(W2);NEOWISE
57301.90093506;15.804;0.187;NEOWISE;WISE(W1);NEOWISE
57301.96651414;15.902;0.212;NEOWISE;WISE(W1);NEOWISE
57302.03209328;15.088;0.329;NEOWISE;WISE(W2);NEOWISE
57302.03209328;16.261;0.256;NEOWISE;WISE(W1);NEOWISE
57302.03222059;15.578;0.134;NEOWISE;WISE(W1);NEOWISE
57302.03222059;15.27;0.363;NEOWISE;WISE(W2);NEOWISE
57302.16337876;15.968;0.318;NEOWISE;WISE(W1);NEOWISE
57302.16337876;15.6;0.543;NEOWISE;WISE(W2);NEOWISE
57302.22895779;15.394;0.18;NEOWISE;WISE(W1);NEOWISE
57302.29453692;16.011;0.268;NEOWISE;WISE(W1);NEOWISE
57302.36011601;15.79;0.163;NEOWISE;WISE(W1);NEOWISE
57302.42569514;15.8;0.198;NEOWISE;WISE(W1);NEOWISE
57302.42569514;15.043;0.395;NEOWISE;WISE(W2);NEOWISE
57302.55685331;15.85;0.171;NEOWISE;WISE(W1);NEOWISE
57302.55685331;14.971;0.352;NEOWISE;WISE(W2);NEOWISE
57302.6224324;15.747;0.193;NEOWISE;WISE(W1);NEOWISE
57302.6224324;15.186;0.385;NEOWISE;WISE(W2);NEOWISE
57302.75371787;15.819;0.195;NEOWISE;WISE(W1);NEOWISE
57302.88487609;15.538;0.188;NEOWISE;WISE(W1);NEOWISE
57303.01603431;15.77;0.16;NEOWISE;WISE(W1);NEOWISE
57462.98738266;15.114;0.366;NEOWISE;WISE(W2);NEOWISE
57462.98738266;16.079;0.214;NEOWISE;WISE(W1);NEOWISE
57463.11841382;14.75;0.266;NEOWISE;WISE(W2);NEOWISE
57463.11841382;15.997;0.208;NEOWISE;WISE(W1);NEOWISE
57463.38060335;15.551;0.253;NEOWISE;WISE(W1);NEOWISE
57463.44605522;15.776;0.224;NEOWISE;WISE(W1);NEOWISE
57463.44618258;15.826;0.179;NEOWISE;WISE(W1);NEOWISE
57465.87108972;15.642;0.144;NEOWISE;WISE(W1);NEOWISE
57466.00212088;15.61;0.146;NEOWISE;WISE(W1);NEOWISE
57466.13315205;16.296;0.288;NEOWISE;WISE(W1);NEOWISE
57466.26431049;15.694;0.154;NEOWISE;WISE(W1);NEOWISE
57466.32976238;15.992;0.203;NEOWISE;WISE(W1);NEOWISE
57466.32976238;15.587;0.518;NEOWISE;WISE(W2);NEOWISE
57466.39534164;15.789;0.257;NEOWISE;WISE(W1);NEOWISE
57466.46092091;16.04;0.194;NEOWISE;WISE(W1);NEOWISE
57466.46092091;15.422;0.537;NEOWISE;WISE(W2);NEOWISE
57466.52637277;15.678;0.176;NEOWISE;WISE(W1);NEOWISE
57466.59195203;15.4;0.222;NEOWISE;WISE(W1);NEOWISE
57466.65753125;15.444;0.142;NEOWISE;WISE(W1);NEOWISE
57466.72298315;16.348;0.412;NEOWISE;WISE(W1);NEOWISE
57466.78856241;15.695;0.163;NEOWISE;WISE(W1);NEOWISE
57466.78856241;14.945;0.421;NEOWISE;WISE(W2);NEOWISE
57466.85414168;15.583;0.228;NEOWISE;WISE(W1);NEOWISE
57466.91959358;15.716;0.152;NEOWISE;WISE(W1);NEOWISE
57466.91972094;15.559;0.489;NEOWISE;WISE(W2);NEOWISE
57466.91972094;15.757;0.279;NEOWISE;WISE(W1);NEOWISE
57466.98517284;16.292;0.317;NEOWISE;WISE(W1);NEOWISE
57466.98517284;15.088;0.389;NEOWISE;WISE(W2);NEOWISE
57467.05075206;15.625;0.155;NEOWISE;WISE(W1);NEOWISE
57467.05075206;15.417;0.505;NEOWISE;WISE(W2);NEOWISE
57467.18178322;16.032;0.211;NEOWISE;WISE(W1);NEOWISE
57467.24736243;15.915;0.181;NEOWISE;WISE(W1);NEOWISE
57467.3783936;15.856;0.176;NEOWISE;WISE(W1);NEOWISE
57467.50955213;16.156;0.248;NEOWISE;WISE(W1);NEOWISE
57665.64793892;16.086;0.285;NEOWISE;WISE(W1);NEOWISE
57665.77897012;16.017;0.403;NEOWISE;WISE(W1);NEOWISE
57665.90987404;15.801;0.175;NEOWISE;WISE(W1);NEOWISE
57665.90987404;14.988;0.332;NEOWISE;WISE(W2);NEOWISE
57665.97545335;15.446;0.433;NEOWISE;WISE(W2);NEOWISE
57665.97545335;16.134;0.235;NEOWISE;WISE(W1);NEOWISE
57666.04090532;15.917;0.187;NEOWISE;WISE(W1);NEOWISE
57666.10648463;16.05;0.212;NEOWISE;WISE(W1);NEOWISE
57666.10648463;15.383;0.417;NEOWISE;WISE(W2);NEOWISE
57666.17193656;15.547;0.486;NEOWISE;WISE(W2);NEOWISE
57666.17193656;15.491;0.18;NEOWISE;WISE(W1);NEOWISE
57666.23751582;15.874;0.189;NEOWISE;WISE(W1);NEOWISE
57666.30296771;16.063;0.215;NEOWISE;WISE(W1);NEOWISE
57666.30296771;15.506;0.491;NEOWISE;WISE(W2);NEOWISE
57666.36841965;15.882;0.175;NEOWISE;WISE(W1);NEOWISE
57666.36854701;16.435;0.309;NEOWISE;WISE(W1);NEOWISE
57666.43399896;15.816;0.214;NEOWISE;WISE(W1);NEOWISE
57666.5650302;16.07;0.214;NEOWISE;WISE(W1);NEOWISE
57666.63048213;15.472;0.486;NEOWISE;WISE(W2);NEOWISE
57666.63048213;15.761;0.185;NEOWISE;WISE(W1);NEOWISE
57666.69606144;15.796;0.184;NEOWISE;WISE(W1);NEOWISE
57666.76151338;15.666;0.159;NEOWISE;WISE(W1);NEOWISE
57666.82696531;15.894;0.212;NEOWISE;WISE(W1);NEOWISE
57666.82709263;15.907;0.18;NEOWISE;WISE(W1);NEOWISE
57666.89254462;15.916;0.182;NEOWISE;WISE(W1);NEOWISE
57666.89254462;15.47;0.47;NEOWISE;WISE(W2);NEOWISE
57667.02357586;15.563;0.539;NEOWISE;WISE(W2);NEOWISE
57667.02357586;15.836;0.168;NEOWISE;WISE(W1);NEOWISE
57827.48140155;15.928;0.191;NEOWISE;WISE(W1);NEOWISE
57827.48140155;15.173;0.48;NEOWISE;WISE(W2);NEOWISE
57827.61230538;15.749;0.184;NEOWISE;WISE(W1);NEOWISE
57827.61243274;14.931;0.413;NEOWISE;WISE(W2);NEOWISE
57827.61243274;15.702;0.152;NEOWISE;WISE(W1);NEOWISE
57827.74333667;15.643;0.193;NEOWISE;WISE(W1);NEOWISE
57827.80878861;15.387;0.473;NEOWISE;WISE(W2);NEOWISE
57827.80878861;16.004;0.204;NEOWISE;WISE(W1);NEOWISE
57827.87424059;16.316;0.449;NEOWISE;WISE(W1);NEOWISE
57827.87424059;15.456;0.504;NEOWISE;WISE(W2);NEOWISE
57827.87436792;15.915;0.216;NEOWISE;WISE(W1);NEOWISE
57827.9398199;16.207;0.289;NEOWISE;WISE(W1);NEOWISE
57828.00527189;15.873;0.18;NEOWISE;WISE(W1);NEOWISE
57828.07072382;15.982;0.207;NEOWISE;WISE(W1);NEOWISE
57828.13617576;15.804;0.237;NEOWISE;WISE(W1);NEOWISE
57828.13630312;15.994;0.222;NEOWISE;WISE(W1);NEOWISE
57828.20175507;15.913;0.215;NEOWISE;WISE(W1);NEOWISE
57828.267207;16.313;0.272;NEOWISE;WISE(W1);NEOWISE
57828.267207;15.218;0.373;NEOWISE;WISE(W2);NEOWISE
57828.33265895;15.646;0.182;NEOWISE;WISE(W1);NEOWISE
57828.39823829;15.742;0.209;NEOWISE;WISE(W1);NEOWISE
57828.39823829;14.845;0.259;NEOWISE;WISE(W2);NEOWISE
57828.46369023;16.302;0.333;NEOWISE;WISE(W1);NEOWISE
57828.52914216;15.002;0.415;NEOWISE;WISE(W2);NEOWISE
57828.52914216;15.778;0.195;NEOWISE;WISE(W1);NEOWISE
58029.73584986;16.056;0.343;NEOWISE;WISE(W1);NEOWISE
58029.8667533;15.748;0.236;NEOWISE;WISE(W1);NEOWISE
58029.99765674;15.89;0.182;NEOWISE;WISE(W1);NEOWISE
58030.12856023;15.699;0.157;NEOWISE;WISE(W1);NEOWISE
58030.19401192;15.716;0.161;NEOWISE;WISE(W1);NEOWISE
58030.19413924;15.328;0.451;NEOWISE;WISE(W2);NEOWISE
58030.19413924;15.672;0.191;NEOWISE;WISE(W1);NEOWISE
58030.25959098;16.017;0.229;NEOWISE;WISE(W1);NEOWISE
58030.32504263;15.74;0.169;NEOWISE;WISE(W1);NEOWISE
58030.39049438;15.767;0.193;NEOWISE;WISE(W1);NEOWISE
58030.45594612;15.611;0.183;NEOWISE;WISE(W1);NEOWISE
58030.52139786;15.502;0.243;NEOWISE;WISE(W1);NEOWISE
58030.58684956;16.236;0.25;NEOWISE;WISE(W1);NEOWISE
58030.71775295;15.709;0.16;NEOWISE;WISE(W1);NEOWISE
58030.78333201;15.747;0.157;NEOWISE;WISE(W1);NEOWISE
58030.78333201;15.076;0.49;NEOWISE;WISE(W2);NEOWISE
58030.84878376;15.877;0.17;NEOWISE;WISE(W1);NEOWISE
58030.91423545;15.596;0.141;NEOWISE;WISE(W1);NEOWISE
58030.9796872;15.352;0.484;NEOWISE;WISE(W2);NEOWISE
58030.9796872;15.407;0.217;NEOWISE;WISE(W1);NEOWISE
58031.0451389;15.863;0.178;NEOWISE;WISE(W1);NEOWISE
58031.11059064;15.733;0.174;NEOWISE;WISE(W1);NEOWISE
58031.11059064;15.051;0.408;NEOWISE;WISE(W2);NEOWISE
58031.24149404;15.617;0.183;NEOWISE;WISE(W1);NEOWISE
58031.37252484;15.989;0.204;NEOWISE;WISE(W1);NEOWISE
58038.37776403;15.656;0.155;NEOWISE;WISE(W1);NEOWISE
58187.15204764;15.961;0.286;NEOWISE;WISE(W1);NEOWISE
58187.28346115;15.565;0.211;NEOWISE;WISE(W1);NEOWISE
58187.41436535;16.205;0.413;NEOWISE;WISE(W1);NEOWISE
58187.41436535;15.182;0.378;NEOWISE;WISE(W2);NEOWISE
58187.47930808;16.185;0.245;NEOWISE;WISE(W1);NEOWISE
58187.54526949;16.196;0.253;NEOWISE;WISE(W1);NEOWISE
58187.61072159;16.034;0.216;NEOWISE;WISE(W1);NEOWISE
58187.67617368;15.646;0.53;NEOWISE;WISE(W2);NEOWISE
58187.67617368;15.68;0.149;NEOWISE;WISE(W1);NEOWISE
58187.74162579;16.054;0.238;NEOWISE;WISE(W1);NEOWISE
58187.74162579;15.215;0.482;NEOWISE;WISE(W2);NEOWISE
58187.80707788;15.66;0.147;NEOWISE;WISE(W1);NEOWISE
58187.87253002;16.035;0.218;NEOWISE;WISE(W1);NEOWISE
58187.93798212;15.783;0.171;NEOWISE;WISE(W1);NEOWISE
58188.00343427;16.071;0.231;NEOWISE;WISE(W1);NEOWISE
58188.00343427;15.451;0.541;NEOWISE;WISE(W2);NEOWISE
58188.06888637;15.329;0.458;NEOWISE;WISE(W2);NEOWISE
58188.06888637;15.69;0.157;NEOWISE;WISE(W1);NEOWISE
58188.13382914;15.959;0.255;NEOWISE;WISE(W1);NEOWISE
58188.19928115;14.587;0.095;NEOWISE;WISE(W1);NEOWISE
58188.2652426;15.547;0.177;NEOWISE;WISE(W1);NEOWISE
58188.2652426;15.297;0.489;NEOWISE;WISE(W2);NEOWISE
58188.3306947;16.015;0.202;NEOWISE;WISE(W1);NEOWISE
58188.39614681;16.489;0.363;NEOWISE;WISE(W1);NEOWISE
58188.65782834;15.943;0.223;NEOWISE;WISE(W1);NEOWISE
58188.65795571;16.159;0.309;NEOWISE;WISE(W1);NEOWISE
58188.65795571;15.471;0.419;NEOWISE;WISE(W2);NEOWISE
58188.78885991;16.015;0.305;NEOWISE;WISE(W1);NEOWISE
58396.76427339;15.772;0.163;NEOWISE;WISE(W1);NEOWISE
58396.8951767;15.701;0.173;NEOWISE;WISE(W1);NEOWISE
58397.02608001;15.672;0.17;NEOWISE;WISE(W1);NEOWISE
58397.15698389;15.717;0.157;NEOWISE;WISE(W1);NEOWISE
58397.2224355;15.925;0.196;NEOWISE;WISE(W1);NEOWISE
58397.28775979;15.874;0.237;NEOWISE;WISE(W1);NEOWISE
58397.28788715;15.661;0.521;NEOWISE;WISE(W2);NEOWISE
58397.28788715;16.275;0.254;NEOWISE;WISE(W1);NEOWISE
58397.35321145;15.945;0.244;NEOWISE;WISE(W1);NEOWISE
58397.35333882;15.88;0.252;NEOWISE;WISE(W1);NEOWISE
58397.41866316;15.836;0.217;NEOWISE;WISE(W1);NEOWISE
58397.48411476;16.096;0.252;NEOWISE;WISE(W1);NEOWISE
58397.61501813;14.846;0.284;NEOWISE;WISE(W2);NEOWISE
58397.61501813;15.822;0.181;NEOWISE;WISE(W1);NEOWISE
58397.68046978;16.068;0.345;NEOWISE;WISE(W1);NEOWISE
58397.74592144;15.552;0.15;NEOWISE;WISE(W1);NEOWISE
58397.74592144;15.295;0.37;NEOWISE;WISE(W2);NEOWISE
58397.81137304;15.725;0.154;NEOWISE;WISE(W1);NEOWISE
58397.81137304;14.496;0.474;NEOWISE;WISE(W2);NEOWISE
58397.87682475;15.554;0.133;NEOWISE;WISE(W1);NEOWISE
58397.94214904;15.927;0.211;NEOWISE;WISE(W1);NEOWISE
58398.00760069;16.161;0.257;NEOWISE;WISE(W1);NEOWISE
58398.07305235;16.196;0.294;NEOWISE;WISE(W1);NEOWISE
58398.13799465;16.377;0.448;NEOWISE;WISE(W1);NEOWISE
58398.26940727;15.957;0.189;NEOWISE;WISE(W1);NEOWISE
58398.40031049;15.135;0.373;NEOWISE;WISE(W2);NEOWISE
58398.40031049;15.934;0.178;NEOWISE;WISE(W1);NEOWISE
58551.37012585;15.754;0.16;NEOWISE;WISE(W1);NEOWISE
58551.37012585;14.801;0.319;NEOWISE;WISE(W2);NEOWISE
58551.50052014;15.297;0.44;NEOWISE;WISE(W2);NEOWISE
58551.50052014;15.809;0.171;NEOWISE;WISE(W1);NEOWISE
58551.63180578;15.705;0.186;NEOWISE;WISE(W1);NEOWISE
58551.76270938;15.92;0.183;NEOWISE;WISE(W1);NEOWISE
58551.82803388;16.125;0.238;NEOWISE;WISE(W1);NEOWISE
58551.89348571;16.448;0.288;NEOWISE;WISE(W1);NEOWISE
58551.89348571;14.423;0.304;NEOWISE;WISE(W2);NEOWISE
58551.95893757;16.06;0.238;NEOWISE;WISE(W1);NEOWISE
58552.02438935;15.541;0.202;NEOWISE;WISE(W1);NEOWISE
58552.08984122;16.272;0.25;NEOWISE;WISE(W1);NEOWISE
58552.15465632;15.996;0.206;NEOWISE;WISE(W1);NEOWISE
58552.15478368;15.76;0.194;NEOWISE;WISE(W1);NEOWISE
58552.15478368;15.647;0.53;NEOWISE;WISE(W2);NEOWISE
58552.2206175;15.587;0.145;NEOWISE;WISE(W1);NEOWISE
58552.2206175;15.307;0.474;NEOWISE;WISE(W2);NEOWISE
58552.28606927;14.724;0.262;NEOWISE;WISE(W2);NEOWISE
58552.28606927;16.618;0.377;NEOWISE;WISE(W1);NEOWISE
58552.35152105;15.471;0.13;NEOWISE;WISE(W1);NEOWISE
58552.41684556;14.865;0.393;NEOWISE;WISE(W2);NEOWISE
58552.41684556;16.087;0.261;NEOWISE;WISE(W1);NEOWISE
58552.48229743;15.653;0.164;NEOWISE;WISE(W1);NEOWISE
58552.48229743;15.484;0.535;NEOWISE;WISE(W2);NEOWISE
58552.5472399;15.893;0.201;NEOWISE;WISE(W1);NEOWISE
58552.61320103;15.85;0.177;NEOWISE;WISE(W1);NEOWISE
58552.67852549;14.769;0.285;NEOWISE;WISE(W2);NEOWISE
58552.67852549;15.784;0.21;NEOWISE;WISE(W1);NEOWISE
58552.7439773;16.489;0.385;NEOWISE;WISE(W1);NEOWISE
58552.874881;15.607;0.141;NEOWISE;WISE(W1);NEOWISE
58553.00565733;15.589;0.141;NEOWISE;WISE(W1);NEOWISE
58553.00578469;15.392;0.432;NEOWISE;WISE(W2);NEOWISE
58553.00578469;15.471;0.173;NEOWISE;WISE(W1);NEOWISE
58558.10822538;15.503;0.479;NEOWISE;WISE(W2);NEOWISE
58558.10822538;15.839;0.175;NEOWISE;WISE(W1);NEOWISE
58634.2398958;20.2995777;0.17634654;ZTF;ZTF(zg);ZTF
58634.2615278;19.347084;0.082815513;ZTF;ZTF(zr);ZTF
58638.1847222;20.1236229;0.157818764;ZTF;ZTF(zg);ZTF
58638.2431829;19.1738853;0.0724914894;ZTF;ZTF(zr);ZTF
58642.2180208;19.2553253;0.07718274;ZTF;ZTF(zr);ZTF
58740.5111227;19.3183327;0.105742797;ZTF;ZTF(zr);ZTF
58740.5115741;19.3485603;0.107998565;ZTF;ZTF(zr);ZTF
58745.4906366;19.3747406;0.0845872685;ZTF;ZTF(zr);ZTF
58745.5153472;19.958046;0.141207218;ZTF;ZTF(zg);ZTF
58749.4982986;20.0293007;0.160305023;ZTF;ZTF(zg);ZTF
58756.5317361;19.3754768;0.0846348554;ZTF;ZTF(zr);ZTF
58759.4486921;19.9911652;0.144446731;ZTF;ZTF(zg);ZTF
58761.03903435;15.795;0.174;NEOWISE;WISE(W1);NEOWISE
58761.1698103;15.954;0.192;NEOWISE;WISE(W1);NEOWISE
58761.30071347;15.813;0.201;NEOWISE;WISE(W1);NEOWISE
58761.36616513;15.912;0.189;NEOWISE;WISE(W1);NEOWISE
58761.43148947;15.78;0.198;NEOWISE;WISE(W1);NEOWISE
58761.49643172;16.002;0.202;NEOWISE;WISE(W1);NEOWISE
58761.56239269;15.882;0.216;NEOWISE;WISE(W1);NEOWISE
58761.62784431;15.77;0.163;NEOWISE;WISE(W1);NEOWISE
58761.6931686;14.712;0.126;NEOWISE;WISE(W1);NEOWISE
58761.75862021;16.077;0.221;NEOWISE;WISE(W1);NEOWISE
58761.82407186;16.117;0.223;NEOWISE;WISE(W1);NEOWISE
58761.8893962;15.944;0.28;NEOWISE;WISE(W1);NEOWISE
58761.8893962;15.046;0.32;NEOWISE;WISE(W2);NEOWISE
58761.88952352;16.177;0.226;NEOWISE;WISE(W1);NEOWISE
58761.95484781;15.691;0.152;NEOWISE;WISE(W1);NEOWISE
58762.02029942;15.582;0.167;NEOWISE;WISE(W1);NEOWISE
58762.21652698;15.473;0.136;NEOWISE;WISE(W1);NEOWISE
58762.28197859;15.41;0.165;NEOWISE;WISE(W1);NEOWISE
58762.41275455;15.749;0.16;NEOWISE;WISE(W1);NEOWISE
58762.41275455;15.229;0.468;NEOWISE;WISE(W2);NEOWISE
58762.67443376;15.58;0.534;NEOWISE;WISE(W2);NEOWISE
58762.67443376;16.054;0.209;NEOWISE;WISE(W1);NEOWISE
58764.4504514;19.2752419;0.0783736631;ZTF;ZTF(zr);ZTF
58767.4757986;20.1256142;0.15802452;ZTF;ZTF(zg);ZTF
58770.3873727;19.1145859;0.0913250372;ZTF;ZTF(zr);ZTF
58770.4645833;19.1302986;0.0700961351;ZTF;ZTF(zr);ZTF
58770.4717708;19.2892933;0.0898628458;ZTF;ZTF(zr);ZTF
58770.4722222;19.3262215;0.0923702717;ZTF;ZTF(zr);ZTF
58770.4726736;19.3143005;0.080760017;ZTF;ZTF(zr);ZTF
58771.4334375;19.1600304;0.0814945772;ZTF;ZTF(zr);ZTF
58771.4338889;18.9845943;0.0711669624;ZTF;ZTF(zr);ZTF
58773.3630671;19.3440857;0.107662871;ZTF;ZTF(zr);ZTF
58773.3635185;19.2366333;0.0997907817;ZTF;ZTF(zr);ZTF
58776.4984606;19.0356941;0.0861411616;ZTF;ZTF(zr);ZTF
58776.498912;19.235918;0.0997396335;ZTF;ZTF(zr);ZTF
58778.461331;19.1656342;0.0720319152;ZTF;ZTF(zr);ZTF
58778.5110301;19.9314384;0.138637796;ZTF;ZTF(zg);ZTF
58781.389456;20.1820145;0.163893148;ZTF;ZTF(zg);ZTF
58781.5077778;19.3326206;0.0819027126;ZTF;ZTF(zr);ZTF
58790.5083565;19.33218;0.0818750188;ZTF;ZTF(zr);ZTF
58790.5384144;19.9613838;0.141531661;ZTF;ZTF(zg);ZTF
58793.5161806;19.3733368;0.0844964683;ZTF;ZTF(zr);ZTF
58796.4330671;19.1275616;0.0699483454;ZTF;ZTF(zr);ZTF
58796.5525694;20.1751289;0.163172171;ZTF;ZTF(zg);ZTF
58799.3363079;19.270483;0.102230348;ZTF;ZTF(zr);ZTF
58799.4752662;19.1406822;0.0706595778;ZTF;ZTF(zr);ZTF
58799.4762269;19.2065697;0.0743401274;ZTF;ZTF(zr);ZTF
58802.5413889;19.921278;0.137664557;ZTF;ZTF(zg);ZTF
58812.3044213;19.2441921;0.0765245929;ZTF;ZTF(zr);ZTF
58827.421412;19.0839195;0.0676332861;ZTF;ZTF(zr);ZTF
58828.3289699;19.5109444;0.120540917;ZTF;ZTF(zr);ZTF
58828.3294213;19.4244213;0.11377573;ZTF;ZTF(zr);ZTF
58830.4509491;19.2618961;0.0775737241;ZTF;ZTF(zr);ZTF
58830.5572106;19.8716908;0.132980675;ZTF;ZTF(zg);ZTF
58831.450787;18.8917503;0.0583285093;ZTF;ZTF(zr);ZTF
58833.3381713;19.2217522;0.0987305343;ZTF;ZTF(zr);ZTF
58833.3386227;19.0592804;0.0876666158;ZTF;ZTF(zr);ZTF
58833.4314468;19.1444416;0.0805288106;ZTF;ZTF(zr);ZTF
58833.4445833;18.9489441;0.0609513;ZTF;ZTF(zr);ZTF
58833.4654745;18.9565296;0.0613082498;ZTF;ZTF(zr);ZTF
58833.4664931;18.9864025;0.0627350956;ZTF;ZTF(zr);ZTF
58835.4700694;19.255024;0.0771648437;ZTF;ZTF(zr);ZTF
58835.4715162;18.9157944;0.0594164841;ZTF;ZTF(zr);ZTF
58835.5189236;19.9761925;0.142976612;ZTF;ZTF(zg);ZTF
58836.4685995;19.3554955;0.0833507031;ZTF;ZTF(zr);ZTF
58836.4695602;19.2697487;0.0780434459;ZTF;ZTF(zr);ZTF
58837.4431134;19.030344;0.0648960769;ZTF;ZTF(zr);ZTF
58837.4440856;18.9661255;0.0617628731;ZTF;ZTF(zr);ZTF
58837.4944444;19.8952217;0.135189667;ZTF;ZTF(zg);ZTF
58838.5113079;19.2699661;0.0780564621;ZTF;ZTF(zr);ZTF
58849.5165509;19.9889584;0.144229516;ZTF;ZTF(zg);ZTF
58850.4972685;18.9760742;0.062237937;ZTF;ZTF(zr);ZTF
58851.4885532;19.3732967;0.0844938457;ZTF;ZTF(zr);ZTF
58851.5159838;19.9839821;0.143740267;ZTF;ZTF(zg);ZTF
58852.4244907;19.330162;0.0817484409;ZTF;ZTF(zr);ZTF
58854.4694097;19.2657108;0.0778015926;ZTF;ZTF(zr);ZTF
58855.3223843;19.1579723;0.0716077685;ZTF;ZTF(zr);ZTF
58856.2050231;19.4255714;0.113864534;ZTF;ZTF(zr);ZTF
58856.2054745;19.2364311;0.0997762829;ZTF;ZTF(zr);ZTF
58859.2446296;19.2117233;0.0980202705;ZTF;ZTF(zr);ZTF
58859.245081;19.2709885;0.102267064;ZTF;ZTF(zr);ZTF
58859.2549074;19.3581657;0.0835212767;ZTF;ZTF(zr);ZTF
58859.2553588;19.3137379;0.0915169194;ZTF;ZTF(zr);ZTF
58859.2558102;19.2391205;0.0865387246;ZTF;ZTF(zr);ZTF
58859.3574653;19.1873493;0.0732474774;ZTF;ZTF(zr);ZTF
58860.2377546;19.1834049;0.0960336775;ZTF;ZTF(zr);ZTF
58860.238206;19.2587433;0.101379916;ZTF;ZTF(zr);ZTF
58860.245706;19.1317959;0.0701771155;ZTF;ZTF(zr);ZTF
58860.2461574;19.0611916;0.0755303651;ZTF;ZTF(zr);ZTF
58860.2466204;19.1125774;0.0785839781;ZTF;ZTF(zr);ZTF
58861.1675347;19.2008171;0.074011445;ZTF;ZTF(zr);ZTF
58862.2137731;19.2043362;0.0742123201;ZTF;ZTF(zr);ZTF
58864.2255208;19.2572708;0.0772983059;ZTF;ZTF(zr);ZTF
58867.2595602;19.388382;0.0854739621;ZTF;ZTF(zr);ZTF
58884.1738542;19.0415878;0.0865203962;ZTF;ZTF(zr);ZTF
58885.1814931;18.7320251;0.068379283;ZTF;ZTF(zr);ZTF
58899.2721759;19.319973;0.0811121911;ZTF;ZTF(zr);ZTF
58904.1567014;20.2554016;0.171640694;ZTF;ZTF(zg);ZTF
58904.2024537;19.2705803;0.0780933797;ZTF;ZTF(zr);ZTF
58913.2421296;19.1626816;0.0718682185;ZTF;ZTF(zr);ZTF
58913.2615278;20.1238041;0.15783748;ZTF;ZTF(zg);ZTF
58918.47106441;15.989;0.213;NEOWISE;WISE(W1);NEOWISE
58918.60184065;15.836;0.175;NEOWISE;WISE(W1);NEOWISE
58918.73261675;15.824;0.197;NEOWISE;WISE(W1);NEOWISE
58918.79806853;16.343;0.252;NEOWISE;WISE(W1);NEOWISE
58918.86339295;16.377;0.33;NEOWISE;WISE(W1);NEOWISE
58918.86352031;15.329;0.143;NEOWISE;WISE(W1);NEOWISE
58918.86352031;15.014;0.429;NEOWISE;WISE(W2);NEOWISE
58918.92884473;15.572;0.218;NEOWISE;WISE(W1);NEOWISE
58918.99429652;15.673;0.148;NEOWISE;WISE(W1);NEOWISE
58919.05962089;16.518;0.346;NEOWISE;WISE(W1);NEOWISE
58919.12507267;15.709;0.222;NEOWISE;WISE(W1);NEOWISE
58919.25584877;15.699;0.168;NEOWISE;WISE(W1);NEOWISE
58919.32130046;16.128;0.327;NEOWISE;WISE(W1);NEOWISE
58919.38662493;15.738;0.189;NEOWISE;WISE(W1);NEOWISE
58919.45207667;16.184;0.251;NEOWISE;WISE(W1);NEOWISE
58919.51752844;15.596;0.536;NEOWISE;WISE(W2);NEOWISE
58919.51752844;16.052;0.252;NEOWISE;WISE(W1);NEOWISE
58919.58285281;15.97;0.218;NEOWISE;WISE(W1);NEOWISE
58919.64830455;16.228;0.229;NEOWISE;WISE(W1);NEOWISE
58919.71362897;15.992;0.206;NEOWISE;WISE(W1);NEOWISE
58919.84453253;16.059;0.228;NEOWISE;WISE(W1);NEOWISE
58919.97530868;16.355;0.271;NEOWISE;WISE(W1);NEOWISE
58941.2571875;19.8445816;0.130466998;ZTF;ZTF(zg);ZTF
58956.2360995;20.1750164;0.163160205;ZTF;ZTF(zg);ZTF
58956.2992708;19.0760918;0.067226246;ZTF;ZTF(zr);ZTF
58963.2143056;20.0533772;0.15064916;ZTF;ZTF(zg);ZTF
58963.2573727;20.1421528;0.159736127;ZTF;ZTF(zg);ZTF
58972.1772454;19.3201141;0.0811210275;ZTF;ZTF(zr);ZTF
58972.2404861;19.911644;0.136746019;ZTF;ZTF(zg);ZTF
58975.1821759;19.2957649;0.0796191096;ZTF;ZTF(zr);ZTF
58978.2610301;19.3774185;0.0847606286;ZTF;ZTF(zr);ZTF
58981.208588;20.0057335;0.14588584;ZTF;ZTF(zg);ZTF
58981.2604514;19.2724495;0.0782056674;ZTF;ZTF(zr);ZTF
58987.1652778;19.271986;0.0781777948;ZTF;ZTF(zr);ZTF
58993.255081;20.3121319;0.177687496;ZTF;ZTF(zg);ZTF
58996.2624653;19.2630711;0.0776438043;ZTF;ZTF(zr);ZTF
58999.1805208;19.0614452;0.0664711371;ZTF;ZTF(zr);ZTF
58999.254213;19.5390892;0.104588702;ZTF;ZTF(zg);ZTF
59005.2499421;19.1716347;0.0723658577;ZTF;ZTF(zr);ZTF
59013.2215278;20.1074753;0.156156555;ZTF;ZTF(zg);ZTF
59096.460787;19.089838;0.0896739885;ZTF;ZTF(zr);ZTF
59108.5003356;19.3036938;0.0801052526;ZTF;ZTF(zr);ZTF
59110.5083102;19.8831482;0.134053111;ZTF;ZTF(zg);ZTF
59112.4964236;19.2888393;0.0791967139;ZTF;ZTF(zr);ZTF
59118.5191898;19.3457642;0.0827317685;ZTF;ZTF(zr);ZTF
59119.4696065;19.2818298;0.0787713975;ZTF;ZTF(zr);ZTF
59120.4889236;19.1783371;0.0727405846;ZTF;ZTF(zr);ZTF
59121.4152199;19.6565475;0.128279984;ZTF;ZTF(zg);ZTF
59124.3906713;19.4065018;0.112396933;ZTF;ZTF(zr);ZTF
59124.4511458;19.2298813;0.0756864473;ZTF;ZTF(zr);ZTF
59124.4863542;19.8835621;0.134091929;ZTF;ZTF(zg);ZTF
59125.19381279;15.929;0.21;NEOWISE;WISE(W1);NEOWISE
59125.32458868;16.163;0.235;NEOWISE;WISE(W1);NEOWISE
59125.45536462;15.696;0.181;NEOWISE;WISE(W1);NEOWISE
59125.45549193;15.752;0.214;NEOWISE;WISE(W1);NEOWISE
59125.58626782;15.657;0.16;NEOWISE;WISE(W1);NEOWISE
59125.65159201;16.042;0.216;NEOWISE;WISE(W1);NEOWISE
59125.65159201;15.225;0.394;NEOWISE;WISE(W2);NEOWISE
59125.71704367;16.029;0.218;NEOWISE;WISE(W1);NEOWISE
59125.78236795;16.122;0.224;NEOWISE;WISE(W1);NEOWISE
59125.84781956;15.031;0.385;NEOWISE;WISE(W2);NEOWISE
59125.84781956;15.789;0.193;NEOWISE;WISE(W1);NEOWISE
59125.91314384;15.137;0.372;NEOWISE;WISE(W2);NEOWISE
59125.91314384;16.046;0.221;NEOWISE;WISE(W1);NEOWISE
59125.9785955;14.383;0.356;NEOWISE;WISE(W2);NEOWISE
59125.9785955;15.958;0.205;NEOWISE;WISE(W1);NEOWISE
59126.04391978;16.013;0.203;NEOWISE;WISE(W1);NEOWISE
59126.10937139;15.831;0.245;NEOWISE;WISE(W1);NEOWISE
59126.17469567;15.811;0.271;NEOWISE;WISE(W1);NEOWISE
59126.17482304;15.741;0.151;NEOWISE;WISE(W1);NEOWISE
59126.24014728;15.995;0.209;NEOWISE;WISE(W1);NEOWISE
59126.30559894;15.502;0.131;NEOWISE;WISE(W1);NEOWISE
59126.37092317;15.866;0.177;NEOWISE;WISE(W1);NEOWISE
59126.43637483;15.654;0.149;NEOWISE;WISE(W1);NEOWISE
59126.5144097;19.4183445;0.0874514878;ZTF;ZTF(zr);ZTF
59126.56715072;15.569;0.216;NEOWISE;WISE(W1);NEOWISE
59126.69792661;15.559;0.143;NEOWISE;WISE(W1);NEOWISE
59126.8287025;15.585;0.169;NEOWISE;WISE(W1);NEOWISE
59128.5159375;19.350729;0.0830469951;ZTF;ZTF(zr);ZTF
59130.4502199;19.1732426;0.0724555999;ZTF;ZTF(zr);ZTF
59130.4526389;19.2699223;0.10218966;ZTF;ZTF(zr);ZTF
59130.4531019;19.3420906;0.107513465;ZTF;ZTF(zr);ZTF
59130.4548032;19.1457767;0.0806111544;ZTF;ZTF(zr);ZTF
59130.4552662;19.3035889;0.0908274278;ZTF;ZTF(zr);ZTF
59132.06075873;16.037;0.199;NEOWISE;WISE(W1);NEOWISE
59132.12608301;15.717;0.165;NEOWISE;WISE(W1);NEOWISE
59135.4344676;20.1426105;0.159783602;ZTF;ZTF(zg);ZTF
59135.4884954;19.3351574;0.0820621252;ZTF;ZTF(zr);ZTF
59136.3677662;20.0586967;0.162762985;ZTF;ZTF(zg);ZTF
59136.3682407;20.0330658;0.160621554;ZTF;ZTF(zg);ZTF
59137.4307986;19.9904976;0.144381002;ZTF;ZTF(zg);ZTF
59137.4312731;20.0805397;0.109470077;ZTF;ZTF(zg);ZTF
59137.4317361;20.0902328;0.110065043;ZTF;ZTF(zg);ZTF
59137.4914236;19.3787651;0.0848479718;ZTF;ZTF(zr);ZTF
59139.4926968;19.2983665;0.0797782913;ZTF;ZTF(zr);ZTF
59141.4881829;19.2950573;0.0795758292;ZTF;ZTF(zr);ZTF
59142.4671644;20.2328911;0.176368847;ZTF;ZTF(zg);ZTF
59143.4161458;20.0810471;0.153453678;ZTF;ZTF(zg);ZTF
59143.4166088;19.9859581;0.10367012;ZTF;ZTF(zg);ZTF
59143.4170833;20.2056675;0.117097519;ZTF;ZTF(zg);ZTF
59143.4714583;19.2104683;0.0745636225;ZTF;ZTF(zr);ZTF
59144.4789236;20.260149;0.120345585;ZTF;ZTF(zg);ZTF
59144.4793866;20.0213509;0.105836958;ZTF;ZTF(zg);ZTF
59145.4972338;19.3017902;0.079988271;ZTF;ZTF(zr);ZTF
59149.3912037;19.2886562;0.0791856274;ZTF;ZTF(zr);ZTF
59149.4927199;19.981987;0.143544525;ZTF;ZTF(zg);ZTF
59150.4071065;19.8512173;0.131079108;ZTF;ZTF(zg);ZTF
59150.4742824;19.2192783;0.0750711411;ZTF;ZTF(zr);ZTF
59151.3128819;19.4375954;0.110503405;ZTF;ZTF(zg);ZTF
59151.4481134;19.2321472;0.0758185834;ZTF;ZTF(zr);ZTF
59152.4304282;19.0895157;0.0896526575;ZTF;ZTF(zr);ZTF
59152.4308912;19.1869621;0.0962816924;ZTF;ZTF(zr);ZTF
59152.4323495;19.2670708;0.0883787721;ZTF;ZTF(zr);ZTF
59152.4504861;19.3357067;0.0820966959;ZTF;ZTF(zr);ZTF
59152.5134722;20.0514297;0.150452748;ZTF;ZTF(zg);ZTF
59153.3400116;19.2246838;0.0989387929;ZTF;ZTF(zr);ZTF
59153.3851852;19.1712341;0.0821944475;ZTF;ZTF(zr);ZTF
59153.3856481;19.0292969;0.073686108;ZTF;ZTF(zr);ZTF
59153.4743403;19.0909424;0.0680005699;ZTF;ZTF(zr);ZTF
59155.3476042;19.3373165;0.107156247;ZTF;ZTF(zr);ZTF
59155.3480787;19.413887;0.112964153;ZTF;ZTF(zr);ZTF
59156.5203935;19.3424168;0.082519874;ZTF;ZTF(zr);ZTF
59157.3505671;19.2694912;0.102158315;ZTF;ZTF(zr);ZTF
59158.3642477;19.1288872;0.0700198859;ZTF;ZTF(zr);ZTF
59159.4766435;19.3014011;0.0799644142;ZTF;ZTF(zr);ZTF
59163.4221528;19.946394;0.153236926;ZTF;ZTF(zg);ZTF
59163.4226157;19.6865158;0.130815029;ZTF;ZTF(zg);ZTF
59163.4259491;20.1758652;0.115296319;ZTF;ZTF(zg);ZTF
59163.426412;19.8156872;0.0934305713;ZTF;ZTF(zg);ZTF
59165.3463194;19.3651161;0.083966732;ZTF;ZTF(zr);ZTF
59165.371713;20.1462631;0.160162762;ZTF;ZTF(zg);ZTF
59167.373125;18.9416161;0.0802651867;ZTF;ZTF(zr);ZTF
59167.3735995;19.1367149;0.092820406;ZTF;ZTF(zr);ZTF
59167.3753009;19.0368538;0.0741195977;ZTF;ZTF(zr);ZTF
59167.493287;19.157959;0.0716070458;ZTF;ZTF(zr);ZTF
59167.5187269;20.0011215;0.145429447;ZTF;ZTF(zg);ZTF
59168.3455208;19.1977882;0.0738389492;ZTF;ZTF(zr);ZTF
59168.3699884;20.1502838;0.160580724;ZTF;ZTF(zg);ZTF
59169.3848843;19.1101189;0.0910253674;ZTF;ZTF(zr);ZTF
59169.3853472;19.169651;0.0950789824;ZTF;ZTF(zr);ZTF
59169.3870486;19.2192192;0.0852468312;ZTF;ZTF(zr);ZTF
59169.3875116;19.205164;0.0843435302;ZTF;ZTF(zr);ZTF
59170.3005093;19.1374607;0.0928711444;ZTF;ZTF(zr);ZTF
59170.3009722;19.1784477;0.0956887826;ZTF;ZTF(zr);ZTF
59170.4069097;19.3116856;0.0805981085;ZTF;ZTF(zr);ZTF
59170.4575694;20.1825752;0.163951859;ZTF;ZTF(zg);ZTF
59171.4967361;19.2399845;0.0762772188;ZTF;ZTF(zr);ZTF
59176.3935185;19.9937973;0.14470613;ZTF;ZTF(zg);ZTF
59176.4311574;19.2770882;0.0784849599;ZTF;ZTF(zr);ZTF
59179.3511458;19.2755623;0.0889436454;ZTF;ZTF(zr);ZTF
59179.3516088;19.2791939;0.0891860276;ZTF;ZTF(zr);ZTF
59179.3620718;19.377533;0.0847680494;ZTF;ZTF(zr);ZTF
59179.4746296;20.0412979;0.149433553;ZTF;ZTF(zg);ZTF
59181.2693403;19.0484943;0.0832159147;ZTF;ZTF(zg);ZTF
59181.3220718;19.1297798;0.0796290785;ZTF;ZTF(zr);ZTF
59181.3225463;18.9547539;0.0695276707;ZTF;ZTF(zr);ZTF
59181.5102546;19.9601803;0.141414568;ZTF;ZTF(zg);ZTF
59182.2594676;19.8386879;0.143909872;ZTF;ZTF(zg);ZTF
59182.4099769;19.341774;0.0934414566;ZTF;ZTF(zr);ZTF
59182.4104398;19.4480667;0.100997664;ZTF;ZTF(zr);ZTF
59184.4130324;19.0414238;0.0927206352;ZTF;ZTF(zi);ZTF
59185.3478241;19.2542133;0.0875286087;ZTF;ZTF(zr);ZTF
59185.3482986;19.2818584;0.0893642157;ZTF;ZTF(zr);ZTF
59185.3720718;19.3582535;0.0835268348;ZTF;ZTF(zr);ZTF
59187.284537;18.4853497;0.0606991351;ZTF;ZTF(zi);ZTF
59187.4283333;19.0886555;0.0678807795;ZTF;ZTF(zr);ZTF
59189.3396759;19.3020058;0.0800015256;ZTF;ZTF(zr);ZTF
59190.3843981;18.9132595;0.0842297822;ZTF;ZTF(zi);ZTF
59193.3921759;19.2420826;0.0764004588;ZTF;ZTF(zr);ZTF
59194.3399769;19.2823906;0.078805387;ZTF;ZTF(zr);ZTF
59194.3545139;19.2349453;0.086266458;ZTF;ZTF(zr);ZTF
59194.4074653;20.2638664;0.17254068;ZTF;ZTF(zg);ZTF
59196.305787;19.1447659;0.080548808;ZTF;ZTF(zr);ZTF
59196.387419;19.11269;0.0691507533;ZTF;ZTF(zr);ZTF
59199.2392245;19.197382;0.0738158301;ZTF;ZTF(zr);ZTF
59200.2802894;18.9192657;0.0846125185;ZTF;ZTF(zi);ZTF
59202.4062616;19.1493549;0.071133621;ZTF;ZTF(zr);ZTF
59203.2671181;18.9420319;0.0860766023;ZTF;ZTF(zi);ZTF
59204.4023264;19.3934002;0.0858022571;ZTF;ZTF(zr);ZTF
59216.3583102;19.2742043;0.0888531357;ZTF;ZTF(zr);ZTF
59216.3587847;19.1986008;0.0839244127;ZTF;ZTF(zr);ZTF
59217.4150463;19.373745;0.0956715122;ZTF;ZTF(zr);ZTF
59217.4155208;19.3053017;0.0909435302;ZTF;ZTF(zr);ZTF
59218.4143287;19.2686691;0.0779786855;ZTF;ZTF(zr);ZTF
59218.5129745;18.8919373;0.0828833282;ZTF;ZTF(zi);ZTF
59220.3623495;19.5445938;0.105014265;ZTF;ZTF(zg);ZTF
59221.2874074;18.775465;0.0758583248;ZTF;ZTF(zi);ZTF
59222.3458565;19.3385506;0.0822757781;ZTF;ZTF(zr);ZTF
59224.3883796;18.8053646;0.0776087642;ZTF;ZTF(zi);ZTF
59226.3433912;20.0533752;0.150648922;ZTF;ZTF(zg);ZTF
59226.4893519;19.11483;0.0692649633;ZTF;ZTF(zr);ZTF
59228.4723264;19.2861061;0.0790306702;ZTF;ZTF(zr);ZTF
59230.2402315;19.2777081;0.0785223544;ZTF;ZTF(zr);ZTF
59230.3452199;20.2347565;0.169450775;ZTF;ZTF(zg);ZTF
59230.3902546;18.9796429;0.088542603;ZTF;ZTF(zi);ZTF
59232.3438194;19.2378998;0.0761549398;ZTF;ZTF(zr);ZTF
59233.1644097;19.8438835;0.144360617;ZTF;ZTF(zg);ZTF
59248.3218056;19.1217957;0.0983916149;ZTF;ZTF(zi);ZTF
59248.431331;19.333046;0.0819294378;ZTF;ZTF(zr);ZTF
59250.3084954;20.0088444;0.146194264;ZTF;ZTF(zg);ZTF
59250.3464815;19.227253;0.075533472;ZTF;ZTF(zr);ZTF
59252.1959722;19.3383846;0.0822653323;ZTF;ZTF(zr);ZTF
59252.2766088;20.243824;0.170411706;ZTF;ZTF(zg);ZTF
59252.2920486;19.2321529;0.0860846713;ZTF;ZTF(zr);ZTF
59252.338669;19.0354214;0.0923077911;ZTF;ZTF(zi);ZTF
59254.4096759;19.3254013;0.0814506188;ZTF;ZTF(zr);ZTF
59255.3391319;18.868042;0.0813966691;ZTF;ZTF(zi);ZTF
59256.2447338;19.2733173;0.0782578513;ZTF;ZTF(zr);ZTF
59260.3899421;19.2762527;0.0784345716;ZTF;ZTF(zr);ZTF
59262.2651273;18.838604;0.07959757;ZTF;ZTF(zi);ZTF
59263.2458218;18.8271427;0.0555077977;ZTF;ZTF(zr);ZTF
59263.3474537;19.6532001;0.113717787;ZTF;ZTF(zg);ZTF
59265.2818981;19.17453;0.0725275204;ZTF;ZTF(zr);ZTF
59265.3241782;18.9106655;0.0840649679;ZTF;ZTF(zi);ZTF
59265.4075926;19.9266815;0.138181552;ZTF;ZTF(zg);ZTF
59266.2485764;18.9942722;0.0717059299;ZTF;ZTF(zr);ZTF
59266.2490509;19.1171837;0.0788626894;ZTF;ZTF(zr);ZTF
59268.385081;18.9290962;0.0852420628;ZTF;ZTF(zi);ZTF
59269.4280093;20.0940971;0.154785305;ZTF;ZTF(zg);ZTF
59271.2752199;19.1660652;0.0720558763;ZTF;ZTF(zr);ZTF
59271.3278704;18.5748482;0.0650322437;ZTF;ZTF(zi);ZTF
59272.2842593;19.2785072;0.0891401693;ZTF;ZTF(zr);ZTF
59272.2847222;19.234087;0.0862105638;ZTF;ZTF(zr);ZTF
59274.3001042;18.7869396;0.0765257776;ZTF;ZTF(zi);ZTF
59275.1630324;20.1576939;0.161351889;ZTF;ZTF(zg);ZTF
59275.3282986;19.228302;0.0755944848;ZTF;ZTF(zr);ZTF
59278.2477199;20.0472069;0.150027469;ZTF;ZTF(zg);ZTF
59281.2182407;19.2856216;0.0790012181;ZTF;ZTF(zr);ZTF
59281.341331;19.5626392;0.106419727;ZTF;ZTF(zg);ZTF
59282.56548045;16.151;0.305;NEOWISE;WISE(W1);NEOWISE
59282.6962566;16.27;0.265;NEOWISE;WISE(W1);NEOWISE
59282.82703275;15.889;0.199;NEOWISE;WISE(W1);NEOWISE
59282.957809;15.81;0.26;NEOWISE;WISE(W1);NEOWISE
59283.02313343;15.397;0.153;NEOWISE;WISE(W1);NEOWISE
59283.02313343;15.476;0.46;NEOWISE;WISE(W2);NEOWISE
59283.08845779;16.194;0.296;NEOWISE;WISE(W1);NEOWISE
59283.08858516;15.881;0.188;NEOWISE;WISE(W1);NEOWISE
59283.08858516;15.392;0.401;NEOWISE;WISE(W2);NEOWISE
59283.15340022;15.988;0.198;NEOWISE;WISE(W1);NEOWISE
59283.21872464;15.581;0.201;NEOWISE;WISE(W1);NEOWISE
59283.28468568;15.762;0.159;NEOWISE;WISE(W1);NEOWISE
59283.35001006;16.325;0.286;NEOWISE;WISE(W1);NEOWISE
59283.41533453;15.295;0.389;NEOWISE;WISE(W2);NEOWISE
59283.41533453;16.243;0.365;NEOWISE;WISE(W1);NEOWISE
59283.4802769;15.704;0.158;NEOWISE;WISE(W1);NEOWISE
59283.54611067;15.239;0.51;NEOWISE;WISE(W2);NEOWISE
59283.54611067;15.779;0.172;NEOWISE;WISE(W1);NEOWISE
59283.611435;15.006;0.387;NEOWISE;WISE(W2);NEOWISE
59283.611435;16.096;0.231;NEOWISE;WISE(W1);NEOWISE
59283.67688678;15.464;0.146;NEOWISE;WISE(W1);NEOWISE
59283.7422112;16.414;0.312;NEOWISE;WISE(W1);NEOWISE
59283.80766355;15.859;0.239;NEOWISE;WISE(W1);NEOWISE
59283.87298797;15.471;0.133;NEOWISE;WISE(W1);NEOWISE
59283.93831238;15.385;0.489;NEOWISE;WISE(W2);NEOWISE
59283.93831238;15.425;0.261;NEOWISE;WISE(W1);NEOWISE
59284.06908859;15.505;0.142;NEOWISE;WISE(W1);NEOWISE
59284.06908859;14.598;0.261;NEOWISE;WISE(W2);NEOWISE
59291.3213194;18.998251;0.0897843167;ZTF;ZTF(zi);ZTF
59291.339213;19.298254;0.0797714293;ZTF;ZTF(zr);ZTF
59293.2263657;19.2301693;0.0757031888;ZTF;ZTF(zr);ZTF
59293.2853704;19.9569492;0.14110072;ZTF;ZTF(zg);ZTF
59296.2605787;18.9731655;0.0881136954;ZTF;ZTF(zi);ZTF
59302.2262037;19.1141109;0.0692265704;ZTF;ZTF(zr);ZTF
59302.3116435;19.0272446;0.0917477831;ZTF;ZTF(zi);ZTF
59304.2961343;19.2685738;0.0779729709;ZTF;ZTF(zr);ZTF
59305.3820833;18.7169762;0.0725383461;ZTF;ZTF(zi);ZTF
59307.161956;20.0932999;0.154703885;ZTF;ZTF(zg);ZTF
59307.2390741;19.2670288;0.0778804123;ZTF;ZTF(zr);ZTF
59308.3225579;18.956356;0.0870088339;ZTF;ZTF(zi);ZTF
59309.187963;20.0429249;0.14959687;ZTF;ZTF(zg);ZTF
59311.1627431;19.3682232;0.0841665491;ZTF;ZTF(zr);ZTF
59311.1636921;19.2291641;0.075644657;ZTF;ZTF(zr);ZTF
59311.2019907;20.1865501;0.1643686;ZTF;ZTF(zg);ZTF
59311.2029282;20.1920681;0.164947689;ZTF;ZTF(zg);ZTF
59311.2589815;18.914938;0.0843365714;ZTF;ZTF(zi);ZTF
59312.3007986;19.2075157;0.0743942708;ZTF;ZTF(zr);ZTF
59312.326794;19.9605484;0.14145039;ZTF;ZTF(zg);ZTF
59313.2008565;19.3149548;0.080800578;ZTF;ZTF(zr);ZTF
59315.1820023;19.0548134;0.0936469734;ZTF;ZTF(zi);ZTF
59317.166331;19.3219986;0.0812383071;ZTF;ZTF(zr);ZTF
59317.1818287;20.0023727;0.145553038;ZTF;ZTF(zg);ZTF
59320.1791088;20.3694191;0.183813393;ZTF;ZTF(zg);ZTF
59322.1956134;20.1194344;0.157386974;ZTF;ZTF(zg);ZTF
59322.2662269;19.235569;0.076018475;ZTF;ZTF(zr);ZTF
59324.182419;19.9398613;0.139447823;ZTF;ZTF(zg);ZTF
59324.2204282;18.9977913;0.0632880405;ZTF;ZTF(zr);ZTF
59324.3032755;18.7608185;0.0750140101;ZTF;ZTF(zi);ZTF
59328.2370023;19.2158051;0.0748706982;ZTF;ZTF(zr);ZTF
59334.2049421;20.1668396;0.162305743;ZTF;ZTF(zg);ZTF
59334.3416319;19.3036995;0.0801056251;ZTF;ZTF(zr);ZTF
59336.1747106;18.9263401;0.0850651488;ZTF;ZTF(zi);ZTF
59336.2403009;19.9825325;0.14359796;ZTF;ZTF(zg);ZTF
59336.3237037;19.2400208;0.0762793124;ZTF;ZTF(zr);ZTF
59339.2051042;18.8763599;0.0819115266;ZTF;ZTF(zi);ZTF
59339.2227199;20.3506527;0.181806445;ZTF;ZTF(zg);ZTF
59339.285544;19.2747173;0.0783420727;ZTF;ZTF(zr);ZTF
59341.1795718;20.4296837;0.190242201;ZTF;ZTF(zg);ZTF
59341.2168171;19.4320221;0.0883680061;ZTF;ZTF(zr);ZTF
59343.1818171;19.0431824;0.0928418636;ZTF;ZTF(zi);ZTF
59343.2005208;19.2709846;0.0781176463;ZTF;ZTF(zr);ZTF
59345.2064583;19.3667469;0.0840715691;ZTF;ZTF(zr);ZTF
59348.2617593;20.2196751;0.167855829;ZTF;ZTF(zg);ZTF
59348.3023032;19.1721478;0.0723944455;ZTF;ZTF(zr);ZTF
59349.2595255;18.9809132;0.0886268765;ZTF;ZTF(zi);ZTF
59350.1842477;19.9899139;0.144323498;ZTF;ZTF(zg);ZTF
59350.2220255;19.3069649;0.0803066492;ZTF;ZTF(zr);ZTF
59353.1981134;19.3303356;0.0817593485;ZTF;ZTF(zr);ZTF
59354.2021875;18.6964188;0.0714038834;ZTF;ZTF(zi);ZTF
59355.1990972;19.1708679;0.0723231211;ZTF;ZTF(zr);ZTF
59358.2182176;19.3173332;0.0809481367;ZTF;ZTF(zr);ZTF
59377.202419;18.9622459;0.0873946398;ZTF;ZTF(zi);ZTF
59470.4536574;19.9798508;0.156108454;ZTF;ZTF(zg);ZTF
59484.4713889;19.4620838;0.0904127657;ZTF;ZTF(zr);ZTF
59485.4895833;18.6361065;0.0681714267;ZTF;ZTF(zi);ZTF
59487.4723843;19.938797;0.139345273;ZTF;ZTF(zg);ZTF
59487.4967824;19.1885967;0.0733179599;ZTF;ZTF(zr);ZTF
59488.4079167;20.1243935;0.168120533;ZTF;ZTF(zg);ZTF
59488.4744329;18.8853111;0.0824686736;ZTF;ZTF(zi);ZTF
59489.4530208;19.2735348;0.0782708898;ZTF;ZTF(zr);ZTF
59489.4942245;20.2419415;0.170212239;ZTF;ZTF(zg);ZTF
59492.31426527;15.875;0.176;NEOWISE;WISE(W1);NEOWISE
59492.44491383;15.503;0.141;NEOWISE;WISE(W1);NEOWISE
59492.44491383;14.92;0.364;NEOWISE;WISE(W2);NEOWISE
59492.4450412;15.985;0.214;NEOWISE;WISE(W1);NEOWISE
59492.57568977;15.013;0.401;NEOWISE;WISE(W2);NEOWISE
59492.57568977;16.144;0.231;NEOWISE;WISE(W1);NEOWISE
59492.7063383;16.038;0.206;NEOWISE;WISE(W1);NEOWISE
59492.77178995;16.067;0.215;NEOWISE;WISE(W1);NEOWISE
59492.83711419;16.079;0.228;NEOWISE;WISE(W1);NEOWISE
59492.90243852;15.644;0.158;NEOWISE;WISE(W1);NEOWISE
59492.96776281;15.836;0.245;NEOWISE;WISE(W1);NEOWISE
59493.03308714;15.418;0.462;NEOWISE;WISE(W2);NEOWISE
59493.03308714;15.76;0.173;NEOWISE;WISE(W1);NEOWISE
59493.03321446;15.938;0.199;NEOWISE;WISE(W1);NEOWISE
59493.09853875;16.106;0.34;NEOWISE;WISE(W1);NEOWISE
59493.09853875;14.678;0.327;NEOWISE;WISE(W2);NEOWISE
59493.22918733;16.015;0.203;NEOWISE;WISE(W1);NEOWISE
59493.29451213;16.135;0.335;NEOWISE;WISE(W1);NEOWISE
59493.35983641;16.076;0.285;NEOWISE;WISE(W1);NEOWISE
59493.35996378;15.862;0.182;NEOWISE;WISE(W1);NEOWISE
59493.42528807;14.32;0.231;NEOWISE;WISE(W2);NEOWISE
59493.42528807;15.442;0.195;NEOWISE;WISE(W1);NEOWISE
59493.4906124;15.375;0.116;NEOWISE;WISE(W1);NEOWISE
59493.5559366;15.732;0.158;NEOWISE;WISE(W1);NEOWISE
59493.62126083;15.819;0.169;NEOWISE;WISE(W1);NEOWISE
59493.68671249;15.515;0.133;NEOWISE;WISE(W1);NEOWISE
59493.68671249;15.275;0.428;NEOWISE;WISE(W2);NEOWISE
59493.81736101;15.449;0.118;NEOWISE;WISE(W1);NEOWISE
59493.81736101;15.335;0.483;NEOWISE;WISE(W2);NEOWISE
59493.94800963;15.709;0.227;NEOWISE;WISE(W1);NEOWISE
59493.94813699;15.807;0.244;NEOWISE;WISE(W1);NEOWISE
59493.94813699;15.298;0.484;NEOWISE;WISE(W2);NEOWISE
59496.4346296;19.2206841;0.075152494;ZTF;ZTF(zr);ZTF
59498.4751273;18.9524651;0.0867547691;ZTF;ZTF(zi);ZTF
59498.4973495;19.3432598;0.0825732499;ZTF;ZTF(zr);ZTF
59500.4952199;19.2739029;0.0782930627;ZTF;ZTF(zr);ZTF
59501.4252778;20.0142193;0.146727875;ZTF;ZTF(zg);ZTF
59501.4679861;18.9901428;0.0892415196;ZTF;ZTF(zi);ZTF
59501.4889468;19.2777061;0.0785222054;ZTF;ZTF(zr);ZTF
59503.407963;19.352747;0.0831754431;ZTF;ZTF(zr);ZTF
59503.4886343;19.8983173;0.135482147;ZTF;ZTF(zg);ZTF
59509.4570949;19.2652111;0.0777717084;ZTF;ZTF(zr);ZTF
59511.3941435;19.1595058;0.0716925114;ZTF;ZTF(zr);ZTF
59517.4273495;19.3855324;0.0852879882;ZTF;ZTF(zr);ZTF
59517.4489583;20.1473999;0.160280913;ZTF;ZTF(zg);ZTF
59518.4710185;18.9169388;0.0844640806;ZTF;ZTF(zi);ZTF
59521.3665046;19.1618538;0.0718223453;ZTF;ZTF(zr);ZTF
59521.3840972;19.2542515;0.087531127;ZTF;ZTF(zr);ZTF
59521.4927315;18.8428936;0.079857491;ZTF;ZTF(zi);ZTF
59523.3613079;20.2102871;0.166865051;ZTF;ZTF(zg);ZTF
59523.4869444;19.2965832;0.0796691254;ZTF;ZTF(zr);ZTF
59524.4913194;18.9359283;0.08568196;ZTF;ZTF(zi);ZTF
59525.3654977;19.2567444;0.0772669911;ZTF;ZTF(zr);ZTF
59527.5201968;18.8971272;0.0832092911;ZTF;ZTF(zi);ZTF
59530.3634606;19.124382;0.0697770715;ZTF;ZTF(zr);ZTF
59530.4123264;19.5706921;0.107052259;ZTF;ZTF(zg);ZTF
59531.3529861;20.1027336;0.110831842;ZTF;ZTF(zg);ZTF
59532.3738773;19.2760525;0.0784225017;ZTF;ZTF(zr);ZTF
59532.4096065;20.07094;0.152426243;ZTF;ZTF(zg);ZTF
59536.3357755;19.8395329;0.0948389396;ZTF;ZTF(zg);ZTF
59537.3643519;19.2927437;0.0794346258;ZTF;ZTF(zr);ZTF
59540.3513773;19.2123203;0.0746700764;ZTF;ZTF(zr);ZTF
59540.4694097;18.9086075;0.0839344412;ZTF;ZTF(zi);ZTF
59550.3276273;18.8875809;0.0826104879;ZTF;ZTF(zi);ZTF
59600.30177079979;18.072502929759214;0.0686337744335753;ZTF;ZTF(zr);ZTF
59600.3017708;18.0913792;0.0322362892;ZTF;ZTF(zr);ZTF
59600.346956;18.1302547;0.0362338871;ZTF;ZTF(zr);ZTF
59623.1878819;17.9600945;0.0406767353;ZTF;ZTF(zi);ZTF
59623.2394213;18.0916252;0.036394842;ZTF;ZTF(zg);ZTF
59623.239421300124;18.139161643368322;0.07843994632796214;ZTF;ZTF(zg);ZTF
59623.3480671;18.0344505;0.0309877042;ZTF;ZTF(zr);ZTF
59623.34806710016;18.009331787351435;0.06879864336555258;ZTF;ZTF(zr);ZTF
59624.2826273;18.1136932;0.0297729857;ZTF;ZTF(zg);ZTF
59625.2196991;18.128418;0.0373043194;ZTF;ZTF(zg);ZTF
59625.219699100126;18.136361177546313;0.08260990366858283;ZTF;ZTF(zg);ZTF
59625.2632176;18.1176834;0.0328353755;ZTF;ZTF(zr);ZTF
59625.26321760006;18.06264916154944;0.08529533917950931;ZTF;ZTF(zr);ZTF
59628.17946759984;18.25147581396179;0.07288201952977144;ZTF;ZTF(zg);ZTF
59628.1794676;18.1936684;0.038992431;ZTF;ZTF(zg);ZTF
59628.3220602;17.9328556;0.0398601815;ZTF;ZTF(zi);ZTF
59628.4209606;18.137291;0.0332912914;ZTF;ZTF(zr);ZTF
59628.42096060002;18.117099347328832;0.08492960331362671;ZTF;ZTF(zr);ZTF
59630.18538190005;18.169052262606733;0.08292780282158446;ZTF;ZTF(zr);ZTF
59630.20747689996;18.298914410178657;0.11139457370574546;ZTF;ZTF(zg);ZTF
59637.3459028;18.0562935;0.0437196232;ZTF;ZTF(zi);ZTF
59638.4116667;18.4725971;0.0474061109;ZTF;ZTF(zg);ZTF
59638.41166670015;18.48943421876761;0.07321445041062621;ZTF;ZTF(zg);ZTF
59638.4705671;18.335392;0.0383756123;ZTF;ZTF(zr);ZTF
59638.470567100216;18.300694483192665;0.06754122198833312;ZTF;ZTF(zr);ZTF
59639.1587963;18.33535;0.0425733849;ZTF;ZTF(zr);ZTF
59641.24395829998;18.370411565496834;0.11659795230519653;ZTF;ZTF(zr);ZTF
59646.81692859;15.552;0.189;NEOWISE;WISE(W1);NEOWISE
59646.8170559;15.637;0.142;NEOWISE;WISE(W1);NEOWISE
59646.94757753;15.435;0.465;NEOWISE;WISE(W2);NEOWISE
59646.94757753;15.59;0.145;NEOWISE;WISE(W1);NEOWISE
59647.07822648;15.205;0.442;NEOWISE;WISE(W2);NEOWISE
59647.07822648;15.487;0.195;NEOWISE;WISE(W1);NEOWISE
59647.14304162;15.534;0.13;NEOWISE;WISE(W1);NEOWISE
59647.14304162;14.802;0.379;NEOWISE;WISE(W2);NEOWISE
59647.20836602;15.245;0.112;NEOWISE;WISE(W1);NEOWISE
59647.27407247;15.695;0.16;NEOWISE;WISE(W1);NEOWISE
59647.27419978;15.369;0.411;NEOWISE;WISE(W2);NEOWISE
59647.27419978;15.789;0.172;NEOWISE;WISE(W1);NEOWISE
59647.33939692;15.592;0.206;NEOWISE;WISE(W1);NEOWISE
59647.33939692;15.56;0.49;NEOWISE;WISE(W2);NEOWISE
59647.40472141;15.437;0.172;NEOWISE;WISE(W1);NEOWISE
59647.47004587;15.452;0.131;NEOWISE;WISE(W1);NEOWISE
59647.47004587;15.383;0.463;NEOWISE;WISE(W2);NEOWISE
59647.53486096;14.843;0.36;NEOWISE;WISE(W2);NEOWISE
59647.53486096;15.265;0.155;NEOWISE;WISE(W1);NEOWISE
59647.60069477;15.709;0.17;NEOWISE;WISE(W1);NEOWISE
59647.66601926;14.87;0.3;NEOWISE;WISE(W2);NEOWISE
59647.66601926;15.466;0.154;NEOWISE;WISE(W1);NEOWISE
59647.73121639;15.832;0.175;NEOWISE;WISE(W1);NEOWISE
59647.73134376;15.491;0.508;NEOWISE;WISE(W2);NEOWISE
59647.73134376;15.741;0.181;NEOWISE;WISE(W1);NEOWISE
59647.79654084;15.359;0.416;NEOWISE;WISE(W2);NEOWISE
59647.79654084;15.321;0.17;NEOWISE;WISE(W1);NEOWISE
59647.86186529;16.046;0.216;NEOWISE;WISE(W1);NEOWISE
59647.86186529;14.531;0.235;NEOWISE;WISE(W2);NEOWISE
59647.92718979;14.682;0.263;NEOWISE;WISE(W2);NEOWISE
59647.92718979;15.575;0.174;NEOWISE;WISE(W1);NEOWISE
59647.99251486;15.683;0.151;NEOWISE;WISE(W1);NEOWISE
59647.99251486;14.842;0.368;NEOWISE;WISE(W2);NEOWISE
59648.05783935;15.798;0.17;NEOWISE;WISE(W1);NEOWISE
59648.31900979;15.579;0.154;NEOWISE;WISE(W1);NEOWISE
59648.31900979;15.295;0.418;NEOWISE;WISE(W2);NEOWISE
59648.44965869;15.584;0.18;NEOWISE;WISE(W1);NEOWISE
59650.73474126;15.25;0.169;NEOWISE;WISE(W1);NEOWISE
59650.80006576;15.658;0.165;NEOWISE;WISE(W1);NEOWISE
59650.86539016;15.264;0.113;NEOWISE;WISE(W1);NEOWISE
59650.86539016;14.603;0.244;NEOWISE;WISE(W2);NEOWISE
59650.93071465;15.904;0.212;NEOWISE;WISE(W1);NEOWISE
59650.93071465;15.193;0.44;NEOWISE;WISE(W2);NEOWISE
59650.99591179;15.794;0.212;NEOWISE;WISE(W1);NEOWISE
59650.99603911;15.774;0.213;NEOWISE;WISE(W1);NEOWISE
59651.06123624;15.653;0.162;NEOWISE;WISE(W1);NEOWISE
59651.06123624;15.05;0.37;NEOWISE;WISE(W2);NEOWISE
59651.19188514;15.394;0.532;NEOWISE;WISE(W2);NEOWISE
59651.19188514;15.345;0.126;NEOWISE;WISE(W1);NEOWISE
59651.32253404;14.677;0.295;NEOWISE;WISE(W2);NEOWISE
59651.32253404;15.444;0.139;NEOWISE;WISE(W1);NEOWISE
59671.34577549994;18.679584639281618;0.06385873495573412;ZTF;ZTF(zr);ZTF
59671.34577549994;18.675963124416835;0.06426809514423774;ZTF;ZTF(zr);ZTF
59671.3457755;18.7285652;0.0514814779;ZTF;ZTF(zr);ZTF
59671.409097199794;19.04771073019492;0.07500620589577371;ZTF;ZTF(zg);ZTF
59671.409097199794;19.03278879418811;0.07470059108220928;ZTF;ZTF(zg);ZTF
59671.4090972;19.0099297;0.070415318;ZTF;ZTF(zg);ZTF
59672.2869792;18.3523273;0.0547905415;ZTF;ZTF(zi);ZTF
59674.3269329;18.7162971;0.0510030016;ZTF;ZTF(zr);ZTF
59674.32693290012;18.681669569621555;0.07807549120091695;ZTF;ZTF(zr);ZTF
59674.4121065;18.9884815;0.0692929029;ZTF;ZTF(zg);ZTF
59674.41210650001;19.000201005766048;0.08899280813559225;ZTF;ZTF(zg);ZTF
59675.3088426;18.3754349;0.0557728298;ZTF;ZTF(zi);ZTF
59676.37479169993;18.606534672748726;0.15155943707390582;ZTF;ZTF(zr);ZTF
59676.3747917;18.5554008;0.045163434;ZTF;ZTF(zr);ZTF
59676.392847199924;19.11552560074309;0.14950607531113827;ZTF;ZTF(zg);ZTF
59676.3928472;19.0036812;0.0700863525;ZTF;ZTF(zg);ZTF
59678.2428472;18.732563;0.0516384766;ZTF;ZTF(zr);ZTF
59678.2837847;18.3716717;0.0556116104;ZTF;ZTF(zi);ZTF
59678.3268634;19.0357361;0.0717908666;ZTF;ZTF(zg);ZTF
59678.32686340017;19.04173514267153;0.0942050443994406;ZTF;ZTF(zg);ZTF
59682.20039349981;19.19040425536231;0.1412012164785744;ZTF;ZTF(zg);ZTF
59682.2003935;19.107872;0.075784266;ZTF;ZTF(zg);ZTF
59682.2431481;18.3469677;0.0545652919;ZTF;ZTF(zi);ZTF
59684.381562499795;18.677818200271457;0.13123660365194745;ZTF;ZTF(zr);ZTF
59684.3815625;18.8614311;0.0569863506;ZTF;ZTF(zr);ZTF
59685.2909838;18.3419113;0.0543536991;ZTF;ZTF(zi);ZTF
59687.3623843;18.6978817;0.0502938703;ZTF;ZTF(zr);ZTF
59687.36238430021;18.662962277617904;0.11753879199120043;ZTF;ZTF(zr);ZTF
59688.3056713;18.2986431;0.0525776818;ZTF;ZTF(zi);ZTF
59689.2616782;18.7666893;0.0529999286;ZTF;ZTF(zr);ZTF
59693.2853125;18.6415386;0.0481909625;ZTF;ZTF(zr);ZTF
59693.34530089982;19.108704409597973;0.15364847533502773;ZTF;ZTF(zg);ZTF
59693.3453009;19.0748348;0.0739279017;ZTF;ZTF(zg);ZTF
59694.2160417;18.4072056;0.0571532398;ZTF;ZTF(zi);ZTF
59695.2377315;18.7857742;0.053778246;ZTF;ZTF(zr);ZTF
59695.23773150006;18.73364317761541;0.08251016658568759;ZTF;ZTF(zr);ZTF
59697.22255790001;19.168384828596785;0.09220272981674676;ZTF;ZTF(zg);ZTF
59697.3229745;18.8709545;0.0574043877;ZTF;ZTF(zr);ZTF
59699.243830999825;19.29456791697439;0.09840158926202583;ZTF;ZTF(zg);ZTF
59699.2703125;18.8742981;0.0575519316;ZTF;ZTF(zr);ZTF
59701.2400463;18.3563213;0.0549590625;ZTF;ZTF(zi);ZTF
59701.2674074;19.2522888;0.0844626278;ZTF;ZTF(zg);ZTF
59701.26740740007;19.29018654807924;0.11267891053824367;ZTF;ZTF(zg);ZTF
59701.324838;19.2217503;0.0825492665;ZTF;ZTF(zg);ZTF
59703.2641667;19.1781998;0.0798939914;ZTF;ZTF(zg);ZTF
59708.2420718;18.5401154;0.0446489789;ZTF;ZTF(zr);ZTF
59708.2813773;19.044096;0.0655878261;ZTF;ZTF(zr);ZTF
59710.2050694;19.1262169;0.0768354014;ZTF;ZTF(zg);ZTF
59710.2429167;18.9817123;0.0625088513;ZTF;ZTF(zr);ZTF
59712.2210185;18.8844013;0.0580001511;ZTF;ZTF(zr);ZTF
59712.2601505;19.3475189;0.0907071531;ZTF;ZTF(zg);ZTF
59712.3071528;18.5186806;0.0622783229;ZTF;ZTF(zi);ZTF
59714.2248611;19.1021519;0.0685910434;ZTF;ZTF(zr);ZTF
59717.255;18.8903694;0.0582666844;ZTF;ZTF(zr);ZTF
59717.2896065;19.2458706;0.0840569586;ZTF;ZTF(zg);ZTF
59719.1872106;18.8049355;0.0545720346;ZTF;ZTF(zr);ZTF
59719.2869907;18.7735462;0.0532781444;ZTF;ZTF(zr);ZTF
59732.2473148;18.5688763;0.0647338703;ZTF;ZTF(zi);ZTF
59737.2392014;18.5776711;0.0651737526;ZTF;ZTF(zi);ZTF
59742.2134144;18.3668404;0.0554053932;ZTF;ZTF(zi);ZTF
59748.2032407;18.4257183;0.057973776;ZTF;ZTF(zi);ZTF
59843.4854745;18.6224155;0.0674574226;ZTF;ZTF(zi);ZTF
59847.466713;18.7735214;0.0757457539;ZTF;ZTF(zi);ZTF
59851.4795023;19.8669872;0.09647239;ZTF;ZTF(zg);ZTF
59852.4728819;19.7479229;0.0894878209;ZTF;ZTF(zg);ZTF
59855.5007639;19.1907291;0.0734385252;ZTF;ZTF(zr);ZTF
59856.46498029;15.613;0.143;NEOWISE;WISE(W1);NEOWISE
59856.59537424;15.065;0.099;NEOWISE;WISE(W1);NEOWISE
59856.59537424;14.943;0.317;NEOWISE;WISE(W2);NEOWISE
59856.72576809;14.896;0.315;NEOWISE;WISE(W2);NEOWISE
59856.72576809;15.605;0.171;NEOWISE;WISE(W1);NEOWISE
59856.85616199;15.446;0.13;NEOWISE;WISE(W1);NEOWISE
59856.85616199;14.8;0.301;NEOWISE;WISE(W2);NEOWISE
59856.92135897;15.718;0.184;NEOWISE;WISE(W1);NEOWISE
59856.98655594;15.381;0.12;NEOWISE;WISE(W1);NEOWISE
59856.98655594;15.148;0.34;NEOWISE;WISE(W2);NEOWISE
59857.05175292;15.219;0.517;NEOWISE;WISE(W2);NEOWISE
59857.05175292;15.257;0.112;NEOWISE;WISE(W1);NEOWISE
59857.11694984;15.384;0.149;NEOWISE;WISE(W1);NEOWISE
59857.24734374;16.076;0.287;NEOWISE;WISE(W1);NEOWISE
59857.31254067;15.76;0.202;NEOWISE;WISE(W1);NEOWISE
59857.37773764;15.187;0.215;NEOWISE;WISE(W1);NEOWISE
59857.37773764;14.538;0.293;NEOWISE;WISE(W2);NEOWISE
59857.44293462;15.094;0.128;NEOWISE;WISE(W1);NEOWISE
59857.44293462;14.244;0.215;NEOWISE;WISE(W2);NEOWISE
59857.50813154;15.31;0.122;NEOWISE;WISE(W1);NEOWISE
59857.50813154;15.008;0.445;NEOWISE;WISE(W2);NEOWISE
59857.57332847;15.172;0.359;NEOWISE;WISE(W2);NEOWISE
59857.57332847;15.415;0.146;NEOWISE;WISE(W1);NEOWISE
59857.63852544;15.404;0.134;NEOWISE;WISE(W1);NEOWISE
59857.70372237;14.303;0.248;NEOWISE;WISE(W2);NEOWISE
59857.70372237;15.719;0.171;NEOWISE;WISE(W1);NEOWISE
59857.76891934;15.335;0.132;NEOWISE;WISE(W1);NEOWISE
59857.76891934;15.106;0.356;NEOWISE;WISE(W2);NEOWISE
59857.83411632;15.275;0.399;NEOWISE;WISE(W2);NEOWISE
59857.83411632;15.366;0.134;NEOWISE;WISE(W1);NEOWISE
59857.96451083;15.293;0.125;NEOWISE;WISE(W1);NEOWISE
59857.96451083;15.049;0.374;NEOWISE;WISE(W2);NEOWISE
59858.09490478;15.505;0.141;NEOWISE;WISE(W1);NEOWISE
59858.4904861;19.1012077;0.068541117;ZTF;ZTF(zr);ZTF
59860.4505787;19.1293106;0.0700427368;ZTF;ZTF(zr);ZTF
59862.4332292;19.6684837;0.114989646;ZTF;ZTF(zg);ZTF
59862.4951505;19.1899872;0.0733965188;ZTF;ZTF(zr);ZTF
59863.4348495;18.6723194;0.0700952113;ZTF;ZTF(zi);ZTF
59865.4919907;19.06077;0.066436559;ZTF;ZTF(zr);ZTF
59866.4288657;18.5829983;0.0654416606;ZTF;ZTF(zi);ZTF
59871.4096065;18.9970474;0.0632517785;ZTF;ZTF(zr);ZTF
59872.4948148;18.8515053;0.0803816393;ZTF;ZTF(zi);ZTF
59874.4927778;19.194994;0.0736801773;ZTF;ZTF(zr);ZTF
59876.4713426;18.5111427;0.061917644;ZTF;ZTF(zi);ZTF
59878.384456;19.7402267;0.121113807;ZTF;ZTF(zg);ZTF
59878.4774421;19.196579;0.073770225;ZTF;ZTF(zr);ZTF
59879.4889815;18.7323093;0.0733954087;ZTF;ZTF(zi);ZTF
59880.4733333;19.1936092;0.0736016631;ZTF;ZTF(zr);ZTF
59889.3882292;19.1025162;0.0686102808;ZTF;ZTF(zr);ZTF
59889.4111227;19.493742;0.101140313;ZTF;ZTF(zg);ZTF
59889.4205556;18.7917423;0.0768067539;ZTF;ZTF(zi);ZTF
59895.350625;18.7304974;0.0732936412;ZTF;ZTF(zi);ZTF
59895.3839583;19.0834751;0.0676100999;ZTF;ZTF(zr);ZTF
59897.4532986;19.4873772;0.100664444;ZTF;ZTF(zg);ZTF
59898.3654514;18.8746262;0.0818039402;ZTF;ZTF(zi);ZTF
59898.4051389;19.1435108;0.0708138719;ZTF;ZTF(zr);ZTF
59901.3275116;18.7090511;0.07209903;ZTF;ZTF(zi);ZTF
59902.3811921;19.0940208;0.068162255;ZTF;ZTF(zr);ZTF
59906.3468866;19.7910652;0.125605404;ZTF;ZTF(zg);ZTF
59906.3860532;19.1676083;0.0721416026;ZTF;ZTF(zr);ZTF
59909.387338;19.2135849;0.0747427717;ZTF;ZTF(zr);ZTF
59913.3466435;19.5711746;0.107090175;ZTF;ZTF(zg);ZTF
59913.3666435;18.6120148;0.0669197664;ZTF;ZTF(zi);ZTF
59913.4065509;19.0750351;0.0671714395;ZTF;ZTF(zr);ZTF
59922.408912;19.1285229;0.070000194;ZTF;ZTF(zr);ZTF
59934.4082292;19.8256969;0.128736019;ZTF;ZTF(zg);ZTF
59934.4309838;18.9922981;0.0630207285;ZTF;ZTF(zr);ZTF
59936.4051042;18.6295433;0.0678282529;ZTF;ZTF(zi);ZTF
59936.4261458;19.048542;0.0658130273;ZTF;ZTF(zr);ZTF
59940.3086111;18.6415863;0.0684592798;ZTF;ZTF(zi);ZTF
59951.2844213;18.8400993;0.0560616627;ZTF;ZTF(zr);ZTF
59965.2404051;18.8602142;0.0569332056;ZTF;ZTF(zr);ZTF
59965.3708565;19.5645599;0.106570363;ZTF;ZTF(zg);ZTF
59966.2890046;18.8106308;0.0779208541;ZTF;ZTF(zi);ZTF
59968.2171991;19.1102066;0.0690184012;ZTF;ZTF(zr);ZTF
59968.2601736;19.5156097;0.10279052;ZTF;ZTF(zg);ZTF
59969.2451389;18.6869144;0.070885025;ZTF;ZTF(zi);ZTF
59970.2228704;18.9738922;0.0621334538;ZTF;ZTF(zr);ZTF
59972.2818634;18.9061222;0.0589762852;ZTF;ZTF(zr);ZTF
59979.2770486;19.7450142;0.0893206745;ZTF;ZTF(zg);ZTF
59980.3287847;19.7766514;0.0911481008;ZTF;ZTF(zg);ZTF
59984.3004282;18.9029713;0.0588336326;ZTF;ZTF(zr);ZTF
59987.3760069;19.1076412;0.0688819811;ZTF;ZTF(zr);ZTF
59987.3907176;18.7359505;0.0736003667;ZTF;ZTF(zi);ZTF
60014.00258528;15.356;0.135;NEOWISE;WISE(W1);NEOWISE
60014.13259758;14.88;0.321;NEOWISE;WISE(W2);NEOWISE
60014.13259758;15.194;0.118;NEOWISE;WISE(W1);NEOWISE
60014.26273716;15.408;0.129;NEOWISE;WISE(W1);NEOWISE
60014.26273716;14.757;0.344;NEOWISE;WISE(W2);NEOWISE
60014.32767964;15.221;0.148;NEOWISE;WISE(W1);NEOWISE
60014.32767964;14.737;0.271;NEOWISE;WISE(W2);NEOWISE
60014.39274943;14.643;0.224;NEOWISE;WISE(W2);NEOWISE
60014.45781927;15.401;0.147;NEOWISE;WISE(W1);NEOWISE
60014.45781927;14.857;0.303;NEOWISE;WISE(W2);NEOWISE
60014.52288911;15.523;0.135;NEOWISE;WISE(W1);NEOWISE
60014.52288911;14.875;0.286;NEOWISE;WISE(W2);NEOWISE
60014.58783153;15.398;0.189;NEOWISE;WISE(W1);NEOWISE
60014.58783153;14.81;0.393;NEOWISE;WISE(W2);NEOWISE
60014.65290132;15.548;0.188;NEOWISE;WISE(W1);NEOWISE
60014.65290132;14.76;0.279;NEOWISE;WISE(W2);NEOWISE
60014.71797116;15.409;0.134;NEOWISE;WISE(W1);NEOWISE
60014.78291368;14.697;0.279;NEOWISE;WISE(W2);NEOWISE
60014.78291368;15.363;0.145;NEOWISE;WISE(W1);NEOWISE
60014.84798347;14.977;0.289;NEOWISE;WISE(W2);NEOWISE
60014.84798347;15.525;0.182;NEOWISE;WISE(W1);NEOWISE
60014.91305331;15.55;0.142;NEOWISE;WISE(W1);NEOWISE
60014.97799579;15.542;0.208;NEOWISE;WISE(W1);NEOWISE
60015.04306562;15.346;0.121;NEOWISE;WISE(W1);NEOWISE
60015.04306562;15.195;0.45;NEOWISE;WISE(W2);NEOWISE
60015.10813542;15.667;0.176;NEOWISE;WISE(W1);NEOWISE
60015.10813542;14.56;0.257;NEOWISE;WISE(W2);NEOWISE
60015.23814772;15.34;0.121;NEOWISE;WISE(W1);NEOWISE
60015.23814772;14.583;0.289;NEOWISE;WISE(W2);NEOWISE
60015.36828735;14.717;0.269;NEOWISE;WISE(W2);NEOWISE
60015.36828735;15.53;0.186;NEOWISE;WISE(W1);NEOWISE
60015.62831189;15.538;0.143;NEOWISE;WISE(W1);NEOWISE
60015.62831189;14.623;0.248;NEOWISE;WISE(W2);NEOWISE
60030.3682523;19.1698608;0.0722669885;ZTF;ZTF(zr);ZTF
60036.4105903;19.1843262;0.0730770528;ZTF;ZTF(zr);ZTF
60043.3607176;19.2212753;0.0751867145;ZTF;ZTF(zr);ZTF
60045.2779514;19.2406158;0.0763143077;ZTF;ZTF(zr);ZTF
60045.3482639;19.7942905;0.125894591;ZTF;ZTF(zg);ZTF
60051.287037;19.1271286;0.0699250102;ZTF;ZTF(zr);ZTF
60053.3340625;19.6267281;0.111542359;ZTF;ZTF(zg);ZTF
60055.2204861;19.3150177;0.0808044225;ZTF;ZTF(zr);ZTF
60055.2805787;19.6058311;0.109849595;ZTF;ZTF(zg);ZTF
60057.2836574;19.2412033;0.0763487592;ZTF;ZTF(zr);ZTF
60059.1744097;19.601099;0.109469354;ZTF;ZTF(zg);ZTF
60059.2746412;19.1184273;0.0694573447;ZTF;ZTF(zr);ZTF
60061.1714699;19.8107834;0.127380937;ZTF;ZTF(zg);ZTF
60061.194456;19.1656647;0.0720336363;ZTF;ZTF(zr);ZTF
60063.2163657;19.8585167;0.131754816;ZTF;ZTF(zg);ZTF
60073.28;19.742382;0.121301688;ZTF;ZTF(zg);ZTF
60073.3021181;19.383316;0.0851436406;ZTF;ZTF(zr);ZTF
60077.288206;19.6692848;0.115056634;ZTF;ZTF(zg);ZTF
60077.3057639;19.2075958;0.0743988305;ZTF;ZTF(zr);ZTF
60079.3065972;19.163414;0.071908772;ZTF;ZTF(zr);ZTF
60081.2771759;19.171217;0.072342582;ZTF;ZTF(zr);ZTF
60086.2379514;19.8171616;0.127959162;ZTF;ZTF(zg);ZTF
60097.246713;19.1664906;0.0720795169;ZTF;ZTF(zr);ZTF
60220.4413773;19.5906525;0.108633772;ZTF;ZTF(zg);ZTF
60220.4904977;19.0973816;0.0683391392;ZTF;ZTF(zr);ZTF
60220.65608684;15.102;0.381;NEOWISE;WISE(W2);NEOWISE
60220.65608684;15.185;0.14;NEOWISE;WISE(W1);NEOWISE
60220.78546206;15.479;0.142;NEOWISE;WISE(W1);NEOWISE
60220.78546206;15.029;0.429;NEOWISE;WISE(W2);NEOWISE
60220.91496464;15.519;0.149;NEOWISE;WISE(W1);NEOWISE
60220.97965233;14.705;0.292;NEOWISE;WISE(W2);NEOWISE
60220.97965233;15.192;0.105;NEOWISE;WISE(W1);NEOWISE
60221.04433997;15.172;0.374;NEOWISE;WISE(W2);NEOWISE
60221.04433997;15.188;0.109;NEOWISE;WISE(W1);NEOWISE
60221.04446728;15.338;0.115;NEOWISE;WISE(W1);NEOWISE
60221.10915492;15.253;0.112;NEOWISE;WISE(W1);NEOWISE
60221.10915492;15.236;0.542;NEOWISE;WISE(W2);NEOWISE
60221.23853009;15.785;0.288;NEOWISE;WISE(W1);NEOWISE
60221.23853009;14.533;0.217;NEOWISE;WISE(W2);NEOWISE
60221.23865745;15.508;0.143;NEOWISE;WISE(W1);NEOWISE
60221.23865745;15.267;0.502;NEOWISE;WISE(W2);NEOWISE
60221.30334509;15.589;0.175;NEOWISE;WISE(W1);NEOWISE
60221.30334509;14.459;0.311;NEOWISE;WISE(W2);NEOWISE
60221.36803272;15.477;0.14;NEOWISE;WISE(W1);NEOWISE
60221.43272031;14.39;0.221;NEOWISE;WISE(W2);NEOWISE
60221.43272031;15.368;0.147;NEOWISE;WISE(W1);NEOWISE
60221.56222347;15.237;0.501;NEOWISE;WISE(W2);NEOWISE
60221.56222347;15.56;0.229;NEOWISE;WISE(W1);NEOWISE
60221.69172605;14.319;0.233;NEOWISE;WISE(W2);NEOWISE
60221.69172605;15.5;0.154;NEOWISE;WISE(W1);NEOWISE
60221.75641369;15.569;0.16;NEOWISE;WISE(W1);NEOWISE
60221.75641369;14.77;0.259;NEOWISE;WISE(W2);NEOWISE
60221.82110133;15.082;0.356;NEOWISE;WISE(W2);NEOWISE
60221.82110133;15.455;0.167;NEOWISE;WISE(W1);NEOWISE
60221.88591632;15.47;0.13;NEOWISE;WISE(W1);NEOWISE
60221.88591632;15.181;0.456;NEOWISE;WISE(W2);NEOWISE
60222.0152916;14.866;0.398;NEOWISE;WISE(W2);NEOWISE
60222.0152916;15.38;0.126;NEOWISE;WISE(W1);NEOWISE
60222.27416936;15.331;0.192;NEOWISE;WISE(W1);NEOWISE
60222.27416936;14.572;0.25;NEOWISE;WISE(W2);NEOWISE
60222.27429668;15.56;0.147;NEOWISE;WISE(W1);NEOWISE
60222.27429668;15.117;0.348;NEOWISE;WISE(W2);NEOWISE
60222.4909028;19.0078888;0.0637824163;ZTF;ZTF(zr);ZTF
60223.89301607;15.266;0.116;NEOWISE;WISE(W1);NEOWISE
60223.95770369;15.641;0.174;NEOWISE;WISE(W1);NEOWISE
60223.95770369;14.8;0.335;NEOWISE;WISE(W2);NEOWISE
60224.02251865;15.147;0.139;NEOWISE;WISE(W1);NEOWISE
60224.02251865;14.795;0.3;NEOWISE;WISE(W2);NEOWISE
60224.08720628;15.393;0.134;NEOWISE;WISE(W1);NEOWISE
60224.15189387;15.274;0.429;NEOWISE;WISE(W2);NEOWISE
60224.15189387;15.846;0.178;NEOWISE;WISE(W1);NEOWISE
60224.21670882;15.383;0.14;NEOWISE;WISE(W1);NEOWISE
60224.21670882;14.525;0.257;NEOWISE;WISE(W2);NEOWISE
60224.28139646;15.535;0.151;NEOWISE;WISE(W1);NEOWISE
60224.28139646;15.062;0.379;NEOWISE;WISE(W2);NEOWISE
60224.34608404;14.549;0.273;NEOWISE;WISE(W2);NEOWISE
60224.34608404;15.412;0.121;NEOWISE;WISE(W1);NEOWISE
60224.41077172;14.851;0.336;NEOWISE;WISE(W2);NEOWISE
60224.41077172;15.949;0.333;NEOWISE;WISE(W1);NEOWISE
60224.4407523;20.1589661;0.161484301;ZTF;ZTF(zg);ZTF
60224.47558672;14.939;0.486;NEOWISE;WISE(W2);NEOWISE
60224.47558672;15.643;0.156;NEOWISE;WISE(W1);NEOWISE
60224.5073148;19.2094154;0.0745032132;ZTF;ZTF(zr);ZTF
60224.6049619;15.746;0.199;NEOWISE;WISE(W1);NEOWISE
60224.6049619;15.107;0.376;NEOWISE;WISE(W2);NEOWISE
60224.66964949;15.23;0.471;NEOWISE;WISE(W2);NEOWISE
60224.66964949;16.1;0.395;NEOWISE;WISE(W1);NEOWISE
60224.73446444;15.388;0.211;NEOWISE;WISE(W1);NEOWISE
60224.79915213;15.308;0.115;NEOWISE;WISE(W1);NEOWISE
60224.79915213;14.706;0.263;NEOWISE;WISE(W2);NEOWISE
60224.86383971;15.525;0.245;NEOWISE;WISE(W1);NEOWISE
60224.86383971;15.186;0.462;NEOWISE;WISE(W2);NEOWISE
60224.99334235;15.701;0.163;NEOWISE;WISE(W1);NEOWISE
60224.99334235;14.355;0.268;NEOWISE;WISE(W2);NEOWISE
60225.12271757;15.192;0.488;NEOWISE;WISE(W2);NEOWISE
60225.12271757;15.693;0.294;NEOWISE;WISE(W1);NEOWISE
60225.12284493;15.223;0.51;NEOWISE;WISE(W2);NEOWISE
60225.12284493;15.419;0.137;NEOWISE;WISE(W1);NEOWISE
60225.2522201;15.731;0.179;NEOWISE;WISE(W1);NEOWISE
60225.2522201;15.008;0.316;NEOWISE;WISE(W2);NEOWISE
60232.4913194;19.19133;0.0734725222;ZTF;ZTF(zr);ZTF
60236.4076389;19.7624607;0.123062827;ZTF;ZTF(zg);ZTF
60236.4651505;19.1551857;0.0714541525;ZTF;ZTF(zr);ZTF
60238.493588;19.1336956;0.0702799484;ZTF;ZTF(zr);ZTF
60241.4098727;18.9241314;0.0597986281;ZTF;ZTF(zr);ZTF
60241.4449306;19.6878929;0.116621494;ZTF;ZTF(zg);ZTF
60244.4722569;19.1542168;0.071400784;ZTF;ZTF(zr);ZTF
60246.3865856;18.9742813;0.0685600936;ZTF;ZTF(zg);ZTF
60246.4964931;18.8670349;0.0572319478;ZTF;ZTF(zr);ZTF
60250.3776736;19.1931305;0.0735744908;ZTF;ZTF(zr);ZTF
60252.4100579;19.3479919;0.0828730762;ZTF;ZTF(zr);ZTF
60252.4740509;19.6607056;0.114340924;ZTF;ZTF(zg);ZTF
60254.4942824;19.1743736;0.0725187957;ZTF;ZTF(zr);ZTF
60258.3379282;19.8984089;0.135490716;ZTF;ZTF(zg);ZTF
60258.4309491;19.1230259;0.0697041079;ZTF;ZTF(zr);ZTF
60260.3428472;19.6006126;0.109430335;ZTF;ZTF(zg);ZTF
60260.3649653;19.2381649;0.0761705264;ZTF;ZTF(zr);ZTF
60262.4901505;19.3237648;0.081348449;ZTF;ZTF(zr);ZTF
60287.2533796;19.162569;0.0718619525;ZTF;ZTF(zr);ZTF
60287.3034606;19.9040298;0.13602297;ZTF;ZTF(zg);ZTF
60289.386412;19.9469318;0.140130177;ZTF;ZTF(zg);ZTF
60291.3679861;19.1339111;0.0702916309;ZTF;ZTF(zr);ZTF
60291.4076968;19.657795;0.114098996;ZTF;ZTF(zg);ZTF
60296.3493171;20.0064487;0.14595671;ZTF;ZTF(zg);ZTF
60296.4408796;19.1336689;0.0702785254;ZTF;ZTF(zr);ZTF
60308.4867593;19.0450191;0.0656345114;ZTF;ZTF(zr);ZTF
60315.3153472;19.1127262;0.0691526607;ZTF;ZTF(zr);ZTF
60315.4021991;19.2451859;0.0765830651;ZTF;ZTF(zr);ZTF
60322.3977778;19.090868;0.0679967031;ZTF;ZTF(zr);ZTF
60322.4969213;19.6334667;0.11209286;ZTF;ZTF(zg);ZTF
60324.2397801;19.17733;0.0726842135;ZTF;ZTF(zr);ZTF
60326.3919329;19.0894928;0.0679245964;ZTF;ZTF(zr);ZTF
60352.3275579;19.1170197;0.0693820342;ZTF;ZTF(zr);ZTF
60357.3047569;19.1579533;0.071606718;ZTF;ZTF(zr);ZTF
60369.3118634;19.1698303;0.0722652599;ZTF;ZTF(zr);ZTF
60378.09596564;15.088;0.442;NEOWISE;WISE(W2);NEOWISE
60378.09596564;15.2;0.103;NEOWISE;WISE(W1);NEOWISE
60378.22470438;15.334;0.118;NEOWISE;WISE(W1);NEOWISE
60378.22470438;15.206;0.412;NEOWISE;WISE(W2);NEOWISE
60378.2248727;19.1239471;0.0697536618;ZTF;ZTF(zr);ZTF
60378.35344311;14.272;0.26;NEOWISE;WISE(W2);NEOWISE
60378.35344311;15.318;0.121;NEOWISE;WISE(W1);NEOWISE
60378.41774888;14.898;0.329;NEOWISE;WISE(W2);NEOWISE
60378.41774888;15.774;0.212;NEOWISE;WISE(W1);NEOWISE
60378.48154523;15.062;0.348;NEOWISE;WISE(W2);NEOWISE
60378.48154523;15.351;0.136;NEOWISE;WISE(W1);NEOWISE
60378.54597826;15.626;0.155;NEOWISE;WISE(W1);NEOWISE
60378.54597826;14.928;0.333;NEOWISE;WISE(W2);NEOWISE
60378.61079323;15.367;0.222;NEOWISE;WISE(W1);NEOWISE
60378.61079323;14.729;0.437;NEOWISE;WISE(W2);NEOWISE
60378.67509895;15.563;0.149;NEOWISE;WISE(W1);NEOWISE
60378.73953203;15.354;0.117;NEOWISE;WISE(W1);NEOWISE
60378.73953203;15.101;0.449;NEOWISE;WISE(W2);NEOWISE
60378.80383773;15.464;0.133;NEOWISE;WISE(W1);NEOWISE
60378.86814345;15.538;0.152;NEOWISE;WISE(W1);NEOWISE
60378.86814345;14.543;0.242;NEOWISE;WISE(W2);NEOWISE
60378.93257652;15.398;0.132;NEOWISE;WISE(W1);NEOWISE
60378.99688223;14.545;0.235;NEOWISE;WISE(W2);NEOWISE
60378.99688223;15.535;0.202;NEOWISE;WISE(W1);NEOWISE
60379.06118794;15.353;0.426;NEOWISE;WISE(W2);NEOWISE
60379.06118794;15.56;0.159;NEOWISE;WISE(W1);NEOWISE
60379.12511167;15.385;0.132;NEOWISE;WISE(W1);NEOWISE
60379.12511167;15.182;0.372;NEOWISE;WISE(W2);NEOWISE
60379.25423235;14.323;0.197;NEOWISE;WISE(W2);NEOWISE
60379.25423235;15.356;0.133;NEOWISE;WISE(W1);NEOWISE
60379.318666;15.164;0.109;NEOWISE;WISE(W1);NEOWISE
60379.44727742;14.59;0.285;NEOWISE;WISE(W2);NEOWISE
60379.44727742;15.644;0.154;NEOWISE;WISE(W1);NEOWISE
60379.57601616;15.596;0.155;NEOWISE;WISE(W1);NEOWISE
60379.7047549;15.055;0.154;NEOWISE;WISE(W1);NEOWISE
60379.7047549;14.634;0.269;NEOWISE;WISE(W2);NEOWISE
60387.81262486;14.821;0.346;NEOWISE;WISE(W2);NEOWISE
60387.81262486;15.565;0.164;NEOWISE;WISE(W1);NEOWISE
60388.2219907;19.102026;0.0685843602;ZTF;ZTF(zr);ZTF
60388.2802546;19.8137817;0.127652541;ZTF;ZTF(zg);ZTF
60390.3656366;19.1626606;0.0718670338;ZTF;ZTF(zr);ZTF
60398.3882292;19.0838432;0.0676293001;ZTF;ZTF(zr);ZTF
60404.1615046;19.2132072;0.0747210905;ZTF;ZTF(zr);ZTF
60416.2162847;19.0925236;0.0680835918;ZTF;ZTF(zr);ZTF
60418.2380671;19.7282162;0.120070875;ZTF;ZTF(zg);ZTF
60420.3659144;19.2093487;0.0744993836;ZTF;ZTF(zr);ZTF
60422.2412963;19.8019352;0.126581863;ZTF;ZTF(zg);ZTF
60422.2815162;19.115921;0.0693232492;ZTF;ZTF(zr);ZTF
60430.2630671;19.1528225;0.0713240504;ZTF;ZTF(zr);ZTF
60432.3213889;19.1991863;0.0739185289;ZTF;ZTF(zr);ZTF
60434.2631597;19.1489353;0.0711106136;ZTF;ZTF(zr);ZTF
60434.3245718;19.8035889;0.126730993;ZTF;ZTF(zg);ZTF
60437.2360301;19.1691818;0.072229147;ZTF;ZTF(zr);ZTF
60437.2813426;19.8830624;0.13404505;ZTF;ZTF(zg);ZTF
60437.3289699;18.5238991;0.0625292733;ZTF;ZTF(zi);ZTF
60438.2385764;19.1028023;0.0686254203;ZTF;ZTF(zr);ZTF
60438.2768981;18.5947666;0.0660372749;ZTF;ZTF(zi);ZTF
60447.2795255;19.908577;0.136454433;ZTF;ZTF(zg);ZTF
