MJD;Magnitude;Error;Facility;Filter;Observer
52614.4973043;18.878;0.546;LINEAR;LINEAR(CL);LINEAR
52646.4062386;18.683;0.459;LINEAR;LINEAR(CL);LINEAR
52646.4219967;18.374;0.328;LINEAR;LINEAR(CL);LINEAR
52646.4369647;18.165;0.272;LINEAR;LINEAR(CL);LINEAR
52646.4520764;18.577;0.394;LINEAR;LINEAR(CL);LINEAR
52646.4670609;18.542;0.386;LINEAR;LINEAR(CL);LINEAR
52649.4724264;18.547;0.355;LINEAR;LINEAR(CL);LINEAR
52649.4874913;18.179;0.252;LINEAR;LINEAR(CL);LINEAR
52666.4186412;19.104;0.57;LINEAR;LINEAR(CL);LINEAR
52672.3935305;18.646;0.408;LINEAR;LINEAR(CL);LINEAR
52701.374638;18.813;0.454;LINEAR;LINEAR(CL);LINEAR
52701.4228067;18.808;0.5;LINEAR;LINEAR(CL);LINEAR
52706.330096;18.59;0.326;LINEAR;LINEAR(CL);LINEAR
52710.3057846;18.755;0.482;LINEAR;LINEAR(CL);LINEAR
52710.3339081;18.783;0.477;LINEAR;LINEAR(CL);LINEAR
52710.3469992;18.994;0.594;LINEAR;LINEAR(CL);LINEAR
52710.3603447;18.812;0.487;LINEAR;LINEAR(CL);LINEAR
52724.2477595;19.07;0.538;LINEAR;LINEAR(CL);LINEAR
52724.2718571;18.705;0.388;LINEAR;LINEAR(CL);LINEAR
52724.2972054;19.033;0.523;LINEAR;LINEAR(CL);LINEAR
52733.2461772;18.526;0.348;LINEAR;LINEAR(CL);LINEAR
52733.2584094;18.595;0.388;LINEAR;LINEAR(CL);LINEAR
52733.282555;18.847;0.478;LINEAR;LINEAR(CL);LINEAR
52733.2946595;18.377;0.48;LINEAR;LINEAR(CL);LINEAR
52753.2014289;18.606;0.427;LINEAR;LINEAR(CL);LINEAR
52753.252807;18.898;0.582;LINEAR;LINEAR(CL);LINEAR
52992.517433;18.601;0.414;LINEAR;LINEAR(CL);LINEAR
53002.4889209;19.08;0.297;LINEAR;LINEAR(CL);LINEAR
53034.3391762;18.761;0.487;LINEAR;LINEAR(CL);LINEAR
53034.3749508;18.919;0.502;LINEAR;LINEAR(CL);LINEAR
53034.3869074;18.923;0.495;LINEAR;LINEAR(CL);LINEAR
53064.3041309;18.829;0.401;LINEAR;LINEAR(CL);LINEAR
53064.31663;18.671;0.317;LINEAR;LINEAR(CL);LINEAR
53064.3289174;18.708;0.332;LINEAR;LINEAR(CL);LINEAR
53065.3559962;18.775;0.407;LINEAR;LINEAR(CL);LINEAR
53078.3508981;19.012;0.553;LINEAR;LINEAR(CL);LINEAR
53119.252816;19.056;0.466;LINEAR;LINEAR(CL);LINEAR
53119.2633276;18.995;0.437;LINEAR;LINEAR(CL);LINEAR
53119.2738424;18.739;0.346;LINEAR;LINEAR(CL);LINEAR
53137.2137006;18.634;0.457;LINEAR;LINEAR(CL);LINEAR
53137.2240514;18.853;0.536;LINEAR;LINEAR(CL);LINEAR
53149.2134899;19.159;0.607;LINEAR;LINEAR(CL);LINEAR
53149.2225448;18.488;0.327;LINEAR;LINEAR(CL);LINEAR
53165.2164941;18.163;0.419;LINEAR;LINEAR(CL);LINEAR
53165.226328;18.256;0.416;LINEAR;LINEAR(CL);LINEAR
53469.28767;19.07;0.17;CRTS;CRTS(CL);CRTS
53469.29577;19.13;0.18;CRTS;CRTS(CL);CRTS
53469.30395;19.36;0.2;CRTS;CRTS(CL);CRTS
53469.31207;19.22;0.19;CRTS;CRTS(CL);CRTS
53500.25986;19.08;0.18;CRTS;CRTS(CL);CRTS
53500.26637;19.12;0.18;CRTS;CRTS(CL);CRTS
53500.27024721;20.175621;0.024573246;SDSS;SDSS(r);SDSS
53500.27066185;20.57888;0.031023277;SDSS;SDSS(r);SDSS
53500.27107648;19.783566;0.031758636;SDSS;SDSS(i);SDSS
53500.27149111;20.139202;0.033553004;SDSS;SDSS(i);SDSS
53500.27190574;21.758448;0.13295785;SDSS;SDSS(u);SDSS
53500.27232038;23.190449;0.39565405;SDSS;SDSS(u);SDSS
53500.27273501;19.432657;0.06386623;SDSS;SDSS(z);SDSS
53500.27282;18.91;0.16;CRTS;CRTS(CL);CRTS
53500.27314964;19.704357;0.07476939;SDSS;SDSS(z);SDSS
53500.27356427;20.803583;0.048570592;SDSS;SDSS(g);SDSS
53500.2739789;23.528244;0.256408;SDSS;SDSS(g);SDSS
53500.27932;19.13;0.18;CRTS;CRTS(CL);CRTS
53501.1961296;18.487;0.381;LINEAR;LINEAR(CL);LINEAR
53501.2282422;18.71;0.464;LINEAR;LINEAR(CL);LINEAR
53526.1979965901;19.951155;0.026671916;SDSS;SDSS(r);SDSS
53526.19882586;19.564585;0.025297754;SDSS;SDSS(i);SDSS
53526.19965512;21.498518;0.13784549;SDSS;SDSS(u);SDSS
53526.2004843901;19.427727;0.06827838;SDSS;SDSS(z);SDSS
53526.20131365;20.717424;0.031716757;SDSS;SDSS(g);SDSS
53527.14565948;20.101719;0.029445495;SDSS;SDSS(r);SDSS
53527.14565948;20.115446;0.029478692;SDSS;SDSS(r);SDSS
53527.1464887401;19.587004;0.027937766;SDSS;SDSS(i);SDSS
53527.1464887401;19.599922;0.027583182;SDSS;SDSS(i);SDSS
53527.14731801;23.190441;0.5103064;SDSS;SDSS(u);SDSS
53527.14731801;22.73971;0.28649223;SDSS;SDSS(u);SDSS
53527.14814727;19.431221;0.06767297;SDSS;SDSS(z);SDSS
53527.14814727;19.358671;0.06383466;SDSS;SDSS(z);SDSS
53527.14897654;20.64039;0.028799282;SDSS;SDSS(g);SDSS
53527.14897654;22.153175;0.1777542;SDSS;SDSS(g);SDSS
53529.18756;18.98;0.17;CRTS;CRTS(CL);CRTS
53529.19315;19.26;0.19;CRTS;CRTS(CL);CRTS
53529.19876;19.32;0.2;CRTS;CRTS(CL);CRTS
53529.20431;18.78;0.15;CRTS;CRTS(CL);CRTS
53709.45921;19.13;0.18;CRTS;CRTS(CL);CRTS
53709.46629;19.22;0.19;CRTS;CRTS(CL);CRTS
53709.47327;19.31;0.2;CRTS;CRTS(CL);CRTS
53709.48027;19.2;0.19;CRTS;CRTS(CL);CRTS
53728.50504;19.13;0.19;CRTS;CRTS(CL);CRTS
53728.51427;19.99;0.31;CRTS;CRTS(CL);CRTS
53728.53258;18.46;0.14;CRTS;CRTS(CL);CRTS
53739.4418509;18.427;0.468;LINEAR;LINEAR(CL);LINEAR
53739.45409;19.77;0.24;CRTS;CRTS(CL);CRTS
53739.46236;19.16;0.18;CRTS;CRTS(CL);CRTS
53739.47066;19.11;0.18;CRTS;CRTS(CL);CRTS
53739.47895;18.96;0.16;CRTS;CRTS(CL);CRTS
53763.45559;18.99;0.17;CRTS;CRTS(CL);CRTS
53763.46328;19.07;0.17;CRTS;CRTS(CL);CRTS
53763.47088;19.07;0.17;CRTS;CRTS(CL);CRTS
53763.47852;19.29;0.19;CRTS;CRTS(CL);CRTS
53787.4142394;18.357;0.409;LINEAR;LINEAR(CL);LINEAR
53787.428;19.21;0.19;CRTS;CRTS(CL);CRTS
53787.43628;18.87;0.16;CRTS;CRTS(CL);CRTS
53787.44457;19.26;0.19;CRTS;CRTS(CL);CRTS
53787.46637;19.39;0.27;CRTS;CRTS(CL);CRTS
53794.4108;19.24;0.2;CRTS;CRTS(CL);CRTS
53794.41838;19.09;0.19;CRTS;CRTS(CL);CRTS
53794.42592;19.35;0.21;CRTS;CRTS(CL);CRTS
53794.43347;19.18;0.19;CRTS;CRTS(CL);CRTS
53803.25122;19.09;0.22;CRTS;CRTS(CL);CRTS
53803.25626;19.23;0.24;CRTS;CRTS(CL);CRTS
53803.26339;19.26;0.24;CRTS;CRTS(CL);CRTS
53819.24584;19.02;0.19;CRTS;CRTS(CL);CRTS
53819.25346;19.31;0.22;CRTS;CRTS(CL);CRTS
53819.26113;19.31;0.27;CRTS;CRTS(CL);CRTS
53819.26878;18.59;0.18;CRTS;CRTS(CL);CRTS
53827.24839;18.91;0.17;CRTS;CRTS(CL);CRTS
53827.25688;18.96;0.17;CRTS;CRTS(CL);CRTS
53827.26539;19.05;0.18;CRTS;CRTS(CL);CRTS
53827.2739;19.08;0.18;CRTS;CRTS(CL);CRTS
53844.2396679;18.696;0.376;LINEAR;LINEAR(CL);LINEAR
53844.2507852;18.602;0.363;LINEAR;LINEAR(CL);LINEAR
53850.18559;19.22;0.19;CRTS;CRTS(CL);CRTS
53850.19488;19.05;0.18;CRTS;CRTS(CL);CRTS
53850.20408;18.94;0.17;CRTS;CRTS(CL);CRTS
53850.21321;19.38;0.21;CRTS;CRTS(CL);CRTS
53853.1960873;18.258;0.371;LINEAR;LINEAR(CL);LINEAR
53858.22969;19.25;0.2;CRTS;CRTS(CL);CRTS
53858.23828;18.99;0.18;CRTS;CRTS(CL);CRTS
53858.24687;18.81;0.16;CRTS;CRTS(CL);CRTS
53858.25547;19.21;0.2;CRTS;CRTS(CL);CRTS
53878.23934;19.51;0.22;CRTS;CRTS(CL);CRTS
53878.24681;19.24;0.2;CRTS;CRTS(CL);CRTS
53878.25429;19.59;0.24;CRTS;CRTS(CL);CRTS
53878.26174;18.96;0.17;CRTS;CRTS(CL);CRTS
53885.16795;19.04;0.18;CRTS;CRTS(CL);CRTS
53885.1772;19.15;0.19;CRTS;CRTS(CL);CRTS
53885.18636;19.44;0.22;CRTS;CRTS(CL);CRTS
53885.1956;19.23;0.2;CRTS;CRTS(CL);CRTS
54056.48547;19.02;0.16;CRTS;CRTS(CL);CRTS
54056.4915;18.42;0.13;CRTS;CRTS(CL);CRTS
54056.49746;18.74;0.15;CRTS;CRTS(CL);CRTS
54056.5035;18.84;0.15;CRTS;CRTS(CL);CRTS
54068.4562216;18.514;0.342;LINEAR;LINEAR(CL);LINEAR
54094.42725;19.19;0.18;CRTS;CRTS(CL);CRTS
54094.43652;19.07;0.17;CRTS;CRTS(CL);CRTS
54094.4458;19.2;0.18;CRTS;CRTS(CL);CRTS
54094.45503;18.76;0.15;CRTS;CRTS(CL);CRTS
54098.3946053;19.034;0.496;LINEAR;LINEAR(CL);LINEAR
54117.38989;18.92;0.16;CRTS;CRTS(CL);CRTS
54117.39653;18.91;0.16;CRTS;CRTS(CL);CRTS
54117.40319;19.2;0.18;CRTS;CRTS(CL);CRTS
54117.40987;18.95;0.16;CRTS;CRTS(CL);CRTS
54121.3344966;18.491;0.289;LINEAR;LINEAR(CL);LINEAR
54128.41583;19.13;0.17;CRTS;CRTS(CL);CRTS
54128.42294;19.25;0.18;CRTS;CRTS(CL);CRTS
54128.43007;19.22;0.18;CRTS;CRTS(CL);CRTS
54128.43728;19.18;0.18;CRTS;CRTS(CL);CRTS
54168.45022;19.25;0.18;CRTS;CRTS(CL);CRTS
54168.45886;18.79;0.15;CRTS;CRTS(CL);CRTS
54168.46759;19.82;0.25;CRTS;CRTS(CL);CRTS
54168.47628;19.19;0.18;CRTS;CRTS(CL);CRTS
54169.2869681;18.62;0.365;LINEAR;LINEAR(CL);LINEAR
54169.2979917;18.588;0.403;LINEAR;LINEAR(CL);LINEAR
54169.3089105;18.9;0.553;LINEAR;LINEAR(CL);LINEAR
54169.3197487;18.459;0.398;LINEAR;LINEAR(CL);LINEAR
54175.26045;18.94;0.16;CRTS;CRTS(CL);CRTS
54175.26815;19.08;0.17;CRTS;CRTS(CL);CRTS
54175.27584;19.03;0.17;CRTS;CRTS(CL);CRTS
54175.28353;19.02;0.17;CRTS;CRTS(CL);CRTS
54204.34103;19.04;0.17;CRTS;CRTS(CL);CRTS
54204.34777;18.67;0.15;CRTS;CRTS(CL);CRTS
54204.35448;19.03;0.17;CRTS;CRTS(CL);CRTS
54204.3612;18.84;0.16;CRTS;CRTS(CL);CRTS
54231.21572;19.02;0.17;CRTS;CRTS(CL);CRTS
54231.22215;19.16;0.18;CRTS;CRTS(CL);CRTS
54231.22861;19.22;0.19;CRTS;CRTS(CL);CRTS
54231.23505;19.29;0.19;CRTS;CRTS(CL);CRTS
54415.49593;18.96;0.16;CRTS;CRTS(CL);CRTS
54415.50256;19.0;0.17;CRTS;CRTS(CL);CRTS
54415.50927;18.95;0.16;CRTS;CRTS(CL);CRTS
54415.51591;18.87;0.16;CRTS;CRTS(CL);CRTS
54450.44008;19.34;0.19;CRTS;CRTS(CL);CRTS
54450.44683;19.01;0.16;CRTS;CRTS(CL);CRTS
54450.4535;18.99;0.16;CRTS;CRTS(CL);CRTS
54450.46021;19.12;0.17;CRTS;CRTS(CL);CRTS
54476.42601;19.24;0.18;CRTS;CRTS(CL);CRTS
54476.43533;18.89;0.15;CRTS;CRTS(CL);CRTS
54476.44442;19.09;0.17;CRTS;CRTS(CL);CRTS
54476.45288;19.19;0.18;CRTS;CRTS(CL);CRTS
54496.36307;19.26;0.18;CRTS;CRTS(CL);CRTS
54496.37287;18.96;0.21;CRTS;CRTS(CL);CRTS
54496.38025;19.17;0.18;CRTS;CRTS(CL);CRTS
54496.38634;19.16;0.17;CRTS;CRTS(CL);CRTS
54502.35954;18.98;0.16;CRTS;CRTS(CL);CRTS
54502.36886;19.04;0.17;CRTS;CRTS(CL);CRTS
54502.37823;19.02;0.16;CRTS;CRTS(CL);CRTS
54502.3876;19.0;0.16;CRTS;CRTS(CL);CRTS
54510.3157;19.1;0.17;CRTS;CRTS(CL);CRTS
54510.32234;19.2;0.18;CRTS;CRTS(CL);CRTS
54510.32899;19.02;0.16;CRTS;CRTS(CL);CRTS
54510.33563;19.1;0.17;CRTS;CRTS(CL);CRTS
54525.2823;19.53;0.24;CRTS;CRTS(CL);CRTS
54525.28947;18.7;0.16;CRTS;CRTS(CL);CRTS
54525.29662;19.35;0.22;CRTS;CRTS(CL);CRTS
54525.30378;18.92;0.18;CRTS;CRTS(CL);CRTS
54531.29063;18.85;0.15;CRTS;CRTS(CL);CRTS
54531.29786;19.45;0.21;CRTS;CRTS(CL);CRTS
54531.30514;18.95;0.16;CRTS;CRTS(CL);CRTS
54531.31239;18.89;0.16;CRTS;CRTS(CL);CRTS
54538.31952;18.98;0.14;CRTS;CRTS(CL);CRTS
54538.3282;19.01;0.14;CRTS;CRTS(CL);CRTS
54538.33683;19.16;0.15;CRTS;CRTS(CL);CRTS
54538.34549;19.26;0.16;CRTS;CRTS(CL);CRTS
54554.22642;18.77;0.15;CRTS;CRTS(CL);CRTS
54554.2335;19.03;0.17;CRTS;CRTS(CL);CRTS
54554.24053;18.94;0.16;CRTS;CRTS(CL);CRTS
54554.24766;19.02;0.17;CRTS;CRTS(CL);CRTS
54562.24546;19.09;0.18;CRTS;CRTS(CL);CRTS
54562.25089;18.88;0.16;CRTS;CRTS(CL);CRTS
54562.25635;18.86;0.16;CRTS;CRTS(CL);CRTS
54562.26179;19.0;0.17;CRTS;CRTS(CL);CRTS
54582.22839;18.92;0.16;CRTS;CRTS(CL);CRTS
54582.23502;18.86;0.16;CRTS;CRTS(CL);CRTS
54582.24164;19.34;0.2;CRTS;CRTS(CL);CRTS
54582.24829;18.87;0.16;CRTS;CRTS(CL);CRTS
54592.21405;18.68;0.15;CRTS;CRTS(CL);CRTS
54592.22049;19.09;0.18;CRTS;CRTS(CL);CRTS
54592.22694;19.11;0.18;CRTS;CRTS(CL);CRTS
54592.23339;18.83;0.16;CRTS;CRTS(CL);CRTS
54594.214939;17.987;0.363;LINEAR;LINEAR(CL);LINEAR
54594.2433273;17.868;0.353;LINEAR;LINEAR(CL);LINEAR
54597.2011567;17.879;0.385;LINEAR;LINEAR(CL);LINEAR
54597.2224761;17.877;0.359;LINEAR;LINEAR(CL);LINEAR
54620.2004894;19.053;0.559;LINEAR;LINEAR(CL);LINEAR
54793.52805;19.14;0.17;CRTS;CRTS(CL);CRTS
54793.5329;19.08;0.17;CRTS;CRTS(CL);CRTS
54793.53779;18.51;0.13;CRTS;CRTS(CL);CRTS
54793.54266;19.04;0.16;CRTS;CRTS(CL);CRTS
54805.45109;19.2;0.18;CRTS;CRTS(CL);CRTS
54805.45773;19.02;0.18;CRTS;CRTS(CL);CRTS
54805.46446;18.83;0.16;CRTS;CRTS(CL);CRTS
54805.47694;19.14;0.17;CRTS;CRTS(CL);CRTS
54856.37641;19.1;0.17;CRTS;CRTS(CL);CRTS
54856.38423;19.08;0.17;CRTS;CRTS(CL);CRTS
54856.39216;18.91;0.15;CRTS;CRTS(CL);CRTS
54856.40008;19.11;0.17;CRTS;CRTS(CL);CRTS
54867.32226;18.96;0.18;CRTS;CRTS(CL);CRTS
54867.32969;19.23;0.2;CRTS;CRTS(CL);CRTS
54867.33728;19.22;0.2;CRTS;CRTS(CL);CRTS
54867.34492;18.97;0.18;CRTS;CRTS(CL);CRTS
54877.46844;19.74;0.27;CRTS;CRTS(CL);CRTS
54877.47377;19.21;0.2;CRTS;CRTS(CL);CRTS
54877.47918;19.22;0.21;CRTS;CRTS(CL);CRTS
54877.50432;19.28;0.23;CRTS;CRTS(CL);CRTS
54886.32836;19.18;0.2;CRTS;CRTS(CL);CRTS
54886.33262;18.72;0.15;CRTS;CRTS(CL);CRTS
54886.33683;19.01;0.17;CRTS;CRTS(CL);CRTS
54886.34104;18.72;0.15;CRTS;CRTS(CL);CRTS
54893.302;19.17;0.18;CRTS;CRTS(CL);CRTS
54893.3098;19.12;0.17;CRTS;CRTS(CL);CRTS
54893.31766;19.12;0.17;CRTS;CRTS(CL);CRTS
54893.32558;19.15;0.17;CRTS;CRTS(CL);CRTS
54903.3838572;19.25132179260254;0.11598965525627136;PTF;PTF(R);PTF
54903.4416272;19.400707244873047;0.14657175540924072;PTF;PTF(R);PTF
54906.25983;18.9;0.15;CRTS;CRTS(CL);CRTS
54906.26517;18.85;0.15;CRTS;CRTS(CL);CRTS
54906.27058;18.73;0.14;CRTS;CRTS(CL);CRTS
54906.27597;19.32;0.19;CRTS;CRTS(CL);CRTS
54917.28449;19.37;0.2;CRTS;CRTS(CL);CRTS
54917.2892;19.09;0.17;CRTS;CRTS(CL);CRTS
54917.29406;18.8;0.15;CRTS;CRTS(CL);CRTS
54917.29895;18.67;0.14;CRTS;CRTS(CL);CRTS
54924.16524;18.9;0.16;CRTS;CRTS(CL);CRTS
54924.17053;19.26;0.19;CRTS;CRTS(CL);CRTS
54924.17597;18.95;0.16;CRTS;CRTS(CL);CRTS
54924.18132;19.17;0.18;CRTS;CRTS(CL);CRTS
54944.31568;19.14;0.18;CRTS;CRTS(CL);CRTS
54944.32273;19.08;0.17;CRTS;CRTS(CL);CRTS
54944.32998;18.98;0.17;CRTS;CRTS(CL);CRTS
54968.22889;19.03;0.18;CRTS;CRTS(CL);CRTS
54968.23432;18.88;0.17;CRTS;CRTS(CL);CRTS
54968.23985;19.1;0.18;CRTS;CRTS(CL);CRTS
54968.24535;19.28;0.2;CRTS;CRTS(CL);CRTS
55144.5140272;19.532184600830078;0.15647752583026886;PTF;PTF(R);PTF
55155.5036;18.67;0.18;CRTS;CRTS(CL);CRTS
55155.50905;19.29;0.24;CRTS;CRTS(CL);CRTS
55155.51444;19.19;0.23;CRTS;CRTS(CL);CRTS
55155.51995;19.16;0.22;CRTS;CRTS(CL);CRTS
55184.51266;19.2;0.18;CRTS;CRTS(CL);CRTS
55184.51901;18.96;0.16;CRTS;CRTS(CL);CRTS
55184.52543;19.03;0.16;CRTS;CRTS(CL);CRTS
55184.53181;18.99;0.16;CRTS;CRTS(CL);CRTS
55208.4471;19.11;0.17;CRTS;CRTS(CL);CRTS
55208.45407;19.1;0.17;CRTS;CRTS(CL);CRTS
55208.46107;18.93;0.16;CRTS;CRTS(CL);CRTS
55208.46806;19.07;0.17;CRTS;CRTS(CL);CRTS
55241.33407;19.07;0.18;CRTS;CRTS(CL);CRTS
55241.34106;19.2;0.19;CRTS;CRTS(CL);CRTS
55241.34809;19.24;0.19;CRTS;CRTS(CL);CRTS
55241.35506;18.95;0.17;CRTS;CRTS(CL);CRTS
55246.39186;19.26;0.26;CRTS;CRTS(CL);CRTS
55246.4017;19.31;0.2;CRTS;CRTS(CL);CRTS
55246.41162;19.1;0.18;CRTS;CRTS(CL);CRTS
55246.42148;18.51;0.14;CRTS;CRTS(CL);CRTS
55259.4469;19.2;0.18;CRTS;CRTS(CL);CRTS
55259.45354;19.52;0.21;CRTS;CRTS(CL);CRTS
55259.46018;19.24;0.19;CRTS;CRTS(CL);CRTS
55259.46686;19.96;0.27;CRTS;CRTS(CL);CRTS
55268.2646;19.3;0.19;CRTS;CRTS(CL);CRTS
55268.27035;18.96;0.16;CRTS;CRTS(CL);CRTS
55268.27604;18.79;0.15;CRTS;CRTS(CL);CRTS
55268.28181;19.07;0.17;CRTS;CRTS(CL);CRTS
55270.4547472;19.221542358398438;0.09099505096673965;PTF;PTF(R);PTF
55270.5021972;19.903457641601562;0.11999264359474182;PTF;PTF(R);PTF
55276.30885;19.02;0.17;CRTS;CRTS(CL);CRTS
55276.31811;18.94;0.16;CRTS;CRTS(CL);CRTS
55276.32733;18.98;0.17;CRTS;CRTS(CL);CRTS
55276.33671;19.02;0.17;CRTS;CRTS(CL);CRTS
55290.31797;19.44;0.2;CRTS;CRTS(CL);CRTS
55290.32429;18.86;0.16;CRTS;CRTS(CL);CRTS
55290.33072;19.27;0.19;CRTS;CRTS(CL);CRTS
55290.33708;18.88;0.16;CRTS;CRTS(CL);CRTS
55295.22118;19.07;0.17;CRTS;CRTS(CL);CRTS
55295.2268;19.51;0.21;CRTS;CRTS(CL);CRTS
55295.23253;19.04;0.17;CRTS;CRTS(CL);CRTS
55295.23824;19.01;0.17;CRTS;CRTS(CL);CRTS
55303.28705;19.3;0.2;CRTS;CRTS(CL);CRTS
55303.29568;19.26;0.19;CRTS;CRTS(CL);CRTS
55303.30438;19.22;0.19;CRTS;CRTS(CL);CRTS
55303.31313;18.85;0.16;CRTS;CRTS(CL);CRTS
55325.21697;18.93;0.16;CRTS;CRTS(CL);CRTS
55325.22441;19.19;0.18;CRTS;CRTS(CL);CRTS
55325.23182;18.99;0.17;CRTS;CRTS(CL);CRTS
55325.23929;18.85;0.16;CRTS;CRTS(CL);CRTS
55336.19315;19.61;0.22;CRTS;CRTS(CL);CRTS
55336.20175;19.04;0.17;CRTS;CRTS(CL);CRTS
55336.20972;18.95;0.16;CRTS;CRTS(CL);CRTS
55336.21771;19.76;0.24;CRTS;CRTS(CL);CRTS
55351.5215955;16.612;0.35;ALLWISE;WISE(W1);ALLWISE
55351.6538992;15.085;0.384;ALLWISE;WISE(W2);ALLWISE
55351.6538992;16.682;0.409;ALLWISE;WISE(W1);ALLWISE
55351.786203;16.249;0.261;ALLWISE;WISE(W1);ALLWISE
55351.8522912;16.408;0.277;ALLWISE;WISE(W1);ALLWISE
55351.9185068;16.263;0.276;ALLWISE;WISE(W1);ALLWISE
55351.9845951;16.136;0.235;ALLWISE;WISE(W1);ALLWISE
55352.0508106;16.658;0.391;ALLWISE;WISE(W1);ALLWISE
55352.1168989;16.395;0.315;ALLWISE;WISE(W1);ALLWISE
55352.2492026;15.232;0.375;ALLWISE;WISE(W2);ALLWISE
55352.381507;16.494;0.347;ALLWISE;WISE(W1);ALLWISE
55352.5138107;16.062;0.227;ALLWISE;WISE(W1);ALLWISE
55352.5138107;15.505;0.51;ALLWISE;WISE(W2);ALLWISE
55361.21597;18.78;0.16;CRTS;CRTS(CL);CRTS
55361.22047;18.87;0.16;CRTS;CRTS(CL);CRTS
55361.22507;18.94;0.17;CRTS;CRTS(CL);CRTS
55361.22962;18.81;0.16;CRTS;CRTS(CL);CRTS
55369.18628;19.06;0.18;CRTS;CRTS(CL);CRTS
55369.19205;18.93;0.17;CRTS;CRTS(CL);CRTS
55369.19783;19.14;0.18;CRTS;CRTS(CL);CRTS
55369.20362;19.12;0.18;CRTS;CRTS(CL);CRTS
55541.0415508;16.147;0.265;ALLWISE;WISE(W1);ALLWISE
55541.1737279;16.197;0.268;ALLWISE;WISE(W1);ALLWISE
55541.1737279;15.361;0.452;ALLWISE;WISE(W2);ALLWISE
55541.1738552;16.208;0.262;ALLWISE;WISE(W1);ALLWISE
55541.3060323;15.266;0.451;ALLWISE;WISE(W2);ALLWISE
55541.3060323;16.415;0.31;ALLWISE;WISE(W1);ALLWISE
55541.3721208;15.922;0.205;ALLWISE;WISE(W1);ALLWISE
55541.5044252;15.85;0.2;ALLWISE;WISE(W1);ALLWISE
55541.769034;15.606;0.538;ALLWISE;WISE(W2);ALLWISE
55541.769034;16.522;0.355;ALLWISE;WISE(W1);ALLWISE
55541.9012111;16.031;0.3;ALLWISE;WISE(W1);ALLWISE
55542.0335154;16.153;0.248;ALLWISE;WISE(W1);ALLWISE
55545.44588;18.83;0.16;CRTS;CRTS(CL);CRTS
55545.46215;18.92;0.16;CRTS;CRTS(CL);CRTS
55545.47029;19.01;0.17;CRTS;CRTS(CL);CRTS
55576.44349;19.15;0.21;CRTS;CRTS(CL);CRTS
55576.45071;19.18;0.22;CRTS;CRTS(CL);CRTS
55576.45795;18.89;0.19;CRTS;CRTS(CL);CRTS
55576.46521;18.83;0.18;CRTS;CRTS(CL);CRTS
55602.46667;18.96;0.14;CRTS;CRTS(CL);CRTS
55602.47577;18.79;0.13;CRTS;CRTS(CL);CRTS
55602.4848;18.93;0.14;CRTS;CRTS(CL);CRTS
55602.49388;19.04;0.15;CRTS;CRTS(CL);CRTS
55617.4707;19.06;0.17;CRTS;CRTS(CL);CRTS
55617.47872;19.2;0.19;CRTS;CRTS(CL);CRTS
55617.48685;18.72;0.15;CRTS;CRTS(CL);CRTS
55617.49494;18.9;0.16;CRTS;CRTS(CL);CRTS
55625.26199;19.03;0.14;CRTS;CRTS(CL);CRTS
55625.27084;19.17;0.14;CRTS;CRTS(CL);CRTS
55625.27971;19.26;0.15;CRTS;CRTS(CL);CRTS
55625.28862;19.0;0.13;CRTS;CRTS(CL);CRTS
55644.36448;18.7;0.15;CRTS;CRTS(CL);CRTS
55644.36973;19.26;0.2;CRTS;CRTS(CL);CRTS
55644.375;19.23;0.2;CRTS;CRTS(CL);CRTS
55644.38024;18.81;0.16;CRTS;CRTS(CL);CRTS
55656.28012;18.94;0.14;CRTS;CRTS(CL);CRTS
55656.28635;18.92;0.14;CRTS;CRTS(CL);CRTS
55656.29251;19.0;0.15;CRTS;CRTS(CL);CRTS
55656.2987;19.33;0.17;CRTS;CRTS(CL);CRTS
55664.16079;19.23;0.19;CRTS;CRTS(CL);CRTS
55664.16604;18.94;0.17;CRTS;CRTS(CL);CRTS
55664.17125;19.04;0.18;CRTS;CRTS(CL);CRTS
55664.17637;18.78;0.16;CRTS;CRTS(CL);CRTS
55681.31297;19.08;0.18;CRTS;CRTS(CL);CRTS
55681.32208;19.12;0.18;CRTS;CRTS(CL);CRTS
55681.33079;19.14;0.19;CRTS;CRTS(CL);CRTS
55681.33951;19.36;0.21;CRTS;CRTS(CL);CRTS
55707.24037;19.15;0.19;CRTS;CRTS(CL);CRTS
55707.24951;19.36;0.21;CRTS;CRTS(CL);CRTS
55707.25877;19.2;0.19;CRTS;CRTS(CL);CRTS
55707.26804;19.41;0.21;CRTS;CRTS(CL);CRTS
55724.19664;18.97;0.17;CRTS;CRTS(CL);CRTS
55724.20344;19.14;0.19;CRTS;CRTS(CL);CRTS
55724.21027;18.94;0.17;CRTS;CRTS(CL);CRTS
55724.21719;19.11;0.19;CRTS;CRTS(CL);CRTS
55893.43255;19.28;0.2;CRTS;CRTS(CL);CRTS
55893.43779;19.03;0.17;CRTS;CRTS(CL);CRTS
55893.44307;18.73;0.15;CRTS;CRTS(CL);CRTS
55893.44831;18.98;0.17;CRTS;CRTS(CL);CRTS
55923.54047;19.08;0.17;CRTS;CRTS(CL);CRTS
55923.54556;18.62;0.14;CRTS;CRTS(CL);CRTS
55923.55068;19.45;0.2;CRTS;CRTS(CL);CRTS
55952.42296;19.54;0.21;CRTS;CRTS(CL);CRTS
55952.43165;19.12;0.18;CRTS;CRTS(CL);CRTS
55952.44012;19.01;0.17;CRTS;CRTS(CL);CRTS
55952.44871;19.3;0.19;CRTS;CRTS(CL);CRTS
55959.34507;19.29;0.19;CRTS;CRTS(CL);CRTS
55959.35173;18.93;0.16;CRTS;CRTS(CL);CRTS
55959.35831;18.94;0.16;CRTS;CRTS(CL);CRTS
55959.36492;18.97;0.16;CRTS;CRTS(CL);CRTS
55975.38559;18.96;0.17;CRTS;CRTS(CL);CRTS
55975.39293;19.17;0.18;CRTS;CRTS(CL);CRTS
55975.40026;19.09;0.18;CRTS;CRTS(CL);CRTS
55975.40757;18.61;0.14;CRTS;CRTS(CL);CRTS
55982.36643;18.93;0.16;CRTS;CRTS(CL);CRTS
55982.37153;19.37;0.2;CRTS;CRTS(CL);CRTS
55982.37664;19.13;0.18;CRTS;CRTS(CL);CRTS
55982.38169;18.86;0.16;CRTS;CRTS(CL);CRTS
55988.2565;18.57;0.14;CRTS;CRTS(CL);CRTS
55988.26165;19.39;0.2;CRTS;CRTS(CL);CRTS
55988.26684;18.84;0.16;CRTS;CRTS(CL);CRTS
55988.27202;19.81;0.25;CRTS;CRTS(CL);CRTS
55999.2878;18.86;0.16;CRTS;CRTS(CL);CRTS
55999.29284;18.81;0.15;CRTS;CRTS(CL);CRTS
55999.29786;19.07;0.17;CRTS;CRTS(CL);CRTS
55999.30291;18.75;0.15;CRTS;CRTS(CL);CRTS
56011.2113;18.98;0.17;CRTS;CRTS(CL);CRTS
56011.21633;19.18;0.18;CRTS;CRTS(CL);CRTS
56011.22144;19.06;0.17;CRTS;CRTS(CL);CRTS
56011.22653;18.92;0.16;CRTS;CRTS(CL);CRTS
56029.17182;19.25;0.21;CRTS;CRTS(CL);CRTS
56029.18207;18.99;0.17;CRTS;CRTS(CL);CRTS
56029.18723;19.07;0.18;CRTS;CRTS(CL);CRTS
56029.19234;19.01;0.17;CRTS;CRTS(CL);CRTS
56032.1461477;20.4728;0.013975;PS1;PS1(g);PS1
56035.26675;19.2;0.19;CRTS;CRTS(CL);CRTS
56035.27181;18.92;0.16;CRTS;CRTS(CL);CRTS
56035.27697;19.08;0.18;CRTS;CRTS(CL);CRTS
56035.28203;19.04;0.17;CRTS;CRTS(CL);CRTS
56042.21243;18.92;0.17;CRTS;CRTS(CL);CRTS
56042.21747;19.07;0.19;CRTS;CRTS(CL);CRTS
56042.2225;19.04;0.19;CRTS;CRTS(CL);CRTS
56042.22754;19.05;0.2;CRTS;CRTS(CL);CRTS
56063.2382;19.06;0.17;CRTS;CRTS(CL);CRTS
56063.245;18.97;0.16;CRTS;CRTS(CL);CRTS
56063.25171;19.08;0.17;CRTS;CRTS(CL);CRTS
56063.25846;18.97;0.16;CRTS;CRTS(CL);CRTS
56069.19553;18.74;0.15;CRTS;CRTS(CL);CRTS
56069.20232;18.94;0.16;CRTS;CRTS(CL);CRTS
56069.20915;19.26;0.19;CRTS;CRTS(CL);CRTS
56069.21598;18.93;0.16;CRTS;CRTS(CL);CRTS
56090.20842;19.18;0.16;CRTS;CRTS(CL);CRTS
56090.21517;19.34;0.17;CRTS;CRTS(CL);CRTS
56090.22196;18.63;0.13;CRTS;CRTS(CL);CRTS
56090.22873;19.11;0.16;CRTS;CRTS(CL);CRTS
56166.537996;19.592;0.013918;PS1;PS1(z);PS1
56231.9400028;19.6327;0.00898;PS1;PS1(i);PS1
56264.43163;18.84;0.16;CRTS;CRTS(CL);CRTS
56264.44677;19.12;0.18;CRTS;CRTS(CL);CRTS
56264.45229;18.82;0.16;CRTS;CRTS(CL);CRTS
56311.51161;18.98;0.17;CRTS;CRTS(CL);CRTS
56311.5167;19.31;0.19;CRTS;CRTS(CL);CRTS
56311.5218;18.79;0.15;CRTS;CRTS(CL);CRTS
56311.52699;18.86;0.16;CRTS;CRTS(CL);CRTS
56330.43149;19.05;0.17;CRTS;CRTS(CL);CRTS
56330.43673;19.03;0.17;CRTS;CRTS(CL);CRTS
56330.44192;19.29;0.19;CRTS;CRTS(CL);CRTS
56330.44709;18.9;0.16;CRTS;CRTS(CL);CRTS
56337.3381;19.02;0.15;CRTS;CRTS(CL);CRTS
56337.34976;19.09;0.15;CRTS;CRTS(CL);CRTS
56337.36144;18.89;0.14;CRTS;CRTS(CL);CRTS
56337.37312;18.89;0.14;CRTS;CRTS(CL);CRTS
56353.39733;19.61;0.23;CRTS;CRTS(CL);CRTS
56353.40298;18.58;0.14;CRTS;CRTS(CL);CRTS
56353.40865;18.67;0.15;CRTS;CRTS(CL);CRTS
56353.41432;18.71;0.15;CRTS;CRTS(CL);CRTS
56363.42051;19.11;0.18;CRTS;CRTS(CL);CRTS
56363.42601;19.21;0.19;CRTS;CRTS(CL);CRTS
56363.43161;18.97;0.17;CRTS;CRTS(CL);CRTS
56363.43713;18.7;0.15;CRTS;CRTS(CL);CRTS
56370.25309;19.84;0.27;CRTS;CRTS(CL);CRTS
56370.25536;19.3;0.21;CRTS;CRTS(CL);CRTS
56370.25763;19.34;0.21;CRTS;CRTS(CL);CRTS
56370.2599;19.52;0.23;CRTS;CRTS(CL);CRTS
56386.22176;19.21;0.2;CRTS;CRTS(CL);CRTS
56386.23012;19.31;0.2;CRTS;CRTS(CL);CRTS
56386.2352;18.91;0.18;CRTS;CRTS(CL);CRTS
56386.2427;19.29;0.2;CRTS;CRTS(CL);CRTS
56393.21923;19.29;0.19;CRTS;CRTS(CL);CRTS
56393.22498;18.99;0.17;CRTS;CRTS(CL);CRTS
56393.23074;19.1;0.18;CRTS;CRTS(CL);CRTS
56393.23654;19.26;0.19;CRTS;CRTS(CL);CRTS
56415.26544;19.2;0.19;CRTS;CRTS(CL);CRTS
56415.27327;19.35;0.21;CRTS;CRTS(CL);CRTS
56415.28115;19.02;0.18;CRTS;CRTS(CL);CRTS
56415.28912;19.2;0.19;CRTS;CRTS(CL);CRTS
56415.5127181;20.1326;0.012274;PS1;PS1(r);PS1
56444.14824;19.01;0.17;CRTS;CRTS(CL);CRTS
56444.15494;19.25;0.2;CRTS;CRTS(CL);CRTS
56444.16171;19.21;0.19;CRTS;CRTS(CL);CRTS
56444.16849;19.08;0.18;CRTS;CRTS(CL);CRTS
56453.24376;19.09;0.19;CRTS;CRTS(CL);CRTS
56453.24878;18.97;0.18;CRTS;CRTS(CL);CRTS
56453.25384;18.95;0.18;CRTS;CRTS(CL);CRTS
56453.25893;18.6;0.15;CRTS;CRTS(CL);CRTS
56462.16122;19.04;0.18;CRTS;CRTS(CL);CRTS
56462.16586;18.66;0.15;CRTS;CRTS(CL);CRTS
56462.17039;19.71;0.25;CRTS;CRTS(CL);CRTS
56462.17492;19.33;0.2;CRTS;CRTS(CL);CRTS
56639.78892738;15.91;0.208;NEOWISE;WISE(W1);NEOWISE
56639.85488851;15.825;0.223;NEOWISE;WISE(W1);NEOWISE
56639.92072227;16.288;0.336;NEOWISE;WISE(W1);NEOWISE
56639.98668334;15.561;0.169;NEOWISE;WISE(W1);NEOWISE
56662.5782172;19.151933670043945;0.1848180592060089;PTF;PTF(R);PTF
56675.4692572;19.085433959960938;0.2099839746952057;PTF;PTF(R);PTF
56675.5585372;19.203920364379883;0.21925997734069824;PTF;PTF(R);PTF
56679.5494172;19.258193969726562;0.08339986950159073;PTF;PTF(R);PTF
56679.5815072;19.292034149169922;0.10455929487943649;PTF;PTF(R);PTF
56813.47066057;15.764;0.222;NEOWISE;WISE(W1);NEOWISE
56813.73386747;16.21;0.467;NEOWISE;WISE(W1);NEOWISE
56816.36568281;15.845;0.247;NEOWISE;WISE(W1);NEOWISE
56816.82626308;15.96;0.335;NEOWISE;WISE(W1);NEOWISE
56816.89209667;15.698;0.211;NEOWISE;WISE(W1);NEOWISE
56816.95793021;16.163;0.352;NEOWISE;WISE(W1);NEOWISE
56816.95793021;15.14;0.507;NEOWISE;WISE(W2);NEOWISE
56817.02363649;16.289;0.337;NEOWISE;WISE(W1);NEOWISE
56817.08947008;15.811;0.205;NEOWISE;WISE(W1);NEOWISE
56817.22100975;16.277;0.445;NEOWISE;WISE(W1);NEOWISE
56817.35267687;15.059;0.423;NEOWISE;WISE(W2);NEOWISE
56817.35267687;15.766;0.232;NEOWISE;WISE(W1);NEOWISE
56817.48421675;16.239;0.305;NEOWISE;WISE(W1);NEOWISE
57002.97826726;16.196;0.273;NEOWISE;WISE(W1);NEOWISE
57003.1096803;15.989;0.227;NEOWISE;WISE(W1);NEOWISE
57003.24122066;15.975;0.213;NEOWISE;WISE(W1);NEOWISE
57003.3726337;15.817;0.211;NEOWISE;WISE(W1);NEOWISE
57003.50404676;16.308;0.312;NEOWISE;WISE(W1);NEOWISE
57003.5697533;15.808;0.218;NEOWISE;WISE(W1);NEOWISE
57003.63545985;16.02;0.284;NEOWISE;WISE(W1);NEOWISE
57003.83270681;16.198;0.332;NEOWISE;WISE(W1);NEOWISE
57003.96411985;15.665;0.165;NEOWISE;WISE(W1);NEOWISE
57003.96411985;14.727;0.425;NEOWISE;WISE(W2);NEOWISE
57005.86999142;14.803;0.353;NEOWISE;WISE(W2);NEOWISE
57005.86999142;16.511;0.409;NEOWISE;WISE(W1);NEOWISE
57006.00153178;14.947;0.426;NEOWISE;WISE(W2);NEOWISE
57006.00153178;15.98;0.24;NEOWISE;WISE(W1);NEOWISE
57006.13294484;16.054;0.292;NEOWISE;WISE(W1);NEOWISE
57006.19865138;16.14;0.304;NEOWISE;WISE(W1);NEOWISE
57006.26448524;16.335;0.29;NEOWISE;WISE(W1);NEOWISE
57006.33019179;15.904;0.209;NEOWISE;WISE(W1);NEOWISE
57006.39589885;15.833;0.192;NEOWISE;WISE(W1);NEOWISE
57006.72443149;15.784;0.251;NEOWISE;WISE(W1);NEOWISE
57006.85597191;15.864;0.198;NEOWISE;WISE(W1);NEOWISE
57175.33508425;16.017;0.251;NEOWISE;WISE(W1);NEOWISE
57175.33521156;15.681;0.153;NEOWISE;WISE(W1);NEOWISE
57175.46636944;15.999;0.277;NEOWISE;WISE(W1);NEOWISE
57175.66323352;14.826;0.376;NEOWISE;WISE(W2);NEOWISE
57175.66323352;16.245;0.294;NEOWISE;WISE(W1);NEOWISE
57175.72881245;15.807;0.17;NEOWISE;WISE(W1);NEOWISE
57175.7945187;16.124;0.306;NEOWISE;WISE(W1);NEOWISE
57176.05696177;16.12;0.237;NEOWISE;WISE(W1);NEOWISE
57176.18811959;15.8;0.263;NEOWISE;WISE(W1);NEOWISE
57176.18811959;14.821;0.373;NEOWISE;WISE(W2);NEOWISE
57176.18824697;16.014;0.452;NEOWISE;WISE(W1);NEOWISE
57367.88444833;16.07;0.237;NEOWISE;WISE(W1);NEOWISE
57368.01560694;15.95;0.21;NEOWISE;WISE(W1);NEOWISE
57368.14663824;15.612;0.213;NEOWISE;WISE(W1);NEOWISE
57368.14676556;16.585;0.381;NEOWISE;WISE(W1);NEOWISE
57368.21221752;14.699;0.33;NEOWISE;WISE(W2);NEOWISE
57368.21221752;16.237;0.369;NEOWISE;WISE(W1);NEOWISE
57368.27779685;15.847;0.226;NEOWISE;WISE(W1);NEOWISE
57368.40895541;15.607;0.24;NEOWISE;WISE(W1);NEOWISE
57368.86801117;16.952;0.505;NEOWISE;WISE(W1);NEOWISE
57368.86801117;15.27;0.444;NEOWISE;WISE(W2);NEOWISE
57534.01293897;16.491;0.331;NEOWISE;WISE(W1);NEOWISE
57534.14397025;16.003;0.23;NEOWISE;WISE(W1);NEOWISE
57534.27500091;15.246;0.399;NEOWISE;WISE(W2);NEOWISE
57534.27500091;16.936;0.537;NEOWISE;WISE(W1);NEOWISE
57534.4716106;16.219;0.27;NEOWISE;WISE(W1);NEOWISE
57534.66809024;16.039;0.307;NEOWISE;WISE(W1);NEOWISE
57534.73366919;16.29;0.426;NEOWISE;WISE(W1);NEOWISE
57534.86469992;15.794;0.203;NEOWISE;WISE(W1);NEOWISE
57534.99573056;15.71;0.203;NEOWISE;WISE(W1);NEOWISE
57535.12676128;15.883;0.197;NEOWISE;WISE(W1);NEOWISE
57732.0769045;16.071;0.265;NEOWISE;WISE(W1);NEOWISE
57732.2079355;16.275;0.441;NEOWISE;WISE(W1);NEOWISE
57732.3389665;16.14;0.306;NEOWISE;WISE(W1);NEOWISE
57732.46987023;15.962;0.231;NEOWISE;WISE(W1);NEOWISE
57732.53544934;16.278;0.294;NEOWISE;WISE(W1);NEOWISE
57732.60090119;15.73;0.183;NEOWISE;WISE(W1);NEOWISE
57732.66648039;15.987;0.216;NEOWISE;WISE(W1);NEOWISE
57733.05944612;16.043;0.246;NEOWISE;WISE(W1);NEOWISE
57894.78486235;16.8;0.436;NEOWISE;WISE(W1);NEOWISE
57894.981218;16.621;0.396;NEOWISE;WISE(W1);NEOWISE
57894.981218;14.974;0.379;NEOWISE;WISE(W2);NEOWISE
57895.0466697;15.795;0.195;NEOWISE;WISE(W1);NEOWISE
57895.11212137;16.075;0.27;NEOWISE;WISE(W1);NEOWISE
57895.17757308;15.852;0.195;NEOWISE;WISE(W1);NEOWISE
57895.37405537;16.327;0.291;NEOWISE;WISE(W1);NEOWISE
57895.37405537;15.13;0.533;NEOWISE;WISE(W2);NEOWISE
58096.51661476;16.162;0.311;NEOWISE;WISE(W1);NEOWISE
58096.58206649;15.852;0.247;NEOWISE;WISE(W1);NEOWISE
58096.77842174;15.941;0.239;NEOWISE;WISE(W1);NEOWISE
58099.00403645;15.907;0.254;NEOWISE;WISE(W1);NEOWISE
58099.13493992;15.054;0.496;NEOWISE;WISE(W2);NEOWISE
58099.13493992;15.885;0.207;NEOWISE;WISE(W1);NEOWISE
58099.39674681;16.548;0.404;NEOWISE;WISE(W1);NEOWISE
58099.59322933;16.179;0.254;NEOWISE;WISE(W1);NEOWISE
58099.72413285;16.252;0.278;NEOWISE;WISE(W1);NEOWISE
58099.85503637;16.279;0.359;NEOWISE;WISE(W1);NEOWISE
58099.98593988;16.177;0.258;NEOWISE;WISE(W1);NEOWISE
58218.2735764;19.802948;0.128819644;ZTF;ZTF(zr);ZTF
58218.3006829;19.6421204;0.114969872;ZTF;ZTF(zr);ZTF
58221.2412384;19.4455967;0.0995306447;ZTF;ZTF(zr);ZTF
58224.2250926;19.7283859;0.122271925;ZTF;ZTF(zr);ZTF
58227.2523032;19.690773;0.119050711;ZTF;ZTF(zr);ZTF
58230.3321644;20.4469223;0.167312592;ZTF;ZTF(zg);ZTF
58242.2557639;19.6832047;0.118409447;ZTF;ZTF(zr);ZTF
58245.1695949;19.5144386;0.104743637;ZTF;ZTF(zr);ZTF
58248.2055208;20.1716557;0.141905531;ZTF;ZTF(zg);ZTF
58248.2348611;19.7436981;0.123599388;ZTF;ZTF(zr);ZTF
58254.94368177;16.119;0.215;NEOWISE;WISE(W1);NEOWISE
58255.20485191;15.842;0.381;NEOWISE;WISE(W1);NEOWISE
58255.33626461;15.994;0.21;NEOWISE;WISE(W1);NEOWISE
58255.46665873;16.021;0.217;NEOWISE;WISE(W1);NEOWISE
58255.53261978;16.243;0.249;NEOWISE;WISE(W1);NEOWISE
58255.59807142;15.684;0.207;NEOWISE;WISE(W1);NEOWISE
58255.6633958;15.838;0.215;NEOWISE;WISE(W1);NEOWISE
58255.7942998;16.196;0.284;NEOWISE;WISE(W1);NEOWISE
58255.92520324;16.222;0.261;NEOWISE;WISE(W1);NEOWISE
58255.92520324;14.493;0.275;NEOWISE;WISE(W2);NEOWISE
58258.1690972;20.5265026;0.17429769;ZTF;ZTF(zg);ZTF
58258.2067245;19.6078644;0.112156495;ZTF;ZTF(zr);ZTF
58263.2269329;19.4549751;0.100228213;ZTF;ZTF(zr);ZTF
58266.2332176;19.6812286;0.118242361;ZTF;ZTF(zr);ZTF
58269.1864352;19.588377;0.110578626;ZTF;ZTF(zr);ZTF
58269.2109722;20.1767845;0.142373025;ZTF;ZTF(zg);ZTF
58276.2144444;20.3759117;0.160767645;ZTF;ZTF(zg);ZTF
58279.2071296;20.0712051;0.132872418;ZTF;ZTF(zg);ZTF
58283.1963657;19.7312946;0.122523375;ZTF;ZTF(zr);ZTF
58283.2359838;20.04636;0.130680189;ZTF;ZTF(zg);ZTF
58286.2177546;20.3174934;0.155348822;ZTF;ZTF(zg);ZTF
58290.1915741;19.72089;0.104006864;ZTF;ZTF(zg);ZTF
58290.2533565;19.5171089;0.104950137;ZTF;ZTF(zr);ZTF
58293.2383102;19.4085388;0.0968133509;ZTF;ZTF(zr);ZTF
58296.2354977;19.438509;0.0990060791;ZTF;ZTF(zr);ZTF
58427.4966319;19.083313;0.0756206736;ZTF;ZTF(zr);ZTF
58430.4835532;19.6305599;0.114014797;ZTF;ZTF(zr);ZTF
58434.4850231;19.1027756;0.0767575353;ZTF;ZTF(zr);ZTF
58434.5236921;19.8943024;0.117711335;ZTF;ZTF(zg);ZTF
58437.5082176;20.0125618;0.127728775;ZTF;ZTF(zg);ZTF
58439.5020255;20.3199272;0.15557453;ZTF;ZTF(zg);ZTF
58440.4833102;20.1870079;0.143306464;ZTF;ZTF(zg);ZTF
58443.477581;19.8296776;0.131216303;ZTF;ZTF(zr);ZTF
58443.5401968;20.2254696;0.146834776;ZTF;ZTF(zg);ZTF
58450.5433565;19.645546;0.115253992;ZTF;ZTF(zr);ZTF
58461.4824421;20.1203613;0.137261182;ZTF;ZTF(zg);ZTF
58461.5448495;19.6368999;0.114537925;ZTF;ZTF(zr);ZTF
58463.25557615;15.984;0.231;NEOWISE;WISE(W1);NEOWISE
58463.51687373;16.004;0.257;NEOWISE;WISE(W1);NEOWISE
58463.64815925;14.909;0.361;NEOWISE;WISE(W2);NEOWISE
58463.64815925;16.311;0.29;NEOWISE;WISE(W1);NEOWISE
58463.71361093;16.296;0.321;NEOWISE;WISE(W1);NEOWISE
58463.84451444;14.813;0.359;NEOWISE;WISE(W2);NEOWISE
58463.97541792;15.933;0.244;NEOWISE;WISE(W1);NEOWISE
58464.10619407;16.203;0.318;NEOWISE;WISE(W1);NEOWISE
58464.10632143;16.117;0.246;NEOWISE;WISE(W1);NEOWISE
58464.5185648;19.9858246;0.125420451;ZTF;ZTF(zg);ZTF
58464.5449769;19.5377121;0.106554136;ZTF;ZTF(zr);ZTF
58471.5431019;19.569128;0.109036312;ZTF;ZTF(zr);ZTF
58474.4993287;19.5344505;0.106298961;ZTF;ZTF(zr);ZTF
58476.4464931;19.7091942;0.120621249;ZTF;ZTF(zr);ZTF
58481.5073727;19.6396217;0.114762984;ZTF;ZTF(zr);ZTF
58481.5215046;19.4421692;0.0992767364;ZTF;ZTF(zr);ZTF
58486.4826157;19.6899662;0.118982218;ZTF;ZTF(zr);ZTF
58486.5410764;20.1874733;0.143348962;ZTF;ZTF(zg);ZTF
58491.4751505;20.1408081;0.139105201;ZTF;ZTF(zg);ZTF
58491.5260764;19.6337452;0.114277363;ZTF;ZTF(zr);ZTF
58493.4668403;19.6208916;0.113220476;ZTF;ZTF(zr);ZTF
58494.4395718;19.5637436;0.108607799;ZTF;ZTF(zr);ZTF
58494.4771644;20.3153229;0.155147269;ZTF;ZTF(zg);ZTF
58508.4623148;19.4223118;0.0978159457;ZTF;ZTF(zr);ZTF
58508.5406366;19.7956409;0.109762341;ZTF;ZTF(zg);ZTF
58511.3802199;19.5835304;0.110188723;ZTF;ZTF(zr);ZTF
58511.4709028;20.4557285;0.16811794;ZTF;ZTF(zg);ZTF
58514.4360069;19.8560143;0.133601606;ZTF;ZTF(zr);ZTF
58522.4645255;20.265686;0.150546581;ZTF;ZTF(zg);ZTF
58526.419838;19.8619576;0.115062475;ZTF;ZTF(zg);ZTF
58567.2347222;19.759079;0.124941841;ZTF;ZTF(zr);ZTF
58567.2549537;20.2285347;0.147117049;ZTF;ZTF(zg);ZTF
58575.2731944;20.3769779;0.16086635;ZTF;ZTF(zg);ZTF
58580.2264468;19.7750587;0.126346156;ZTF;ZTF(zr);ZTF
58580.2535532;20.2619095;0.150197268;ZTF;ZTF(zg);ZTF
58583.2559954;19.4151878;0.0972962603;ZTF;ZTF(zr);ZTF
58586.1716551;20.1470451;0.139669672;ZTF;ZTF(zg);ZTF
58586.2148495;19.7969341;0.128283858;ZTF;ZTF(zr);ZTF
58594.3174306;19.4486923;0.0997604802;ZTF;ZTF(zr);ZTF
58597.2737731;20.2517643;0.149259582;ZTF;ZTF(zg);ZTF
58599.3665394;20.3335285;0.156836912;ZTF;ZTF(zg);ZTF
58600.1903935;20.1915188;0.143718958;ZTF;ZTF(zg);ZTF
58605.2338773;20.2269554;0.146971524;ZTF;ZTF(zg);ZTF
58608.2339352;19.6681938;0.11714457;ZTF;ZTF(zr);ZTF
58608.2765509;20.4571838;0.16825074;ZTF;ZTF(zg);ZTF
58612.172338;20.2871113;0.152530581;ZTF;ZTF(zg);ZTF
58612.1915741;19.7695618;0.125862017;ZTF;ZTF(zr);ZTF
58622.14470909;16.234;0.353;NEOWISE;WISE(W1);NEOWISE
58622.27561243;16.275;0.315;NEOWISE;WISE(W1);NEOWISE
58622.40638837;16.357;0.281;NEOWISE;WISE(W1);NEOWISE
58622.47184003;16.22;0.262;NEOWISE;WISE(W1);NEOWISE
58622.53729167;16.295;0.267;NEOWISE;WISE(W1);NEOWISE
58622.60261602;16.092;0.295;NEOWISE;WISE(W1);NEOWISE
58622.6680677;16.353;0.297;NEOWISE;WISE(W1);NEOWISE
58622.73351932;16.08;0.22;NEOWISE;WISE(W1);NEOWISE
58622.99519869;16.183;0.293;NEOWISE;WISE(W1);NEOWISE
58632.1773264;19.594862;0.111101873;ZTF;ZTF(zr);ZTF
58633.1690278;19.5492783;0.107462853;ZTF;ZTF(zr);ZTF
58633.1860648;19.6691093;0.11722146;ZTF;ZTF(zr);ZTF
58633.2272685;20.140007;0.139032781;ZTF;ZTF(zg);ZTF
58633.2281944;20.2425098;0.148405135;ZTF;ZTF(zg);ZTF
58634.1854977;19.7452011;0.123730086;ZTF;ZTF(zr);ZTF
58634.2171644;20.249958;0.149092674;ZTF;ZTF(zg);ZTF
58635.1952083;20.3329277;0.156781167;ZTF;ZTF(zg);ZTF
58635.2389815;19.8525162;0.133283526;ZTF;ZTF(zr);ZTF
58636.2455324;20.2623787;0.150240704;ZTF;ZTF(zg);ZTF
58636.2464468;20.0996075;0.13540037;ZTF;ZTF(zg);ZTF
58639.178125;19.583107;0.110154733;ZTF;ZTF(zr);ZTF
58642.1992593;20.1136646;0.136659652;ZTF;ZTF(zg);ZTF
58642.2146644;19.7179241;0.121370278;ZTF;ZTF(zr);ZTF
58646.2134375;19.6305122;0.114010856;ZTF;ZTF(zr);ZTF
58649.2184722;19.6070175;0.11208763;ZTF;ZTF(zr);ZTF
58653.1875231;19.6742516;0.117653936;ZTF;ZTF(zr);ZTF
58658.1813426;19.7531586;0.124424055;ZTF;ZTF(zr);ZTF
58658.1937384;20.2229862;0.146606162;ZTF;ZTF(zg);ZTF
58662.1773727;19.5959167;0.111187175;ZTF;ZTF(zr);ZTF
58662.2001736;20.1738358;0.142104119;ZTF;ZTF(zg);ZTF
58673.2080671;19.5977287;0.111333795;ZTF;ZTF(zr);ZTF
58676.1960764;19.5756645;0.10955821;ZTF;ZTF(zr);ZTF
58679.2015162;19.4827652;0.102318622;ZTF;ZTF(zr);ZTF
58777.5268519;19.2186356;0.0838657692;ZTF;ZTF(zr);ZTF
58777.5316319;19.3413219;0.0920438468;ZTF;ZTF(zr);ZTF
58779.528125;19.6621208;0.116635531;ZTF;ZTF(zr);ZTF
58783.5315741;19.4466515;0.0996089354;ZTF;ZTF(zr);ZTF
58783.5364352;19.1344376;0.0786418021;ZTF;ZTF(zr);ZTF
58785.5152662;19.6554604;0.116078913;ZTF;ZTF(zr);ZTF
58792.5179977;19.6785011;0.118012063;ZTF;ZTF(zr);ZTF
58806.5313426;19.265295;0.0856715515;ZTF;ZTF(zi);ZTF
58806.531794;19.4452553;0.0980781466;ZTF;ZTF(zi);ZTF
58806.5322454;19.566618;0.107159525;ZTF;ZTF(zi);ZTF
58806.5326968;19.2444134;0.0843167752;ZTF;ZTF(zi);ZTF
58806.5331481;19.4276791;0.096809499;ZTF;ZTF(zi);ZTF
58806.5336111;19.3222561;0.0894573182;ZTF;ZTF(zi);ZTF
58806.5340625;19.454401;0.0987430513;ZTF;ZTF(zi);ZTF
58806.5345023;19.5415382;0.10523805;ZTF;ZTF(zi);ZTF
58806.5349537;19.5433559;0.10537646;ZTF;ZTF(zi);ZTF
58812.5529977;19.4126854;0.0971142948;ZTF;ZTF(zr);ZTF
58827.4885764;19.3806267;0.0934731439;ZTF;ZTF(zi);ZTF
58827.4897222;19.3333969;0.0902132168;ZTF;ZTF(zi);ZTF
58827.4908681;19.2463989;0.0844448581;ZTF;ZTF(zi);ZTF
58827.4920139;19.3137436;0.0888832361;ZTF;ZTF(zi);ZTF
58827.76957862;16.179;0.266;NEOWISE;WISE(W1);NEOWISE
58827.96580648;15.781;0.204;NEOWISE;WISE(W1);NEOWISE
58828.09658265;16.043;0.228;NEOWISE;WISE(W1);NEOWISE
58828.16203435;16.737;0.413;NEOWISE;WISE(W1);NEOWISE
58828.5674769;20.0144768;0.148375303;ZTF;ZTF(zr);ZTF
58830.4627431;19.0544643;0.0728076547;ZTF;ZTF(zi);ZTF
58830.4638889;19.275034;0.0863095;ZTF;ZTF(zi);ZTF
58831.4639236;19.2320747;0.0835246593;ZTF;ZTF(zi);ZTF
58831.4650694;19.3104324;0.0886606723;ZTF;ZTF(zi);ZTF
58831.4662153;19.213747;0.0823594406;ZTF;ZTF(zi);ZTF
58833.479213;19.226717;0.0843836516;ZTF;ZTF(zr);ZTF
58835.5265856;19.227356;0.0832233205;ZTF;ZTF(zi);ZTF
58835.5277315;19.1401329;0.0778173581;ZTF;ZTF(zi);ZTF
58836.5250463;19.3331738;0.0901980549;ZTF;ZTF(zi);ZTF
58836.5261921;19.3626556;0.092222169;ZTF;ZTF(zi);ZTF
58837.4612269;19.0870152;0.0758357048;ZTF;ZTF(zr);ZTF
58846.4628356;19.5497627;0.107501097;ZTF;ZTF(zr);ZTF
58849.5252894;19.2751694;0.0863183439;ZTF;ZTF(zi);ZTF
58849.5454398;19.5234241;0.105439723;ZTF;ZTF(zr);ZTF
58851.4781366;19.514492;0.104747787;ZTF;ZTF(zr);ZTF
58852.5417824;20.256979;0.149741411;ZTF;ZTF(zg);ZTF
58852.5445718;19.65172;0.115767263;ZTF;ZTF(zr);ZTF
58855.3741898;19.5360222;0.106421828;ZTF;ZTF(zr);ZTF
58855.3773148;19.5579319;0.106491506;ZTF;ZTF(zi);ZTF
58855.396956;19.3174057;0.0891298801;ZTF;ZTF(zi);ZTF
58855.4156713;19.4282227;0.0968485475;ZTF;ZTF(zi);ZTF
58855.52125;20.2334671;0.147571251;ZTF;ZTF(zg);ZTF
58855.5400116;19.6152267;0.112756923;ZTF;ZTF(zr);ZTF
58859.3645023;19.3244514;0.0908789858;ZTF;ZTF(zr);ZTF
58859.3837153;19.2853012;0.0869861394;ZTF;ZTF(zi);ZTF
58859.3971759;19.1920452;0.080997549;ZTF;ZTF(zi);ZTF
58859.4241782;19.9933071;0.14636676;ZTF;ZTF(zr);ZTF
58859.4397917;19.7221565;0.121734485;ZTF;ZTF(zr);ZTF
58859.5264236;20.0397568;0.130100638;ZTF;ZTF(zg);ZTF
58860.3581829;19.3450718;0.0923045501;ZTF;ZTF(zr);ZTF
58861.3561458;18.9982224;0.069678098;ZTF;ZTF(zi);ZTF
58861.3763657;19.1596546;0.0790003985;ZTF;ZTF(zi);ZTF
58864.3262731;19.6425419;0.115004845;ZTF;ZTF(zr);ZTF
58864.3457407;19.7999191;0.128549621;ZTF;ZTF(zr);ZTF
58864.3770023;19.345602;0.0910470039;ZTF;ZTF(zi);ZTF
58864.4369097;20.0598888;0.131871521;ZTF;ZTF(zg);ZTF
58864.4378241;20.2654076;0.150520787;ZTF;ZTF(zg);ZTF
58864.4827083;19.5745583;0.109469756;ZTF;ZTF(zr);ZTF
58864.5435995;19.3602676;0.0920569301;ZTF;ZTF(zi);ZTF
58866.4243519;19.1873627;0.0807062089;ZTF;ZTF(zi);ZTF
58866.4408796;19.2572556;0.0851478577;ZTF;ZTF(zi);ZTF
58866.5052315;19.6107769;0.112393722;ZTF;ZTF(zr);ZTF
58866.5239931;19.6876526;0.118786;ZTF;ZTF(zr);ZTF
58866.5451273;20.2853394;0.1523664;ZTF;ZTF(zg);ZTF
58867.4148148;20.2943382;0.153200716;ZTF;ZTF(zg);ZTF
58867.4223843;20.3033829;0.154039428;ZTF;ZTF(zg);ZTF
58867.4654514;19.6898994;0.118976563;ZTF;ZTF(zr);ZTF
58867.4663426;19.4982109;0.103495553;ZTF;ZTF(zr);ZTF
58867.4802083;19.6673813;0.11707633;ZTF;ZTF(zr);ZTF
58867.5064468;19.2455177;0.0843880251;ZTF;ZTF(zi);ZTF
58867.5277083;19.3471451;0.0911529064;ZTF;ZTF(zi);ZTF
58871.3366898;19.2298088;0.0833798498;ZTF;ZTF(zi);ZTF
58871.3575579;19.2281609;0.0832746997;ZTF;ZTF(zi);ZTF
58871.4367361;20.1490479;0.139851108;ZTF;ZTF(zg);ZTF
58871.4408681;20.4196892;0.164811939;ZTF;ZTF(zg);ZTF
58871.4845486;19.645834;0.115277842;ZTF;ZTF(zr);ZTF
58871.4854514;19.6078968;0.112159111;ZTF;ZTF(zr);ZTF
58871.5049884;19.3803596;0.0947888121;ZTF;ZTF(zr);ZTF
58872.4612153;19.3636894;0.0922937691;ZTF;ZTF(zi);ZTF
58872.4857986;19.3932018;0.094356209;ZTF;ZTF(zi);ZTF
58873.2945486;19.603302;0.111785635;ZTF;ZTF(zr);ZTF
58873.3182176;19.6926193;0.119207531;ZTF;ZTF(zr);ZTF
58873.3595833;20.2812271;0.151985317;ZTF;ZTF(zg);ZTF
58873.4007292;20.3584423;0.159148559;ZTF;ZTF(zg);ZTF
58873.4195833;19.3349018;0.0903156698;ZTF;ZTF(zi);ZTF
58873.4407176;19.3388786;0.0905869529;ZTF;ZTF(zi);ZTF
58874.3308333;19.6068039;0.112070166;ZTF;ZTF(zr);ZTF
58874.398044;20.4096642;0.163888007;ZTF;ZTF(zg);ZTF
58875.3119329;19.3421535;0.0921016261;ZTF;ZTF(zr);ZTF
58875.3782639;19.1604061;0.0790463015;ZTF;ZTF(zi);ZTF
58875.3979861;19.1841507;0.0805068165;ZTF;ZTF(zi);ZTF
58876.3490856;19.5611153;0.108399048;ZTF;ZTF(zr);ZTF
58876.3743287;20.4516487;0.167744905;ZTF;ZTF(zg);ZTF
58876.3827083;20.37467;0.160652593;ZTF;ZTF(zg);ZTF
58876.3978009;19.3281651;0.089857623;ZTF;ZTF(zi);ZTF
58876.4190972;19.2246685;0.0830521435;ZTF;ZTF(zi);ZTF
58877.3253241;19.5123463;0.104582071;ZTF;ZTF(zr);ZTF
58877.3587616;19.981945;0.125087604;ZTF;ZTF(zg);ZTF
58877.3767245;20.1318245;0.138293773;ZTF;ZTF(zg);ZTF
58877.3961458;20.2865486;0.152478412;ZTF;ZTF(zg);ZTF
58877.3989931;19.227314;0.0832206458;ZTF;ZTF(zi);ZTF
58877.4201157;19.1000214;0.0754349679;ZTF;ZTF(zi);ZTF
58877.4836921;19.7038593;0.120164931;ZTF;ZTF(zr);ZTF
58878.3506019;19.3115711;0.0899983197;ZTF;ZTF(zr);ZTF
58878.3582407;19.5022411;0.103804432;ZTF;ZTF(zr);ZTF
58878.381956;19.9073315;0.118789747;ZTF;ZTF(zg);ZTF
58878.3989005;19.1869583;0.0806810111;ZTF;ZTF(zi);ZTF
58878.42;19.1737957;0.0798670799;ZTF;ZTF(zi);ZTF
58878.4901852;20.3011322;0.153830662;ZTF;ZTF(zg);ZTF
58879.3378356;19.4045982;0.0965280458;ZTF;ZTF(zr);ZTF
58879.377037;19.2141171;0.0823828802;ZTF;ZTF(zi);ZTF
58879.3978356;19.1478214;0.0782814845;ZTF;ZTF(zi);ZTF
58879.4984954;20.1910095;0.143672287;ZTF;ZTF(zg);ZTF
58880.3048727;19.4621391;0.10076379;ZTF;ZTF(zr);ZTF
58880.3396296;19.5189419;0.105092019;ZTF;ZTF(zr);ZTF
58880.3778588;19.2635479;0.0855574757;ZTF;ZTF(zi);ZTF
58880.3988426;19.2822685;0.0867858157;ZTF;ZTF(zi);ZTF
58880.4393287;20.3038063;0.154078782;ZTF;ZTF(zg);ZTF
58880.4407176;20.3586483;0.159167588;ZTF;ZTF(zg);ZTF
58880.4632639;20.452177;0.167793304;ZTF;ZTF(zg);ZTF
58880.5184722;19.5519848;0.107676417;ZTF;ZTF(zr);ZTF
58881.3168634;19.6828861;0.118382514;ZTF;ZTF(zr);ZTF
58881.3377083;19.7156696;0.121176571;ZTF;ZTF(zr);ZTF
58881.3812269;19.3244438;0.0896054283;ZTF;ZTF(zi);ZTF
58881.3987731;19.3215427;0.0894091278;ZTF;ZTF(zi);ZTF
58881.4416435;20.3487129;0.15824604;ZTF;ZTF(zg);ZTF
58881.4779977;20.4214973;0.16497834;ZTF;ZTF(zg);ZTF
58883.2851968;19.4202137;0.0976626575;ZTF;ZTF(zr);ZTF
58883.2949769;19.0582085;0.0730204582;ZTF;ZTF(zi);ZTF
58883.461169;20.0728245;0.133015886;ZTF;ZTF(zg);ZTF
58883.5045139;19.4372101;0.0989102572;ZTF;ZTF(zr);ZTF
58883.5371296;19.5517406;0.107657127;ZTF;ZTF(zr);ZTF
58884.3144792;19.1528492;0.0785862878;ZTF;ZTF(zi);ZTF
58884.4935648;19.6697712;0.117277041;ZTF;ZTF(zr);ZTF
58885.3141782;19.3038883;0.0882221311;ZTF;ZTF(zi);ZTF
58885.4892014;19.6114597;0.112449408;ZTF;ZTF(zr);ZTF
58886.3115972;19.4957504;0.103307359;ZTF;ZTF(zr);ZTF
58886.3142361;19.1658287;0.0793778375;ZTF;ZTF(zi);ZTF
58886.3575231;19.3555984;0.0917344466;ZTF;ZTF(zi);ZTF
58886.4403588;20.2637672;0.150369033;ZTF;ZTF(zg);ZTF
58888.3155671;19.2134304;0.0823394805;ZTF;ZTF(zi);ZTF
58888.3564699;19.2436981;0.0842706859;ZTF;ZTF(zi);ZTF
58891.2968981;19.6583061;0.116316549;ZTF;ZTF(zr);ZTF
58891.3202546;19.5620499;0.108473226;ZTF;ZTF(zr);ZTF
58891.3774537;19.2217693;0.0828677937;ZTF;ZTF(zi);ZTF
58891.4389236;19.6345119;0.0976536721;ZTF;ZTF(zg);ZTF
58892.294537;19.55966;0.108283594;ZTF;ZTF(zr);ZTF
58892.3749306;20.0049744;0.127071381;ZTF;ZTF(zg);ZTF
58892.39875;19.2520065;0.084807381;ZTF;ZTF(zi);ZTF
58892.4235764;19.3524971;0.0915207192;ZTF;ZTF(zi);ZTF
58893.311169;19.6344414;0.114334814;ZTF;ZTF(zr);ZTF
58893.3135995;19.7149849;0.121117719;ZTF;ZTF(zr);ZTF
58893.3353819;19.308918;0.0885590762;ZTF;ZTF(zi);ZTF
58893.3560648;19.4105244;0.0955829099;ZTF;ZTF(zi);ZTF
58893.4406713;20.4666595;0.169114709;ZTF;ZTF(zg);ZTF
58894.3546065;20.3063564;0.154315233;ZTF;ZTF(zg);ZTF
58894.3748843;20.2508717;0.149177015;ZTF;ZTF(zg);ZTF
58894.3993287;19.3460293;0.0910763666;ZTF;ZTF(zi);ZTF
58894.4220139;19.2610092;0.0853920579;ZTF;ZTF(zi);ZTF
58894.4674421;19.6940117;0.119325846;ZTF;ZTF(zr);ZTF
58894.4683449;19.784586;0.127187937;ZTF;ZTF(zr);ZTF
58894.4903125;19.6729183;0.117541663;ZTF;ZTF(zr);ZTF
58895.313287;19.3294296;0.089943476;ZTF;ZTF(zi);ZTF
58895.3365509;19.3135071;0.0888672769;ZTF;ZTF(zi);ZTF
58895.4164699;20.2377167;0.147963107;ZTF;ZTF(zg);ZTF
58895.4253009;19.7461319;0.123811141;ZTF;ZTF(zr);ZTF
58895.4461458;19.7011108;0.119930394;ZTF;ZTF(zr);ZTF
58896.2935532;19.6200428;0.113150947;ZTF;ZTF(zr);ZTF
58896.3156481;19.3291626;0.0899253488;ZTF;ZTF(zi);ZTF
58896.3353935;19.3409157;0.0907261521;ZTF;ZTF(zi);ZTF
58898.3400116;19.659729;0.116435423;ZTF;ZTF(zr);ZTF
58898.3539005;19.6993904;0.119783714;ZTF;ZTF(zr);ZTF
58898.3571528;19.5958099;0.111178488;ZTF;ZTF(zr);ZTF
58898.3800926;20.4158764;0.164460555;ZTF;ZTF(zg);ZTF
58898.3809838;20.3855362;0.161658734;ZTF;ZTF(zg);ZTF
58899.330787;19.7357121;0.122905828;ZTF;ZTF(zr);ZTF
58899.3358796;19.675787;0.117783278;ZTF;ZTF(zr);ZTF
58899.3543981;19.7745819;0.126304105;ZTF;ZTF(zr);ZTF
58899.3790162;20.409462;0.163869321;ZTF;ZTF(zg);ZTF
58899.379919;20.459549;0.168466628;ZTF;ZTF(zg);ZTF
58899.4212153;20.3252754;0.156071067;ZTF;ZTF(zg);ZTF
58899.4442477;19.7089195;0.120597683;ZTF;ZTF(zr);ZTF
58900.3146412;20.2478485;0.148897827;ZTF;ZTF(zg);ZTF
58900.3300463;20.220829;0.146407917;ZTF;ZTF(zg);ZTF
58900.3538079;20.4089527;0.163822249;ZTF;ZTF(zg);ZTF
58900.3562731;20.2081795;0.145245641;ZTF;ZTF(zg);ZTF
58900.4012963;19.7828827;0.127037168;ZTF;ZTF(zr);ZTF
58900.4021991;19.7065849;0.12039794;ZTF;ZTF(zr);ZTF
58900.4197917;19.7730293;0.126167208;ZTF;ZTF(zr);ZTF
58901.3783333;19.5998363;0.111504495;ZTF;ZTF(zr);ZTF
58901.3792361;19.6391106;0.114720643;ZTF;ZTF(zr);ZTF
58901.4017593;19.6083069;0.112192482;ZTF;ZTF(zr);ZTF
58901.4224769;19.7024651;0.120045938;ZTF;ZTF(zr);ZTF
58901.4434838;19.5687943;0.10900972;ZTF;ZTF(zr);ZTF
58901.4633449;19.5439396;0.107042685;ZTF;ZTF(zr);ZTF
58903.3348727;20.1033287;0.135733038;ZTF;ZTF(zg);ZTF
58904.2264468;19.6499252;0.115617834;ZTF;ZTF(zr);ZTF
58904.2460995;19.625021;0.113559254;ZTF;ZTF(zr);ZTF
58904.2470023;19.6017532;0.111659944;ZTF;ZTF(zr);ZTF
58904.2874074;20.2837029;0.15221484;ZTF;ZTF(zg);ZTF
58904.2962153;20.3534737;0.158687755;ZTF;ZTF(zg);ZTF
58904.3114699;20.3710728;0.160319284;ZTF;ZTF(zg);ZTF
58904.314537;19.1392841;0.0777662769;ZTF;ZTF(zi);ZTF
58904.3353704;19.3245144;0.0896101743;ZTF;ZTF(zi);ZTF
58905.2467245;19.556076;0.107999779;ZTF;ZTF(zr);ZTF
58905.274294;20.1032867;0.135729417;ZTF;ZTF(zg);ZTF
58905.3101273;20.0446701;0.130531728;ZTF;ZTF(zg);ZTF
58905.3145255;19.1064262;0.0758110285;ZTF;ZTF(zi);ZTF
58905.3357292;19.1166897;0.0764171258;ZTF;ZTF(zi);ZTF
58906.2476505;19.4196434;0.0976210609;ZTF;ZTF(zr);ZTF
58906.3101968;20.1199894;0.137227729;ZTF;ZTF(zg);ZTF
58906.3139468;20.0901165;0.134553105;ZTF;ZTF(zg);ZTF
58906.3148611;20.1093159;0.13626951;ZTF;ZTF(zg);ZTF
58906.3573611;19.2556362;0.08504273;ZTF;ZTF(zi);ZTF
58906.3775347;19.2762947;0.0863923207;ZTF;ZTF(zi);ZTF
58906.4482176;19.4141846;0.0972233117;ZTF;ZTF(zr);ZTF
58907.3107523;19.2699203;0.0859740302;ZTF;ZTF(zi);ZTF
58908.3163657;20.1148491;0.136765823;ZTF;ZTF(zg);ZTF
58908.3570949;19.2429581;0.0842230022;ZTF;ZTF(zi);ZTF
58908.3769907;19.2658997;0.0857110247;ZTF;ZTF(zi);ZTF
58909.3194097;19.6290283;0.11388877;ZTF;ZTF(zr);ZTF
58909.3365741;19.2274361;0.0832284763;ZTF;ZTF(zi);ZTF
58909.3578125;19.211277;0.0822034627;ZTF;ZTF(zi);ZTF
58911.214838;18.97925;0.0698141158;ZTF;ZTF(zr);ZTF
58911.2337037;19.3349686;0.0916036144;ZTF;ZTF(zr);ZTF
58911.2346065;19.4393139;0.0990656093;ZTF;ZTF(zr);ZTF
58911.2932639;19.2676353;0.0858244747;ZTF;ZTF(zi);ZTF
58911.3154282;19.2477417;0.0845315084;ZTF;ZTF(zi);ZTF
58911.4007755;20.2146206;0.145837188;ZTF;ZTF(zg);ZTF
58912.270162;20.1007023;0.135498226;ZTF;ZTF(zg);ZTF
58912.2710648;19.9296646;0.120653406;ZTF;ZTF(zg);ZTF
58912.3148611;19.2745056;0.0862747282;ZTF;ZTF(zi);ZTF
58912.3358796;19.2295341;0.0833623484;ZTF;ZTF(zi);ZTF
58912.4009491;19.6612473;0.116562426;ZTF;ZTF(zr);ZTF
58912.4201505;19.5995655;0.111482486;ZTF;ZTF(zr);ZTF
58912.4215162;19.758667;0.124905713;ZTF;ZTF(zr);ZTF
58913.2214236;19.5643997;0.108659893;ZTF;ZTF(zr);ZTF
58913.2473495;19.6383171;0.114655085;ZTF;ZTF(zr);ZTF
58913.2787847;20.1493225;0.139876172;ZTF;ZTF(zg);ZTF
58913.2941435;20.0424538;0.130337328;ZTF;ZTF(zg);ZTF
58913.3364699;19.2241707;0.0830204412;ZTF;ZTF(zi);ZTF
58913.3576852;19.3216743;0.0894180015;ZTF;ZTF(zi);ZTF
58913.4471759;19.6762657;0.117823556;ZTF;ZTF(zr);ZTF
58914.2739583;19.4582863;0.0990264788;ZTF;ZTF(zi);ZTF
58914.3531134;19.641346;0.114905693;ZTF;ZTF(zr);ZTF
58914.3540162;19.6619282;0.116619386;ZTF;ZTF(zr);ZTF
58914.3578356;19.6704521;0.117334247;ZTF;ZTF(zr);ZTF
58915.2497222;19.8281822;0.112340741;ZTF;ZTF(zg);ZTF
58915.2718287;19.3257504;0.0896939263;ZTF;ZTF(zi);ZTF
58915.2928472;19.4037743;0.0951035097;ZTF;ZTF(zi);ZTF
58915.3744444;19.7067928;0.120415673;ZTF;ZTF(zr);ZTF
58915.3795718;19.6891575;0.118913651;ZTF;ZTF(zr);ZTF
58936.2911343;20.3148823;0.155106336;ZTF;ZTF(zg);ZTF
58936.2920255;20.4837837;0.170669943;ZTF;ZTF(zg);ZTF
58936.3204051;19.3021545;0.0881062821;ZTF;ZTF(zi);ZTF
58936.3387731;19.3115425;0.0887352154;ZTF;ZTF(zi);ZTF
58939.2211574;19.6465054;0.115333572;ZTF;ZTF(zr);ZTF
58939.339537;20.1912022;0.14368996;ZTF;ZTF(zg);ZTF
58940.2347801;19.5333405;0.106212229;ZTF;ZTF(zr);ZTF
58940.2527662;19.1602058;0.0790340751;ZTF;ZTF(zi);ZTF
58941.2273032;19.6313629;0.114080995;ZTF;ZTF(zr);ZTF
58941.2452083;20.2563477;0.149683014;ZTF;ZTF(zg);ZTF
58941.2724884;19.2031574;0.0816924796;ZTF;ZTF(zi);ZTF
58941.297338;19.2741928;0.0862542167;ZTF;ZTF(zi);ZTF
58941.3609375;19.593111;0.110960394;ZTF;ZTF(zr);ZTF
58954.2567708;19.5428352;0.106955968;ZTF;ZTF(zr);ZTF
58962.2464583;20.4708843;0.169499144;ZTF;ZTF(zg);ZTF
58962.2531597;19.6619453;0.116620764;ZTF;ZTF(zr);ZTF
58963.2286458;20.2794781;0.151823431;ZTF;ZTF(zg);ZTF
58965.2102083;20.4969864;0.171862662;ZTF;ZTF(zg);ZTF
58965.248287;20.3347263;0.156948224;ZTF;ZTF(zg);ZTF
58965.2839236;19.6616211;0.116593644;ZTF;ZTF(zr);ZTF
58967.2434028;20.2738285;0.151300162;ZTF;ZTF(zg);ZTF
58968.2059954;19.6819534;0.118303612;ZTF;ZTF(zr);ZTF
58968.232037;20.5155907;0.173389077;ZTF;ZTF(zg);ZTF
58974.2309491;19.6004887;0.111557364;ZTF;ZTF(zr);ZTF
58980.2486343;19.7025509;0.120053262;ZTF;ZTF(zr);ZTF
58985.1886458;20.4217644;0.165002927;ZTF;ZTF(zg);ZTF
58986.21458613;16.317;0.269;NEOWISE;WISE(W1);NEOWISE
58986.60742321;15.077;0.355;NEOWISE;WISE(W2);NEOWISE
58986.60742321;16.388;0.361;NEOWISE;WISE(W1);NEOWISE
58986.73819907;15.816;0.187;NEOWISE;WISE(W1);NEOWISE
58986.80352396;16.57;0.476;NEOWISE;WISE(W1);NEOWISE
58986.80352396;14.953;0.39;NEOWISE;WISE(W2);NEOWISE
58986.86897559;16.298;0.285;NEOWISE;WISE(W1);NEOWISE
58986.93429991;16.175;0.238;NEOWISE;WISE(W1);NEOWISE
58986.93442722;16.253;0.254;NEOWISE;WISE(W1);NEOWISE
58986.93442722;15.561;0.517;NEOWISE;WISE(W2);NEOWISE
58987.06520323;16.347;0.396;NEOWISE;WISE(W1);NEOWISE
58987.06520323;14.747;0.361;NEOWISE;WISE(W2);NEOWISE
58991.1724653;20.2315922;0.147398591;ZTF;ZTF(zg);ZTF
58991.2034259;19.6719952;0.117464028;ZTF;ZTF(zr);ZTF
58994.1918519;19.6882248;0.118834496;ZTF;ZTF(zr);ZTF
58997.1849074;20.3264618;0.156181052;ZTF;ZTF(zg);ZTF
58997.2315856;19.6372032;0.114562929;ZTF;ZTF(zr);ZTF
59001.1675116;19.879837;0.116521582;ZTF;ZTF(zg);ZTF
59001.2278356;19.8173676;0.130109474;ZTF;ZTF(zr);ZTF
59005.2372569;20.0562325;0.152359635;ZTF;ZTF(zr);ZTF
59011.2058681;20.5170822;0.173513293;ZTF;ZTF(zg);ZTF
59011.238287;19.5725899;0.109312505;ZTF;ZTF(zr);ZTF
59014.2031481;20.510437;0.172960043;ZTF;ZTF(zg);ZTF
59014.2212153;19.539093;0.106662288;ZTF;ZTF(zr);ZTF
59017.2183449;20.2340717;0.147627056;ZTF;ZTF(zg);ZTF
59017.2375926;19.5980053;0.111356191;ZTF;ZTF(zr);ZTF
59020.2001273;20.1609955;0.140935555;ZTF;ZTF(zg);ZTF
59020.2387269;19.8250332;0.130798072;ZTF;ZTF(zr);ZTF
59023.2167593;20.4228897;0.165106505;ZTF;ZTF(zg);ZTF
59033.1771065;19.6068687;0.112075508;ZTF;ZTF(zr);ZTF
59048.1706944;19.8785896;0.135664195;ZTF;ZTF(zr);ZTF
59048.1756366;19.7541409;0.124509871;ZTF;ZTF(zr);ZTF
59048.1805787;19.6530418;0.11587736;ZTF;ZTF(zr);ZTF
59050.1685185;19.4458923;0.0995525867;ZTF;ZTF(zr);ZTF
59050.1734606;19.220499;0.0839849189;ZTF;ZTF(zr);ZTF
59050.1783912;19.3758259;0.0944664702;ZTF;ZTF(zr);ZTF
59050.1833218;19.3992558;0.0961423814;ZTF;ZTF(zr);ZTF
59139.5285069;19.4472427;0.0996528193;ZTF;ZTF(zr);ZTF
59141.5228935;19.6321144;0.11414288;ZTF;ZTF(zr);ZTF
59141.5276157;19.5561867;0.108008556;ZTF;ZTF(zr);ZTF
59141.5323495;19.3948059;0.09582223;ZTF;ZTF(zr);ZTF
59141.5370602;19.6682243;0.117147185;ZTF;ZTF(zr);ZTF
59143.5258449;19.669178;0.117227264;ZTF;ZTF(zr);ZTF
59143.5305208;19.7776852;0.126577854;ZTF;ZTF(zr);ZTF
59143.5351968;19.6803989;0.11817228;ZTF;ZTF(zr);ZTF
59143.5398727;19.4357796;0.0988047421;ZTF;ZTF(zr);ZTF
59145.5237963;19.5460396;0.107207872;ZTF;ZTF(zr);ZTF
59145.5285532;19.7528553;0.124397494;ZTF;ZTF(zr);ZTF
59145.5333102;19.6492481;0.115561537;ZTF;ZTF(zr);ZTF
59145.5380671;19.5984879;0.11139518;ZTF;ZTF(zr);ZTF
59145.5428241;19.6385345;0.114673026;ZTF;ZTF(zr);ZTF
59149.5377315;19.1899948;0.0820537433;ZTF;ZTF(zr);ZTF
59155.488044;19.7780972;0.126614273;ZTF;ZTF(zr);ZTF
59165.4853819;19.6001015;0.11152596;ZTF;ZTF(zr);ZTF
59165.5306597;20.2491722;0.149020225;ZTF;ZTF(zg);ZTF
59168.5068403;20.2081375;0.145241708;ZTF;ZTF(zg);ZTF
59168.5381597;19.571104;0.109193854;ZTF;ZTF(zr);ZTF
59170.4962616;20.2472038;0.148838401;ZTF;ZTF(zg);ZTF
59173.4771875;20.2107849;0.145484865;ZTF;ZTF(zg);ZTF
59176.5173611;20.1819592;0.142845124;ZTF;ZTF(zg);ZTF
59176.5521991;19.6074219;0.112120517;ZTF;ZTF(zr);ZTF
59179.4856713;19.960659;0.123270378;ZTF;ZTF(zg);ZTF
59179.5265625;19.5591183;0.108240694;ZTF;ZTF(zr);ZTF
59181.4933102;19.4179535;0.0974977463;ZTF;ZTF(zr);ZTF
59181.5289005;19.9116688;0.119150259;ZTF;ZTF(zg);ZTF
59184.5076273;19.6140041;0.112657018;ZTF;ZTF(zr);ZTF
59188.5097685;19.5007229;0.103687957;ZTF;ZTF(zr);ZTF
59188.5410417;20.154089;0.140308365;ZTF;ZTF(zg);ZTF
59193.4775116;20.0211353;0.128473982;ZTF;ZTF(zg);ZTF
59193.5375;19.6073627;0.112115666;ZTF;ZTF(zr);ZTF
59194.51682297;16.325;0.29;NEOWISE;WISE(W1);NEOWISE
59194.5184491;19.523304;0.105430469;ZTF;ZTF(zr);ZTF
59194.5312037;20.3429871;0.157714665;ZTF;ZTF(zg);ZTF
59194.5321412;20.100399;0.13547115;ZTF;ZTF(zg);ZTF
59194.77888446;16.636;0.409;NEOWISE;WISE(W1);NEOWISE
59194.90966053;15.936;0.247;NEOWISE;WISE(W1);NEOWISE
59194.97511226;16.059;0.231;NEOWISE;WISE(W1);NEOWISE
59195.23666433;15.397;0.261;NEOWISE;WISE(W1);NEOWISE
59195.36744036;15.817;0.218;NEOWISE;WISE(W1);NEOWISE
59195.49770708;16.214;0.286;NEOWISE;WISE(W1);NEOWISE
59195.5062847;19.934494;0.140837163;ZTF;ZTF(zr);ZTF
59195.5280556;19.7827682;0.108754478;ZTF;ZTF(zg);ZTF
59196.508912;19.5902958;0.110733211;ZTF;ZTF(zr);ZTF
59198.4759028;19.5315666;0.106073737;ZTF;ZTF(zr);ZTF
59198.5150116;20.1611214;0.140946835;ZTF;ZTF(zg);ZTF
59202.4708565;19.2425919;0.084199436;ZTF;ZTF(zi);ZTF
59203.4838194;19.4563446;0.10033042;ZTF;ZTF(zr);ZTF
59203.5414583;20.1777534;0.1424613;ZTF;ZTF(zg);ZTF
59216.4992014;19.353981;0.0916229337;ZTF;ZTF(zi);ZTF
59219.5025;19.2963257;0.0889656395;ZTF;ZTF(zr);ZTF
59219.5444907;19.080492;0.0742985383;ZTF;ZTF(zi);ZTF
59221.4466551;19.6595249;0.116418377;ZTF;ZTF(zr);ZTF
59222.4886458;19.2813759;0.0867269859;ZTF;ZTF(zi);ZTF
59223.4006134;20.0222034;0.128566995;ZTF;ZTF(zg);ZTF
59223.4637616;19.5524445;0.107712656;ZTF;ZTF(zr);ZTF
59225.4125926;19.6057281;0.111982733;ZTF;ZTF(zr);ZTF
59225.4359144;19.1472797;0.0782487318;ZTF;ZTF(zi);ZTF
59225.4427315;19.8606186;0.114953712;ZTF;ZTF(zg);ZTF
59227.4415625;20.2776222;0.151651397;ZTF;ZTF(zg);ZTF
59228.5290394;19.3135109;0.0888675153;ZTF;ZTF(zi);ZTF
59229.4328935;19.3858929;0.0951835215;ZTF;ZTF(zr);ZTF
59231.4213773;20.5781784;0.178600311;ZTF;ZTF(zg);ZTF
59231.4648958;19.632225;0.114152007;ZTF;ZTF(zr);ZTF
59231.5056829;19.4031334;0.0950580537;ZTF;ZTF(zi);ZTF
59248.4204745;19.6393375;0.114739493;ZTF;ZTF(zr);ZTF
59248.4632523;20.0786667;0.133534193;ZTF;ZTF(zg);ZTF
59250.3690856;19.8687592;0.115616009;ZTF;ZTF(zg);ZTF
59250.3783102;19.4015255;0.0963060483;ZTF;ZTF(zr);ZTF
59251.3791782;19.1824684;0.0804025978;ZTF;ZTF(zi);ZTF
59252.3692245;19.5229473;0.105402701;ZTF;ZTF(zr);ZTF
59252.4895601999;19.809028205642925;0.1304864527679381;ZTF;ZTF(zg);ZTF
59252.4895602;19.8881168;0.117201589;ZTF;ZTF(zg);ZTF
59254.3604977;19.2517738;0.084792316;ZTF;ZTF(zi);ZTF
59254.3992824;19.3852234;0.095135659;ZTF;ZTF(zr);ZTF
59256.3688542;19.7003345;0.102465808;ZTF;ZTF(zg);ZTF
59256.3688542;19.642402926976857;0.09017520011184096;ZTF;ZTF(zg);ZTF
59256.3986343;19.3936768;0.0957410485;ZTF;ZTF(zr);ZTF
59258.3429745;19.1709061;0.080866158;ZTF;ZTF(zr);ZTF
59258.3655093;19.4726181;0.0866206139;ZTF;ZTF(zg);ZTF
59258.36550930003;19.46461835634522;0.09830514207957057;ZTF;ZTF(zg);ZTF
59260.3377662;19.09202;0.0749674961;ZTF;ZTF(zi);ZTF
59262.3388772998;18.946611404410238;0.09573222596474402;ZTF;ZTF(zr);ZTF
59262.3388773;18.9950237;0.0706652477;ZTF;ZTF(zr);ZTF
59262.4121065;19.1334858;0.0671261102;ZTF;ZTF(zg);ZTF
59262.41210650001;19.13552709470114;0.08903667231481749;ZTF;ZTF(zg);ZTF
59263.3198727;18.7961922;0.0594430119;ZTF;ZTF(zi);ZTF
59264.35329859983;18.992307504188094;0.07634881454640474;ZTF;ZTF(zg);ZTF
59264.3532986;19.0273743;0.0619714782;ZTF;ZTF(zg);ZTF
59264.37245369982;18.882689264590237;0.07546564108724867;ZTF;ZTF(zr);ZTF
59264.3724537;18.8982811;0.065604046;ZTF;ZTF(zr);ZTF
59266.3534028;18.6222305;0.0518206209;ZTF;ZTF(zi);ZTF
59266.3592361;18.8118858;0.0613969155;ZTF;ZTF(zr);ZTF
59266.35923610022;18.851686458602526;0.10360164659990005;ZTF;ZTF(zr);ZTF
59268.3529861;18.8951607;0.0654470846;ZTF;ZTF(zr);ZTF
59268.43369209999;18.77897869863592;0.07887736313009666;ZTF;ZTF(zg);ZTF
59268.4336921;18.8227024;0.0531785749;ZTF;ZTF(zg);ZTF
59269.4010417;18.5918655;0.0505958907;ZTF;ZTF(zi);ZTF
59270.3392014;18.7766228;0.0597614013;ZTF;ZTF(zr);ZTF
59270.3829398;18.7667236;0.0510198027;ZTF;ZTF(zg);ZTF
59270.382939800154;18.78104782773716;0.10909507085082441;ZTF;ZTF(zg);ZTF
59274.2129514;18.2272224;0.0347884521;ZTF;ZTF(zg);ZTF
59274.331412;18.5713539;0.0497856811;ZTF;ZTF(zi);ZTF
59274.3580324;18.6663017;0.0549379028;ZTF;ZTF(zr);ZTF
59274.380381899886;18.625449114359252;0.12918410614825537;ZTF;ZTF(zr);ZTF
59274.3803819;18.6529026;0.0543814115;ZTF;ZTF(zr);ZTF
59275.2134259;18.78508;0.0517166033;ZTF;ZTF(zg);ZTF
59275.3304514;18.7333393;0.057816755;ZTF;ZTF(zr);ZTF
59276.257962999865;18.786392634148278;0.10304307819413827;ZTF;ZTF(zg);ZTF
59276.257963;18.7058773;0.0487855338;ZTF;ZTF(zg);ZTF
59276.2589005;18.8016968;0.0523567088;ZTF;ZTF(zg);ZTF
59276.3679861;18.7594872;0.0589833558;ZTF;ZTF(zr);ZTF
59276.36893519992;18.69750969515089;0.06731302938003572;ZTF;ZTF(zr);ZTF
59276.3689352;18.7247715;0.0574399084;ZTF;ZTF(zr);ZTF
59278.3791551;18.480999;0.046376057;ZTF;ZTF(zi);ZTF
59278.4097917;18.7097092;0.0567837954;ZTF;ZTF(zr);ZTF
59280.2845486;18.7226048;0.0573450029;ZTF;ZTF(zr);ZTF
59280.284548600204;18.709600991093993;0.06501765330839776;ZTF;ZTF(zr);ZTF
59280.284548600204;18.709585574332245;0.06501815183832278;ZTF;ZTF(zr);ZTF
59280.35936339991;18.925144148519;0.0792494237628237;ZTF;ZTF(zg);ZTF
59280.3593634;18.8960648;0.0561636575;ZTF;ZTF(zg);ZTF
59281.3097917;18.6616898;0.0534580052;ZTF;ZTF(zi);ZTF
59290.31609949982;19.01983319877349;0.09923767678792711;ZTF;ZTF(zg);ZTF
59290.3160995;19.0272102;0.0619638152;ZTF;ZTF(zg);ZTF
59290.3415045999;18.899422876487833;0.06835855102021032;ZTF;ZTF(zr);ZTF
59290.3415046;18.9412155;0.0678035915;ZTF;ZTF(zr);ZTF
59291.3171759;18.7817116;0.0587678589;ZTF;ZTF(zi);ZTF
59292.296169;19.123291;0.0666122511;ZTF;ZTF(zg);ZTF
59292.29616900021;19.07383448896971;0.09659972136770195;ZTF;ZTF(zg);ZTF
59292.33879629988;18.918804558710068;0.06280987921531235;ZTF;ZTF(zr);ZTF
59292.3387963;19.000988;0.070989728;ZTF;ZTF(zr);ZTF
59295.2646412;18.8475246;0.0630975366;ZTF;ZTF(zr);ZTF
59295.26464120019;18.85896639354358;0.09399737027664982;ZTF;ZTF(zr);ZTF
59295.2752315;19.136158;0.0672614947;ZTF;ZTF(zg);ZTF
59295.275231500156;19.191457964890024;0.1663604571907895;ZTF;ZTF(zg);ZTF
59295.3399421;18.8031521;0.0597702004;ZTF;ZTF(zi);ZTF
59297.207395799924;19.282746723897976;0.1651023350458118;ZTF;ZTF(zg);ZTF
59297.2581134;19.0058365;0.0712545887;ZTF;ZTF(zr);ZTF
59297.25811340008;18.912096070156057;0.12029312293245126;ZTF;ZTF(zr);ZTF
59302.2362037;19.1197224;0.0777606592;ZTF;ZTF(zr);ZTF
59302.2371528;19.2118874;0.0834355205;ZTF;ZTF(zr);ZTF
59302.2740394;18.7801933;0.0586974919;ZTF;ZTF(zi);ZTF
59302.3310995;19.3835602;0.081035994;ZTF;ZTF(zg);ZTF
59302.332036999986;19.148958249160895;0.1732180494316737;ZTF;ZTF(zg);ZTF
59303.2810532;19.3113308;0.0767545179;ZTF;ZTF(zg);ZTF
59303.3529745;19.1225719;0.0779305324;ZTF;ZTF(zr);ZTF
59304.2354282;19.3345261;0.0781055093;ZTF;ZTF(zg);ZTF
59304.305787;19.1067734;0.0769930184;ZTF;ZTF(zr);ZTF
59304.3067361;18.9447365;0.0679872707;ZTF;ZTF(zr);ZTF
59304.3067361;18.953535974928236;0.10883863082170246;ZTF;ZTF(zr);ZTF
59304.349143499974;19.193181278567295;0.16403880098207888;ZTF;ZTF(zg);ZTF
59304.3491435;19.0450039;0.0627985299;ZTF;ZTF(zg);ZTF
59305.3746065;18.8714619;0.0630761981;ZTF;ZTF(zi);ZTF
59306.2708102;19.2068119;0.0831133127;ZTF;ZTF(zr);ZTF
59306.3121759;19.4261112;0.0836617574;ZTF;ZTF(zg);ZTF
59307.2463773;19.1768856;0.081236437;ZTF;ZTF(zr);ZTF
59307.246377300005;19.05984646183979;0.08555622502275345;ZTF;ZTF(zr);ZTF
59307.2777315;19.5088654;0.0889916793;ZTF;ZTF(zg);ZTF
59307.2777315001;19.468337425300643;0.10249932096535187;ZTF;ZTF(zg);ZTF
59309.193715299945;19.4030923342012;0.10290731030442415;ZTF;ZTF(zg);ZTF
59309.1937153;19.4583836;0.0857050642;ZTF;ZTF(zg);ZTF
59309.234895799775;19.121256150930325;0.09735880949141312;ZTF;ZTF(zr);ZTF
59309.2348958;19.2443047;0.0855208784;ZTF;ZTF(zr);ZTF
59310.2915972;18.9568329;0.0674543977;ZTF;ZTF(zi);ZTF
59311.2128125;19.632597;0.0975164399;ZTF;ZTF(zg);ZTF
59311.212812500075;19.540292217421527;0.11011407984018774;ZTF;ZTF(zg);ZTF
59313.2145833;19.2980881;0.0890845209;ZTF;ZTF(zr);ZTF
59313.2502894;19.6337051;0.0975958407;ZTF;ZTF(zg);ZTF
59313.25028940011;19.549650435122672;0.12363320782126015;ZTF;ZTF(zg);ZTF
59313.3208449;18.9484425;0.0670117587;ZTF;ZTF(zi);ZTF
59315.2133565;19.6624641;0.0996742547;ZTF;ZTF(zg);ZTF
59315.213356500026;19.563412664573477;0.09637253497595964;ZTF;ZTF(zg);ZTF
59316.2577778;18.9828377;0.068843767;ZTF;ZTF(zi);ZTF
59317.19407409988;19.154927019017094;0.07099022601078214;ZTF;ZTF(zr);ZTF
59317.1940741;19.2497768;0.0858774781;ZTF;ZTF(zr);ZTF
59317.23614579998;19.678277618940104;0.0808021467915065;ZTF;ZTF(zg);ZTF
59317.2361458;19.7305088;0.104734227;ZTF;ZTF(zg);ZTF
59319.2796759;18.9520226;0.0672002807;ZTF;ZTF(zi);ZTF
59320.1755903;19.6279106;0.0971814096;ZTF;ZTF(zg);ZTF
59322.2084722;19.7235661;0.104208842;ZTF;ZTF(zg);ZTF
59322.2288773;19.0903931;0.0748728141;ZTF;ZTF(zi);ZTF
59322.2708912;19.3169785;0.090367116;ZTF;ZTF(zr);ZTF
59324.172338;19.7189751;0.103862479;ZTF;ZTF(zg);ZTF
59324.2521296;19.3168278;0.0903568566;ZTF;ZTF(zr);ZTF
59325.2338542;18.9891987;0.0691876411;ZTF;ZTF(zi);ZTF
59329.234838;19.3946514;0.0958110839;ZTF;ZTF(zr);ZTF
59334.2950347;19.1029339;0.0756058246;ZTF;ZTF(zi);ZTF
59335.2081713;19.42593;0.0980807617;ZTF;ZTF(zr);ZTF
59335.2553009;19.7321205;0.104856484;ZTF;ZTF(zg);ZTF
59338.2072338;19.7390652;0.105384484;ZTF;ZTF(zg);ZTF
59338.2376389;19.501152;0.103720859;ZTF;ZTF(zr);ZTF
59339.1901157;19.1541615;0.0786659494;ZTF;ZTF(zi);ZTF
59340.2144907;19.9181881;0.119693317;ZTF;ZTF(zg);ZTF
59340.2329977;19.3683453;0.0939366594;ZTF;ZTF(zr);ZTF
59342.1896644;19.158165;0.0789096206;ZTF;ZTF(zi);ZTF
59342.2359838;19.7541676;0.106539957;ZTF;ZTF(zg);ZTF
59342.2774421;19.3822899;0.0949263126;ZTF;ZTF(zr);ZTF
59344.2246065;19.4325333;0.0985656828;ZTF;ZTF(zr);ZTF
59344.2572685;19.8622971;0.115090072;ZTF;ZTF(zg);ZTF
59346.3305903;19.8174858;0.111488417;ZTF;ZTF(zg);ZTF
59348.1948264;19.424572;0.0979813188;ZTF;ZTF(zr);ZTF
59349.2646991;19.1361427;0.0775774717;ZTF;ZTF(zi);ZTF
59350.2063194;19.6554451;0.0991636887;ZTF;ZTF(zg);ZTF
59350.40756363;15.681;0.158;NEOWISE;WISE(W1);NEOWISE
59350.40769095;16.573;0.376;NEOWISE;WISE(W1);NEOWISE
59350.53783024;15.153;0.398;NEOWISE;WISE(W2);NEOWISE
59350.66911557;15.665;0.15;NEOWISE;WISE(W1);NEOWISE
59350.79976421;16.142;0.245;NEOWISE;WISE(W1);NEOWISE
59350.86508855;16.498;0.434;NEOWISE;WISE(W1);NEOWISE
59350.93054017;16.652;0.423;NEOWISE;WISE(W1);NEOWISE
59350.99586451;15.956;0.245;NEOWISE;WISE(W1);NEOWISE
59350.99586451;15.3;0.478;NEOWISE;WISE(W2);NEOWISE
59351.06118887;15.773;0.183;NEOWISE;WISE(W1);NEOWISE
59351.12613122;15.727;0.165;NEOWISE;WISE(W1);NEOWISE
59351.25728918;15.895;0.192;NEOWISE;WISE(W1);NEOWISE
59351.38806571;16.366;0.321;NEOWISE;WISE(W1);NEOWISE
59351.38806571;15.16;0.507;NEOWISE;WISE(W2);NEOWISE
59353.1780787;19.3541718;0.092939727;ZTF;ZTF(zr);ZTF
59353.2213542;19.5664635;0.0928768665;ZTF;ZTF(zg);ZTF
59358.2740162;19.3223343;0.0907337219;ZTF;ZTF(zr);ZTF
59361.1936343;19.4402142;0.0991321281;ZTF;ZTF(zr);ZTF
59361.2897106;19.840765;0.113349319;ZTF;ZTF(zg);ZTF
59363.2149306;19.9538937;0.122696072;ZTF;ZTF(zg);ZTF
59365.2055324;19.8642349;0.115247577;ZTF;ZTF(zg);ZTF
59367.1859838;19.2125816;0.0822858587;ZTF;ZTF(zi);ZTF
59367.2164583;19.450119;0.099866569;ZTF;ZTF(zr);ZTF
59367.2451273;19.9916973;0.125925347;ZTF;ZTF(zg);ZTF
59369.1847801;19.4903049;0.102891795;ZTF;ZTF(zr);ZTF
59369.2131366;19.9022255;0.118366353;ZTF;ZTF(zg);ZTF
59371.1878588;19.925087;0.12026991;ZTF;ZTF(zg);ZTF
59371.2284375;19.4155502;0.0973226503;ZTF;ZTF(zr);ZTF
59373.1858218;19.8326797;0.112700544;ZTF;ZTF(zg);ZTF
59373.2139699;19.3556042;0.0930400938;ZTF;ZTF(zr);ZTF
59375.229294;19.4181461;0.0975118279;ZTF;ZTF(zr);ZTF
59377.2065625;19.2216282;0.0828588754;ZTF;ZTF(zi);ZTF
59377.213831;19.4634018;0.100858405;ZTF;ZTF(zr);ZTF
59379.2147454;19.584425;0.110260665;ZTF;ZTF(zr);ZTF
59387.1977894;19.4492912;0.0998049602;ZTF;ZTF(zr);ZTF
59418.1788889;19.4625587;0.100795232;ZTF;ZTF(zr);ZTF
59419.1766551;19.3205681;0.0906126574;ZTF;ZTF(zr);ZTF
59501.5294444;19.4778175;0.101943925;ZTF;ZTF(zr);ZTF
59501.5318056;19.4174423;0.0974604562;ZTF;ZTF(zr);ZTF
59503.5298727;19.3322983;0.0914191529;ZTF;ZTF(zr);ZTF
59503.5322454;19.2123108;0.0834625289;ZTF;ZTF(zr);ZTF
59503.5369792;19.0742779;0.075098455;ZTF;ZTF(zr);ZTF
59512.5245023;19.6229038;0.113385469;ZTF;ZTF(zr);ZTF
59512.5270602;19.7202415;0.121569633;ZTF;ZTF(zr);ZTF
59512.5296065;19.5406189;0.10678193;ZTF;ZTF(zr);ZTF
59512.5321644;19.4357243;0.0988006145;ZTF;ZTF(zr);ZTF
59525.4987153;20.2183113;0.146176398;ZTF;ZTF(zg);ZTF
59527.4988773;20.2806625;0.151933193;ZTF;ZTF(zg);ZTF
59530.4765625;19.1079884;0.0770647973;ZTF;ZTF(zr);ZTF
59532.4778241;19.5909348;0.110784724;ZTF;ZTF(zr);ZTF
59538.4871875;19.7256966;0.122039743;ZTF;ZTF(zr);ZTF
59540.4960995;19.2891998;0.0872442722;ZTF;ZTF(zi);ZTF
59550.4979861;20.3537579;0.158714071;ZTF;ZTF(zg);ZTF
59558.71322907;15.378;0.522;NEOWISE;WISE(W2);NEOWISE
59558.71322907;15.862;0.205;NEOWISE;WISE(W1);NEOWISE
59558.84387793;16.227;0.294;NEOWISE;WISE(W1);NEOWISE
59558.97452668;15.845;0.218;NEOWISE;WISE(W1);NEOWISE
59559.03985106;15.053;0.417;NEOWISE;WISE(W2);NEOWISE
59559.03985106;16.215;0.275;NEOWISE;WISE(W1);NEOWISE
59559.03997843;14.917;0.331;NEOWISE;WISE(W2);NEOWISE
59559.03997843;15.953;0.299;NEOWISE;WISE(W1);NEOWISE
59559.10517605;15.903;0.302;NEOWISE;WISE(W1);NEOWISE
59559.10530285;16.146;0.269;NEOWISE;WISE(W1);NEOWISE
59559.23595208;15.52;0.189;NEOWISE;WISE(W1);NEOWISE
59559.3012765;16.22;0.284;NEOWISE;WISE(W1);NEOWISE
59559.43192527;15.256;0.131;NEOWISE;WISE(W1);NEOWISE
59559.6933502;15.343;0.478;NEOWISE;WISE(W2);NEOWISE
59559.6933502;15.915;0.202;NEOWISE;WISE(W1);NEOWISE
59622.4198611;19.0451183;0.0722789094;ZTF;ZTF(zi);ZTF
59622.4425116;19.4660187;0.101054743;ZTF;ZTF(zr);ZTF
59622.4619213;19.8294373;0.112441078;ZTF;ZTF(zg);ZTF
59624.5078819;20.0359535;0.129767552;ZTF;ZTF(zg);ZTF
59625.3193403;19.2104816;0.0821533054;ZTF;ZTF(zi);ZTF
59629.4625347;19.5494995;0.107480325;ZTF;ZTF(zr);ZTF
59630.3505324;19.3998413;0.0948250219;ZTF;ZTF(zi);ZTF
59636.4540046;20.1521187;0.140129492;ZTF;ZTF(zg);ZTF
59638.5270139;19.1193485;0.0765747875;ZTF;ZTF(zi);ZTF
59639.2797569;19.8626347;0.115117498;ZTF;ZTF(zg);ZTF
59641.2985301;19.6130257;0.112577192;ZTF;ZTF(zr);ZTF
59671.2993866;19.3124962;0.0887992978;ZTF;ZTF(zi);ZTF
59671.337581;19.5762672;0.109606385;ZTF;ZTF(zr);ZTF
59674.3194213;19.5858021;0.110371381;ZTF;ZTF(zr);ZTF
59674.3530556;19.3631992;0.0922598243;ZTF;ZTF(zi);ZTF
59676.3593287;19.5681114;0.108955301;ZTF;ZTF(zr);ZTF
59677.2702894;19.3834953;0.0936740786;ZTF;ZTF(zi);ZTF
59678.2552894;19.5916328;0.110841081;ZTF;ZTF(zr);ZTF
59678.3190625;20.3095112;0.154608116;ZTF;ZTF(zg);ZTF
59680.2458912;19.3459396;0.0923649594;ZTF;ZTF(zr);ZTF
59680.269919;19.2828007;0.0868209824;ZTF;ZTF(zi);ZTF
59684.319838;19.380621;0.0948074013;ZTF;ZTF(zr);ZTF
59687.2604282;19.969223;0.123999573;ZTF;ZTF(zg);ZTF
59687.3188426;19.1337204;0.0774321407;ZTF;ZTF(zi);ZTF
59689.2580787;19.3806076;0.0948064625;ZTF;ZTF(zr);ZTF
59690.3663194;19.1729984;0.0798179954;ZTF;ZTF(zi);ZTF
59693.2483333;19.9472046;0.122130007;ZTF;ZTF(zg);ZTF
59694.2107292;19.4038582;0.095109418;ZTF;ZTF(zi);ZTF
59697.2114583;20.2126522;0.145656303;ZTF;ZTF(zg);ZTF
59697.310625;19.7103462;0.12071988;ZTF;ZTF(zr);ZTF
59699.2380671;20.463131;0.168793201;ZTF;ZTF(zg);ZTF
59699.2622106;19.6699848;0.117294967;ZTF;ZTF(zr);ZTF
59700.2173843;19.3215446;0.0894092917;ZTF;ZTF(zi);ZTF
59701.2155208;19.5160675;0.104869522;ZTF;ZTF(zr);ZTF
59701.2592824;20.1405354;0.139080629;ZTF;ZTF(zg);ZTF
59701.3829861;19.8190289;0.111611135;ZTF;ZTF(zg);ZTF
59701.3848727;19.8004704;0.110142298;ZTF;ZTF(zg);ZTF
59712.3487731;19.234642;0.0848943666;ZTF;ZTF(zr);ZTF
59714.1924421;19.4278107;0.0982186869;ZTF;ZTF(zr);ZTF
59714.2555093;20.0271034;0.128994107;ZTF;ZTF(zg);ZTF
59717.44558747;16.158;0.232;NEOWISE;WISE(W1);NEOWISE
59717.44558747;15.383;0.497;NEOWISE;WISE(W2);NEOWISE
59717.57610875;16.404;0.297;NEOWISE;WISE(W1);NEOWISE
59717.70663003;16.49;0.4;NEOWISE;WISE(W1);NEOWISE
59717.83715142;14.844;0.327;NEOWISE;WISE(W2);NEOWISE
59717.90234845;16.097;0.36;NEOWISE;WISE(W1);NEOWISE
59718.03286975;15.973;0.235;NEOWISE;WISE(W1);NEOWISE
59718.16339108;16.375;0.522;NEOWISE;WISE(W1);NEOWISE
59718.29391241;16.436;0.332;NEOWISE;WISE(W1);NEOWISE
59718.55482777;16.056;0.22;NEOWISE;WISE(W1);NEOWISE
59719.176713;19.5974712;0.111312956;ZTF;ZTF(zr);ZTF
59719.2140162;19.8484592;0.13291508;ZTF;ZTF(zr);ZTF
59722.257037;20.2862282;0.152448803;ZTF;ZTF(zg);ZTF
59724.180706;19.2552891;0.0850201249;ZTF;ZTF(zi);ZTF
59724.2079282;20.25494;0.149553001;ZTF;ZTF(zg);ZTF
59724.2464931;19.6797886;0.118120737;ZTF;ZTF(zr);ZTF
59726.1824421;19.6380844;0.114635758;ZTF;ZTF(zr);ZTF
59731.1830093;19.1955814;0.0812181383;ZTF;ZTF(zi);ZTF
59731.2343056;19.5871258;0.11047785;ZTF;ZTF(zr);ZTF
59733.2147106;19.5632038;0.108564876;ZTF;ZTF(zr);ZTF
59735.2341204;19.6310158;0.114052393;ZTF;ZTF(zr);ZTF
59739.1948958;20.2474365;0.148859963;ZTF;ZTF(zg);ZTF
59739.2151852;19.4109325;0.0956120193;ZTF;ZTF(zi);ZTF
59739.236794;19.5189323;0.105091274;ZTF;ZTF(zr);ZTF
59743.1873495;19.4301872;0.0983931944;ZTF;ZTF(zr);ZTF
59748.1984606;19.3404427;0.0906938016;ZTF;ZTF(zi);ZTF
59781.176875;19.7025776;0.120055504;ZTF;ZTF(zr);ZTF
59781.1778241;19.4250603;0.0980170965;ZTF;ZTF(zr);ZTF
59781.1787616;19.633461;0.114253953;ZTF;ZTF(zr);ZTF
59781.1797106;19.4903431;0.102894709;ZTF;ZTF(zr);ZTF
59783.1770833;19.730772;0.122478127;ZTF;ZTF(zr);ZTF
59783.1781134;19.5938759;0.111022234;ZTF;ZTF(zr);ZTF
59783.1791319;19.3862553;0.0952094123;ZTF;ZTF(zr);ZTF
59783.1801505;19.3883476;0.0953590348;ZTF;ZTF(zr);ZTF
59784.1757755;19.7224274;0.12175779;ZTF;ZTF(zr);ZTF
59784.1768056;19.6869831;0.118729338;ZTF;ZTF(zr);ZTF
59866.5339815;19.3370934;0.0917506739;ZTF;ZTF(zr);ZTF
59870.5363194;19.1839294;0.0816746578;ZTF;ZTF(zr);ZTF
59877.5238426;19.671299;0.117405489;ZTF;ZTF(zr);ZTF
59877.5264005;19.6024399;0.111715659;ZTF;ZTF(zr);ZTF
59877.5289583;19.7139606;0.121029802;ZTF;ZTF(zr);ZTF
59877.5315162;19.53936;0.10668321;ZTF;ZTF(zr);ZTF
59877.5340741;19.6310158;0.114052393;ZTF;ZTF(zr);ZTF
59878.5215972;19.736763;0.122996986;ZTF;ZTF(zr);ZTF
59878.5241551;19.6092873;0.112272389;ZTF;ZTF(zr);ZTF
59878.526713;19.6659279;0.116954431;ZTF;ZTF(zr);ZTF
59878.5292593;19.4852448;0.102506824;ZTF;ZTF(zr);ZTF
59878.5318171;19.645401;0.11524193;ZTF;ZTF(zr);ZTF
59879.5250579;19.4914627;0.102980025;ZTF;ZTF(zr);ZTF
59879.5275926;19.3318062;0.0913852602;ZTF;ZTF(zr);ZTF
59879.5326736;19.4087677;0.0968299583;ZTF;ZTF(zr);ZTF
59879.5352199;19.591732;0.110849068;ZTF;ZTF(zr);ZTF
59880.5247222;19.4727154;0.101558663;ZTF;ZTF(zr);ZTF
59880.5271644;19.5996208;0.111487024;ZTF;ZTF(zr);ZTF
59880.5296065;19.2692986;0.0871607214;ZTF;ZTF(zr);ZTF
59880.5320486;19.3367767;0.0917287171;ZTF;ZTF(zr);ZTF
59880.5344907;19.6364803;0.114503235;ZTF;ZTF(zr);ZTF
59881.5249537;19.6602173;0.116476282;ZTF;ZTF(zr);ZTF
59881.5272454;19.5512123;0.107615441;ZTF;ZTF(zr);ZTF
59881.5321412;19.647913;0.115450531;ZTF;ZTF(zr);ZTF
59903.5153588;20.0530548;0.131269082;ZTF;ZTF(zg);ZTF
59913.5075116;19.5270977;0.105725408;ZTF;ZTF(zr);ZTF
59914.4543056;19.4522934;0.0985895395;ZTF;ZTF(zi);ZTF
59923.4976852;19.7597237;0.124998316;ZTF;ZTF(zr);ZTF
59929.39820034;16.004;0.255;NEOWISE;WISE(W1);NEOWISE
59930.5085648;19.5425701;0.106935084;ZTF;ZTF(zr);ZTF
59930.5242708;20.0047722;0.127053857;ZTF;ZTF(zg);ZTF
59932.5410648;19.2475204;0.0845172703;ZTF;ZTF(zi);ZTF
59936.462037;19.1472664;0.078247875;ZTF;ZTF(zi);ZTF
59936.4847338;19.668457;0.117166698;ZTF;ZTF(zr);ZTF
59965.4142245;20.105299;0.135909557;ZTF;ZTF(zg);ZTF
59965.4243403;19.5653305;0.10873393;ZTF;ZTF(zr);ZTF
59967.4447106;19.2128887;0.0823052078;ZTF;ZTF(zi);ZTF
59968.4226736;19.8623009;0.11509037;ZTF;ZTF(zg);ZTF
59968.4647454;19.5670223;0.108868524;ZTF;ZTF(zr);ZTF
59970.4297801;18.9191818;0.0654891953;ZTF;ZTF(zi);ZTF
59977.5312731;20.0988579;0.13533327;ZTF;ZTF(zg);ZTF
59980.3784838;19.6738586;0.117620811;ZTF;ZTF(zr);ZTF
59985.3682755;18.895092;0.0642602816;ZTF;ZTF(zi);ZTF
59996.3272222;19.8002129;0.128575861;ZTF;ZTF(zr);ZTF
60016.3512616;19.707243;0.120454237;ZTF;ZTF(zr);ZTF
60020.3213773;19.5758266;0.109571196;ZTF;ZTF(zr);ZTF
60031.2884954;20.2130051;0.145688683;ZTF;ZTF(zg);ZTF
60036.2704514;19.8314419;0.131375358;ZTF;ZTF(zr);ZTF
60043.3586806;19.7630367;0.12528874;ZTF;ZTF(zr);ZTF
60045.3190625;20.3435707;0.157768875;ZTF;ZTF(zg);ZTF
60050.1830903;20.2932396;0.153098792;ZTF;ZTF(zg);ZTF
60050.2558681;19.6715469;0.117426328;ZTF;ZTF(zr);ZTF
60052.2689236;20.3201656;0.155596644;ZTF;ZTF(zg);ZTF
60052.2948727;19.6446342;0.115178339;ZTF;ZTF(zr);ZTF
60054.2576968;20.2559414;0.149645567;ZTF;ZTF(zg);ZTF
60054.2886458;19.5978127;0.111340545;ZTF;ZTF(zr);ZTF
60056.1739931;19.6577702;0.116271742;ZTF;ZTF(zr);ZTF
60056.2132639;20.438282;0.166520774;ZTF;ZTF(zg);ZTF
60058.2135764;19.7376099;0.123070404;ZTF;ZTF(zr);ZTF
60058.2984028;20.1570511;0.140577123;ZTF;ZTF(zg);ZTF
60060.180463;19.5914459;0.110825993;ZTF;ZTF(zr);ZTF
60060.2520949;20.4948006;0.171665743;ZTF;ZTF(zg);ZTF
60062.1958796;19.5779133;0.109738171;ZTF;ZTF(zr);ZTF
60073.1903472;19.7755928;0.126393259;ZTF;ZTF(zr);ZTF
60073.3374537;20.034977;0.129682213;ZTF;ZTF(zg);ZTF
60077.2214815;19.6846828;0.118534505;ZTF;ZTF(zr);ZTF
60077.2582407;20.221241;0.146445632;ZTF;ZTF(zg);ZTF
60080.2384606;20.2826576;0.152117863;ZTF;ZTF(zg);ZTF
60081.69905182;16.429;0.292;NEOWISE;WISE(W1);NEOWISE
60081.82880912;16.515;0.453;NEOWISE;WISE(W1);NEOWISE
60081.95869378;16.478;0.317;NEOWISE;WISE(W1);NEOWISE
60082.02363609;16.005;0.201;NEOWISE;WISE(W1);NEOWISE
60082.08857902;16.027;0.243;NEOWISE;WISE(W1);NEOWISE
60082.15301197;16.124;0.313;NEOWISE;WISE(W1);NEOWISE
60082.21833631;16.051;0.252;NEOWISE;WISE(W1);NEOWISE
60082.41316329;15.739;0.165;NEOWISE;WISE(W1);NEOWISE
60082.54253854;15.734;0.182;NEOWISE;WISE(W1);NEOWISE
60082.67293248;15.729;0.25;NEOWISE;WISE(W1);NEOWISE
60084.2528935;20.4480305;0.167414069;ZTF;ZTF(zg);ZTF
60086.2142824;20.2829514;0.152145252;ZTF;ZTF(zg);ZTF
60086.3060069;20.3238945;0.155942723;ZTF;ZTF(zg);ZTF
60088.237037;19.6987514;0.119729251;ZTF;ZTF(zr);ZTF
60088.2773264;20.4179401;0.164650798;ZTF;ZTF(zg);ZTF
60090.1817824;19.5401154;0.106742471;ZTF;ZTF(zr);ZTF
60097.2433449;19.6689663;0.117209435;ZTF;ZTF(zr);ZTF
60104.2541667;20.3143673;0.155058548;ZTF;ZTF(zg);ZTF
60111.2456019;20.4832478;0.170621365;ZTF;ZTF(zg);ZTF
60113.2656597;20.1136227;0.136655778;ZTF;ZTF(zg);ZTF
60115.2394097;20.2958241;0.153338432;ZTF;ZTF(zg);ZTF
60117.2036111;19.9041634;0.138019532;ZTF;ZTF(zr);ZTF
60231.5315856;19.649601;0.11559087;ZTF;ZTF(zr);ZTF
60231.5340046;19.2454109;0.0855928659;ZTF;ZTF(zr);ZTF
60232.5290046;19.5294056;0.105905175;ZTF;ZTF(zr);ZTF
60232.5313773;19.3633404;0.0935835391;ZTF;ZTF(zr);ZTF
60233.5311227;19.4438248;0.0993993506;ZTF;ZTF(zr);ZTF
60235.5339236;19.382679;0.0949541032;ZTF;ZTF(zr);ZTF
60235.5387963;18.944622;0.0679813027;ZTF;ZTF(zr);ZTF
60236.5334028;19.8391457;0.132071227;ZTF;ZTF(zr);ZTF
60236.5358449;19.4748745;0.10172154;ZTF;ZTF(zr);ZTF
60242.5205093;19.6651421;0.116888583;ZTF;ZTF(zr);ZTF
60242.5256134;19.8392735;0.13208276;ZTF;ZTF(zr);ZTF
60242.5281713;19.6996021;0.119801708;ZTF;ZTF(zr);ZTF
60242.5307176;19.6306229;0.11401999;ZTF;ZTF(zr);ZTF
60244.523206;19.3696766;0.0940307826;ZTF;ZTF(zr);ZTF
60244.5257639;19.4835701;0.102379665;ZTF;ZTF(zr);ZTF
60244.5334375;19.4348469;0.0987359583;ZTF;ZTF(zr);ZTF
60247.5333681;19.3101997;0.089905031;ZTF;ZTF(zr);ZTF
60251.5002778;19.4799767;0.102107301;ZTF;ZTF(zr);ZTF
60254.5058796;19.6071243;0.112096258;ZTF;ZTF(zr);ZTF
60258.4977662;19.5594883;0.108269989;ZTF;ZTF(zr);ZTF
60287.4336111;19.8369026;0.113039047;ZTF;ZTF(zg);ZTF
60290.2321673;15.818;0.195;NEOWISE;WISE(W1);NEOWISE
60290.36128806;16.225;0.292;NEOWISE;WISE(W1);NEOWISE
60290.36128806;15.171;0.533;NEOWISE;WISE(W2);NEOWISE
60290.49002682;15.044;0.466;NEOWISE;WISE(W2);NEOWISE
60290.49002682;15.779;0.189;NEOWISE;WISE(W1);NEOWISE
60290.55458725;15.354;0.533;NEOWISE;WISE(W2);NEOWISE
60290.55458725;16.352;0.309;NEOWISE;WISE(W1);NEOWISE
60290.61965693;15.661;0.165;NEOWISE;WISE(W1);NEOWISE
60290.68421735;15.838;0.194;NEOWISE;WISE(W1);NEOWISE
60290.81333816;15.62;0.178;NEOWISE;WISE(W1);NEOWISE
60291.0717077;15.908;0.195;NEOWISE;WISE(W1);NEOWISE
60291.456794;20.1086941;0.13621375;ZTF;ZTF(zg);ZTF
60314.3879051;19.906435;0.118715331;ZTF;ZTF(zg);ZTF
60322.4577662;20.3606529;0.159353524;ZTF;ZTF(zg);ZTF
60324.3935995;20.3095436;0.154610991;ZTF;ZTF(zg);ZTF
60326.4226505;19.7152748;0.121142589;ZTF;ZTF(zr);ZTF
60341.3168634;19.5583935;0.108183265;ZTF;ZTF(zr);ZTF
60341.4201157;19.9423428;0.121719606;ZTF;ZTF(zg);ZTF
60352.3788889;19.7249832;0.121978126;ZTF;ZTF(zr);ZTF
60354.4450116;20.183445;0.142981023;ZTF;ZTF(zg);ZTF
60368.3000926;19.5635052;0.108588837;ZTF;ZTF(zr);ZTF
60374.4014583;20.2696724;0.150915459;ZTF;ZTF(zg);ZTF
60398.2126968;19.9341011;0.121025801;ZTF;ZTF(zg);ZTF
60408.3320486;20.216856;0.146042496;ZTF;ZTF(zg);ZTF
60409.1489468;19.5794754;0.109863393;ZTF;ZTF(zr);ZTF
60409.200081;20.0901604;0.134556919;ZTF;ZTF(zg);ZTF
60409.3556481;19.2296619;0.083370477;ZTF;ZTF(zi);ZTF
60413.3022222;20.3322754;0.156720743;ZTF;ZTF(zg);ZTF
60417.3185301;20.0666599;0.132469878;ZTF;ZTF(zg);ZTF
60421.2321644;19.6426277;0.11501196;ZTF;ZTF(zr);ZTF
60429.2582176;20.2067242;0.145112187;ZTF;ZTF(zg);ZTF
60433.264838;20.3648224;0.159740135;ZTF;ZTF(zg);ZTF
60437.1734259;20.2091713;0.145336673;ZTF;ZTF(zg);ZTF
60439.2470602;20.1769886;0.142391711;ZTF;ZTF(zg);ZTF
60441.2174769;20.2880058;0.15261367;ZTF;ZTF(zg);ZTF
60443.2826852;20.2744541;0.151358187;ZTF;ZTF(zg);ZTF
60445.2186227;19.4801388;0.10211958;ZTF;ZTF(zr);ZTF
60445.2672106;20.0648346;0.132308558;ZTF;ZTF(zg);ZTF
60451.2966898;19.5428143;0.106954291;ZTF;ZTF(zr);ZTF
60455.279294;19.3993454;0.0961489007;ZTF;ZTF(zr);ZTF
60457.2067245;20.299511;0.153680295;ZTF;ZTF(zg);ZTF
60459.248044;20.3481216;0.158191189;ZTF;ZTF(zg);ZTF
60462.2254745;20.3293781;0.156451643;ZTF;ZTF(zg);ZTF
60464.2473958;20.0901775;0.134558424;ZTF;ZTF(zg);ZTF
