MJD;Magnitude;Error;Facility;Filter;Observer
53554.43043;19.51;0.25;CRTS;CRTS(CL);CRTS
53554.44365;19.72;0.27;CRTS;CRTS(CL);CRTS
53637.27375;19.74;0.28;CRTS;CRTS(CL);CRTS
53638.20825636;20.247032;0.026522683;SDSS;SDSS(r);SDSS
53638.20908562;19.908464;0.027958302;SDSS;SDSS(i);SDSS
53638.20991489;22.453672;0.26265144;SDSS;SDSS(u);SDSS
53638.21074415;19.535099;0.066322014;SDSS;SDSS(z);SDSS
53638.21157342;21.025469;0.039436184;SDSS;SDSS(g);SDSS
53644.20697;19.77;0.28;CRTS;CRTS(CL);CRTS
53644.22121;19.3;0.22;CRTS;CRTS(CL);CRTS
53644.2283;19.89;0.3;CRTS;CRTS(CL);CRTS
53650.21986;19.31;0.23;CRTS;CRTS(CL);CRTS
53650.22803;19.3;0.23;CRTS;CRTS(CL);CRTS
53670.22548;19.82;0.28;CRTS;CRTS(CL);CRTS
53706.21428;19.36;0.22;CRTS;CRTS(CL);CRTS
53706.22455;19.29;0.22;CRTS;CRTS(CL);CRTS
53706.23516;19.27;0.22;CRTS;CRTS(CL);CRTS
53726.12957;18.91;0.18;CRTS;CRTS(CL);CRTS
53726.13758;19.82;0.28;CRTS;CRTS(CL);CRTS
53726.1535;19.63;0.25;CRTS;CRTS(CL);CRTS
53742.09638;18.89;0.17;CRTS;CRTS(CL);CRTS
53742.11236;19.28;0.21;CRTS;CRTS(CL);CRTS
53976.28125;19.54;0.23;CRTS;CRTS(CL);CRTS
53976.3033;19.42;0.21;CRTS;CRTS(CL);CRTS
53995.31859;19.8;0.26;CRTS;CRTS(CL);CRTS
53995.33067;19.72;0.24;CRTS;CRTS(CL);CRTS
53995.34281;19.58;0.23;CRTS;CRTS(CL);CRTS
53995.35497;19.57;0.23;CRTS;CRTS(CL);CRTS
53997.23841798;20.097263;0.031140886;SDSS;SDSS(r);SDSS
53997.23924725;19.744738;0.028952386;SDSS;SDSS(i);SDSS
53997.24007651;22.192415;0.26660234;SDSS;SDSS(u);SDSS
53997.24090578;19.604223;0.08834848;SDSS;SDSS(z);SDSS
53997.2417350401;20.99789;0.038924325;SDSS;SDSS(g);SDSS
54009.17612;19.23;0.2;CRTS;CRTS(CL);CRTS
54009.18256;19.36;0.21;CRTS;CRTS(CL);CRTS
54009.18901;19.07;0.18;CRTS;CRTS(CL);CRTS
54025.16182;19.23;0.19;CRTS;CRTS(CL);CRTS
54025.16872;19.37;0.21;CRTS;CRTS(CL);CRTS
54025.17566;19.49;0.22;CRTS;CRTS(CL);CRTS
54025.18258;19.8;0.26;CRTS;CRTS(CL);CRTS
54052.14279;19.6;0.23;CRTS;CRTS(CL);CRTS
54052.15593;19.77;0.25;CRTS;CRTS(CL);CRTS
54080.19077;19.97;0.29;CRTS;CRTS(CL);CRTS
54080.21073;19.64;0.25;CRTS;CRTS(CL);CRTS
54347.38779;19.0;0.18;CRTS;CRTS(CL);CRTS
54347.39432;19.62;0.25;CRTS;CRTS(CL);CRTS
54354.28192;19.15;0.2;CRTS;CRTS(CL);CRTS
54354.28962;19.99;0.3;CRTS;CRTS(CL);CRTS
54354.29732;19.49;0.23;CRTS;CRTS(CL);CRTS
54386.19075;19.64;0.24;CRTS;CRTS(CL);CRTS
54386.19797;19.49;0.22;CRTS;CRTS(CL);CRTS
54386.20522;19.78;0.26;CRTS;CRTS(CL);CRTS
54386.2124;19.33;0.21;CRTS;CRTS(CL);CRTS
54392.21173;19.46;0.22;CRTS;CRTS(CL);CRTS
54392.22049;19.43;0.22;CRTS;CRTS(CL);CRTS
54392.22926;19.48;0.22;CRTS;CRTS(CL);CRTS
54392.23794;19.26;0.2;CRTS;CRTS(CL);CRTS
54416.14624;20.17;0.32;CRTS;CRTS(CL);CRTS
54416.15401;19.23;0.2;CRTS;CRTS(CL);CRTS
54439.13744;19.31;0.21;CRTS;CRTS(CL);CRTS
54439.14447;19.47;0.22;CRTS;CRTS(CL);CRTS
54439.15146;19.16;0.19;CRTS;CRTS(CL);CRTS
54455.09514;18.73;0.16;CRTS;CRTS(CL);CRTS
54475.11178;19.75;0.26;CRTS;CRTS(CL);CRTS
54648.41619;19.14;0.21;CRTS;CRTS(CL);CRTS
54648.42791;19.92;0.31;CRTS;CRTS(CL);CRTS
54730.36017;19.24;0.2;CRTS;CRTS(CL);CRTS
54730.36665;19.54;0.23;CRTS;CRTS(CL);CRTS
54730.37317;19.11;0.19;CRTS;CRTS(CL);CRTS
54730.37964;19.37;0.21;CRTS;CRTS(CL);CRTS
54737.34488;20.09;0.3;CRTS;CRTS(CL);CRTS
54737.35213;19.32;0.21;CRTS;CRTS(CL);CRTS
54737.35942;19.74;0.25;CRTS;CRTS(CL);CRTS
54737.36663;19.61;0.24;CRTS;CRTS(CL);CRTS
54764.16478;19.34;0.2;CRTS;CRTS(CL);CRTS
54764.18423;19.06;0.18;CRTS;CRTS(CL);CRTS
54764.19397;19.83;0.26;CRTS;CRTS(CL);CRTS
54777.1063;19.4;0.22;CRTS;CRTS(CL);CRTS
54790.18416;19.1;0.18;CRTS;CRTS(CL);CRTS
54790.19145;19.31;0.2;CRTS;CRTS(CL);CRTS
54790.19875;18.91;0.17;CRTS;CRTS(CL);CRTS
54790.20605;19.33;0.2;CRTS;CRTS(CL);CRTS
54800.08613;19.78;0.26;CRTS;CRTS(CL);CRTS
54800.094;19.22;0.19;CRTS;CRTS(CL);CRTS
54800.10978;19.3;0.2;CRTS;CRTS(CL);CRTS
54830.11623;19.96;0.28;CRTS;CRTS(CL);CRTS
54830.12813;19.97;0.29;CRTS;CRTS(CL);CRTS
54830.13418;19.58;0.23;CRTS;CRTS(CL);CRTS
55043.34592;19.62;0.32;CRTS;CRTS(CL);CRTS
55043.35581;19.86;0.36;CRTS;CRTS(CL);CRTS
55043.36077;19.7;0.33;CRTS;CRTS(CL);CRTS
55060.35654;19.02;0.18;CRTS;CRTS(CL);CRTS
55060.36398;19.52;0.23;CRTS;CRTS(CL);CRTS
55060.37129;18.81;0.16;CRTS;CRTS(CL);CRTS
55060.37868;19.55;0.24;CRTS;CRTS(CL);CRTS
55071.29281;19.53;0.31;CRTS;CRTS(CL);CRTS
55071.30343;19.14;0.25;CRTS;CRTS(CL);CRTS
55071.30869;19.25;0.26;CRTS;CRTS(CL);CRTS
55099.1906;19.44;0.23;CRTS;CRTS(CL);CRTS
55099.19735;19.33;0.22;CRTS;CRTS(CL);CRTS
55099.20393;19.14;0.2;CRTS;CRTS(CL);CRTS
55118.1379;19.67;0.25;CRTS;CRTS(CL);CRTS
55118.14592;20.01;0.3;CRTS;CRTS(CL);CRTS
55118.15381;19.55;0.24;CRTS;CRTS(CL);CRTS
55118.16185;18.85;0.17;CRTS;CRTS(CL);CRTS
55128.16395;20.02;0.3;CRTS;CRTS(CL);CRTS
55128.17183;19.35;0.21;CRTS;CRTS(CL);CRTS
55128.18769;20.24;0.34;CRTS;CRTS(CL);CRTS
55146.14809;19.58;0.24;CRTS;CRTS(CL);CRTS
55146.15708;19.47;0.23;CRTS;CRTS(CL);CRTS
55146.16608;18.93;0.18;CRTS;CRTS(CL);CRTS
55157.11693;19.36;0.21;CRTS;CRTS(CL);CRTS
55157.12419;18.92;0.17;CRTS;CRTS(CL);CRTS
55157.13143;20.23;0.33;CRTS;CRTS(CL);CRTS
55157.13874;19.02;0.18;CRTS;CRTS(CL);CRTS
55177.08368;19.6;0.24;CRTS;CRTS(CL);CRTS
55177.09055;19.66;0.25;CRTS;CRTS(CL);CRTS
55177.10048;19.4;0.24;CRTS;CRTS(CL);CRTS
55177.10728;19.61;0.25;CRTS;CRTS(CL);CRTS
55184.09068;19.89;0.28;CRTS;CRTS(CL);CRTS
55184.09756;18.87;0.17;CRTS;CRTS(CL);CRTS
55184.10448;19.54;0.23;CRTS;CRTS(CL);CRTS
55347.44427;20.27;0.36;CRTS;CRTS(CL);CRTS
55347.45828;20.28;0.36;CRTS;CRTS(CL);CRTS
55366.5657737;16.642;0.401;ALLWISE;WISE(W1);ALLWISE
55366.8303813;16.225;0.268;ALLWISE;WISE(W1);ALLWISE
55366.9626851;16.049;0.216;ALLWISE;WISE(W1);ALLWISE
55367.0289007;16.851;0.534;ALLWISE;WISE(W1);ALLWISE
55367.0949889;16.62;0.367;ALLWISE;WISE(W1);ALLWISE
55367.1612044;16.849;0.483;ALLWISE;WISE(W1);ALLWISE
55367.425812;16.495;0.354;ALLWISE;WISE(W1);ALLWISE
55367.5579884;16.17;0.249;ALLWISE;WISE(W1);ALLWISE
55367.5581157;16.107;0.228;ALLWISE;WISE(W1);ALLWISE
55367.6902921;15.594;0.537;ALLWISE;WISE(W2);ALLWISE
55367.6904195;15.371;0.424;ALLWISE;WISE(W2);ALLWISE
55369.42194;19.67;0.26;CRTS;CRTS(CL);CRTS
55369.42823;19.72;0.26;CRTS;CRTS(CL);CRTS
55369.43465;19.43;0.23;CRTS;CRTS(CL);CRTS
55369.44101;20.03;0.31;CRTS;CRTS(CL);CRTS
55383.41297;19.88;0.29;CRTS;CRTS(CL);CRTS
55383.41876;19.95;0.3;CRTS;CRTS(CL);CRTS
55450.343;19.4;0.21;CRTS;CRTS(CL);CRTS
55450.35643;19.62;0.24;CRTS;CRTS(CL);CRTS
55450.3631;19.98;0.29;CRTS;CRTS(CL);CRTS
55469.25293;19.15;0.2;CRTS;CRTS(CL);CRTS
55469.27112;20.15;0.33;CRTS;CRTS(CL);CRTS
55506.17573;19.55;0.19;CRTS;CRTS(CL);CRTS
55506.19364;19.39;0.18;CRTS;CRTS(CL);CRTS
55506.20262;19.55;0.19;CRTS;CRTS(CL);CRTS
55528.1516;18.81;0.2;CRTS;CRTS(CL);CRTS
55528.16529;19.17;0.25;CRTS;CRTS(CL);CRTS
55546.5020687;16.408;0.326;ALLWISE;WISE(W1);ALLWISE
55546.7665508;16.425;0.364;ALLWISE;WISE(W1);ALLWISE
55546.8988553;16.358;0.359;ALLWISE;WISE(W1);ALLWISE
55547.3617297;16.491;0.405;ALLWISE;WISE(W1);ALLWISE
55563.13223;19.92;0.4;CRTS;CRTS(CL);CRTS
55717.46121;19.56;0.31;CRTS;CRTS(CL);CRTS
55822.33318;19.88;0.28;CRTS;CRTS(CL);CRTS
55822.34086;19.12;0.19;CRTS;CRTS(CL);CRTS
55822.3564;19.31;0.21;CRTS;CRTS(CL);CRTS
55835.4241292;20.1037;0.011209;PS1;PS1(r);PS1
55840.21341;18.9;0.17;CRTS;CRTS(CL);CRTS
55850.23477;19.38;0.32;CRTS;CRTS(CL);CRTS
55850.24261;19.4;0.33;CRTS;CRTS(CL);CRTS
55850.25048;19.61;0.37;CRTS;CRTS(CL);CRTS
55865.154;19.67;0.25;CRTS;CRTS(CL);CRTS
55865.15956;19.32;0.21;CRTS;CRTS(CL);CRTS
55865.16515;19.55;0.24;CRTS;CRTS(CL);CRTS
55865.17087;20.35;0.36;CRTS;CRTS(CL);CRTS
55865.17087;19.08;0.19;CRTS;CRTS(CL);CRTS
55884.14057;19.87;0.3;CRTS;CRTS(CL);CRTS
55892.13776;19.58;0.24;CRTS;CRTS(CL);CRTS
55892.14294;19.92;0.28;CRTS;CRTS(CL);CRTS
55892.14813;19.35;0.21;CRTS;CRTS(CL);CRTS
55892.15329;19.26;0.2;CRTS;CRTS(CL);CRTS
55917.9628017;19.5884;0.022737;PS1;PS1(z);PS1
55922.1198;19.31;0.18;CRTS;CRTS(CL);CRTS
55922.12791;19.29;0.18;CRTS;CRTS(CL);CRTS
55922.13602;19.56;0.2;CRTS;CRTS(CL);CRTS
55922.14413;19.45;0.19;CRTS;CRTS(CL);CRTS
55940.0724;19.93;0.25;CRTS;CRTS(CL);CRTS
55940.07858;19.49;0.2;CRTS;CRTS(CL);CRTS
55940.08481;19.51;0.2;CRTS;CRTS(CL);CRTS
55940.091;19.3;0.18;CRTS;CRTS(CL);CRTS
55946.0804;20.15;0.32;CRTS;CRTS(CL);CRTS
55946.08613;19.59;0.24;CRTS;CRTS(CL);CRTS
55946.09194;19.21;0.2;CRTS;CRTS(CL);CRTS
55946.09763;19.85;0.28;CRTS;CRTS(CL);CRTS
56021.5576828;20.8903;0.027432;PS1;PS1(g);PS1
56096.43776;19.39;0.22;CRTS;CRTS(CL);CRTS
56096.4434;20.08;0.32;CRTS;CRTS(CL);CRTS
56096.44904;19.99;0.3;CRTS;CRTS(CL);CRTS
56165.23292;19.88;0.3;CRTS;CRTS(CL);CRTS
56165.23838;18.71;0.17;CRTS;CRTS(CL);CRTS
56165.24381;19.17;0.21;CRTS;CRTS(CL);CRTS
56184.27728;19.67;0.22;CRTS;CRTS(CL);CRTS
56184.28612;19.36;0.19;CRTS;CRTS(CL);CRTS
56206.17609;19.77;0.29;CRTS;CRTS(CL);CRTS
56206.18395;19.24;0.21;CRTS;CRTS(CL);CRTS
56206.19125;19.46;0.24;CRTS;CRTS(CL);CRTS
56206.19125;20.22;0.36;CRTS;CRTS(CL);CRTS
56206.19857;19.83;0.28;CRTS;CRTS(CL);CRTS
56213.15432;19.3;0.21;CRTS;CRTS(CL);CRTS
56213.16339;19.3;0.21;CRTS;CRTS(CL);CRTS
56213.17247;18.97;0.18;CRTS;CRTS(CL);CRTS
56220.20605;19.28;0.2;CRTS;CRTS(CL);CRTS
56220.21004;19.54;0.23;CRTS;CRTS(CL);CRTS
56220.21404;19.23;0.19;CRTS;CRTS(CL);CRTS
56220.21807;19.34;0.2;CRTS;CRTS(CL);CRTS
56237.20143;19.53;0.2;CRTS;CRTS(CL);CRTS
56237.20692;19.68;0.22;CRTS;CRTS(CL);CRTS
56237.21236;18.88;0.15;CRTS;CRTS(CL);CRTS
56237.21783;19.42;0.19;CRTS;CRTS(CL);CRTS
56285.16097;19.28;0.18;CRTS;CRTS(CL);CRTS
56285.16638;18.85;0.15;CRTS;CRTS(CL);CRTS
56301.0744;18.84;0.17;CRTS;CRTS(CL);CRTS
56301.07717;19.08;0.19;CRTS;CRTS(CL);CRTS
56301.08;18.76;0.16;CRTS;CRTS(CL);CRTS
56301.08281;18.9;0.17;CRTS;CRTS(CL);CRTS
56312.10074;19.18;0.2;CRTS;CRTS(CL);CRTS
56437.8505739;19.8884;0.010934;PS1;PS1(i);PS1
56464.42408;19.1;0.2;CRTS;CRTS(CL);CRTS
56464.43438;20.16;0.35;CRTS;CRTS(CL);CRTS
56464.43956;19.55;0.25;CRTS;CRTS(CL);CRTS
56532.37803;19.19;0.22;CRTS;CRTS(CL);CRTS
56532.38495;19.72;0.28;CRTS;CRTS(CL);CRTS
56532.39194;19.22;0.22;CRTS;CRTS(CL);CRTS
56532.39902;19.53;0.26;CRTS;CRTS(CL);CRTS
56538.37652;19.32;0.23;CRTS;CRTS(CL);CRTS
56538.38209;18.73;0.17;CRTS;CRTS(CL);CRTS
56538.38761;19.47;0.25;CRTS;CRTS(CL);CRTS
56559.22106;19.5;0.23;CRTS;CRTS(CL);CRTS
56559.23627;17.93;0.12;CRTS;CRTS(CL);CRTS
56559.24385;19.17;0.2;CRTS;CRTS(CL);CRTS
56566.28644;19.28;0.26;CRTS;CRTS(CL);CRTS
56566.28644;19.53;0.29;CRTS;CRTS(CL);CRTS
56566.29098;19.86;0.35;CRTS;CRTS(CL);CRTS
56566.29547;20.24;0.43;CRTS;CRTS(CL);CRTS
56588.21978;19.46;0.23;CRTS;CRTS(CL);CRTS
56588.22582;20.06;0.31;CRTS;CRTS(CL);CRTS
56588.23187;19.77;0.27;CRTS;CRTS(CL);CRTS
56588.23793;19.61;0.25;CRTS;CRTS(CL);CRTS
56643.9779677;16.365;0.352;NEOWISE;WISE(W1);NEOWISE
56831.9872049;16.276;0.361;NEOWISE;WISE(W1);NEOWISE
56831.98733226;16.553;0.494;NEOWISE;WISE(W1);NEOWISE
56832.0530384;16.407;0.32;NEOWISE;WISE(W1);NEOWISE
56832.0530384;15.309;0.473;NEOWISE;WISE(W2);NEOWISE
56832.18470547;16.362;0.377;NEOWISE;WISE(W1);NEOWISE
56832.31624519;16.064;0.279;NEOWISE;WISE(W1);NEOWISE
56832.44778495;16.26;0.305;NEOWISE;WISE(W1);NEOWISE
56832.57945198;16.202;0.319;NEOWISE;WISE(W1);NEOWISE
57008.53645422;15.297;0.507;NEOWISE;WISE(W2);NEOWISE
57008.79928042;14.614;0.319;NEOWISE;WISE(W2);NEOWISE
57008.79928042;16.159;0.25;NEOWISE;WISE(W1);NEOWISE
57009.52217961;16.264;0.291;NEOWISE;WISE(W1);NEOWISE
57193.80121999;15.913;0.306;NEOWISE;WISE(W1);NEOWISE
57193.99795681;15.933;0.323;NEOWISE;WISE(W1);NEOWISE
57194.26039977;16.261;0.403;NEOWISE;WISE(W1);NEOWISE
57368.11849676;14.677;0.377;NEOWISE;WISE(W2);NEOWISE
57368.11849676;16.844;0.458;NEOWISE;WISE(W1);NEOWISE
57368.31523469;16.455;0.317;NEOWISE;WISE(W1);NEOWISE
57368.31523469;15.312;0.443;NEOWISE;WISE(W2);NEOWISE
57368.51197258;16.163;0.279;NEOWISE;WISE(W1);NEOWISE
57368.64313118;15.264;0.422;NEOWISE;WISE(W2);NEOWISE
57368.64313118;16.368;0.298;NEOWISE;WISE(W1);NEOWISE
57557.69294064;15.7;0.192;NEOWISE;WISE(W1);NEOWISE
57557.82397126;16.14;0.288;NEOWISE;WISE(W1);NEOWISE
57558.02045359;16.469;0.378;NEOWISE;WISE(W1);NEOWISE
57727.26721229;16.388;0.319;NEOWISE;WISE(W1);NEOWISE
57727.33266413;16.908;0.476;NEOWISE;WISE(W1);NEOWISE
57727.33266413;15.127;0.4;NEOWISE;WISE(W2);NEOWISE
57727.46369513;16.781;0.517;NEOWISE;WISE(W1);NEOWISE
57727.59472613;15.981;0.259;NEOWISE;WISE(W1);NEOWISE
57727.7257578;15.801;0.207;NEOWISE;WISE(W1);NEOWISE
57727.85666144;15.982;0.23;NEOWISE;WISE(W1);NEOWISE
57924.73294836;15.971;0.335;NEOWISE;WISE(W1);NEOWISE
57924.86397895;16.615;0.384;NEOWISE;WISE(W1);NEOWISE
57924.99488282;15.818;0.212;NEOWISE;WISE(W1);NEOWISE
57925.12578609;16.61;0.509;NEOWISE;WISE(W1);NEOWISE
57925.32226826;16.162;0.254;NEOWISE;WISE(W1);NEOWISE
57925.58407479;15.685;0.228;NEOWISE;WISE(W1);NEOWISE
57925.71510543;16.408;0.317;NEOWISE;WISE(W1);NEOWISE
58090.8587306;15.639;0.27;NEOWISE;WISE(W1);NEOWISE
58090.92418238;16.144;0.247;NEOWISE;WISE(W1);NEOWISE
58090.92418238;15.139;0.473;NEOWISE;WISE(W2);NEOWISE
58090.9243097;16.409;0.41;NEOWISE;WISE(W1);NEOWISE
58091.12066495;16.306;0.339;NEOWISE;WISE(W1);NEOWISE
58268.4461227;19.8003273;0.10941802;ZTF;ZTF(zr);ZTF
58271.4418287;19.6581001;0.0991746783;ZTF;ZTF(zr);ZTF
58278.4756019;19.9614868;0.121855266;ZTF;ZTF(zr);ZTF
58281.4637384;19.8286152;0.111540928;ZTF;ZTF(zr);ZTF
58282.420787;20.3641586;0.156225473;ZTF;ZTF(zg);ZTF
58285.4434375;20.9551678;0.209391475;ZTF;ZTF(zg);ZTF
58287.4795602;19.9139462;0.118103482;ZTF;ZTF(zr);ZTF
58288.4630903;19.7281876;0.120499901;ZTF;ZTF(zr);ZTF
58288.93360461;15.965;0.281;NEOWISE;WISE(W1);NEOWISE
58289.78422141;15.12;0.441;NEOWISE;WISE(W2);NEOWISE
58289.78422141;16.257;0.3;NEOWISE;WISE(W1);NEOWISE
58290.4435764;20.6221104;0.162705541;ZTF;ZTF(zg);ZTF
58291.4441898;20.7847996;0.194829822;ZTF;ZTF(zg);ZTF
58293.4429514;20.9615097;0.187613845;ZTF;ZTF(zg);ZTF
58293.4666898;19.8960762;0.116710305;ZTF;ZTF(zr);ZTF
58299.4177894;19.5969429;0.0950016528;ZTF;ZTF(zr);ZTF
58300.4362269;19.8577023;0.131329626;ZTF;ZTF(zr);ZTF
58302.4685532;19.3801212;0.101314798;ZTF;ZTF(zi);ZTF
58305.4347454;19.980648;0.123385057;ZTF;ZTF(zr);ZTF
58305.459919;20.5454483;0.157079339;ZTF;ZTF(zg);ZTF
58307.4365741;19.6346455;0.120728046;ZTF;ZTF(zi);ZTF
58310.4392361;19.703598;0.10237094;ZTF;ZTF(zr);ZTF
58310.4396875;19.7145996;0.119394846;ZTF;ZTF(zr);ZTF
58312.3838773;19.8367443;0.137565225;ZTF;ZTF(zi);ZTF
58313.4025694;19.7894115;0.108606115;ZTF;ZTF(zr);ZTF
58316.4373032;20.8392372;0.178640366;ZTF;ZTF(zg);ZTF
58316.4596065;19.9496937;0.139297202;ZTF;ZTF(zr);ZTF
58316.4600694;19.8705997;0.114740938;ZTF;ZTF(zr);ZTF
58316.4813542;19.7029343;0.126303583;ZTF;ZTF(zi);ZTF
58319.4188889;20.8266506;0.198406935;ZTF;ZTF(zg);ZTF
58319.4193403;20.8454952;0.179099679;ZTF;ZTF(zg);ZTF
58319.4460417;19.9753437;0.122960582;ZTF;ZTF(zr);ZTF
58319.4595949;19.9639454;0.14054738;ZTF;ZTF(zr);ZTF
58321.3648495;19.3780289;0.101165161;ZTF;ZTF(zi);ZTF
58322.4146644;19.8815784;0.115587123;ZTF;ZTF(zr);ZTF
58322.4408218;20.6037445;0.161357641;ZTF;ZTF(zg);ZTF
58322.4598727;20.6764946;0.185572863;ZTF;ZTF(zg);ZTF
58322.4823958;19.9100838;0.135843158;ZTF;ZTF(zr);ZTF
58325.3813426;19.5760727;0.11605908;ZTF;ZTF(zi);ZTF
58326.4011227;19.937006;0.119915299;ZTF;ZTF(zr);ZTF
58332.4287616;20.0778198;0.131277755;ZTF;ZTF(zr);ZTF
58332.4423958;20.1295185;0.122659519;ZTF;ZTF(zg);ZTF
58333.3413542;19.9865456;0.142536953;ZTF;ZTF(zr);ZTF
58333.4269329;19.4377918;0.126514956;ZTF;ZTF(zi);ZTF
58333.4617824;20.3883324;0.158731282;ZTF;ZTF(zg);ZTF
58334.4329167;19.903162;0.117261581;ZTF;ZTF(zr);ZTF
58334.4333796;19.9386806;0.120047487;ZTF;ZTF(zr);ZTF
58335.4001157;19.9523373;0.121128291;ZTF;ZTF(zr);ZTF
58335.4183102;19.8903847;0.116268545;ZTF;ZTF(zr);ZTF
58335.4390856;19.9003048;0.13499561;ZTF;ZTF(zr);ZTF
58335.439537;19.9194679;0.136658549;ZTF;ZTF(zr);ZTF
58336.3171412;20.4234238;0.162404031;ZTF;ZTF(zg);ZTF
58336.3760417;19.9417839;0.138604969;ZTF;ZTF(zr);ZTF
58336.4568287;19.8813324;0.133357495;ZTF;ZTF(zr);ZTF
58336.4572801;19.9352665;0.138035506;ZTF;ZTF(zr);ZTF
58337.4097917;20.6935539;0.167948723;ZTF;ZTF(zg);ZTF
58337.4102431;20.664917;0.165847063;ZTF;ZTF(zg);ZTF
58337.4611574;19.5490036;0.136016428;ZTF;ZTF(zi);ZTF
58337.4625231;19.4994907;0.110129334;ZTF;ZTF(zi);ZTF
58338.4038657;20.6117134;0.161942482;ZTF;ZTF(zg);ZTF
58338.4123032;20.6360416;0.163727999;ZTF;ZTF(zg);ZTF
58338.4651968;19.7998047;0.109378994;ZTF;ZTF(zr);ZTF
58340.3982292;20.0034809;0.144032747;ZTF;ZTF(zr);ZTF
58342.3801157;19.4472542;0.127312467;ZTF;ZTF(zi);ZTF
58342.3805671;19.3981857;0.102613851;ZTF;ZTF(zi);ZTF
58342.4128704;20.6557713;0.165175915;ZTF;ZTF(zg);ZTF
58342.4640509;19.8525066;0.113354914;ZTF;ZTF(zr);ZTF
58343.3727894;20.0346184;0.146792084;ZTF;ZTF(zr);ZTF
58343.3981713;20.7212257;0.189396143;ZTF;ZTF(zg);ZTF
58344.4137847;20.7846222;0.174632192;ZTF;ZTF(zg);ZTF
58344.4146991;20.6577072;0.183967113;ZTF;ZTF(zg);ZTF
58345.3934491;19.8367138;0.129540846;ZTF;ZTF(zr);ZTF
58345.3943634;19.8989162;0.116931044;ZTF;ZTF(zr);ZTF
58345.4012153;20.6505928;0.164795876;ZTF;ZTF(zg);ZTF
58345.4016667;20.6755848;0.185495138;ZTF;ZTF(zg);ZTF
58346.3746991;20.7249908;0.189717889;ZTF;ZTF(zg);ZTF
58346.4149306;19.8787613;0.133136153;ZTF;ZTF(zr);ZTF
58346.4159028;20.0009804;0.143811598;ZTF;ZTF(zr);ZTF
58347.3712963;19.6456127;0.144432232;ZTF;ZTF(zi);ZTF
58347.3717593;19.7070923;0.126647294;ZTF;ZTF(zi);ZTF
58347.3817361;19.4616814;0.107279293;ZTF;ZTF(zi);ZTF
58347.4028125;20.0228081;0.145744368;ZTF;ZTF(zr);ZTF
58348.3939352;20.6169434;0.162326336;ZTF;ZTF(zg);ZTF
58348.3958218;20.5919113;0.178343415;ZTF;ZTF(zg);ZTF
58348.4017245;19.9360695;0.138105541;ZTF;ZTF(zr);ZTF
58349.3360301;19.9592342;0.140133709;ZTF;ZTF(zr);ZTF
58349.3952546;20.5549583;0.175184965;ZTF;ZTF(zg);ZTF
58349.3962269;20.6812592;0.185980082;ZTF;ZTF(zg);ZTF
58350.3776157;19.9667282;0.140791982;ZTF;ZTF(zr);ZTF
58351.3494329;19.6204681;0.119587876;ZTF;ZTF(zi);ZTF
58351.3498958;19.5360737;0.134899139;ZTF;ZTF(zi);ZTF
58351.3951736;19.8618946;0.114072755;ZTF;ZTF(zr);ZTF
58351.3956366;19.8282223;0.128820598;ZTF;ZTF(zr);ZTF
58351.4042245;20.628418;0.16316843;ZTF;ZTF(zg);ZTF
58351.4238657;20.8443928;0.199923396;ZTF;ZTF(zg);ZTF
58352.2999653;19.9364204;0.138136268;ZTF;ZTF(zr);ZTF
58352.3009722;19.6689148;0.115726858;ZTF;ZTF(zr);ZTF
58352.3760532;20.8741798;0.202469349;ZTF;ZTF(zg);ZTF
58352.377037;20.7187023;0.189180374;ZTF;ZTF(zg);ZTF
58353.4369329;20.0790443;0.150743112;ZTF;ZTF(zr);ZTF
58353.4633218;20.0478573;0.147968173;ZTF;ZTF(zr);ZTF
58354.3209954;19.7379894;0.121301003;ZTF;ZTF(zr);ZTF
58354.3380903;19.7901192;0.108658567;ZTF;ZTF(zr);ZTF
58354.422037;19.8253746;0.128579497;ZTF;ZTF(zr);ZTF
58354.4230208;19.7435875;0.105243564;ZTF;ZTF(zr);ZTF
58355.356169;19.8680649;0.132217154;ZTF;ZTF(zr);ZTF
58355.3571412;19.9090919;0.135757104;ZTF;ZTF(zr);ZTF
58355.4441435;19.8765278;0.132943973;ZTF;ZTF(zr);ZTF
58355.4450579;20.0953331;0.152193829;ZTF;ZTF(zr);ZTF
58356.471875;19.9186268;0.13658534;ZTF;ZTF(zr);ZTF
58357.4153935;19.8018169;0.109529078;ZTF;ZTF(zr);ZTF
58360.3468634;19.8871231;0.133856505;ZTF;ZTF(zr);ZTF
58360.3487037;19.8099747;0.110138908;ZTF;ZTF(zr);ZTF
58361.3130903;19.986042;0.142492488;ZTF;ZTF(zr);ZTF
58361.3619213;19.9938412;0.151102707;ZTF;ZTF(zi);ZTF
58361.3623843;19.6900272;0.148320943;ZTF;ZTF(zi);ZTF
58363.275625;19.9342499;0.119697928;ZTF;ZTF(zr);ZTF
58363.3128935;20.5689411;0.176380157;ZTF;ZTF(zg);ZTF
58363.3389699;20.7823868;0.17446816;ZTF;ZTF(zg);ZTF
58363.4301736;19.8940277;0.134452611;ZTF;ZTF(zr);ZTF
58363.431088;19.9921513;0.143031612;ZTF;ZTF(zr);ZTF
58364.2913889;20.619833;0.180729866;ZTF;ZTF(zg);ZTF
58364.3351042;19.9503479;0.139354542;ZTF;ZTF(zr);ZTF
58365.3218519;19.3311462;0.117699198;ZTF;ZTF(zi);ZTF
58365.3223148;19.5319271;0.112615697;ZTF;ZTF(zi);ZTF
58365.351088;20.0556469;0.148660719;ZTF;ZTF(zr);ZTF
58366.3705324;19.7428322;0.121697962;ZTF;ZTF(zr);ZTF
58366.3709954;19.9152946;0.118208975;ZTF;ZTF(zr);ZTF
58366.3714468;19.9690666;0.140997484;ZTF;ZTF(zr);ZTF
58366.4005093;20.6191311;0.180669904;ZTF;ZTF(zg);ZTF
58366.4014236;20.6564026;0.183855534;ZTF;ZTF(zg);ZTF
58366.4032639;20.6449699;0.164383173;ZTF;ZTF(zg);ZTF
58367.2969792;20.655901;0.183812737;ZTF;ZTF(zg);ZTF
58367.371956;19.855545;0.131145269;ZTF;ZTF(zr);ZTF
58368.3375926;19.8488503;0.130573794;ZTF;ZTF(zr);ZTF
58368.3512963;19.9427814;0.120371483;ZTF;ZTF(zr);ZTF
58368.3742824;20.8483467;0.200261354;ZTF;ZTF(zg);ZTF
58369.3098264;20.7693577;0.173511982;ZTF;ZTF(zg);ZTF
58369.3234606;20.8821564;0.203151107;ZTF;ZTF(zg);ZTF
58369.323912;20.6261272;0.163000345;ZTF;ZTF(zg);ZTF
58369.3257407;21.2732315;0.236576796;ZTF;ZTF(zg);ZTF
58369.343125;19.3155289;0.0967745557;ZTF;ZTF(zi);ZTF
58369.343588;19.6603584;0.14572297;ZTF;ZTF(zi);ZTF
58369.3584375;20.0433502;0.147567719;ZTF;ZTF(zr);ZTF
58369.3593519;19.8610783;0.13161844;ZTF;ZTF(zr);ZTF
58369.3602662;19.8256283;0.111315548;ZTF;ZTF(zr);ZTF
58370.3696181;20.6985874;0.187461138;ZTF;ZTF(zg);ZTF
58370.4048611;19.9344826;0.13796699;ZTF;ZTF(zr);ZTF
58371.322581;19.9363556;0.119863942;ZTF;ZTF(zr);ZTF
58371.3481597;20.6733379;0.185303092;ZTF;ZTF(zg);ZTF
58371.4044444;19.8942909;0.13447538;ZTF;ZTF(zr);ZTF
58372.2866667;20.6926861;0.167885065;ZTF;ZTF(zg);ZTF
58372.2871296;20.5311356;0.173148751;ZTF;ZTF(zg);ZTF
58372.2889699;20.6644897;0.184546828;ZTF;ZTF(zg);ZTF
58372.3456366;19.8974972;0.116820738;ZTF;ZTF(zr);ZTF
58372.3685532;20.0463524;0.14783445;ZTF;ZTF(zr);ZTF
58372.3694676;19.8773155;0.133011758;ZTF;ZTF(zr);ZTF
58373.3322106;19.8351593;0.129408836;ZTF;ZTF(zr);ZTF
58373.3428125;19.621521;0.119672313;ZTF;ZTF(zi);ZTF
58373.3432639;19.6313553;0.14318499;ZTF;ZTF(zi);ZTF
58373.358912;20.5923214;0.178378463;ZTF;ZTF(zg);ZTF
58374.3151852;19.8488331;0.130572259;ZTF;ZTF(zr);ZTF
58374.3491319;19.8557625;0.113603532;ZTF;ZTF(zr);ZTF
58375.3086343;20.5875244;0.177968383;ZTF;ZTF(zg);ZTF
58375.3090972;20.5350704;0.156317711;ZTF;ZTF(zg);ZTF
58375.3095486;20.8366146;0.199258566;ZTF;ZTF(zg);ZTF
58375.3323727;19.4531479;0.106643334;ZTF;ZTF(zi);ZTF
58375.3371644;19.9761314;0.123023577;ZTF;ZTF(zr);ZTF
58375.3583681;19.934494;0.137968063;ZTF;ZTF(zr);ZTF
58375.3592824;19.9044266;0.135352507;ZTF;ZTF(zr);ZTF
58376.3300347;20.6355019;0.182069182;ZTF;ZTF(zg);ZTF
58376.3393287;19.7961922;0.126122519;ZTF;ZTF(zr);ZTF
58377.3065509;19.8302517;0.128992498;ZTF;ZTF(zr);ZTF
58377.3219907;19.6803112;0.124441773;ZTF;ZTF(zi);ZTF
58377.3224421;19.5504627;0.136142686;ZTF;ZTF(zi);ZTF
58377.3273495;19.7079468;0.126718014;ZTF;ZTF(zi);ZTF
58378.2852431;19.8172779;0.110686854;ZTF;ZTF(zr);ZTF
58378.3163773;20.7391853;0.190931082;ZTF;ZTF(zg);ZTF
58378.3182639;20.8956223;0.204301953;ZTF;ZTF(zg);ZTF
58378.3187153;20.8700218;0.18089962;ZTF;ZTF(zg);ZTF
58378.3869907;20.0503483;0.148189634;ZTF;ZTF(zr);ZTF
58378.3879051;19.8833866;0.133534431;ZTF;ZTF(zr);ZTF
58379.3543403;20.700304;0.187607884;ZTF;ZTF(zg);ZTF
58379.3892477;19.9512043;0.139429525;ZTF;ZTF(zr);ZTF
58382.2779167;19.5462646;0.113726638;ZTF;ZTF(zi);ZTF
58382.3185995;20.087822;0.132101208;ZTF;ZTF(zr);ZTF
58382.3497222;19.7537346;0.122594543;ZTF;ZTF(zr);ZTF
58382.350625;19.8829498;0.133496732;ZTF;ZTF(zr);ZTF
58382.3912384;20.1260548;0.122383222;ZTF;ZTF(zg);ZTF
58382.3917014;20.1563568;0.135660231;ZTF;ZTF(zg);ZTF
58383.2775463;20.0211277;0.123344779;ZTF;ZTF(zg);ZTF
58387.3157292;19.3571129;0.0996786654;ZTF;ZTF(zi);ZTF
58387.4002199;19.1941109;0.106916852;ZTF;ZTF(zi);ZTF
58389.3544213;20.4561329;0.16586253;ZTF;ZTF(zg);ZTF
58390.2472685;19.9855461;0.123777568;ZTF;ZTF(zr);ZTF
58390.2481829;19.8141518;0.12763156;ZTF;ZTF(zr);ZTF
58390.264919;20.013382;0.144909039;ZTF;ZTF(zr);ZTF
58390.3071181;20.5012589;0.15383637;ZTF;ZTF(zg);ZTF
58397.2856597;20.0241051;0.145859361;ZTF;ZTF(zr);ZTF
58397.2874884;19.8912621;0.134213701;ZTF;ZTF(zr);ZTF
58397.3304167;19.8532944;0.162453473;ZTF;ZTF(zi);ZTF
58397.3436111;20.368042;0.156626612;ZTF;ZTF(zg);ZTF
58397.3445602;20.8593788;0.201204181;ZTF;ZTF(zg);ZTF
58400.222662;19.9994144;0.124892414;ZTF;ZTF(zr);ZTF
58400.2333333;19.5750217;0.115976386;ZTF;ZTF(zi);ZTF
58422.2898843;19.4307194;0.104985118;ZTF;ZTF(zi);ZTF
58423.2158565;20.6720467;0.185192704;ZTF;ZTF(zg);ZTF
58423.2167593;20.8789291;0.202875257;ZTF;ZTF(zg);ZTF
58423.2176852;20.5361385;0.156396151;ZTF;ZTF(zg);ZTF
58426.2231481;20.539259;0.156625152;ZTF;ZTF(zg);ZTF
58426.2383565;19.7870941;0.125361741;ZTF;ZTF(zr);ZTF
58426.2397222;20.1349983;0.136006981;ZTF;ZTF(zr);ZTF
58426.2815625;19.7935486;0.133889213;ZTF;ZTF(zi);ZTF
58428.2004514;21.0182667;0.214784622;ZTF;ZTF(zg);ZTF
58428.2363773;19.8256359;0.128601581;ZTF;ZTF(zr);ZTF
58429.2119329;20.7129116;0.188685417;ZTF;ZTF(zg);ZTF
58429.2128472;20.8161278;0.197507501;ZTF;ZTF(zg);ZTF
58429.2568866;19.9220848;0.118741132;ZTF;ZTF(zr);ZTF
58429.2578009;19.9352226;0.138031647;ZTF;ZTF(zr);ZTF
58429.2587153;19.8967705;0.134689778;ZTF;ZTF(zr);ZTF
58430.2069213;20.0056801;0.144227386;ZTF;ZTF(zr);ZTF
58430.2116667;19.4448509;0.106027685;ZTF;ZTF(zi);ZTF
58430.2610648;20.305994;0.150286138;ZTF;ZTF(zg);ZTF
58432.256794;19.8717842;0.132536367;ZTF;ZTF(zr);ZTF
58432.2577083;19.8364258;0.129516348;ZTF;ZTF(zr);ZTF
58434.1474769;20.4880486;0.169266537;ZTF;ZTF(zg);ZTF
58434.1703125;19.7597656;0.106422171;ZTF;ZTF(zr);ZTF
58434.1907639;19.9154682;0.136310801;ZTF;ZTF(zr);ZTF
58435.212963;20.2650337;0.146184996;ZTF;ZTF(zg);ZTF
58435.2565856;19.4614792;0.100066692;ZTF;ZTF(zr);ZTF
58435.2574884;19.5299492;0.105048254;ZTF;ZTF(zr);ZTF
58437.214537;20.6021767;0.161242604;ZTF;ZTF(zg);ZTF
58437.2655093;19.7856293;0.108325742;ZTF;ZTF(zr);ZTF
58437.267338;19.6464157;0.113948084;ZTF;ZTF(zr);ZTF
58450.99063115;15.181;0.522;NEOWISE;WISE(W2);NEOWISE
58451.44866565;16.016;0.224;NEOWISE;WISE(W1);NEOWISE
58451.57957211;16.101;0.331;NEOWISE;WISE(W1);NEOWISE
58456.1640394;19.6908417;0.117478028;ZTF;ZTF(zr);ZTF
58456.1645023;19.8279705;0.111492231;ZTF;ZTF(zr);ZTF
58456.1654167;19.6224899;0.112077236;ZTF;ZTF(zr);ZTF
58457.1192245;19.9636307;0.118383549;ZTF;ZTF(zg);ZTF
58466.0900694;19.9910278;0.124217689;ZTF;ZTF(zr);ZTF
58469.091088;19.9308395;0.119429246;ZTF;ZTF(zr);ZTF
58471.1439931;19.2747459;0.0874582678;ZTF;ZTF(zr);ZTF
58472.1097222;19.6556091;0.114672668;ZTF;ZTF(zr);ZTF
58474.1342014;19.7847137;0.125163093;ZTF;ZTF(zr);ZTF
58483.106088;20.9052696;0.183486462;ZTF;ZTF(zg);ZTF
58487.1010417;19.8206196;0.128177419;ZTF;ZTF(zr);ZTF
58487.101956;19.8841782;0.133602649;ZTF;ZTF(zr);ZTF
58487.1419676;20.6175709;0.162372351;ZTF;ZTF(zg);ZTF
58487.1428704;20.7549057;0.192274809;ZTF;ZTF(zg);ZTF
58487.1437847;20.3186493;0.151567176;ZTF;ZTF(zg);ZTF
58488.1438889;20.6759949;0.185530186;ZTF;ZTF(zg);ZTF
58491.1025926;19.5127029;0.103775688;ZTF;ZTF(zr);ZTF
58491.1034954;19.7804775;0.107944667;ZTF;ZTF(zr);ZTF
58491.1322454;20.7689915;0.193478703;ZTF;ZTF(zg);ZTF
58493.1045833;19.8853645;0.133704871;ZTF;ZTF(zr);ZTF
58494.1317245;20.7818146;0.174426198;ZTF;ZTF(zg);ZTF
58514.1020718;20.0666714;0.149641559;ZTF;ZTF(zr);ZTF
58514.1069907;20.0357075;0.146888822;ZTF;ZTF(zr);ZTF
58514.1118981;20.1456528;0.156673193;ZTF;ZTF(zr);ZTF
58523.1005787;19.7473259;0.105515078;ZTF;ZTF(zr);ZTF
58523.1054398;19.8446598;0.112757005;ZTF;ZTF(zr);ZTF
58523.1103009;19.8547325;0.113524847;ZTF;ZTF(zr);ZTF
58523.115162;19.8737087;0.114980161;ZTF;ZTF(zr);ZTF
58641.4453241;20.8160191;0.176936388;ZTF;ZTF(zg);ZTF
58644.4452431;20.59482;0.160702705;ZTF;ZTF(zg);ZTF
58652.457037;19.9511719;0.139426723;ZTF;ZTF(zr);ZTF
58653.44052927;15.996;0.256;NEOWISE;WISE(W1);NEOWISE
58655.4418287;19.5261574;0.104767412;ZTF;ZTF(zr);ZTF
58655.4422917;19.897234;0.116800256;ZTF;ZTF(zr);ZTF
58655.4784606;19.5707397;0.0838444382;ZTF;ZTF(zg);ZTF
58661.4760417;20.5521393;0.174944043;ZTF;ZTF(zg);ZTF
58663.4600116;20.6296654;0.163259983;ZTF;ZTF(zg);ZTF
58665.4553819;20.067318;0.149699062;ZTF;ZTF(zr);ZTF
58666.4225463;19.9833698;0.123603113;ZTF;ZTF(zr);ZTF
58666.45125;19.6222324;0.119729415;ZTF;ZTF(zi);ZTF
58668.4783333;19.641449;0.121277384;ZTF;ZTF(zi);ZTF
58669.4192824;19.8968239;0.116768375;ZTF;ZTF(zr);ZTF
58669.4372917;19.9284153;0.137437776;ZTF;ZTF(zr);ZTF
58669.4606134;20.6853218;0.186327338;ZTF;ZTF(zg);ZTF
58669.4610648;20.6198177;0.162537336;ZTF;ZTF(zg);ZTF
58670.4071528;19.6355114;0.120797858;ZTF;ZTF(zi);ZTF
58672.426412;20.7181225;0.189130902;ZTF;ZTF(zg);ZTF
58672.4268634;20.6519146;0.164892912;ZTF;ZTF(zg);ZTF
58672.4625579;19.862339;0.131726429;ZTF;ZTF(zr);ZTF
58672.4630093;19.9248543;0.118958555;ZTF;ZTF(zr);ZTF
58674.4880093;19.7067604;0.102595985;ZTF;ZTF(zr);ZTF
58675.4468403;20.5787239;0.177216291;ZTF;ZTF(zg);ZTF
58675.4472917;20.6439476;0.16430819;ZTF;ZTF(zg);ZTF
58676.4489236;19.6162453;0.119249418;ZTF;ZTF(zi);ZTF
58676.4564236;19.646183;0.121660441;ZTF;ZTF(zi);ZTF
58677.4457986;20.8231487;0.1981076;ZTF;ZTF(zg);ZTF
58677.4847685;19.7771549;0.124533534;ZTF;ZTF(zr);ZTF
58678.4404167;20.5849972;0.159981847;ZTF;ZTF(zg);ZTF
58678.4408681;20.5445652;0.174296618;ZTF;ZTF(zg);ZTF
58678.4776736;19.841465;0.112514198;ZTF;ZTF(zr);ZTF
58678.478125;19.8279762;0.128799707;ZTF;ZTF(zr);ZTF
58678.4790394;19.9230385;0.136969268;ZTF;ZTF(zr);ZTF
58679.463125;19.695858;0.117881089;ZTF;ZTF(zr);ZTF
58681.4324421;19.889925;0.134098351;ZTF;ZTF(zr);ZTF
58681.4351736;19.7722282;0.124124177;ZTF;ZTF(zr);ZTF
58681.4389583;19.8854885;0.115889393;ZTF;ZTF(zr);ZTF
58682.4045139;19.9632702;0.140488118;ZTF;ZTF(zr);ZTF
58682.4466551;19.5833244;0.116631038;ZTF;ZTF(zi);ZTF
58688.4364931;20.0142479;0.144985676;ZTF;ZTF(zr);ZTF
58688.4369444;19.8425217;0.112594515;ZTF;ZTF(zr);ZTF
58688.4373958;19.9436474;0.138767928;ZTF;ZTF(zr);ZTF
58690.413669;19.8878326;0.133917689;ZTF;ZTF(zr);ZTF
58690.4789352;20.586731;0.177900672;ZTF;ZTF(zg);ZTF
58691.3403241;19.5640297;0.115113124;ZTF;ZTF(zi);ZTF
58691.4194792;19.8779221;0.133063957;ZTF;ZTF(zr);ZTF
58691.4199306;19.8598995;0.113919929;ZTF;ZTF(zr);ZTF
58691.4203819;19.8672371;0.132146209;ZTF;ZTF(zr);ZTF
58691.4571644;20.7719765;0.173704147;ZTF;ZTF(zg);ZTF
58691.4576157;20.60923;0.179823637;ZTF;ZTF(zg);ZTF
58691.4585764;20.7966156;0.195839763;ZTF;ZTF(zg);ZTF
58693.3797801;19.9800148;0.141961172;ZTF;ZTF(zr);ZTF
58693.4221412;20.6565781;0.183870554;ZTF;ZTF(zg);ZTF
58694.3984144;19.9090271;0.135751516;ZTF;ZTF(zr);ZTF
58694.3993171;19.7979431;0.126269236;ZTF;ZTF(zr);ZTF
58694.3997685;19.9776592;0.123145729;ZTF;ZTF(zr);ZTF
58695.4069329;20.7073936;0.168964505;ZTF;ZTF(zg);ZTF
58695.4271644;20.5221043;0.172376871;ZTF;ZTF(zg);ZTF
58695.4769444;19.9186134;0.136584207;ZTF;ZTF(zr);ZTF
58695.4975347;19.8874321;0.116039798;ZTF;ZTF(zr);ZTF
58696.3787153;19.9793682;0.141904235;ZTF;ZTF(zr);ZTF
58696.4365162;20.6392822;0.18239224;ZTF;ZTF(zg);ZTF
58697.4189005;19.8583145;0.131382003;ZTF;ZTF(zr);ZTF
58697.4193519;19.8163605;0.110617906;ZTF;ZTF(zr);ZTF
58697.4198032;19.9340992;0.137933612;ZTF;ZTF(zr);ZTF
58698.4571759;20.837719;0.19935298;ZTF;ZTF(zg);ZTF
58699.3950231;19.8817196;0.133390754;ZTF;ZTF(zr);ZTF
58700.4013079;19.792366;0.108825415;ZTF;ZTF(zr);ZTF
58700.4175926;19.8739319;0.132720903;ZTF;ZTF(zr);ZTF
58700.4184954;19.8634644;0.131822795;ZTF;ZTF(zr);ZTF
58700.4194792;20.0623627;0.130008832;ZTF;ZTF(zr);ZTF
58700.4780903;20.6985149;0.168312788;ZTF;ZTF(zg);ZTF
58700.4794444;20.591444;0.17830348;ZTF;ZTF(zg);ZTF
58701.4122801;19.4499073;0.106402606;ZTF;ZTF(zi);ZTF
58701.4543634;20.7843056;0.194787621;ZTF;ZTF(zg);ZTF
58702.3714236;19.8061447;0.158425674;ZTF;ZTF(zi);ZTF
58703.3921644;19.6753101;0.12403211;ZTF;ZTF(zi);ZTF
58703.4200463;19.9068623;0.135563731;ZTF;ZTF(zr);ZTF
58703.4209491;19.8612938;0.131636918;ZTF;ZTF(zr);ZTF
58703.4606134;20.8025188;0.196344376;ZTF;ZTF(zg);ZTF
58703.4615046;20.6201591;0.180757761;ZTF;ZTF(zg);ZTF
58703.4628588;20.7689247;0.173480153;ZTF;ZTF(zg);ZTF
58704.4240162;20.6863194;0.186412573;ZTF;ZTF(zg);ZTF
58704.4764815;19.8317719;0.129121378;ZTF;ZTF(zr);ZTF
58705.3994792;20.7241917;0.189649582;ZTF;ZTF(zg);ZTF
58706.3975579;19.8758335;0.11514391;ZTF;ZTF(zr);ZTF
58707.4343171;20.7016182;0.18772018;ZTF;ZTF(zg);ZTF
58707.43625;20.7616692;0.192852855;ZTF;ZTF(zg);ZTF
58707.4637269;19.7953358;0.12605074;ZTF;ZTF(zr);ZTF
58707.4646296;20.0102081;0.144628048;ZTF;ZTF(zr);ZTF
58708.4607407;20.3809586;0.157964736;ZTF;ZTF(zg);ZTF
58709.4192477;19.6030083;0.118192375;ZTF;ZTF(zi);ZTF
58710.3785648;19.9690018;0.140991807;ZTF;ZTF(zr);ZTF
58710.380463;19.9639778;0.140550315;ZTF;ZTF(zr);ZTF
58712.4067824;19.598402;0.095099546;ZTF;ZTF(zr);ZTF
58715.3769329;20.1264477;0.154964715;ZTF;ZTF(zr);ZTF
58716.3259375;19.4062195;0.1031956;ZTF;ZTF(zi);ZTF
58716.3263889;19.6431313;0.144215018;ZTF;ZTF(zi);ZTF
58716.3784144;20.0132122;0.12600629;ZTF;ZTF(zr);ZTF
58716.3788657;19.6172161;0.111667767;ZTF;ZTF(zr);ZTF
58717.4093171;20.7593384;0.172776699;ZTF;ZTF(zg);ZTF
58717.4635764;19.7019463;0.102253601;ZTF;ZTF(zr);ZTF
58722.3730556;19.7982349;0.109261997;ZTF;ZTF(zr);ZTF
58722.3774884;19.7710381;0.155390531;ZTF;ZTF(zi);ZTF
58723.3999421;20.6397343;0.163998961;ZTF;ZTF(zg);ZTF
58724.3765972;19.7897606;0.125584468;ZTF;ZTF(zr);ZTF
58724.3779977;19.8409462;0.112474814;ZTF;ZTF(zr);ZTF
58724.4223958;20.8747215;0.181244612;ZTF;ZTF(zg);ZTF
58727.3264468;19.8272305;0.111436449;ZTF;ZTF(zr);ZTF
58727.3716204;19.5647545;0.137381122;ZTF;ZTF(zi);ZTF
58727.3729745;19.4469624;0.106184185;ZTF;ZTF(zi);ZTF
58727.3777662;20.6982594;0.187433124;ZTF;ZTF(zg);ZTF
58727.3782176;20.5956841;0.160766125;ZTF;ZTF(zg);ZTF
58727.3800116;20.6737919;0.166498423;ZTF;ZTF(zg);ZTF
58730.3283681;20.7447548;0.171706319;ZTF;ZTF(zg);ZTF
58730.3775347;19.9732265;0.141363472;ZTF;ZTF(zr);ZTF
58730.3784375;20.0905952;0.13233;ZTF;ZTF(zr);ZTF
58730.3793403;20.0196266;0.126525551;ZTF;ZTF(zr);ZTF
58732.3333565;19.6270866;0.120119371;ZTF;ZTF(zi);ZTF
58732.3829977;20.6530457;0.164975882;ZTF;ZTF(zg);ZTF
58733.3706134;20.6677895;0.184828758;ZTF;ZTF(zg);ZTF
58733.3719676;20.5453014;0.15706861;ZTF;ZTF(zg);ZTF
58733.3728704;20.8255424;0.177635312;ZTF;ZTF(zg);ZTF
58733.3949537;19.8458023;0.112843975;ZTF;ZTF(zr);ZTF
58733.3958565;19.9279137;0.11919909;ZTF;ZTF(zr);ZTF
58733.4234491;19.7230148;0.151206702;ZTF;ZTF(zi);ZTF
58736.333125;19.6983585;0.125925913;ZTF;ZTF(zi);ZTF
58736.3989352;19.8046761;0.126834214;ZTF;ZTF(zr);ZTF
58736.4003125;19.8308258;0.111708038;ZTF;ZTF(zr);ZTF
58736.4406597;20.5302277;0.155962348;ZTF;ZTF(zg);ZTF
58736.4415625;20.7944069;0.175350308;ZTF;ZTF(zg);ZTF
58736.4586227;20.5610714;0.175707459;ZTF;ZTF(zg);ZTF
58737.3321065;19.7980919;0.10925135;ZTF;ZTF(zr);ZTF
58737.4604167;20.3403606;0.140096754;ZTF;ZTF(zg);ZTF
58738.1746759;19.709259;0.102774046;ZTF;ZTF(zr);ZTF
58738.4065856;19.099905;0.0999088213;ZTF;ZTF(zi);ZTF
58743.4770486;19.1041489;0.0830815732;ZTF;ZTF(zi);ZTF
58744.1742824;19.9364567;0.119871922;ZTF;ZTF(zr);ZTF
58745.1744097;19.878149;0.115322389;ZTF;ZTF(zr);ZTF
58745.203044;20.5298176;0.155932188;ZTF;ZTF(zg);ZTF
58745.3539468;20.0077858;0.144413665;ZTF;ZTF(zr);ZTF
58746.1989815;19.8583698;0.11380288;ZTF;ZTF(zr);ZTF
58747.1743171;20.1164932;0.134470984;ZTF;ZTF(zr);ZTF
58747.3383796;19.5269527;0.134112597;ZTF;ZTF(zi);ZTF
58747.3406366;19.6167374;0.119288839;ZTF;ZTF(zi);ZTF
58748.2018866;20.8032932;0.176002502;ZTF;ZTF(zg);ZTF
58748.2511921;20.4607697;0.166355386;ZTF;ZTF(zg);ZTF
58748.3090394;20.0750084;0.150383711;ZTF;ZTF(zr);ZTF
58749.2037269;20.6538544;0.165035248;ZTF;ZTF(zg);ZTF
58750.1752778;19.6277122;0.0970833674;ZTF;ZTF(zr);ZTF
58750.2040856;20.2518158;0.132640302;ZTF;ZTF(zg);ZTF
58751.1729167;19.8102608;0.110160328;ZTF;ZTF(zr);ZTF
58751.201713;20.4995594;0.153764725;ZTF;ZTF(zg);ZTF
58751.3364005;19.4277458;0.125670731;ZTF;ZTF(zi);ZTF
58751.3400463;19.4134712;0.103722863;ZTF;ZTF(zi);ZTF
58754.1726157;19.8786697;0.115362577;ZTF;ZTF(zr);ZTF
58754.2015162;20.6407528;0.164073706;ZTF;ZTF(zg);ZTF
58754.2903935;20.1593685;0.13594453;ZTF;ZTF(zg);ZTF
58757.2595602;19.5415497;0.113360517;ZTF;ZTF(zi);ZTF
58757.2951852;19.8357296;0.12945722;ZTF;ZTF(zr);ZTF
58757.3412269;19.8295822;0.160435915;ZTF;ZTF(zi);ZTF
58758.1818287;19.8362846;0.11212121;ZTF;ZTF(zr);ZTF
58760.1742477;19.8506584;0.113213859;ZTF;ZTF(zr);ZTF
58760.203044;20.6426849;0.164215565;ZTF;ZTF(zg);ZTF
58760.2949421;19.902359;0.13517344;ZTF;ZTF(zr);ZTF
58760.3505903;20.8412743;0.199656844;ZTF;ZTF(zg);ZTF
58761.1732755;19.8706417;0.114744239;ZTF;ZTF(zr);ZTF
58761.2021065;20.5693035;0.158830047;ZTF;ZTF(zg);ZTF
58761.2956134;19.6366043;0.143644035;ZTF;ZTF(zi);ZTF
58761.2983218;19.5528545;0.114239663;ZTF;ZTF(zi);ZTF
58762.1730208;19.8886471;0.116133966;ZTF;ZTF(zr);ZTF
58763.1743634;19.7309265;0.104327738;ZTF;ZTF(zr);ZTF
58763.3509259;19.7788506;0.124674678;ZTF;ZTF(zr);ZTF
58763.3789005;20.2832298;0.147998229;ZTF;ZTF(zg);ZTF
58764.4136111;19.8153763;0.110544048;ZTF;ZTF(zr);ZTF
58765.2980324;19.6749859;0.124005586;ZTF;ZTF(zi);ZTF
58765.3194097;19.4241142;0.125366136;ZTF;ZTF(zi);ZTF
58774.1979051;19.7445049;0.105310097;ZTF;ZTF(zr);ZTF
58776.2085417;19.8494415;0.130624205;ZTF;ZTF(zr);ZTF
58777.2039583;20.012928;0.125983357;ZTF;ZTF(zr);ZTF
58779.2312269;19.9042892;0.135340631;ZTF;ZTF(zr);ZTF
58781.2459144;19.9305954;0.119410023;ZTF;ZTF(zr);ZTF
58783.2109954;20.4739876;0.167763472;ZTF;ZTF(zg);ZTF
58785.2489815;19.9693565;0.122482419;ZTF;ZTF(zr);ZTF
58788.2058102;20.4996338;0.153771102;ZTF;ZTF(zg);ZTF
58788.2130208;19.8060951;0.109848641;ZTF;ZTF(zr);ZTF
58789.2065162;20.4061718;0.160593256;ZTF;ZTF(zg);ZTF
58789.2291204;19.8037529;0.126756608;ZTF;ZTF(zr);ZTF
58790.159375;19.7758713;0.107604742;ZTF;ZTF(zr);ZTF
58790.1607292;19.8875999;0.133897617;ZTF;ZTF(zr);ZTF
58791.1082639;19.8823395;0.115645893;ZTF;ZTF(zr);ZTF
58791.2765856;20.3182755;0.138222575;ZTF;ZTF(zg);ZTF
58792.1487963;19.9592381;0.140134126;ZTF;ZTF(zr);ZTF
58792.1795023;19.8339806;0.111946665;ZTF;ZTF(zr);ZTF
58794.1222569;19.9147797;0.118168682;ZTF;ZTF(zr);ZTF
58797.1096875;19.5241203;0.104616784;ZTF;ZTF(zr);ZTF
58799.2137153;19.7396984;0.104961582;ZTF;ZTF(zr);ZTF
58800.2538426;19.8007984;0.126508638;ZTF;ZTF(zr);ZTF
58803.2327199;19.6953106;0.117837071;ZTF;ZTF(zr);ZTF
58806.2116898;19.8603058;0.131552324;ZTF;ZTF(zr);ZTF
58806.2288773;19.8406715;0.112453982;ZTF;ZTF(zr);ZTF
58811.1452894;19.8273907;0.111448497;ZTF;ZTF(zr);ZTF
58811.1457407;19.8077412;0.127091855;ZTF;ZTF(zr);ZTF
58811.1728125;20.6374397;0.163830519;ZTF;ZTF(zg);ZTF
58814.1501968;19.4634686;0.100208759;ZTF;ZTF(zr);ZTF
58815.6405059;14.981;0.326;NEOWISE;WISE(W2);NEOWISE
58815.6405059;16.569;0.335;NEOWISE;WISE(W1);NEOWISE
58816.09828586;16.359;0.339;NEOWISE;WISE(W1);NEOWISE
58831.0712037;19.7854633;0.125225648;ZTF;ZTF(zr);ZTF
58831.086169;19.6355057;0.0976163223;ZTF;ZTF(zr);ZTF
58838.0947917;19.8013535;0.109494478;ZTF;ZTF(zr);ZTF
58859.1530324;20.0340252;0.127694696;ZTF;ZTF(zr);ZTF
58860.1431713;19.8407345;0.129882589;ZTF;ZTF(zr);ZTF
58862.1248843;20.7433701;0.171604753;ZTF;ZTF(zg);ZTF
58863.091088;19.5884209;0.109450743;ZTF;ZTF(zr);ZTF
58863.1213079;20.5445728;0.174297333;ZTF;ZTF(zg);ZTF
58872.1563657;20.165617;0.125560924;ZTF;ZTF(zg);ZTF
58886.113831;19.5472736;0.091718398;ZTF;ZTF(zr);ZTF
59018.4674769;19.7955017;0.109058589;ZTF;ZTF(zr);ZTF
59020.4695949;20.0104046;0.144645378;ZTF;ZTF(zr);ZTF
59020.7049256;15.292;0.209;NEOWISE;WISE(W1);NEOWISE
59020.90115306;15.579;0.252;NEOWISE;WISE(W1);NEOWISE
59024.3810532;20.4984512;0.170381576;ZTF;ZTF(zg);ZTF
59024.3815162;20.6888695;0.167604923;ZTF;ZTF(zg);ZTF
59024.4755093;19.9096394;0.117766812;ZTF;ZTF(zr);ZTF
59024.4759722;19.9945793;0.143246025;ZTF;ZTF(zr);ZTF
59027.3711227;20.4288235;0.147671327;ZTF;ZTF(zg);ZTF
59030.3788773;20.3384438;0.153583735;ZTF;ZTF(zg);ZTF
59030.4673264;19.7286396;0.104162976;ZTF;ZTF(zr);ZTF
59033.4485995;20.4831657;0.168744043;ZTF;ZTF(zg);ZTF
59036.3811227;19.6089363;0.111026987;ZTF;ZTF(zr);ZTF
59036.3815856;19.8847103;0.115829185;ZTF;ZTF(zr);ZTF
59039.4835648;19.773344;0.124216802;ZTF;ZTF(zr);ZTF
59039.4840278;19.8036709;0.10966745;ZTF;ZTF(zr);ZTF
59042.4637269;19.797966;0.109242007;ZTF;ZTF(zr);ZTF
59043.3608218;20.3098354;0.150674507;ZTF;ZTF(zg);ZTF
59044.4746644;19.8752098;0.115095854;ZTF;ZTF(zr);ZTF
59045.3626389;19.8753681;0.115107991;ZTF;ZTF(zr);ZTF
59045.4471875;20.6094036;0.161772966;ZTF;ZTF(zg);ZTF
59046.4409838;19.90905;0.135753483;ZTF;ZTF(zr);ZTF
59046.4623032;20.6980953;0.187419057;ZTF;ZTF(zg);ZTF
59048.4063194;19.7525444;0.105894886;ZTF;ZTF(zr);ZTF
59048.4581829;20.5320587;0.156096697;ZTF;ZTF(zg);ZTF
59049.4195833;19.943037;0.138714537;ZTF;ZTF(zr);ZTF
59051.4190046;19.8089027;0.110058658;ZTF;ZTF(zr);ZTF
59051.4534838;20.6764774;0.166695476;ZTF;ZTF(zg);ZTF
59052.4188194;19.9192314;0.136638001;ZTF;ZTF(zr);ZTF
59052.4608102;20.4478416;0.164983019;ZTF;ZTF(zg);ZTF
59052.4872106;20.8443336;0.179014444;ZTF;ZTF(zg);ZTF
59054.4559375;20.7134552;0.169409275;ZTF;ZTF(zg);ZTF
59055.4198264;20.7653122;0.193164229;ZTF;ZTF(zg);ZTF
59055.440544;19.9964924;0.143415049;ZTF;ZTF(zr);ZTF
59057.4379282;20.7268791;0.170394421;ZTF;ZTF(zg);ZTF
59057.4524306;19.8293591;0.111597136;ZTF;ZTF(zr);ZTF
59059.4158102;20.6260033;0.162991285;ZTF;ZTF(zg);ZTF
59060.4220949;19.8732872;0.114947781;ZTF;ZTF(zr);ZTF
59060.4225694;19.8448772;0.130235165;ZTF;ZTF(zr);ZTF
59060.4616551;20.4490681;0.165112883;ZTF;ZTF(zg);ZTF
59060.4630556;20.4969063;0.153536186;ZTF;ZTF(zg);ZTF
59061.3490162;19.8063545;0.109868065;ZTF;ZTF(zr);ZTF
59063.3957639;19.6053314;0.110748827;ZTF;ZTF(zr);ZTF
59064.3737616;19.5249825;0.0902759954;ZTF;ZTF(zr);ZTF
59064.3938079;19.7218475;0.119983517;ZTF;ZTF(zr);ZTF
59064.4195486;20.1289616;0.135505438;ZTF;ZTF(zr);ZTF
59065.3960185;19.6333008;0.0974653363;ZTF;ZTF(zr);ZTF
59066.4403588;19.7574329;0.122899525;ZTF;ZTF(zr);ZTF
59067.3781019;19.946619;0.108634092;ZTF;ZTF(zg);ZTF
59067.4365972;19.8624802;0.114117637;ZTF;ZTF(zr);ZTF
59071.4579282;20.7694054;0.173515439;ZTF;ZTF(zg);ZTF
59072.4577546;20.7088413;0.169070721;ZTF;ZTF(zg);ZTF
59073.3774537;20.6653118;0.184617043;ZTF;ZTF(zg);ZTF
59073.4067824;20.5493126;0.157362938;ZTF;ZTF(zg);ZTF
59075.3804861;20.502224;0.15390718;ZTF;ZTF(zg);ZTF
59075.4084375;20.5576134;0.17541194;ZTF;ZTF(zg);ZTF
59076.3661111;19.9285507;0.119249135;ZTF;ZTF(zr);ZTF
59076.3782755;19.8654613;0.114346258;ZTF;ZTF(zr);ZTF
59076.4114352;19.846035;0.130333796;ZTF;ZTF(zr);ZTF
59076.4407292;20.5585384;0.175490975;ZTF;ZTF(zg);ZTF
59077.3754514;20.4336529;0.148086816;ZTF;ZTF(zg);ZTF
59077.4118519;20.6566467;0.183876395;ZTF;ZTF(zg);ZTF
59078.3484491;19.8135605;0.110407703;ZTF;ZTF(zr);ZTF
59078.4090162;20.5026779;0.153940439;ZTF;ZTF(zg);ZTF
59079.3511111;20.8022728;0.175927639;ZTF;ZTF(zg);ZTF
59079.373669;19.9731579;0.122785844;ZTF;ZTF(zr);ZTF
59079.4035069;20.1026764;0.152847916;ZTF;ZTF(zr);ZTF
59079.4190972;19.9218273;0.136863828;ZTF;ZTF(zr);ZTF
59080.4260648;20.7946472;0.175367951;ZTF;ZTF(zg);ZTF
59080.4340046;20.5016994;0.170632839;ZTF;ZTF(zg);ZTF
59081.3519329;20.7579632;0.172675729;ZTF;ZTF(zg);ZTF
59081.3748843;19.8303833;0.111674517;ZTF;ZTF(zr);ZTF
59081.4097801;19.9441299;0.138810158;ZTF;ZTF(zr);ZTF
59082.4632755;19.7451859;0.12189123;ZTF;ZTF(zr);ZTF
59082.465162;19.7388916;0.104903243;ZTF;ZTF(zr);ZTF
59085.3329514;19.9845734;0.123699546;ZTF;ZTF(zr);ZTF
59085.3334144;19.8624096;0.131732434;ZTF;ZTF(zr);ZTF
59085.3758449;20.7813797;0.19453752;ZTF;ZTF(zg);ZTF
59085.3763194;20.7086639;0.169057727;ZTF;ZTF(zg);ZTF
59085.3891435;20.6998024;0.168407321;ZTF;ZTF(zg);ZTF
59085.4121412;20.4479675;0.164996147;ZTF;ZTF(zg);ZTF
59086.336956;19.9457493;0.120606199;ZTF;ZTF(zr);ZTF
59086.3692708;19.8922939;0.134302869;ZTF;ZTF(zr);ZTF
59087.3788889;19.8000946;0.109400593;ZTF;ZTF(zr);ZTF
59087.3793519;19.969738;0.141056612;ZTF;ZTF(zr);ZTF
59088.3760764;19.8599606;0.11392469;ZTF;ZTF(zr);ZTF
59088.3981713;19.7593651;0.123059072;ZTF;ZTF(zr);ZTF
59088.437419;19.8202667;0.128147602;ZTF;ZTF(zr);ZTF
59090.3305903;20.039566;0.124970794;ZTF;ZTF(zg);ZTF
59098.3298264;19.8831406;0.1157078;ZTF;ZTF(zr);ZTF
59098.3638542;20.3372116;0.152897403;ZTF;ZTF(zr);ZTF
59099.3490509;19.8464241;0.130366877;ZTF;ZTF(zr);ZTF
59106.3388194;19.999691;0.124914698;ZTF;ZTF(zr);ZTF
59107.3110995;19.91325;0.136118054;ZTF;ZTF(zr);ZTF
59107.3454977;20.4581108;0.166072771;ZTF;ZTF(zg);ZTF
59107.3833449;20.5267277;0.155705452;ZTF;ZTF(zg);ZTF
59107.3842824;20.7954826;0.195742965;ZTF;ZTF(zg);ZTF
59108.3127315;20.664381;0.165807724;ZTF;ZTF(zg);ZTF
59110.2753356;19.9522686;0.1211228;ZTF;ZTF(zr);ZTF
59110.3294097;20.6192646;0.162496686;ZTF;ZTF(zg);ZTF
59110.3298727;20.4495792;0.165166959;ZTF;ZTF(zg);ZTF
59110.3664352;19.8812866;0.11556457;ZTF;ZTF(zr);ZTF
59111.3683912;20.6531391;0.183576584;ZTF;ZTF(zg);ZTF
59113.2782523;19.9103642;0.117823422;ZTF;ZTF(zr);ZTF
59113.2949653;19.8039322;0.126771733;ZTF;ZTF(zr);ZTF
59113.2954398;19.8095932;0.110110357;ZTF;ZTF(zr);ZTF
59113.3043171;19.8390999;0.129743546;ZTF;ZTF(zr);ZTF
59113.3619444;20.5323753;0.173254728;ZTF;ZTF(zg);ZTF
59113.3628819;20.7511597;0.172176361;ZTF;ZTF(zg);ZTF
59114.3198148;20.6385059;0.163908839;ZTF;ZTF(zg);ZTF
59115.303206;19.8928337;0.11645855;ZTF;ZTF(zr);ZTF
59115.3278125;19.8461723;0.130345449;ZTF;ZTF(zr);ZTF
59116.3145486;19.8483505;0.130531073;ZTF;ZTF(zr);ZTF
59116.3164236;19.9429359;0.120383635;ZTF;ZTF(zr);ZTF
59116.3683102;19.8841209;0.115783647;ZTF;ZTF(zr);ZTF
59116.3687847;19.8153267;0.127730653;ZTF;ZTF(zr);ZTF
59117.2819907;20.931675;0.207383513;ZTF;ZTF(zg);ZTF
59118.2469329;19.9301701;0.119376615;ZTF;ZTF(zr);ZTF
59118.2648032;20.289753;0.169309601;ZTF;ZTF(zr);ZTF
59119.36125;20.8022575;0.175926447;ZTF;ZTF(zg);ZTF
59119.3832639;19.8641586;0.114246309;ZTF;ZTF(zr);ZTF
59125.2932407;19.5579529;0.107139871;ZTF;ZTF(zr);ZTF
59125.3061111;19.9849358;0.123728618;ZTF;ZTF(zr);ZTF
59129.2328935;19.7827415;0.124998719;ZTF;ZTF(zr);ZTF
59130.2489699;20.8320827;0.178115368;ZTF;ZTF(zg);ZTF
59130.2588657;19.9941978;0.124472529;ZTF;ZTF(zr);ZTF
59131.3172454;20.3550873;0.155290872;ZTF;ZTF(zg);ZTF
59134.2480324;20.6141548;0.162121654;ZTF;ZTF(zg);ZTF
59134.2484954;20.4918213;0.169670552;ZTF;ZTF(zg);ZTF
59134.3006366;19.927639;0.13737002;ZTF;ZTF(zr);ZTF
59134.3010995;19.9065857;0.117528498;ZTF;ZTF(zr);ZTF
59136.1969676;19.91782;0.118406788;ZTF;ZTF(zr);ZTF
59136.2084259;20.1142731;0.153880805;ZTF;ZTF(zr);ZTF
59136.2339468;20.6755829;0.1854949;ZTF;ZTF(zg);ZTF
59136.2344097;20.8163414;0.176960111;ZTF;ZTF(zg);ZTF
59138.2761458;19.8982868;0.134820923;ZTF;ZTF(zr);ZTF
59138.2785648;19.7934036;0.108902559;ZTF;ZTF(zr);ZTF
59140.2133912;19.993;0.124376163;ZTF;ZTF(zr);ZTF
59140.2315741;19.8750973;0.132820994;ZTF;ZTF(zr);ZTF
59140.2779398;20.4927139;0.169766098;ZTF;ZTF(zg);ZTF
59144.2115394;19.9920845;0.143025696;ZTF;ZTF(zr);ZTF
59144.2120023;19.8419876;0.112553932;ZTF;ZTF(zr);ZTF
59144.3195949;20.8077183;0.196788669;ZTF;ZTF(zg);ZTF
59151.2150231;19.6438255;0.0981878638;ZTF;ZTF(zr);ZTF
59153.1247454;19.754467;0.106035091;ZTF;ZTF(zr);ZTF
59154.1705324;20.0522118;0.148355201;ZTF;ZTF(zr);ZTF
59155.2464236;19.8989048;0.116930127;ZTF;ZTF(zr);ZTF
59156.1957292;19.9392128;0.138380185;ZTF;ZTF(zr);ZTF
59157.1923148;20.4327087;0.148005545;ZTF;ZTF(zg);ZTF
59157.3237153;19.7417412;0.105109625;ZTF;ZTF(zr);ZTF
59158.1346296;19.9692345;0.141012281;ZTF;ZTF(zr);ZTF
59164.2117593;20.4684067;0.151080549;ZTF;ZTF(zg);ZTF
59164.278125;19.9623966;0.140411362;ZTF;ZTF(zr);ZTF
59167.2070139;19.9537983;0.121244162;ZTF;ZTF(zr);ZTF
59169.1700579;19.8285675;0.111537345;ZTF;ZTF(zr);ZTF
59169.1927662;19.6495304;0.114193238;ZTF;ZTF(zr);ZTF
59169.2125;20.6617737;0.165616393;ZTF;ZTF(zg);ZTF
59171.1721759;20.5514736;0.157521605;ZTF;ZTF(zg);ZTF
59171.1923611;19.7878494;0.125424758;ZTF;ZTF(zr);ZTF
59171.1983449;19.8483925;0.11304123;ZTF;ZTF(zr);ZTF
59171.2409375;20.7841988;0.194778442;ZTF;ZTF(zg);ZTF
59173.2014583;20.781702;0.194565058;ZTF;ZTF(zg);ZTF
59173.2192593;19.7723904;0.12413764;ZTF;ZTF(zr);ZTF
59173.2206597;19.8539448;0.113464653;ZTF;ZTF(zr);ZTF
59179.1087963;20.0926762;0.132501453;ZTF;ZTF(zr);ZTF
59179.1092708;19.8475571;0.130463511;ZTF;ZTF(zr);ZTF
59181.1083218;19.7790718;0.107840866;ZTF;ZTF(zr);ZTF
59182.65350895;16.309;0.291;NEOWISE;WISE(W1);NEOWISE
59182.84973675;15.161;0.514;NEOWISE;WISE(W2);NEOWISE
59182.84973675;16.251;0.279;NEOWISE;WISE(W1);NEOWISE
59183.2420649;16.03;0.225;NEOWISE;WISE(W1);NEOWISE
59185.1608565;19.9241562;0.118903786;ZTF;ZTF(zr);ZTF
59185.1618519;19.8331032;0.129234299;ZTF;ZTF(zr);ZTF
59186.2145139;19.2701893;0.093686536;ZTF;ZTF(zi);ZTF
59187.1248611;20.405756;0.160549834;ZTF;ZTF(zg);ZTF
59187.1269097;20.6795578;0.166921616;ZTF;ZTF(zg);ZTF
59189.0944444;19.6141052;0.119078167;ZTF;ZTF(zi);ZTF
59189.1326157;20.5620384;0.175790071;ZTF;ZTF(zg);ZTF
59189.1340278;20.2013283;0.128469244;ZTF;ZTF(zg);ZTF
59194.1398032;19.8195229;0.110855624;ZTF;ZTF(zr);ZTF
59194.1436343;19.7371044;0.121228501;ZTF;ZTF(zr);ZTF
59194.2055208;20.320837;0.151789367;ZTF;ZTF(zg);ZTF
59199.1078935;19.8378601;0.11224059;ZTF;ZTF(zr);ZTF
59199.1285185;19.8920326;0.134280309;ZTF;ZTF(zr);ZTF
59200.1083912;19.7826385;0.124990076;ZTF;ZTF(zr);ZTF
59200.1094213;19.8848381;0.115839042;ZTF;ZTF(zr);ZTF
59200.1355556;19.76054;0.131104231;ZTF;ZTF(zi);ZTF
59200.1855324;20.2387772;0.143593788;ZTF;ZTF(zg);ZTF
59202.1114583;19.8071136;0.109924763;ZTF;ZTF(zr);ZTF
59203.1065278;20.0183125;0.145345807;ZTF;ZTF(zr);ZTF
59203.1075347;19.6299152;0.0972338021;ZTF;ZTF(zr);ZTF
59203.1486806;20.2662678;0.13384603;ZTF;ZTF(zg);ZTF
59204.180162;19.6946526;0.101736411;ZTF;ZTF(zr);ZTF
59210.100162;19.7291679;0.104201011;ZTF;ZTF(zr);ZTF
59211.1815509;19.3857727;0.101719849;ZTF;ZTF(zi);ZTF
59216.1014583;19.7552757;0.122721612;ZTF;ZTF(zr);ZTF
59216.1341667;20.7257404;0.189782023;ZTF;ZTF(zg);ZTF
59218.1319097;19.8199368;0.128119722;ZTF;ZTF(zr);ZTF
59219.1084838;20.4217644;0.147064015;ZTF;ZTF(zg);ZTF
59219.1304514;19.7527771;0.105911911;ZTF;ZTF(zr);ZTF
59219.1538657;19.3903732;0.122554034;ZTF;ZTF(zi);ZTF
59219.1548032;19.3372383;0.0982821435;ZTF;ZTF(zi);ZTF
59220.1035764;19.5626411;0.107493103;ZTF;ZTF(zr);ZTF
59223.1295486;20.7803345;0.174317479;ZTF;ZTF(zg);ZTF
59224.1074537;19.8180046;0.127956539;ZTF;ZTF(zr);ZTF
59224.1302199;19.556778;0.114545889;ZTF;ZTF(zi);ZTF
59225.1101042;20.4119701;0.146222055;ZTF;ZTF(zg);ZTF
59229.1101042;19.5034599;0.103098541;ZTF;ZTF(zr);ZTF
59233.1111806;19.7926903;0.108849518;ZTF;ZTF(zr);ZTF
59248.1122685;20.0806408;0.131509796;ZTF;ZTF(zr);ZTF
59248.1152431;19.7694626;0.107133068;ZTF;ZTF(zr);ZTF
59248.118206;19.6298466;0.0972290784;ZTF;ZTF(zr);ZTF
59250.1008333;19.2848759;0.0881053507;ZTF;ZTF(zr);ZTF
59251.099456;19.5016937;0.102969587;ZTF;ZTF(zr);ZTF
59251.1041667;19.709734;0.119000643;ZTF;ZTF(zr);ZTF
59252.0976852;19.8559742;0.13118194;ZTF;ZTF(zr);ZTF
59253.1016782;19.4515724;0.0993617177;ZTF;ZTF(zr);ZTF
59253.1064236;19.6227913;0.112100691;ZTF;ZTF(zr);ZTF
59253.1087963;19.5934525;0.109835774;ZTF;ZTF(zr);ZTF
59254.1009491;19.5200958;0.089962326;ZTF;ZTF(zr);ZTF
59254.1014236;19.5669327;0.107817173;ZTF;ZTF(zr);ZTF
59254.1033796;19.6425877;0.0981026888;ZTF;ZTF(zr);ZTF
59254.1038542;19.8255749;0.12859644;ZTF;ZTF(zr);ZTF
59254.1058102;19.9048576;0.11739371;ZTF;ZTF(zr);ZTF
59254.1082523;19.8323822;0.111825705;ZTF;ZTF(zr);ZTF
59254.1087153;19.6920414;0.117574409;ZTF;ZTF(zr);ZTF
59254.1106829;19.788784;0.108559519;ZTF;ZTF(zr);ZTF
59255.1019907;19.524004;0.0902131125;ZTF;ZTF(zr);ZTF
59255.1024653;19.8231087;0.128387794;ZTF;ZTF(zr);ZTF
59255.1044213;19.8292046;0.111585513;ZTF;ZTF(zr);ZTF
59255.1068634;19.8466015;0.112904772;ZTF;ZTF(zr);ZTF
59256.1005324;19.6702595;0.100021303;ZTF;ZTF(zr);ZTF
59256.1024653;19.8195724;0.128089011;ZTF;ZTF(zr);ZTF
59256.1048611;19.6742191;0.116148859;ZTF;ZTF(zr);ZTF
59256.1053356;19.7496967;0.105687544;ZTF;ZTF(zr);ZTF
59256.1072569;19.8157063;0.127762645;ZTF;ZTF(zr);ZTF
59256.1077315;19.5062408;0.0890782103;ZTF;ZTF(zr);ZTF
59256.1101273;19.9176617;0.118394382;ZTF;ZTF(zr);ZTF
59257.1011227;19.2530041;0.0742299631;ZTF;ZTF(zr);ZTF
59377.4321759;19.8472767;0.112956233;ZTF;ZTF(zr);ZTF
59378.4558565;19.6319466;0.120510511;ZTF;ZTF(zi);ZTF
59379.4527894;19.6630974;0.145962834;ZTF;ZTF(zi);ZTF
59382.4362616;20.524332;0.172567248;ZTF;ZTF(zg);ZTF
59382.4563079;19.9567585;0.139916569;ZTF;ZTF(zr);ZTF
59384.87918665;16.164;0.273;NEOWISE;WISE(W1);NEOWISE
59385.20593535;15.978;0.431;NEOWISE;WISE(W1);NEOWISE
59385.3931134;19.909565;0.117761046;ZTF;ZTF(zr);ZTF
59385.4339468;20.4282436;0.147621483;ZTF;ZTF(zg);ZTF
59385.4344097;20.3975983;0.159696996;ZTF;ZTF(zg);ZTF
59385.4537963;19.6985855;0.149070099;ZTF;ZTF(zi);ZTF
59390.3802546;19.8146362;0.127672464;ZTF;ZTF(zr);ZTF
59391.4043634;19.7283916;0.104145125;ZTF;ZTF(zr);ZTF
59393.4257176;19.5212173;0.111790597;ZTF;ZTF(zi);ZTF
59393.4579514;19.743515;0.105238281;ZTF;ZTF(zr);ZTF
59394.4029398;19.2970333;0.114953786;ZTF;ZTF(zi);ZTF
59397.4013773;19.8762131;0.115173116;ZTF;ZTF(zr);ZTF
59399.4230208;20.3686237;0.156686768;ZTF;ZTF(zg);ZTF
59400.4140394;20.4272041;0.147532031;ZTF;ZTF(zg);ZTF
59400.4521528;19.945076;0.120552994;ZTF;ZTF(zr);ZTF
59402.422338;19.824316;0.128489926;ZTF;ZTF(zr);ZTF
59402.4228009;19.8692265;0.114635363;ZTF;ZTF(zr);ZTF
59402.4562731;20.5799675;0.177322507;ZTF;ZTF(zg);ZTF
59404.4036806;20.4373398;0.14840433;ZTF;ZTF(zg);ZTF
59404.4461343;19.8046265;0.126830012;ZTF;ZTF(zr);ZTF
59405.4070023;19.693203;0.125501007;ZTF;ZTF(zi);ZTF
59406.4576389;19.86549;0.131996363;ZTF;ZTF(zr);ZTF
59406.4633565;19.8668118;0.114449933;ZTF;ZTF(zr);ZTF
59409.4379051;20.5712738;0.158974648;ZTF;ZTF(zg);ZTF
59409.4587153;19.7802486;0.10792774;ZTF;ZTF(zr);ZTF
59410.4378472;19.905014;0.135403439;ZTF;ZTF(zr);ZTF
59411.4166435;20.5724926;0.159064174;ZTF;ZTF(zg);ZTF
59411.4267593;19.5528831;0.136352167;ZTF;ZTF(zi);ZTF
59411.4272338;19.5204983;0.111735344;ZTF;ZTF(zi);ZTF
59411.4434838;19.8805046;0.115504161;ZTF;ZTF(zr);ZTF
59412.4334144;19.9782772;0.141808152;ZTF;ZTF(zr);ZTF
59414.4586806;19.7603168;0.106462449;ZTF;ZTF(zr);ZTF
59415.4160648;19.9036121;0.135281965;ZTF;ZTF(zr);ZTF
59415.4581713;20.5961456;0.178705335;ZTF;ZTF(zg);ZTF
59424.4010301;20.013258;0.126009956;ZTF;ZTF(zr);ZTF
59424.4288426;20.2287788;0.130729005;ZTF;ZTF(zg);ZTF
59424.4644676;19.5856476;0.116814673;ZTF;ZTF(zi);ZTF
59425.396794;20.3236694;0.152077213;ZTF;ZTF(zg);ZTF
59426.4076389;20.073822;0.13094911;ZTF;ZTF(zr);ZTF
59426.4081019;19.9354801;0.138054132;ZTF;ZTF(zr);ZTF
59426.4085764;19.8244781;0.111228824;ZTF;ZTF(zr);ZTF
59426.4624769;20.3456669;0.14054814;ZTF;ZTF(zg);ZTF
59427.3657407;20.3392105;0.153661996;ZTF;ZTF(zg);ZTF
59427.3662037;20.9475784;0.186591506;ZTF;ZTF(zg);ZTF
59427.4144907;19.6296844;0.120328315;ZTF;ZTF(zi);ZTF
59427.4204282;19.9045162;0.13536039;ZTF;ZTF(zr);ZTF
59427.4263773;19.7484932;0.10559994;ZTF;ZTF(zr);ZTF
59428.4033449;19.8558521;0.131171435;ZTF;ZTF(zr);ZTF
59428.4038194;19.8954754;0.116663635;ZTF;ZTF(zr);ZTF
59428.4047569;19.9302788;0.119385161;ZTF;ZTF(zr);ZTF
59428.4285301;20.6423225;0.182652116;ZTF;ZTF(zg);ZTF
59428.4361458;20.5976849;0.160912991;ZTF;ZTF(zg);ZTF
59428.4370833;20.6700363;0.166222811;ZTF;ZTF(zg);ZTF
59428.4375579;20.5325527;0.173269987;ZTF;ZTF(zg);ZTF
59429.3377315;19.4239445;0.125351951;ZTF;ZTF(zi);ZTF
59429.3852199;19.9337883;0.137906447;ZTF;ZTF(zr);ZTF
59429.4065509;19.8310356;0.1117239;ZTF;ZTF(zr);ZTF
59429.4328935;20.7458229;0.171784759;ZTF;ZTF(zg);ZTF
59429.4333681;20.7596016;0.192676067;ZTF;ZTF(zg);ZTF
59430.3606019;19.7940502;0.1089506;ZTF;ZTF(zr);ZTF
59430.3708333;19.9053478;0.117431894;ZTF;ZTF(zr);ZTF
59430.3803819;19.9158039;0.136339903;ZTF;ZTF(zr);ZTF
59430.3813194;19.8099728;0.127279609;ZTF;ZTF(zr);ZTF
59430.4506366;19.6844215;0.124779001;ZTF;ZTF(zi);ZTF
59434.4070602;19.6093235;0.118696012;ZTF;ZTF(zi);ZTF
59435.3616088;19.9906483;0.142898917;ZTF;ZTF(zr);ZTF
59435.4160532;20.5458794;0.157111049;ZTF;ZTF(zg);ZTF
59435.4197917;20.5233345;0.172482014;ZTF;ZTF(zg);ZTF
59435.4479282;19.5360146;0.134893999;ZTF;ZTF(zi);ZTF
59435.4782755;19.9446716;0.120520912;ZTF;ZTF(zr);ZTF
59438.410162;20.7690964;0.193487644;ZTF;ZTF(zg);ZTF
59438.4193056;19.6917801;0.125383943;ZTF;ZTF(zi);ZTF
59438.4632755;19.8489723;0.130584151;ZTF;ZTF(zr);ZTF
59439.3787384;19.7680931;0.107032523;ZTF;ZTF(zr);ZTF
59439.4053588;19.6569405;0.145423725;ZTF;ZTF(zi);ZTF
59439.4358102;20.5340672;0.156244159;ZTF;ZTF(zg);ZTF
59442.3306597;20.6870155;0.167468905;ZTF;ZTF(zg);ZTF
59442.3311343;20.803297;0.196410894;ZTF;ZTF(zg);ZTF
59442.3377662;19.9416618;0.138594344;ZTF;ZTF(zr);ZTF
59444.430706;20.5100479;0.154481292;ZTF;ZTF(zg);ZTF
59446.3326505;19.5397434;0.113220476;ZTF;ZTF(zi);ZTF
59446.333125;19.4679298;0.129062951;ZTF;ZTF(zi);ZTF
59446.3807755;19.693821;0.1177174;ZTF;ZTF(zr);ZTF
59446.381713;19.8455181;0.130289704;ZTF;ZTF(zr);ZTF
59446.4536343;20.7965546;0.175507903;ZTF;ZTF(zg);ZTF
59446.4740972;20.4701691;0.167356104;ZTF;ZTF(zg);ZTF
59446.4750463;20.6383095;0.182309151;ZTF;ZTF(zg);ZTF
59448.3028125;19.5568771;0.0923457742;ZTF;ZTF(zr);ZTF
59448.3037616;19.6439514;0.0981965661;ZTF;ZTF(zr);ZTF
59449.3012616;19.5966053;0.11768312;ZTF;ZTF(zi);ZTF
59452.380463;19.8516026;0.113285877;ZTF;ZTF(zr);ZTF
59453.3485532;20.1533966;0.157361403;ZTF;ZTF(zr);ZTF
59453.3490278;19.8235512;0.111158893;ZTF;ZTF(zr);ZTF
59453.3802431;20.4084663;0.145920932;ZTF;ZTF(zg);ZTF
59453.4013773;19.7280483;0.151646495;ZTF;ZTF(zi);ZTF
59454.3394444;19.8182945;0.127981111;ZTF;ZTF(zr);ZTF
59454.3399074;19.9462051;0.120642334;ZTF;ZTF(zr);ZTF
59454.3403819;20.0410538;0.147363544;ZTF;ZTF(zr);ZTF
59454.3408565;19.7914543;0.108757682;ZTF;ZTF(zr);ZTF
59454.3657407;20.575222;0.176916957;ZTF;ZTF(zg);ZTF
59454.3824884;20.3875523;0.144126445;ZTF;ZTF(zg);ZTF
59455.300081;19.6141338;0.119080454;ZTF;ZTF(zi);ZTF
59456.3217245;20.7025566;0.187800407;ZTF;ZTF(zg);ZTF
59458.2858681;20.612896;0.162029266;ZTF;ZTF(zg);ZTF
59458.2868056;20.6698284;0.166207552;ZTF;ZTF(zg);ZTF
59458.3274537;19.5356522;0.112903684;ZTF;ZTF(zi);ZTF
59458.3392824;19.8966904;0.134682864;ZTF;ZTF(zr);ZTF
59458.3402199;19.9195747;0.136667877;ZTF;ZTF(zr);ZTF
59458.3406944;19.9683762;0.122404143;ZTF;ZTF(zr);ZTF
59459.3180556;20.4138317;0.146382049;ZTF;ZTF(zg);ZTF
59459.3581944;19.7401562;0.121478468;ZTF;ZTF(zr);ZTF
59459.374456;19.9121437;0.117962524;ZTF;ZTF(zr);ZTF
59460.3509838;19.8292465;0.128907338;ZTF;ZTF(zr);ZTF
59460.3514468;19.7600746;0.106444754;ZTF;ZTF(zr);ZTF
59460.3523843;19.8369255;0.112169728;ZTF;ZTF(zr);ZTF
59460.3528588;19.8910332;0.134193942;ZTF;ZTF(zr);ZTF
59460.3911111;20.5448494;0.157035351;ZTF;ZTF(zg);ZTF
59460.3920486;20.6274986;0.163100958;ZTF;ZTF(zg);ZTF
59460.3962847;20.7209415;0.189371824;ZTF;ZTF(zg);ZTF
59461.3334028;19.5218658;0.111840434;ZTF;ZTF(zi);ZTF
59461.3587963;19.9037476;0.117307201;ZTF;ZTF(zr);ZTF
59461.3730903;19.8265476;0.128678769;ZTF;ZTF(zr);ZTF
59461.4090509;20.4987221;0.153692454;ZTF;ZTF(zg);ZTF
59461.411412;20.8338051;0.199018359;ZTF;ZTF(zg);ZTF
59462.3170718;20.7831192;0.174521923;ZTF;ZTF(zg);ZTF
59462.3377431;20.9792957;0.211453676;ZTF;ZTF(zg);ZTF
59462.3386921;20.4915333;0.169639632;ZTF;ZTF(zg);ZTF
59462.3741088;19.9147015;0.118162617;ZTF;ZTF(zr);ZTF
59462.3750463;19.842371;0.112583011;ZTF;ZTF(zr);ZTF
59462.3836574;19.8269157;0.128709957;ZTF;ZTF(zr);ZTF
59462.385081;19.9213028;0.136818171;ZTF;ZTF(zr);ZTF
59462.4406019;19.4098549;0.124173895;ZTF;ZTF(zi);ZTF
59464.3376157;19.7955475;0.109061964;ZTF;ZTF(zr);ZTF
59464.3736111;19.5445862;0.113596216;ZTF;ZTF(zi);ZTF
59464.3943634;19.8325424;0.129186794;ZTF;ZTF(zr);ZTF
59464.4326968;20.71595;0.188945174;ZTF;ZTF(zg);ZTF
59466.3337269;20.5193024;0.155160546;ZTF;ZTF(zg);ZTF
59466.3574769;20.0102539;0.144632071;ZTF;ZTF(zr);ZTF
59466.3579514;19.919548;0.118542179;ZTF;ZTF(zr);ZTF
59466.4123958;20.5346451;0.173448801;ZTF;ZTF(zg);ZTF
59467.3357639;19.6348152;0.120741695;ZTF;ZTF(zi);ZTF
59468.3373032;19.978054;0.141788512;ZTF;ZTF(zr);ZTF
59468.3377662;19.8940811;0.116555318;ZTF;ZTF(zr);ZTF
59468.4127083;19.5144215;0.133034557;ZTF;ZTF(zi);ZTF
59468.4268056;20.7857437;0.174714565;ZTF;ZTF(zg);ZTF
59468.4277431;20.608036;0.179721594;ZTF;ZTF(zg);ZTF
59470.3426968;19.5070076;0.110702127;ZTF;ZTF(zi);ZTF
59470.3652662;20.6626682;0.165682077;ZTF;ZTF(zg);ZTF
59470.4127431;19.9228096;0.11879804;ZTF;ZTF(zr);ZTF
59470.4136921;19.8417969;0.12997295;ZTF;ZTF(zr);ZTF
59471.3989236;19.6430168;0.144205004;ZTF;ZTF(zi);ZTF
59472.3735764;19.7631226;0.123369664;ZTF;ZTF(zr);ZTF
59472.4110648;20.6882324;0.167558193;ZTF;ZTF(zg);ZTF
59472.4120139;20.7488365;0.19175601;ZTF;ZTF(zg);ZTF
59473.4059606;19.4100513;0.103473939;ZTF;ZTF(zi);ZTF
59474.2758218;20.0118904;0.144776851;ZTF;ZTF(zr);ZTF
59474.366331;20.3054771;0.137140483;ZTF;ZTF(zg);ZTF
59474.3858102;20.572464;0.176681161;ZTF;ZTF(zg);ZTF
59476.3470833;19.7331276;0.10448651;ZTF;ZTF(zr);ZTF
59476.3611574;19.573246;0.115836605;ZTF;ZTF(zi);ZTF
59479.2603819;19.6137123;0.0961317271;ZTF;ZTF(zr);ZTF
59484.2683912;19.9184551;0.11845649;ZTF;ZTF(zr);ZTF
59484.3001042;19.393074;0.122777998;ZTF;ZTF(zi);ZTF
59484.3957407;20.8424168;0.178873777;ZTF;ZTF(zg);ZTF
59486.2787269;19.8709183;0.11476551;ZTF;ZTF(zr);ZTF
59487.2987037;19.7113724;0.127001628;ZTF;ZTF(zi);ZTF
59488.2547685;20.6367874;0.163782716;ZTF;ZTF(zg);ZTF
59488.2910995;20.52631;0.172736406;ZTF;ZTF(zg);ZTF
59488.3096644;19.8823299;0.11564514;ZTF;ZTF(zr);ZTF
59488.3215509;19.830822;0.129040807;ZTF;ZTF(zr);ZTF
59490.326875;20.664732;0.165833473;ZTF;ZTF(zg);ZTF
59490.3410764;20.7596893;0.192683578;ZTF;ZTF(zg);ZTF
59497.3037616;19.8232307;0.128398061;ZTF;ZTF(zr);ZTF
59497.3056597;19.8216763;0.111017637;ZTF;ZTF(zr);ZTF
59497.3330671;19.4056168;0.103151843;ZTF;ZTF(zi);ZTF
59497.3379977;20.4560146;0.150012851;ZTF;ZTF(zg);ZTF
59502.2585417;19.7173805;0.103354402;ZTF;ZTF(zr);ZTF
59502.2756713;19.5407829;0.135305718;ZTF;ZTF(zi);ZTF
59502.2770833;19.3897343;0.102004483;ZTF;ZTF(zi);ZTF
59502.3803241;20.1263199;0.122404508;ZTF;ZTF(zg);ZTF
59509.2399884;19.8619652;0.131694362;ZTF;ZTF(zr);ZTF
59509.3026273;19.364809;0.100223623;ZTF;ZTF(zi);ZTF
59509.3035764;19.3385162;0.118297316;ZTF;ZTF(zi);ZTF
59512.1545949;19.9114742;0.117910147;ZTF;ZTF(zr);ZTF
59512.1560069;19.8853836;0.13370651;ZTF;ZTF(zr);ZTF
59512.2176042;20.4812088;0.168534756;ZTF;ZTF(zg);ZTF
59512.2329398;19.4502106;0.106425084;ZTF;ZTF(zi);ZTF
59517.2981481;19.8313103;0.160583556;ZTF;ZTF(zi);ZTF
59517.3202662;19.5001984;0.110183112;ZTF;ZTF(zi);ZTF
59520.2343519;19.740469;0.121504173;ZTF;ZTF(zr);ZTF
59520.2348264;19.8540859;0.113475487;ZTF;ZTF(zr);ZTF
59520.2895139;20.7530937;0.172318339;ZTF;ZTF(zg);ZTF
59520.3124769;20.5435276;0.174207926;ZTF;ZTF(zg);ZTF
59520.3211458;19.4570065;0.128136858;ZTF;ZTF(zi);ZTF
59520.3225579;19.5614338;0.114909828;ZTF;ZTF(zi);ZTF
59522.1933102;19.9367218;0.138162613;ZTF;ZTF(zr);ZTF
59522.1956597;19.8225842;0.111086056;ZTF;ZTF(zr);ZTF
59522.2331944;20.7499008;0.191846967;ZTF;ZTF(zg);ZTF
59523.1806134;19.5816746;0.11650075;ZTF;ZTF(zi);ZTF
59523.181088;19.6056938;0.140943468;ZTF;ZTF(zi);ZTF
59524.2121991;19.9000931;0.134977221;ZTF;ZTF(zr);ZTF
59524.2289931;19.9358025;0.119820304;ZTF;ZTF(zr);ZTF
59524.2996644;20.4900322;0.169478983;ZTF;ZTF(zg);ZTF
59526.1486574;19.7679062;0.123765759;ZTF;ZTF(zr);ZTF
59526.1491319;19.8711185;0.114780925;ZTF;ZTF(zr);ZTF
59526.2121528;20.6508274;0.183379054;ZTF;ZTF(zg);ZTF
59526.2135648;20.5953789;0.160743713;ZTF;ZTF(zg);ZTF
59526.2742593;19.5220509;0.133690551;ZTF;ZTF(zi);ZTF
59526.2756713;19.6704597;0.123635456;ZTF;ZTF(zi);ZTF
59529.1715278;19.8901615;0.116251282;ZTF;ZTF(zr);ZTF
59529.1933796;19.9620438;0.140380397;ZTF;ZTF(zr);ZTF
59529.2834954;19.5307407;0.134439081;ZTF;ZTF(zi);ZTF
59529.284919;19.6065903;0.118477881;ZTF;ZTF(zi);ZTF
59531.2387847;19.8933315;0.13439247;ZTF;ZTF(zr);ZTF
59537.2996412;19.4393959;0.0985006467;ZTF;ZTF(zr);ZTF
59538.1439005;19.968874;0.148945719;ZTF;ZTF(zi);ZTF
59538.144375;19.5446033;0.135635912;ZTF;ZTF(zi);ZTF
59540.1655671;19.8214951;0.111004002;ZTF;ZTF(zr);ZTF
59540.1987847;19.6663437;0.115522631;ZTF;ZTF(zr);ZTF
59542.2340741;19.3758507;0.121353745;ZTF;ZTF(zi);ZTF
59546.7277934;15.638;0.39;NEOWISE;WISE(W1);NEOWISE
59547.11986693;16.374;0.35;NEOWISE;WISE(W1);NEOWISE
59547.18480924;16.458;0.299;NEOWISE;WISE(W1);NEOWISE
59547.18480924;14.885;0.393;NEOWISE;WISE(W2);NEOWISE
59550.1345023;19.850565;0.130720004;ZTF;ZTF(zr);ZTF
59550.1972917;19.7186737;0.127607107;ZTF;ZTF(zi);ZTF
59550.2127431;20.6620331;0.184336782;ZTF;ZTF(zg);ZTF
59622.1053588;19.3237915;0.0906303972;ZTF;ZTF(zr);ZTF
59622.1106597;19.6261158;0.0969744027;ZTF;ZTF(zr);ZTF
59623.1073495;19.3185158;0.0902844593;ZTF;ZTF(zr);ZTF
59623.1092824;19.5477371;0.0917486101;ZTF;ZTF(zr);ZTF
59623.1116898;19.7241974;0.103843369;ZTF;ZTF(zr);ZTF
59623.1121759;19.2872467;0.0882573351;ZTF;ZTF(zr);ZTF
59739.4497454;19.8913059;0.116339989;ZTF;ZTF(zr);ZTF
59743.4816667;19.4950867;0.102488101;ZTF;ZTF(zr);ZTF
59744.4017245;19.7067223;0.102593265;ZTF;ZTF(zr);ZTF
59748.4354282;19.7604046;0.106468908;ZTF;ZTF(zr);ZTF
59748.4453356;19.3338013;0.0980422273;ZTF;ZTF(zi);ZTF
59748.79323898;15.993;0.249;NEOWISE;WISE(W1);NEOWISE
59748.92363284;14.336;0.542;NEOWISE;WISE(W2);NEOWISE
59748.92363284;16.756;0.509;NEOWISE;WISE(W1);NEOWISE
59749.4506481;19.3121166;0.116162948;ZTF;ZTF(zi);ZTF
59751.59900009;15.771;0.244;NEOWISE;WISE(W1);NEOWISE
59751.85991569;16.04;0.395;NEOWISE;WISE(W1);NEOWISE
59752.4056829;19.8958969;0.116696328;ZTF;ZTF(zr);ZTF
59753.399294;19.6739407;0.123920023;ZTF;ZTF(zi);ZTF
59755.4342477;20.8038101;0.196454644;ZTF;ZTF(zg);ZTF
59755.4457292;19.8710651;0.132474646;ZTF;ZTF(zr);ZTF
59755.4461921;19.7641449;0.106742859;ZTF;ZTF(zr);ZTF
59756.4314236;19.4762535;0.108371474;ZTF;ZTF(zi);ZTF
59757.374919;20.6164703;0.162291646;ZTF;ZTF(zg);ZTF
59757.4341319;20.4432087;0.148909554;ZTF;ZTF(zg);ZTF
59757.4346065;20.6123428;0.180089712;ZTF;ZTF(zg);ZTF
59757.4398032;20.648983;0.18322134;ZTF;ZTF(zg);ZTF
59761.4441435;19.3904171;0.102053635;ZTF;ZTF(zi);ZTF
59761.4549884;19.522728;0.133748829;ZTF;ZTF(zi);ZTF
59763.4228819;19.8471851;0.112949237;ZTF;ZTF(zr);ZTF
59763.4486921;20.645771;0.164441943;ZTF;ZTF(zg);ZTF
59764.3905093;19.7727528;0.124167711;ZTF;ZTF(zr);ZTF
59764.4534954;19.5897198;0.139551133;ZTF;ZTF(zi);ZTF
59764.4539583;19.6356564;0.120809577;ZTF;ZTF(zi);ZTF
59765.4337847;20.7289925;0.170549631;ZTF;ZTF(zg);ZTF
59765.4539583;19.8708267;0.114758439;ZTF;ZTF(zr);ZTF
59768.4142708;20.6974735;0.168236375;ZTF;ZTF(zg);ZTF
59768.4461111;20.5559864;0.175272822;ZTF;ZTF(zg);ZTF
59768.4614931;20.7568474;0.172593832;ZTF;ZTF(zg);ZTF
59770.4075347;20.6936798;0.18704164;ZTF;ZTF(zg);ZTF
59770.4419097;20.5527306;0.174994588;ZTF;ZTF(zg);ZTF
59771.4088773;20.4827194;0.152313888;ZTF;ZTF(zg);ZTF
59771.4627083;20.6694145;0.166177154;ZTF;ZTF(zg);ZTF
59772.3860417;20.100666;0.152668878;ZTF;ZTF(zr);ZTF
59772.4521065;20.0025158;0.143947333;ZTF;ZTF(zr);ZTF
59774.4205093;19.8618374;0.114068381;ZTF;ZTF(zr);ZTF
59774.4448843;19.6680527;0.099867247;ZTF;ZTF(zr);ZTF
59774.4453588;20.0042858;0.144104004;ZTF;ZTF(zr);ZTF
59776.3867824;19.8503723;0.130703509;ZTF;ZTF(zr);ZTF
59776.4398611;19.9287415;0.119264156;ZTF;ZTF(zr);ZTF
59779.4221759;19.8923073;0.116417661;ZTF;ZTF(zr);ZTF
59779.4484259;20.0030785;0.125187695;ZTF;ZTF(zr);ZTF
59782.4270718;19.8953133;0.116651043;ZTF;ZTF(zr);ZTF
59782.4546065;20.4673042;0.150985628;ZTF;ZTF(zg);ZTF
59783.4376042;20.6871071;0.186479926;ZTF;ZTF(zg);ZTF
59783.4524653;19.4901772;0.109422386;ZTF;ZTF(zi);ZTF
59783.4529282;19.5321617;0.134561598;ZTF;ZTF(zi);ZTF
59784.389919;21.0080185;0.191027164;ZTF;ZTF(zg);ZTF
59784.4563889;19.840292;0.112425119;ZTF;ZTF(zr);ZTF
59785.4022685;19.8311539;0.129069015;ZTF;ZTF(zr);ZTF
59785.4290509;20.702858;0.187826157;ZTF;ZTF(zg);ZTF
59786.4122801;19.9894047;0.124087259;ZTF;ZTF(zr);ZTF
59786.4233333;19.718874;0.150844887;ZTF;ZTF(zi);ZTF
59786.4238079;19.4525757;0.106600791;ZTF;ZTF(zi);ZTF
59786.4437963;20.6631317;0.165716052;ZTF;ZTF(zg);ZTF
59787.3809375;20.8263664;0.198382616;ZTF;ZTF(zg);ZTF
59787.4128588;19.9156418;0.136325836;ZTF;ZTF(zr);ZTF
59788.4221065;19.8095245;0.110105246;ZTF;ZTF(zr);ZTF
59789.4018519;20.5551929;0.175204992;ZTF;ZTF(zg);ZTF
59789.4246296;19.5382023;0.135082826;ZTF;ZTF(zi);ZTF
59789.4251042;19.5697708;0.115563475;ZTF;ZTF(zi);ZTF
59789.4478009;19.7716732;0.124078155;ZTF;ZTF(zr);ZTF
59790.3594907;20.6718941;0.166359186;ZTF;ZTF(zg);ZTF
59793.3821065;19.946825;0.139046073;ZTF;ZTF(zr);ZTF
59793.4280556;19.4470749;0.127297372;ZTF;ZTF(zi);ZTF
59793.4285185;19.6135807;0.11903622;ZTF;ZTF(zi);ZTF
59793.4438657;20.6406326;0.182507634;ZTF;ZTF(zg);ZTF
59795.4078125;20.5446072;0.174300194;ZTF;ZTF(zg);ZTF
59797.4565509;19.4689426;0.12914899;ZTF;ZTF(zi);ZTF
59797.4701273;19.9109077;0.117865898;ZTF;ZTF(zr);ZTF
59798.4585995;19.9397202;0.13842459;ZTF;ZTF(zr);ZTF
59800.3428704;19.6423435;0.12134967;ZTF;ZTF(zi);ZTF
59800.3777315;20.5798416;0.159603477;ZTF;ZTF(zg);ZTF
59800.4404861;19.8341446;0.111959122;ZTF;ZTF(zr);ZTF
59801.4559838;19.868084;0.132218793;ZTF;ZTF(zr);ZTF
59802.4605093;20.0396767;0.128154963;ZTF;ZTF(zr);ZTF
59807.3598958;20.0849609;0.151269883;ZTF;ZTF(zr);ZTF
59807.3603704;20.0161362;0.126242816;ZTF;ZTF(zr);ZTF
59807.3971759;20.2948856;0.136247292;ZTF;ZTF(zg);ZTF
59807.4629514;19.698204;0.149036705;ZTF;ZTF(zi);ZTF
59809.4671296;19.9707737;0.122595459;ZTF;ZTF(zr);ZTF
59810.2563889;19.5442963;0.113573715;ZTF;ZTF(zi);ZTF
59810.4214352;19.8106251;0.12733452;ZTF;ZTF(zr);ZTF
59811.3612847;19.8336906;0.111924753;ZTF;ZTF(zr);ZTF
59811.4195949;20.6106033;0.161861062;ZTF;ZTF(zg);ZTF
59812.3103935;20.6968288;0.187310815;ZTF;ZTF(zg);ZTF
59812.3427315;19.9617157;0.140351593;ZTF;ZTF(zr);ZTF
59813.3501042;20.5165939;0.154961705;ZTF;ZTF(zg);ZTF
59813.3676157;19.5773239;0.138472706;ZTF;ZTF(zi);ZTF
59813.3680903;19.4762173;0.108368695;ZTF;ZTF(zi);ZTF
59813.3883449;19.9309006;0.119434051;ZTF;ZTF(zr);ZTF
59814.3989352;19.7016697;0.118349247;ZTF;ZTF(zr);ZTF
59814.421794;20.6921673;0.186912417;ZTF;ZTF(zg);ZTF
59815.379375;19.8926086;0.116441071;ZTF;ZTF(zr);ZTF
59816.3793287;19.9610977;0.140297383;ZTF;ZTF(zr);ZTF
59816.4062037;19.6833916;0.124694452;ZTF;ZTF(zi);ZTF
59816.4066782;19.4753723;0.129695624;ZTF;ZTF(zi);ZTF
59816.4345255;20.5857735;0.177818775;ZTF;ZTF(zg);ZTF
59817.3911806;19.8438835;0.112697989;ZTF;ZTF(zr);ZTF
59817.399375;20.6005993;0.161126852;ZTF;ZTF(zg);ZTF
59818.3699884;20.6625404;0.184380174;ZTF;ZTF(zg);ZTF
59818.4137963;19.9353695;0.138044447;ZTF;ZTF(zr);ZTF
59819.2643981;19.8680553;0.114545412;ZTF;ZTF(zr);ZTF
59819.3348611;19.4781685;0.108515553;ZTF;ZTF(zi);ZTF
59819.3353241;19.7286587;0.151699811;ZTF;ZTF(zi);ZTF
59819.3811458;20.6131077;0.162044883;ZTF;ZTF(zg);ZTF
59821.3368981;19.7867737;0.125334978;ZTF;ZTF(zr);ZTF
59821.3762153;20.5506744;0.174818873;ZTF;ZTF(zg);ZTF
59822.3052315;19.8564816;0.113658473;ZTF;ZTF(zr);ZTF
59822.3355556;20.2510204;0.132574201;ZTF;ZTF(zg);ZTF
59823.3790972;19.5421352;0.135422528;ZTF;ZTF(zi);ZTF
59824.352963;20.5258751;0.172699213;ZTF;ZTF(zg);ZTF
59824.3736921;19.80867;0.110041261;ZTF;ZTF(zr);ZTF
59824.3741667;19.7476234;0.122091457;ZTF;ZTF(zr);ZTF
59826.2968866;19.6863174;0.117115311;ZTF;ZTF(zr);ZTF
59826.2973495;19.7772598;0.107707143;ZTF;ZTF(zr);ZTF
59826.3376273;20.3740902;0.157252461;ZTF;ZTF(zg);ZTF
59826.3381019;20.7439232;0.171645284;ZTF;ZTF(zg);ZTF
59827.3890278;19.5077782;0.110761009;ZTF;ZTF(zi);ZTF
59827.3904398;19.6759834;0.14709118;ZTF;ZTF(zi);ZTF
59829.3942708;20.8046894;0.176104903;ZTF;ZTF(zg);ZTF
59829.4009722;20.6159687;0.180399656;ZTF;ZTF(zg);ZTF
59829.4208333;19.7583618;0.122976169;ZTF;ZTF(zr);ZTF
59829.4274421;19.9354172;0.119789928;ZTF;ZTF(zr);ZTF
59839.2712847;20.7446976;0.171702147;ZTF;ZTF(zg);ZTF
59839.3110185;20.5605659;0.15818882;ZTF;ZTF(zg);ZTF
59839.3114931;20.286314;0.14830704;ZTF;ZTF(zg);ZTF
59840.3379398;20.4711037;0.167455733;ZTF;ZTF(zg);ZTF
59840.339838;20.4218979;0.147075489;ZTF;ZTF(zg);ZTF
59841.2768866;20.7116604;0.169277549;ZTF;ZTF(zg);ZTF
59841.2773495;20.7285137;0.190019011;ZTF;ZTF(zg);ZTF
59841.3121181;20.6090622;0.161747932;ZTF;ZTF(zg);ZTF
59841.3125926;20.9645348;0.210192084;ZTF;ZTF(zg);ZTF
59841.3285069;20.7438812;0.191332459;ZTF;ZTF(zg);ZTF
59841.3289699;20.7094059;0.169112086;ZTF;ZTF(zg);ZTF
59842.3202431;19.7351742;0.152268559;ZTF;ZTF(zi);ZTF
59842.3207176;19.4611225;0.107237555;ZTF;ZTF(zi);ZTF
59843.2991088;19.9505272;0.139370188;ZTF;ZTF(zr);ZTF
59843.3001042;19.7330856;0.104483485;ZTF;ZTF(zr);ZTF
59843.3185532;20.6103897;0.161845326;ZTF;ZTF(zg);ZTF
59843.3190162;20.546936;0.174499273;ZTF;ZTF(zg);ZTF
59845.3001736;19.812603;0.110335901;ZTF;ZTF(zr);ZTF
59845.3006481;19.9490013;0.139236555;ZTF;ZTF(zr);ZTF
59845.3168866;19.6811142;0.124507561;ZTF;ZTF(zi);ZTF
59846.266794;19.561367;0.137087286;ZTF;ZTF(zi);ZTF
59848.3182523;20.000391;0.124971069;ZTF;ZTF(zr);ZTF
59848.3187269;19.8038044;0.126760915;ZTF;ZTF(zr);ZTF
59848.3611227;20.5933189;0.160592556;ZTF;ZTF(zg);ZTF
59849.3576389;19.5459213;0.135749787;ZTF;ZTF(zi);ZTF
59850.2334375;19.7682533;0.107044257;ZTF;ZTF(zr);ZTF
59850.2733796;19.9882717;0.142689243;ZTF;ZTF(zr);ZTF
59850.3795949;20.656292;0.183846116;ZTF;ZTF(zg);ZTF
59850.3800694;20.5959053;0.160782337;ZTF;ZTF(zg);ZTF
59852.2744213;19.8618546;0.131684884;ZTF;ZTF(zr);ZTF
59852.2748843;19.8773613;0.115261614;ZTF;ZTF(zr);ZTF
59852.3365278;20.8257027;0.198325872;ZTF;ZTF(zg);ZTF
59852.3374884;20.7296753;0.170599699;ZTF;ZTF(zg);ZTF
59853.2979398;19.5671654;0.137590289;ZTF;ZTF(zi);ZTF
59854.2681829;20.6140022;0.162110448;ZTF;ZTF(zg);ZTF
59854.2686574;20.6610546;0.184253216;ZTF;ZTF(zg);ZTF
59854.2917361;19.8272953;0.128742069;ZTF;ZTF(zr);ZTF
59856.1363773;19.4075813;0.123984218;ZTF;ZTF(zi);ZTF
59856.2525463;20.6449013;0.182872534;ZTF;ZTF(zg);ZTF
59856.2530208;20.472168;0.151404768;ZTF;ZTF(zg);ZTF
59856.3057523;19.7583542;0.106318951;ZTF;ZTF(zr);ZTF
59856.3076505;19.622015;0.112040274;ZTF;ZTF(zr);ZTF
59858.2770486;19.9180336;0.118423522;ZTF;ZTF(zr);ZTF
59859.3475926;19.5416393;0.113367461;ZTF;ZTF(zi);ZTF
59859.3480671;19.4532375;0.127818048;ZTF;ZTF(zi);ZTF
59862.2832986;19.8789463;0.115383923;ZTF;ZTF(zr);ZTF
59864.2672454;19.6529388;0.114461876;ZTF;ZTF(zr);ZTF
59865.2878125;19.6926918;0.125458911;ZTF;ZTF(zi);ZTF
59865.2920602;19.7180252;0.150770679;ZTF;ZTF(zi);ZTF
59866.2272917;20.7859383;0.174728751;ZTF;ZTF(zg);ZTF
59866.3419792;19.8333607;0.129256144;ZTF;ZTF(zr);ZTF
59869.2803588;20.4131813;0.161327824;ZTF;ZTF(zg);ZTF
59869.3030093;19.767664;0.123745695;ZTF;ZTF(zr);ZTF
59870.2907986;19.6724663;0.123799436;ZTF;ZTF(zi);ZTF
59871.1989468;19.8033962;0.109646991;ZTF;ZTF(zr);ZTF
59871.1994097;19.589529;0.109535426;ZTF;ZTF(zr);ZTF
59871.2283333;20.5737343;0.15915525;ZTF;ZTF(zg);ZTF
59871.2288079;20.796299;0.195812702;ZTF;ZTF(zg);ZTF
59872.2654051;19.8842163;0.16505444;ZTF;ZTF(zi);ZTF
59873.1840741;19.9634705;0.122013189;ZTF;ZTF(zr);ZTF
59873.2120139;20.814621;0.197378755;ZTF;ZTF(zg);ZTF
59873.2124884;20.4674244;0.15099588;ZTF;ZTF(zg);ZTF
59877.2334375;20.6444035;0.164341688;ZTF;ZTF(zg);ZTF
59877.2584722;19.2569656;0.111779846;ZTF;ZTF(zi);ZTF
59877.2598843;19.7104435;0.126924723;ZTF;ZTF(zi);ZTF
59877.2987037;19.7795238;0.107874222;ZTF;ZTF(zr);ZTF
59878.1936574;20.8102798;0.197007656;ZTF;ZTF(zg);ZTF
59878.2364468;19.7532711;0.122556329;ZTF;ZTF(zr);ZTF
59879.2546065;19.888628;0.11613249;ZTF;ZTF(zr);ZTF
59880.2942245;19.5639725;0.115108654;ZTF;ZTF(zi);ZTF
59881.1640509;19.5542145;0.136467472;ZTF;ZTF(zi);ZTF
59881.3174074;20.4836884;0.152397498;ZTF;ZTF(zg);ZTF
59883.2480556;20.6393757;0.163972616;ZTF;ZTF(zg);ZTF
59883.2783333;19.6275845;0.120159328;ZTF;ZTF(zi);ZTF
59883.2976273;19.7653599;0.106831916;ZTF;ZTF(zr);ZTF
59885.2255324;19.8281784;0.128816843;ZTF;ZTF(zr);ZTF
59894.1302662;20.1899395;0.140589535;ZTF;ZTF(zr);ZTF
59894.1517361;19.937273;0.138210729;ZTF;ZTF(zr);ZTF
59895.2589699;19.4561596;0.1068675;ZTF;ZTF(zi);ZTF
59896.2596759;19.8062801;0.126968965;ZTF;ZTF(zr);ZTF
59896.2667245;19.8393002;0.112349823;ZTF;ZTF(zr);ZTF
59897.1063079;19.3266945;0.117338791;ZTF;ZTF(zi);ZTF
59898.129213;19.2436676;0.0919182897;ZTF;ZTF(zi);ZTF
59898.2004861;20.2665596;0.146336511;ZTF;ZTF(zg);ZTF
59898.2018981;20.4440079;0.148978561;ZTF;ZTF(zg);ZTF
59898.2328704;19.7085171;0.118902266;ZTF;ZTF(zr);ZTF
59898.2338426;19.8806782;0.115517616;ZTF;ZTF(zr);ZTF
59902.1503241;20.0386391;0.147149235;ZTF;ZTF(zr);ZTF
59902.1507986;19.757103;0.106227502;ZTF;ZTF(zr);ZTF
59902.2317361;19.6211987;0.119646475;ZTF;ZTF(zi);ZTF
59903.1069213;19.3221455;0.11697112;ZTF;ZTF(zi);ZTF
59904.1511343;20.4524536;0.149705976;ZTF;ZTF(zg);ZTF
59904.1861806;20.2468624;0.144388512;ZTF;ZTF(zg);ZTF
59904.2066898;19.8954372;0.116660669;ZTF;ZTF(zr);ZTF
59904.208588;19.72365;0.120130189;ZTF;ZTF(zr);ZTF
59906.1103935;19.7385101;0.152559683;ZTF;ZTF(zi);ZTF
59906.1489815;19.9363842;0.138133034;ZTF;ZTF(zr);ZTF
59906.1670486;19.883564;0.115740597;ZTF;ZTF(zr);ZTF
59906.1923148;20.6217537;0.180894017;ZTF;ZTF(zg);ZTF
59909.1794213;19.8505611;0.113206491;ZTF;ZTF(zr);ZTF
59910.1440625;20.4115868;0.161160529;ZTF;ZTF(zg);ZTF
59910.1513542;19.9819889;0.142135143;ZTF;ZTF(zr);ZTF
59910.73705731;15.968;0.238;NEOWISE;WISE(W1);NEOWISE
59910.99771813;16.36;0.301;NEOWISE;WISE(W1);NEOWISE
59911.1279849;16.131;0.239;NEOWISE;WISE(W1);NEOWISE
59911.19318194;15.968;0.41;NEOWISE;WISE(W1);NEOWISE
59911.25837894;16.355;0.455;NEOWISE;WISE(W1);NEOWISE
59913.1480324;19.9442749;0.138822898;ZTF;ZTF(zr);ZTF
59914.1196528;19.5941887;0.117491275;ZTF;ZTF(zi);ZTF
59914.1299074;19.611557;0.0959858745;ZTF;ZTF(zr);ZTF
59914.1726389;20.4874172;0.152718768;ZTF;ZTF(zg);ZTF
59923.1110764;19.8875427;0.116048373;ZTF;ZTF(zr);ZTF
59924.1872106;19.6831284;0.116860062;ZTF;ZTF(zr);ZTF
59928.1563079;19.7296448;0.104235366;ZTF;ZTF(zr);ZTF
59930.1609259;19.8731575;0.114937767;ZTF;ZTF(zr);ZTF
59933.1513079;20.1184254;0.134631053;ZTF;ZTF(zr);ZTF
59934.1279861;20.5068378;0.171072006;ZTF;ZTF(zg);ZTF
59935.1438079;20.0209618;0.126633793;ZTF;ZTF(zr);ZTF
59935.1847338;20.5566559;0.157901883;ZTF;ZTF(zg);ZTF
59936.2035764;19.9334373;0.137875766;ZTF;ZTF(zr);ZTF
59937.1774421;19.9626007;0.121943898;ZTF;ZTF(zr);ZTF
59956.1372801;19.7923317;0.108822852;ZTF;ZTF(zr);ZTF
59972.1137153;19.7393379;0.12141145;ZTF;ZTF(zr);ZTF
59972.1141782;19.7368298;0.104754016;ZTF;ZTF(zr);ZTF
59972.1181829;19.7245026;0.103865296;ZTF;ZTF(zr);ZTF
59972.1221991;19.7995872;0.109362826;ZTF;ZTF(zr);ZTF
60097.44499999983;19.03760752324207;0.16111784067887178;ZTF;ZTF(zg);ZTF
60097.445;19.0668297;0.0591432564;ZTF;ZTF(zg);ZTF
60115.93015794;15.962;0.442;NEOWISE;WISE(W1);NEOWISE
60116.0599152;15.798;0.216;NEOWISE;WISE(W1);NEOWISE
60116.25448744;15.811;0.225;NEOWISE;WISE(W1);NEOWISE
60116.38424475;16.049;0.315;NEOWISE;WISE(W1);NEOWISE
60118.4118634;19.1547394;0.0628056154;ZTF;ZTF(zg);ZTF
60118.411863400135;19.150699279743908;0.10160214042639723;ZTF;ZTF(zg);ZTF
60118.453298599925;18.86464876371383;0.08979056917012655;ZTF;ZTF(zr);ZTF
60118.4532986;18.8520813;0.0555403717;ZTF;ZTF(zr);ZTF
60120.40225689998;18.871622092838937;0.09537366680934697;ZTF;ZTF(zr);ZTF
60120.4022569;18.9194527;0.0582983047;ZTF;ZTF(zr);ZTF
60120.4242361;19.09058;0.0601078048;ZTF;ZTF(zg);ZTF
60120.42423610017;19.138950526612238;0.1316410007140994;ZTF;ZTF(zg);ZTF
60122.4216088;19.0685539;0.0616730452;ZTF;ZTF(zg);ZTF
60122.42160880007;19.112058730737363;0.10456549403566372;ZTF;ZTF(zg);ZTF
60122.4220833;19.2298431;0.0661395639;ZTF;ZTF(zg);ZTF
60122.4550926;18.9651661;0.06025365;ZTF;ZTF(zr);ZTF
60122.45509260008;18.921531888611135;0.08017435469998531;ZTF;ZTF(zr);ZTF
60125.384756899904;19.070643364823926;0.1185305745187361;ZTF;ZTF(zg);ZTF
60125.3847569;19.0339088;0.0578360371;ZTF;ZTF(zg);ZTF
60125.3852315;19.1264839;0.0642966479;ZTF;ZTF(zg);ZTF
60125.385231500026;19.244085908901745;0.19383904186384965;ZTF;ZTF(zg);ZTF
60125.4385648;18.9839821;0.0610786378;ZTF;ZTF(zr);ZTF
60125.43856480019;18.95481649447298;0.08179005052773994;ZTF;ZTF(zr);ZTF
60127.41452550003;18.945790553281444;0.0930316742212853;ZTF;ZTF(zr);ZTF
60127.45753470017;19.219366434823822;0.13080675487634236;ZTF;ZTF(zg);ZTF
60127.45800929982;19.22712586998863;0.12852331372476997;ZTF;ZTF(zg);ZTF
60135.402962999884;19.30673192091415;0.12445067752359013;ZTF;ZTF(zg);ZTF
60135.402963;19.2559834;0.0706241801;ZTF;ZTF(zg);ZTF
60135.40343749989;19.31635290524898;0.11191913115871842;ZTF;ZTF(zg);ZTF
60135.4034375;19.2882042;0.0688657835;ZTF;ZTF(zg);ZTF
60135.4601389;19.1105442;0.0775545314;ZTF;ZTF(zr);ZTF
60135.460138900205;19.118970127836697;0.10150044595598241;ZTF;ZTF(zr);ZTF
60135.46060189977;19.002284200195326;0.08195497261363345;ZTF;ZTF(zr);ZTF
60135.4606019;19.0453243;0.0638516471;ZTF;ZTF(zr);ZTF
60138.43394679995;19.379927873672237;0.14924801703693757;ZTF;ZTF(zg);ZTF
60138.4339468;19.39077;0.0779334605;ZTF;ZTF(zg);ZTF
60138.43442129996;19.398258275038046;0.10681731440797772;ZTF;ZTF(zg);ZTF
60138.4344213;19.4324303;0.0761334598;ZTF;ZTF(zg);ZTF
60140.4131597;19.3810081;0.0734537318;ZTF;ZTF(zg);ZTF
60140.41315970011;19.352861938318423;0.10527303085295897;ZTF;ZTF(zg);ZTF
60140.4136343;19.3768845;0.0771447718;ZTF;ZTF(zg);ZTF
60140.41363430023;19.45699735276135;0.09397786341546191;ZTF;ZTF(zg);ZTF
60143.4183681;19.4364014;0.0805848464;ZTF;ZTF(zg);ZTF
60143.41836810019;19.46686175866021;0.10055001983547292;ZTF;ZTF(zg);ZTF
60143.4214236;19.4456825;0.0768402964;ZTF;ZTF(zg);ZTF
60143.421423600055;19.44521910368955;0.11040467763380458;ZTF;ZTF(zg);ZTF
60143.44976849994;19.1141234958917;0.07388173769899621;ZTF;ZTF(zr);ZTF
60143.4497685;19.1089745;0.0668671429;ZTF;ZTF(zr);ZTF
60143.4502431;19.095314;0.0766909868;ZTF;ZTF(zr);ZTF
60143.45024310006;19.092689205774466;0.07822523359536743;ZTF;ZTF(zr);ZTF
60146.38603009982;19.05281538583013;0.07769853478363554;ZTF;ZTF(zr);ZTF
60146.3860301;19.0990391;0.0663869902;ZTF;ZTF(zr);ZTF
60146.4466551;19.1745968;0.0701274499;ZTF;ZTF(zr);ZTF
60148.3828356;19.121727;0.0781944022;ZTF;ZTF(zr);ZTF
60148.38283560006;19.171473430882394;0.08877026733955608;ZTF;ZTF(zr);ZTF
60148.3833102;19.1496258;0.0688684583;ZTF;ZTF(zr);ZTF
60148.38331020018;19.12871839846996;0.07091730001213396;ZTF;ZTF(zr);ZTF
60148.4362153;19.42869;0.0759352073;ZTF;ZTF(zg);ZTF
60148.43621530011;19.41837947022203;0.09721755335303574;ZTF;ZTF(zg);ZTF
60148.4366898;19.4809914;0.0832654834;ZTF;ZTF(zg);ZTF
60148.43668980012;19.5570475550327;0.1297236421911553;ZTF;ZTF(zg);ZTF
60150.4340856;19.4534988;0.0772603452;ZTF;ZTF(zg);ZTF
60150.43408560008;19.500098694045622;0.11189632749556788;ZTF;ZTF(zg);ZTF
60150.4345486;19.5110912;0.0851261243;ZTF;ZTF(zg);ZTF
60150.43454860011;19.551085617121387;0.12360892562328374;ZTF;ZTF(zg);ZTF
60150.4423264;19.1983109;0.0713442266;ZTF;ZTF(zr);ZTF
60152.4490856;19.5175323;0.0855296776;ZTF;ZTF(zg);ZTF
60152.44908560021;19.49103955183856;0.11812155934167251;ZTF;ZTF(zg);ZTF
60152.449560199864;19.526109421572627;0.09362268915210786;ZTF;ZTF(zg);ZTF
60154.4637384;19.5054398;0.0801112354;ZTF;ZTF(zg);ZTF
60154.46373840002;19.52578153050039;0.11446518443700847;ZTF;ZTF(zg);ZTF
60157.4315046;19.1917915;0.0710076392;ZTF;ZTF(zr);ZTF
60157.431504600216;19.04978953286028;0.12638620261943798;ZTF;ZTF(zr);ZTF
60157.4319792;19.1109276;0.0775763392;ZTF;ZTF(zr);ZTF
60160.2748148;19.2274284;0.0728666186;ZTF;ZTF(zr);ZTF
60160.3796528;19.6640167;0.0894697011;ZTF;ZTF(zg);ZTF
60163.399791699834;19.188583442611588;0.10457316799545828;ZTF;ZTF(zr);ZTF
60163.3997917;19.2360325;0.0733225569;ZTF;ZTF(zr);ZTF
60163.40026619984;19.243434101460778;0.10728273953316902;ZTF;ZTF(zr);ZTF
60163.4002662;19.258112;0.0864049122;ZTF;ZTF(zr);ZTF
60163.4412269;19.4569092;0.0774443448;ZTF;ZTF(zg);ZTF
60163.44122690009;19.53259520985658;0.11956163194603614;ZTF;ZTF(zg);ZTF
60168.3820139;19.5745258;0.0891848877;ZTF;ZTF(zg);ZTF
60168.382013900205;19.627077654300113;0.098561026362559;ZTF;ZTF(zg);ZTF
60168.39997689985;19.48543642531091;0.09377230974172923;ZTF;ZTF(zg);ZTF
60168.3999769;19.5124588;0.0805044994;ZTF;ZTF(zg);ZTF
60168.454375;19.2676964;0.0750241876;ZTF;ZTF(zr);ZTF
60168.454375000205;19.244469797823914;0.08468837584753738;ZTF;ZTF(zr);ZTF
60170.36383099994;19.63644641182627;0.10638966883931415;ZTF;ZTF(zg);ZTF
60170.363831;19.5649338;0.0885589868;ZTF;ZTF(zg);ZTF
60170.364294;19.5700741;0.083805494;ZTF;ZTF(zg);ZTF
60170.399166699965;19.256675979439557;0.06646784447142262;ZTF;ZTF(zr);ZTF
60170.3991667;19.264143;0.0748313963;ZTF;ZTF(zr);ZTF
60173.336388899945;19.29522493769997;0.10019299508860546;ZTF;ZTF(zr);ZTF
60173.3363889;19.2927189;0.0886092186;ZTF;ZTF(zr);ZTF
60173.3827315;19.5543156;0.0828896835;ZTF;ZTF(zg);ZTF
60173.383206;19.612875;0.0917306542;ZTF;ZTF(zg);ZTF
60173.383206000086;19.630524409590862;0.1223900114543128;ZTF;ZTF(zg);ZTF
60182.3396644;19.2327518;0.0731483921;ZTF;ZTF(zr);ZTF
60182.33966440009;19.250575380950103;0.07987166129353662;ZTF;ZTF(zr);ZTF
60182.40326389996;19.74146328242454;0.1451119647161565;ZTF;ZTF(zg);ZTF
60182.4032639;19.7604294;0.102192394;ZTF;ZTF(zg);ZTF
60182.4056366;19.6290302;0.087319091;ZTF;ZTF(zg);ZTF
60182.40563660022;19.612638774073606;0.11072228645122084;ZTF;ZTF(zg);ZTF
60182.449259299785;19.306115104203435;0.09994338675920136;ZTF;ZTF(zr);ZTF
60182.4492593;19.3273354;0.0908634663;ZTF;ZTF(zr);ZTF
60184.329143499956;19.21979223867953;0.12635337593240678;ZTF;ZTF(zr);ZTF
60184.3291435;19.2598991;0.0865176022;ZTF;ZTF(zr);ZTF
60184.4657755;19.399641;0.0825258419;ZTF;ZTF(zr);ZTF
60184.46577550005;19.34045245044243;0.09145024995595771;ZTF;ZTF(zr);ZTF
60186.446713;19.466465;0.0779622942;ZTF;ZTF(zg);ZTF
60191.3834375;20.0310745;0.114963152;ZTF;ZTF(zg);ZTF
60191.4002199;19.4130325;0.0792155266;ZTF;ZTF(zg);ZTF
60191.40021990007;19.55592315268547;0.18214431653706245;ZTF;ZTF(zg);ZTF
60194.3112963;19.8577194;0.102264404;ZTF;ZTF(zg);ZTF
60194.31129630003;19.80730483634264;0.1227925347587436;ZTF;ZTF(zg);ZTF
60194.3117708;19.8836899;0.111764073;ZTF;ZTF(zg);ZTF
60194.311770800035;19.85264087539604;0.19038528109747488;ZTF;ZTF(zg);ZTF
60194.3176157;19.3363819;0.0788459629;ZTF;ZTF(zr);ZTF
60194.3180903;19.3043556;0.0893614441;ZTF;ZTF(zr);ZTF
60194.318090300076;19.259792163275876;0.11443699852633057;ZTF;ZTF(zr);ZTF
60196.27312499983;19.750479857351785;0.14907191783401588;ZTF;ZTF(zg);ZTF
60196.273125;19.742485;0.100862682;ZTF;ZTF(zg);ZTF
60196.3194792;19.8565845;0.102185085;ZTF;ZTF(zg);ZTF
60196.31947920006;19.82749838860258;0.1153901420102999;ZTF;ZTF(zg);ZTF
60196.3383912;19.3231125;0.0780936331;ZTF;ZTF(zr);ZTF
60196.338391200174;19.304451352911695;0.09225108597925916;ZTF;ZTF(zr);ZTF
60200.3830324;19.819231;0.106662825;ZTF;ZTF(zg);ZTF
60200.38303240016;19.792193539955065;0.12603770205533943;ZTF;ZTF(zg);ZTF
60200.3844444;19.8830986;0.104051426;ZTF;ZTF(zg);ZTF
60200.3844444002;19.826952515704175;0.11962609147834999;ZTF;ZTF(zg);ZTF
60200.4003472;19.3650131;0.0933734775;ZTF;ZTF(zr);ZTF
60200.40034720022;19.350720549600137;0.09754408650785944;ZTF;ZTF(zr);ZTF
60200.42884259997;19.42546987921698;0.08948895652582317;ZTF;ZTF(zr);ZTF
60200.4288426;19.4588909;0.0861130953;ZTF;ZTF(zr);ZTF
60202.3258449;19.3982086;0.0824407786;ZTF;ZTF(zr);ZTF
60202.32584490022;19.318218651736583;0.07937141876178648;ZTF;ZTF(zr);ZTF
60202.3263194;19.4613876;0.100060135;ZTF;ZTF(zr);ZTF
60202.32631940022;19.465642242384924;0.08611531943277592;ZTF;ZTF(zr);ZTF
60202.4097684999;19.898767550595156;0.14472598468228248;ZTF;ZTF(zg);ZTF
60202.4097685;19.9591866;0.118007049;ZTF;ZTF(zg);ZTF
60202.41070599994;19.844303129381903;0.08859256162540118;ZTF;ZTF(zg);ZTF
60202.41070599994;19.84431649356279;0.08859164866370053;ZTF;ZTF(zg);ZTF
60202.410706;19.8411636;0.101112299;ZTF;ZTF(zg);ZTF
60204.337303199805;19.744274916422846;0.12607065939290357;ZTF;ZTF(zg);ZTF
60204.3373032;19.7936096;0.104693517;ZTF;ZTF(zg);ZTF
60204.33969909977;19.888937760905293;0.10434337548856634;ZTF;ZTF(zg);ZTF
60204.3396991;19.8669701;0.102912866;ZTF;ZTF(zg);ZTF
60204.3790278;19.4140778;0.096729897;ZTF;ZTF(zr);ZTF
60204.4100231;19.4205017;0.0837732702;ZTF;ZTF(zr);ZTF
60204.41002310021;19.355345600562487;0.08560592466074758;ZTF;ZTF(zr);ZTF
60206.2285648;19.3927345;0.0821165442;ZTF;ZTF(zr);ZTF
60206.22856480023;19.36514365497968;0.09479605542090043;ZTF;ZTF(zr);ZTF
60206.34356479999;19.83224014103329;0.10176311478356602;ZTF;ZTF(zg);ZTF
60206.3435648;19.8795815;0.103802301;ZTF;ZTF(zg);ZTF
60206.4091667;19.6471081;0.0940628722;ZTF;ZTF(zg);ZTF
60206.40916670021;19.726786914814372;0.15272150334929974;ZTF;ZTF(zg);ZTF
60206.4361921;19.5141449;0.103881568;ZTF;ZTF(zr);ZTF
60209.275914399885;19.407395302444133;0.10117864004254719;ZTF;ZTF(zr);ZTF
60209.2759144;19.4024429;0.0826923847;ZTF;ZTF(zr);ZTF
60209.3182755;19.7619514;0.0957508162;ZTF;ZTF(zg);ZTF
60209.31827550009;19.808024787701868;0.15287908469285033;ZTF;ZTF(zg);ZTF
60212.39385419991;19.309566469268816;0.08756360628770349;ZTF;ZTF(zr);ZTF
60212.3938542;19.3429661;0.0918976068;ZTF;ZTF(zr);ZTF
60212.4001505;20.0274639;0.123901539;ZTF;ZTF(zg);ZTF
60212.402037;19.8830872;0.104050688;ZTF;ZTF(zg);ZTF
60214.2537616;19.3566952;0.0800107867;ZTF;ZTF(zr);ZTF
60214.2734606;19.2933216;0.0886479914;ZTF;ZTF(zr);ZTF
60214.3845255;19.7125988;0.0925374255;ZTF;ZTF(zg);ZTF
60214.385;19.7566853;0.101913616;ZTF;ZTF(zg);ZTF
60217.3214699;19.4860992;0.0878062397;ZTF;ZTF(zr);ZTF
60222.2135301;19.7550602;0.0952962264;ZTF;ZTF(zg);ZTF
60222.2139931;19.7307491;0.100001708;ZTF;ZTF(zg);ZTF
60222.2585648;19.4395943;0.0849297941;ZTF;ZTF(zr);ZTF
60222.2590278;19.4483967;0.0991365835;ZTF;ZTF(zr);ZTF
60224.2453819;19.5242939;0.0902317241;ZTF;ZTF(zr);ZTF
60224.2547338;19.8116283;0.0990839377;ZTF;ZTF(zg);ZTF
60224.2552083;19.8473091;0.108859047;ZTF;ZTF(zg);ZTF
60227.2547338;19.4255257;0.084076196;ZTF;ZTF(zr);ZTF
60227.3218866;19.8467541;0.101500072;ZTF;ZTF(zg);ZTF
60227.3223495;20.0282269;0.123968735;ZTF;ZTF(zg);ZTF
60230.2910995;19.4279156;0.0842206627;ZTF;ZTF(zr);ZTF
60230.3110764;20.0137978;0.122702911;ZTF;ZTF(zg);ZTF
60230.3486343;19.8881073;0.104407154;ZTF;ZTF(zg);ZTF
60230.3532755;19.4996185;0.102818176;ZTF;ZTF(zr);ZTF
60232.2502315;19.985796;0.111537173;ZTF;ZTF(zg);ZTF
60232.2546181;19.4342842;0.0981410071;ZTF;ZTF(zr);ZTF
60232.2550926;19.4465752;0.0853562057;ZTF;ZTF(zr);ZTF
60232.349294;19.9163227;0.114427105;ZTF;ZTF(zg);ZTF
60234.2080787;19.7639179;0.102452725;ZTF;ZTF(zg);ZTF
60234.2152199;19.9334469;0.107671;ZTF;ZTF(zg);ZTF
60234.2341551;19.4473648;0.0854045376;ZTF;ZTF(zr);ZTF
60234.3104051;19.5886421;0.109467603;ZTF;ZTF(zr);ZTF
60236.1624537;19.5137711;0.089557834;ZTF;ZTF(zr);ZTF
60236.2557292;20.0767784;0.11849533;ZTF;ZTF(zg);ZTF
60236.2581713;19.8825111;0.11166887;ZTF;ZTF(zg);ZTF
60236.3206134;19.4036007;0.0960048214;ZTF;ZTF(zr);ZTF
60238.1720023;19.5724602;0.108235672;ZTF;ZTF(zr);ZTF
60238.1724769;19.4685383;0.086710155;ZTF;ZTF(zr);ZTF
60238.2521759;19.7986221;0.105076194;ZTF;ZTF(zg);ZTF
60242.2103588;19.5897903;0.109555408;ZTF;ZTF(zr);ZTF
60242.2372569;19.5788841;0.0937969312;ZTF;ZTF(zr);ZTF
60242.3300231;19.8999958;0.105255283;ZTF;ZTF(zg);ZTF
60245.2173495;19.3872604;0.0817934573;ZTF;ZTF(zr);ZTF
60250.1688657;19.9146614;0.106309064;ZTF;ZTF(zg);ZTF
60250.1693287;19.7307854;0.100004412;ZTF;ZTF(zg);ZTF
60250.2482639;19.3707485;0.0808259547;ZTF;ZTF(zr);ZTF
60250.2506597;19.539217;0.105736993;ZTF;ZTF(zr);ZTF
60252.163912;19.5017242;0.0887915865;ZTF;ZTF(zr);ZTF
60252.1898727;19.8990555;0.113011271;ZTF;ZTF(zg);ZTF
60252.3226852;19.8496647;0.101702519;ZTF;ZTF(zg);ZTF
60252.3310995;19.6078758;0.110945165;ZTF;ZTF(zr);ZTF
60254.1453009;19.5451412;0.0915795565;ZTF;ZTF(zr);ZTF
60254.1990625;20.0264626;0.123813391;ZTF;ZTF(zg);ZTF
60257.170081;19.645237;0.0982850939;ZTF;ZTF(zr);ZTF
60257.2128356;19.8198147;0.106708102;ZTF;ZTF(zg);ZTF
60257.2152546;19.8067627;0.0987530798;ZTF;ZTF(zg);ZTF
60257.2414699;19.3272343;0.090856798;ZTF;ZTF(zr);ZTF
60259.1303241;19.564846;0.0928690881;ZTF;ZTF(zr);ZTF
60259.1950694;19.8228092;0.0998476967;ZTF;ZTF(zg);ZTF
60259.2317593;19.5852451;0.109208196;ZTF;ZTF(zr);ZTF
60261.1535532;19.6415119;0.0980287343;ZTF;ZTF(zr);ZTF
60261.2050926;19.9945297;0.112192132;ZTF;ZTF(zg);ZTF
60261.2065046;19.9926052;0.120862812;ZTF;ZTF(zg);ZTF
60261.2325;19.454668;0.0995816141;ZTF;ZTF(zr);ZTF
60268.1078704;19.6461029;0.0939935967;ZTF;ZTF(zg);ZTF
60268.1630093;19.3345757;0.0787431821;ZTF;ZTF(zr);ZTF
60268.1634722;19.6859417;0.117085241;ZTF;ZTF(zr);ZTF
60278.06144748;15.976;0.219;NEOWISE;WISE(W1);NEOWISE
60278.19069552;14.584;0.15;NEOWISE;WISE(W1);NEOWISE
60278.25525587;15.646;0.176;NEOWISE;WISE(W1);NEOWISE
60278.57805763;16.048;0.227;NEOWISE;WISE(W1);NEOWISE
60278.57805763;15.457;0.535;NEOWISE;WISE(W2);NEOWISE
60278.70717892;15.746;0.212;NEOWISE;WISE(W1);NEOWISE
60285.1151505;19.9777203;0.119583912;ZTF;ZTF(zg);ZTF
60285.115625;20.1472168;0.124076955;ZTF;ZTF(zg);ZTF
60285.158206;19.5736656;0.0934510827;ZTF;ZTF(zr);ZTF
60288.1433681;19.7519722;0.0950931013;ZTF;ZTF(zg);ZTF
60290.1283102;19.6950588;0.101765171;ZTF;ZTF(zr);ZTF
60290.1485301;19.6089592;0.111028731;ZTF;ZTF(zr);ZTF
60290.2289352;19.9813347;0.111203723;ZTF;ZTF(zg);ZTF
60290.2338889;20.0930901;0.129787028;ZTF;ZTF(zg);ZTF
60314.1564352;19.5734692;0.093438074;ZTF;ZTF(zr);ZTF
60314.1616204;19.6631737;0.115271211;ZTF;ZTF(zr);ZTF
60434.4859375;19.4203911;0.0837665871;ZTF;ZTF(zr);ZTF
60434.486412;19.6564217;0.0990582481;ZTF;ZTF(zr);ZTF
60434.4868866;19.5720177;0.0933421403;ZTF;ZTF(zr);ZTF
60481.4342824;19.8613853;0.1099751;ZTF;ZTF(zg);ZTF
60481.445162;20.2243042;0.130359262;ZTF;ZTF(zg);ZTF
60488.4385069;20.2435417;0.13195236;ZTF;ZTF(zg);ZTF
