MJD;Magnitude;Error;Facility;Filter;Observer
51698.42650000006;15.318;0.097;2MASS;2MASS(J);2MASS
51698.42650000006;14.525;0.085;2MASS;2MASS(H);2MASS
51698.42650000006;14.417;0.113;2MASS;2MASS(K);2MASS
53481.45771;15.97;0.07;CRTS;CRTS(CL);CRTS
53481.46167;16.07;0.07;CRTS;CRTS(CL);CRTS
53481.46565;16.07;0.07;CRTS;CRTS(CL);CRTS
53481.46963;16.11;0.07;CRTS;CRTS(CL);CRTS
53679.18657;16.06;0.07;CRTS;CRTS(CL);CRTS
53679.19237;16.07;0.07;CRTS;CRTS(CL);CRTS
53679.19796;16.1;0.07;CRTS;CRTS(CL);CRTS
53679.20345;16.09;0.07;CRTS;CRTS(CL);CRTS
53694.12701;16.13;0.07;CRTS;CRTS(CL);CRTS
53694.13655;16.09;0.07;CRTS;CRTS(CL);CRTS
53694.14533;16.04;0.07;CRTS;CRTS(CL);CRTS
53694.15386;16.11;0.07;CRTS;CRTS(CL);CRTS
53714.09922;16.05;0.07;CRTS;CRTS(CL);CRTS
53714.10732;16.08;0.07;CRTS;CRTS(CL);CRTS
53714.11541;16.0;0.07;CRTS;CRTS(CL);CRTS
53714.12355;15.98;0.07;CRTS;CRTS(CL);CRTS
53734.11042;16.15;0.07;CRTS;CRTS(CL);CRTS
53734.11636;16.1;0.07;CRTS;CRTS(CL);CRTS
53734.12231;16.11;0.07;CRTS;CRTS(CL);CRTS
53734.12823;16.08;0.07;CRTS;CRTS(CL);CRTS
53746.0714;16.06;0.07;CRTS;CRTS(CL);CRTS
53746.08054;16.02;0.07;CRTS;CRTS(CL);CRTS
53746.08969;16.09;0.07;CRTS;CRTS(CL);CRTS
53746.09885;16.09;0.07;CRTS;CRTS(CL);CRTS
53769.09575;16.07;0.07;CRTS;CRTS(CL);CRTS
53769.10116;15.95;0.07;CRTS;CRTS(CL);CRTS
53769.10654;16.01;0.07;CRTS;CRTS(CL);CRTS
53769.11192;15.98;0.07;CRTS;CRTS(CL);CRTS
54010.20131;16.22;0.07;CRTS;CRTS(CL);CRTS
54010.2071;16.06;0.07;CRTS;CRTS(CL);CRTS
54010.21304;16.09;0.07;CRTS;CRTS(CL);CRTS
54010.21916;16.11;0.07;CRTS;CRTS(CL);CRTS
54012.18263;16.18;0.07;CRTS;CRTS(CL);CRTS
54012.18534;16.07;0.07;CRTS;CRTS(CL);CRTS
54012.18803;16.02;0.07;CRTS;CRTS(CL);CRTS
54012.19076;16.11;0.07;CRTS;CRTS(CL);CRTS
54040.16004;15.96;0.07;CRTS;CRTS(CL);CRTS
54040.16651;16.11;0.07;CRTS;CRTS(CL);CRTS
54040.173;16.01;0.07;CRTS;CRTS(CL);CRTS
54040.17942;16.03;0.07;CRTS;CRTS(CL);CRTS
54059.08065;16.07;0.07;CRTS;CRTS(CL);CRTS
54059.08522;16.07;0.07;CRTS;CRTS(CL);CRTS
54059.08991;16.07;0.07;CRTS;CRTS(CL);CRTS
54059.09482;16.1;0.07;CRTS;CRTS(CL);CRTS
54453.1798;16.04;0.07;CRTS;CRTS(CL);CRTS
54453.18426;16.11;0.07;CRTS;CRTS(CL);CRTS
54453.18868;16.02;0.07;CRTS;CRTS(CL);CRTS
54453.19308;16.05;0.07;CRTS;CRTS(CL);CRTS
54586.46206;16.08;0.07;CRTS;CRTS(CL);CRTS
54586.46753;16.01;0.07;CRTS;CRTS(CL);CRTS
54586.47298;16.05;0.07;CRTS;CRTS(CL);CRTS
54586.47847;16.09;0.07;CRTS;CRTS(CL);CRTS
54746.25798;16.08;0.07;CRTS;CRTS(CL);CRTS
54746.26444;16.06;0.07;CRTS;CRTS(CL);CRTS
54746.27088;16.02;0.07;CRTS;CRTS(CL);CRTS
54746.27733;16.03;0.07;CRTS;CRTS(CL);CRTS
54770.11795;16.03;0.07;CRTS;CRTS(CL);CRTS
54770.12458;16.05;0.07;CRTS;CRTS(CL);CRTS
54770.13115;16.02;0.07;CRTS;CRTS(CL);CRTS
54770.13795;16.05;0.07;CRTS;CRTS(CL);CRTS
54803.14177;16.11;0.07;CRTS;CRTS(CL);CRTS
54803.1471;16.03;0.07;CRTS;CRTS(CL);CRTS
54803.15247;16.04;0.07;CRTS;CRTS(CL);CRTS
54803.15782;15.99;0.07;CRTS;CRTS(CL);CRTS
54803.16316;16.06;0.07;CRTS;CRTS(CL);CRTS
55097.19647;16.02;0.07;CRTS;CRTS(CL);CRTS
55097.20199;16.06;0.07;CRTS;CRTS(CL);CRTS
55097.20746;16.1;0.07;CRTS;CRTS(CL);CRTS
55097.21299;16.04;0.07;CRTS;CRTS(CL);CRTS
55097.21863;16.03;0.07;CRTS;CRTS(CL);CRTS
55121.10938;16.07;0.07;CRTS;CRTS(CL);CRTS
55121.11671;16.04;0.07;CRTS;CRTS(CL);CRTS
55121.12402;16.03;0.07;CRTS;CRTS(CL);CRTS
55121.13139;15.99;0.07;CRTS;CRTS(CL);CRTS
55121.13855;16.08;0.07;CRTS;CRTS(CL);CRTS
55156.18546;16.07;0.07;CRTS;CRTS(CL);CRTS
55156.19079;16.06;0.07;CRTS;CRTS(CL);CRTS
55156.19613;16.06;0.07;CRTS;CRTS(CL);CRTS
55156.20165;16.02;0.07;CRTS;CRTS(CL);CRTS
55156.20704;16.06;0.07;CRTS;CRTS(CL);CRTS
55373.1745946;13.543;0.047;ALLWISE;WISE(W1);ALLWISE
55373.1745946;13.382;0.078;ALLWISE;WISE(W2);ALLWISE
55373.3068984;13.334;0.082;ALLWISE;WISE(W2);ALLWISE
55373.3068984;13.57;0.044;ALLWISE;WISE(W1);ALLWISE
55373.4390747;13.596;0.043;ALLWISE;WISE(W1);ALLWISE
55373.4390747;13.511;0.084;ALLWISE;WISE(W2);ALLWISE
55373.4392021;13.5;0.044;ALLWISE;WISE(W1);ALLWISE
55373.4392021;13.357;0.084;ALLWISE;WISE(W2);ALLWISE
55373.5713785;13.585;0.046;ALLWISE;WISE(W1);ALLWISE
55373.5713785;13.444;0.079;ALLWISE;WISE(W2);ALLWISE
55373.5715058;13.444;0.041;ALLWISE;WISE(W1);ALLWISE
55373.5715058;13.346;0.079;ALLWISE;WISE(W2);ALLWISE
55373.6375941;13.511;0.043;ALLWISE;WISE(W1);ALLWISE
55373.6375941;13.312;0.079;ALLWISE;WISE(W2);ALLWISE
55373.7036822;13.662;0.101;ALLWISE;WISE(W2);ALLWISE
55373.7036822;13.515;0.047;ALLWISE;WISE(W1);ALLWISE
55373.7698978;13.38;0.083;ALLWISE;WISE(W2);ALLWISE
55373.7698978;13.558;0.043;ALLWISE;WISE(W1);ALLWISE
55373.835986;13.45;0.081;ALLWISE;WISE(W2);ALLWISE
55373.835986;13.506;0.043;ALLWISE;WISE(W1);ALLWISE
55373.9022016;13.49;0.093;ALLWISE;WISE(W2);ALLWISE
55373.9022016;13.492;0.041;ALLWISE;WISE(W1);ALLWISE
55373.9682898;13.488;0.043;ALLWISE;WISE(W1);ALLWISE
55373.9682898;13.508;0.086;ALLWISE;WISE(W2);ALLWISE
55374.0345054;13.478;0.043;ALLWISE;WISE(W1);ALLWISE
55374.0345054;13.335;0.077;ALLWISE;WISE(W2);ALLWISE
55374.1005936;13.388;0.07;ALLWISE;WISE(W2);ALLWISE
55374.1005936;13.486;0.042;ALLWISE;WISE(W1);ALLWISE
55374.1668091;13.627;0.097;ALLWISE;WISE(W2);ALLWISE
55374.1668091;13.592;0.045;ALLWISE;WISE(W1);ALLWISE
55374.2991129;13.569;0.049;ALLWISE;WISE(W1);ALLWISE
55374.2991129;13.593;0.096;ALLWISE;WISE(W2);ALLWISE
55374.4312894;13.535;0.044;ALLWISE;WISE(W1);ALLWISE
55374.4312894;13.544;0.09;ALLWISE;WISE(W2);ALLWISE
55374.4314167;13.287;0.076;ALLWISE;WISE(W2);ALLWISE
55374.4314167;13.408;0.047;ALLWISE;WISE(W1);ALLWISE
55381.4430015;13.416;0.095;ALLWISE;WISE(W2);ALLWISE
55381.4430015;13.509;0.043;ALLWISE;WISE(W1);ALLWISE
55543.05716;16.1;0.07;CRTS;CRTS(CL);CRTS
55543.06786;16.09;0.07;CRTS;CRTS(CL);CRTS
55543.07299;16.06;0.07;CRTS;CRTS(CL);CRTS
55552.5922748;13.523;0.04;ALLWISE;WISE(W1);ALLWISE
55552.5922748;13.777;0.106;ALLWISE;WISE(W2);ALLWISE
55552.7245792;13.489;0.045;ALLWISE;WISE(W1);ALLWISE
55552.7245792;13.574;0.098;ALLWISE;WISE(W2);ALLWISE
55553.0551492;13.571;0.05;ALLWISE;WISE(W1);ALLWISE
55553.0551492;13.611;0.104;ALLWISE;WISE(W2);ALLWISE
55553.0552766;13.502;0.046;ALLWISE;WISE(W1);ALLWISE
55553.0552766;13.566;0.096;ALLWISE;WISE(W2);ALLWISE
55553.1874536;13.563;0.047;ALLWISE;WISE(W1);ALLWISE
55553.1874536;13.505;0.094;ALLWISE;WISE(W2);ALLWISE
55553.2536696;13.617;0.052;ALLWISE;WISE(W1);ALLWISE
55553.2536696;13.42;0.085;ALLWISE;WISE(W2);ALLWISE
55553.3858467;13.615;0.044;ALLWISE;WISE(W1);ALLWISE
55553.3858467;13.485;0.094;ALLWISE;WISE(W2);ALLWISE
55553.4520626;13.63;0.119;ALLWISE;WISE(W2);ALLWISE
55553.4520626;13.653;0.05;ALLWISE;WISE(W1);ALLWISE
55553.5842365;13.611;0.049;ALLWISE;WISE(W1);ALLWISE
55553.5842365;13.568;0.092;ALLWISE;WISE(W2);ALLWISE
55553.7165409;13.56;0.045;ALLWISE;WISE(W1);ALLWISE
55553.7165409;13.413;0.088;ALLWISE;WISE(W2);ALLWISE
55553.8488453;13.523;0.046;ALLWISE;WISE(W1);ALLWISE
55553.8488453;13.639;0.102;ALLWISE;WISE(W2);ALLWISE
55833.0049486;17.5271;0.003278;PS1;PS1(r);PS1
55851.998242;17.1786;0.00275;PS1;PS1(z);PS1
55861.1123837;17.9661;0.003783;PS1;PS1(g);PS1
55868.1737;16.07;0.07;CRTS;CRTS(CL);CRTS
55868.17978;16.09;0.07;CRTS;CRTS(CL);CRTS
55868.18599;16.07;0.07;CRTS;CRTS(CL);CRTS
55868.19219;16.09;0.07;CRTS;CRTS(CL);CRTS
56204.29208;16.02;0.07;CRTS;CRTS(CL);CRTS
56204.29942;16.04;0.07;CRTS;CRTS(CL);CRTS
56204.30672;16.04;0.07;CRTS;CRTS(CL);CRTS
56204.31408;16.08;0.07;CRTS;CRTS(CL);CRTS
56226.13743;16.04;0.07;CRTS;CRTS(CL);CRTS
56226.14346;16.12;0.07;CRTS;CRTS(CL);CRTS
56226.1495;16.06;0.07;CRTS;CRTS(CL);CRTS
56226.15561;16.01;0.07;CRTS;CRTS(CL);CRTS
56388.3116128;17.2082;0.001422;PS1;PS1(i);PS1
56558.30358;16.01;0.07;CRTS;CRTS(CL);CRTS
56558.31224;16.03;0.07;CRTS;CRTS(CL);CRTS
56558.32077;16.09;0.07;CRTS;CRTS(CL);CRTS
56558.32922;16.07;0.07;CRTS;CRTS(CL);CRTS
56590.24203;16.04;0.07;CRTS;CRTS(CL);CRTS
56590.25022;16.0;0.07;CRTS;CRTS(CL);CRTS
56590.25842;16.04;0.07;CRTS;CRTS(CL);CRTS
56590.26665;16.05;0.07;CRTS;CRTS(CL);CRTS
56650.3097365;13.561;0.104;NEOWISE;WISE(W2);NEOWISE
56650.3097365;13.547;0.037;NEOWISE;WISE(W1);NEOWISE
56650.5733265;13.487;0.04;NEOWISE;WISE(W1);NEOWISE
56650.5733265;13.653;0.124;NEOWISE;WISE(W2);NEOWISE
56650.70499414;13.52;0.046;NEOWISE;WISE(W1);NEOWISE
56650.70499414;13.455;0.097;NEOWISE;WISE(W2);NEOWISE
56650.70512146;13.607;0.137;NEOWISE;WISE(W2);NEOWISE
56650.70512146;13.478;0.04;NEOWISE;WISE(W1);NEOWISE
56650.77095532;13.448;0.102;NEOWISE;WISE(W2);NEOWISE
56650.77095532;13.538;0.037;NEOWISE;WISE(W1);NEOWISE
56650.83678914;13.498;0.049;NEOWISE;WISE(W1);NEOWISE
56650.83678914;13.341;0.1;NEOWISE;WISE(W2);NEOWISE
56650.90275034;13.513;0.038;NEOWISE;WISE(W1);NEOWISE
56650.90275034;13.656;0.113;NEOWISE;WISE(W2);NEOWISE
56650.96858416;13.51;0.106;NEOWISE;WISE(W2);NEOWISE
56650.96858416;13.52;0.038;NEOWISE;WISE(W1);NEOWISE
56651.03454534;13.416;0.133;NEOWISE;WISE(W2);NEOWISE
56651.03454534;13.551;0.041;NEOWISE;WISE(W1);NEOWISE
56651.10037916;13.466;0.13;NEOWISE;WISE(W2);NEOWISE
56651.10037916;13.613;0.04;NEOWISE;WISE(W1);NEOWISE
56651.16634034;13.534;0.102;NEOWISE;WISE(W2);NEOWISE
56651.16634034;13.474;0.039;NEOWISE;WISE(W1);NEOWISE
56651.29800802;13.362;0.037;NEOWISE;WISE(W1);NEOWISE
56651.29800802;13.516;0.098;NEOWISE;WISE(W2);NEOWISE
56651.29813538;13.563;0.096;NEOWISE;WISE(W2);NEOWISE
56651.29813538;13.511;0.048;NEOWISE;WISE(W1);NEOWISE
56651.56159808;13.385;0.093;NEOWISE;WISE(W2);NEOWISE
56651.56159808;13.517;0.037;NEOWISE;WISE(W1);NEOWISE
56838.03408613;13.503;0.094;NEOWISE;WISE(W2);NEOWISE
56838.03408613;13.513;0.038;NEOWISE;WISE(W1);NEOWISE
56838.16562589;13.517;0.104;NEOWISE;WISE(W2);NEOWISE
56838.16562589;13.487;0.037;NEOWISE;WISE(W1);NEOWISE
56838.29716556;13.707;0.123;NEOWISE;WISE(W2);NEOWISE
56838.29716556;13.644;0.041;NEOWISE;WISE(W1);NEOWISE
56838.36299907;13.496;0.038;NEOWISE;WISE(W1);NEOWISE
56838.36299907;13.395;0.083;NEOWISE;WISE(W2);NEOWISE
56838.42883264;13.441;0.043;NEOWISE;WISE(W1);NEOWISE
56838.42883264;13.381;0.109;NEOWISE;WISE(W2);NEOWISE
56838.49453883;13.515;0.04;NEOWISE;WISE(W1);NEOWISE
56838.49453883;13.608;0.105;NEOWISE;WISE(W2);NEOWISE
56838.5603723;13.511;0.131;NEOWISE;WISE(W2);NEOWISE
56838.5603723;13.493;0.039;NEOWISE;WISE(W1);NEOWISE
56838.62620586;13.332;0.124;NEOWISE;WISE(W2);NEOWISE
56838.62620586;13.53;0.038;NEOWISE;WISE(W1);NEOWISE
56838.69191206;13.452;0.093;NEOWISE;WISE(W2);NEOWISE
56838.69191206;13.544;0.049;NEOWISE;WISE(W1);NEOWISE
56838.75774561;13.389;0.102;NEOWISE;WISE(W2);NEOWISE
56838.75774561;13.49;0.039;NEOWISE;WISE(W1);NEOWISE
56838.82357913;13.401;0.098;NEOWISE;WISE(W2);NEOWISE
56838.82357913;13.617;0.049;NEOWISE;WISE(W1);NEOWISE
56838.88928538;13.581;0.043;NEOWISE;WISE(W1);NEOWISE
56838.88928538;13.556;0.101;NEOWISE;WISE(W2);NEOWISE
56839.0209525;13.314;0.17;NEOWISE;WISE(W2);NEOWISE
56839.0209525;13.633;0.046;NEOWISE;WISE(W1);NEOWISE
56839.15249221;13.529;0.109;NEOWISE;WISE(W2);NEOWISE
56839.15249221;13.555;0.043;NEOWISE;WISE(W1);NEOWISE
56839.28403187;13.42;0.119;NEOWISE;WISE(W2);NEOWISE
56839.28403187;13.518;0.041;NEOWISE;WISE(W1);NEOWISE
56882.14941000007;18.1;0.02792543841237342;Gaia Alerts;GSA(G);Gaia Alerts
56882.325579999946;18.35;0.032433961734935;Gaia Alerts;GSA(G);Gaia Alerts
56882.39957999997;18.13;0.02843151486273759;Gaia Alerts;GSA(G);Gaia Alerts
56882.57574999984;18.36;0.032628717214308524;Gaia Alerts;GSA(G);Gaia Alerts
56882.64977000002;18.26;0.03073264929204296;Gaia Alerts;GSA(G);Gaia Alerts
56882.82592999982;18.4;0.03341950400261143;Gaia Alerts;GSA(G);Gaia Alerts
56882.899939999916;18.29;0.03128959918963571;Gaia Alerts;GSA(G);Gaia Alerts
56883.07610999979;18.41;0.03362017734543793;Gaia Alerts;GSA(G);Gaia Alerts
56969.61263999995;18.12;0.028261811798101638;Gaia Alerts;GSA(G);Gaia Alerts
56969.68663999997;18.14;0.028602236939542832;Gaia Alerts;GSA(G);Gaia Alerts
56985.11465999996;18.32;0.031856642365731165;Gaia Alerts;GSA(G);Gaia Alerts
57014.58845916;13.385;0.088;NEOWISE;WISE(W2);NEOWISE
57014.58845916;13.476;0.043;NEOWISE;WISE(W1);NEOWISE
57014.71987226;13.522;0.092;NEOWISE;WISE(W2);NEOWISE
57014.71987226;13.543;0.048;NEOWISE;WISE(W1);NEOWISE
57014.71999957;13.557;0.095;NEOWISE;WISE(W2);NEOWISE
57014.71999957;13.551;0.04;NEOWISE;WISE(W1);NEOWISE
57014.85141266;13.486;0.038;NEOWISE;WISE(W1);NEOWISE
57014.85141266;13.464;0.088;NEOWISE;WISE(W2);NEOWISE
57014.91711912;13.435;0.036;NEOWISE;WISE(W1);NEOWISE
57014.91711912;13.43;0.085;NEOWISE;WISE(W2);NEOWISE
57014.98282566;13.561;0.133;NEOWISE;WISE(W2);NEOWISE
57014.98282566;13.525;0.04;NEOWISE;WISE(W1);NEOWISE
57015.04853221;13.448;0.104;NEOWISE;WISE(W2);NEOWISE
57015.04853221;13.518;0.037;NEOWISE;WISE(W1);NEOWISE
57015.11423875;13.425;0.098;NEOWISE;WISE(W2);NEOWISE
57015.11423875;13.511;0.035;NEOWISE;WISE(W1);NEOWISE
57015.17994525;13.459;0.094;NEOWISE;WISE(W2);NEOWISE
57015.17994525;13.478;0.036;NEOWISE;WISE(W1);NEOWISE
57015.24565176;13.454;0.086;NEOWISE;WISE(W2);NEOWISE
57015.24565176;13.559;0.037;NEOWISE;WISE(W1);NEOWISE
57015.3113583;13.48;0.088;NEOWISE;WISE(W2);NEOWISE
57015.3113583;13.537;0.04;NEOWISE;WISE(W1);NEOWISE
57015.3770648;13.472;0.088;NEOWISE;WISE(W2);NEOWISE
57015.3770648;13.527;0.035;NEOWISE;WISE(W1);NEOWISE
57015.5741844;13.405;0.081;NEOWISE;WISE(W2);NEOWISE
57015.5741844;13.446;0.035;NEOWISE;WISE(W1);NEOWISE
57015.57431171;13.426;0.094;NEOWISE;WISE(W2);NEOWISE
57015.57431171;13.621;0.057;NEOWISE;WISE(W1);NEOWISE
57015.7057248;13.501;0.084;NEOWISE;WISE(W2);NEOWISE
57015.7057248;13.482;0.036;NEOWISE;WISE(W1);NEOWISE
57020.0424836;13.386;0.119;NEOWISE;WISE(W2);NEOWISE
57020.0424836;13.545;0.039;NEOWISE;WISE(W1);NEOWISE
57054.8091099998;18.28;0.031102836686851484;Gaia Alerts;GSA(G);Gaia Alerts
57054.88310000021;18.33;0.032047931228493996;Gaia Alerts;GSA(G);Gaia Alerts
57135.38186000008;18.28;0.031102836686851484;Gaia Alerts;GSA(G);Gaia Alerts
57135.55801999988;18.19;0.029471347956087475;Gaia Alerts;GSA(G);Gaia Alerts
57135.632040000055;18.34;0.032240368719181865;Gaia Alerts;GSA(G);Gaia Alerts
57135.80818999978;18.34;0.032240368719181865;Gaia Alerts;GSA(G);Gaia Alerts
57193.05146999983;18.28;0.031102836686851484;Gaia Alerts;GSA(G);Gaia Alerts
57193.125490000006;18.23;0.030185613014198056;Gaia Alerts;GSA(G);Gaia Alerts
57199.83130972;13.418;0.039;NEOWISE;WISE(W1);NEOWISE
57199.83130972;13.475;0.085;NEOWISE;WISE(W2);NEOWISE
57199.96246755;13.497;0.038;NEOWISE;WISE(W1);NEOWISE
57199.96246755;13.532;0.092;NEOWISE;WISE(W2);NEOWISE
57200.09375273;13.464;0.035;NEOWISE;WISE(W1);NEOWISE
57200.09375273;13.515;0.097;NEOWISE;WISE(W2);NEOWISE
57200.22491051;13.674;0.113;NEOWISE;WISE(W2);NEOWISE
57200.22491051;13.647;0.043;NEOWISE;WISE(W1);NEOWISE
57200.29061682;13.281;0.092;NEOWISE;WISE(W2);NEOWISE
57200.29061682;13.531;0.038;NEOWISE;WISE(W1);NEOWISE
57200.35619575;13.539;0.044;NEOWISE;WISE(W1);NEOWISE
57200.35619575;13.602;0.13;NEOWISE;WISE(W2);NEOWISE
57200.42177464;13.313;0.112;NEOWISE;WISE(W2);NEOWISE
57200.42177464;13.49;0.036;NEOWISE;WISE(W1);NEOWISE
57200.48735358;13.853;0.14;NEOWISE;WISE(W2);NEOWISE
57200.48735358;13.597;0.04;NEOWISE;WISE(W1);NEOWISE
57200.55305978;13.547;0.039;NEOWISE;WISE(W1);NEOWISE
57200.55305978;13.422;0.12;NEOWISE;WISE(W2);NEOWISE
57200.61863862;13.507;0.116;NEOWISE;WISE(W2);NEOWISE
57200.61863862;13.504;0.038;NEOWISE;WISE(W1);NEOWISE
57200.68421756;13.711;0.18;NEOWISE;WISE(W2);NEOWISE
57200.68421756;13.423;0.034;NEOWISE;WISE(W1);NEOWISE
57200.81537601;13.403;0.084;NEOWISE;WISE(W2);NEOWISE
57200.81537601;13.519;0.039;NEOWISE;WISE(W1);NEOWISE
57200.81550332;13.577;0.134;NEOWISE;WISE(W2);NEOWISE
57200.81550332;13.504;0.043;NEOWISE;WISE(W1);NEOWISE
57200.94666115;13.717;0.116;NEOWISE;WISE(W2);NEOWISE
57200.94666115;13.472;0.041;NEOWISE;WISE(W1);NEOWISE
57201.07781902;13.665;0.045;NEOWISE;WISE(W1);NEOWISE
57201.07781902;13.362;0.113;NEOWISE;WISE(W2);NEOWISE
57201.07794638;13.407;0.091;NEOWISE;WISE(W2);NEOWISE
57201.07794638;13.461;0.039;NEOWISE;WISE(W1);NEOWISE
57344.6542799999;18.15;0.028773984147356668;Gaia Alerts;GSA(G);Gaia Alerts
57363.726710000075;18.05;0.027101916318908473;Gaia Alerts;GSA(G);Gaia Alerts
57373.69808881;13.449;0.09;NEOWISE;WISE(W2);NEOWISE
57373.69808881;13.552;0.037;NEOWISE;WISE(W1);NEOWISE
57373.82924745;13.42;0.102;NEOWISE;WISE(W2);NEOWISE
57373.82924745;13.543;0.039;NEOWISE;WISE(W1);NEOWISE
57373.9604061;13.446;0.083;NEOWISE;WISE(W2);NEOWISE
57373.9604061;13.534;0.041;NEOWISE;WISE(W1);NEOWISE
57374.22272339;13.464;0.092;NEOWISE;WISE(W2);NEOWISE
57374.22272339;13.472;0.036;NEOWISE;WISE(W1);NEOWISE
57374.28830273;13.409;0.128;NEOWISE;WISE(W2);NEOWISE
57374.28830273;13.517;0.038;NEOWISE;WISE(W1);NEOWISE
57374.35388208;13.491;0.037;NEOWISE;WISE(W1);NEOWISE
57374.35388208;13.472;0.132;NEOWISE;WISE(W2);NEOWISE
57374.41933406;13.429;0.047;NEOWISE;WISE(W1);NEOWISE
57374.41933406;13.399;0.081;NEOWISE;WISE(W2);NEOWISE
57374.41946138;13.478;0.086;NEOWISE;WISE(W2);NEOWISE
57374.41946138;13.508;0.038;NEOWISE;WISE(W1);NEOWISE
57374.55049266;13.61;0.04;NEOWISE;WISE(W1);NEOWISE
57374.55049266;13.361;0.107;NEOWISE;WISE(W2);NEOWISE
57374.68165135;13.597;0.125;NEOWISE;WISE(W2);NEOWISE
57374.68165135;13.488;0.035;NEOWISE;WISE(W1);NEOWISE
57374.81281005;13.333;0.077;NEOWISE;WISE(W2);NEOWISE
57374.81281005;13.38;0.034;NEOWISE;WISE(W1);NEOWISE
57374.94396869;13.491;0.035;NEOWISE;WISE(W1);NEOWISE
57374.94396869;13.521;0.091;NEOWISE;WISE(W2);NEOWISE
57376.58319685;13.521;0.099;NEOWISE;WISE(W2);NEOWISE
57376.58319685;13.422;0.038;NEOWISE;WISE(W1);NEOWISE
57376.71435545;13.548;0.037;NEOWISE;WISE(W1);NEOWISE
57376.71435545;13.33;0.115;NEOWISE;WISE(W2);NEOWISE
57376.84551409;13.483;0.103;NEOWISE;WISE(W2);NEOWISE
57376.84551409;13.539;0.039;NEOWISE;WISE(W1);NEOWISE
57376.91109344;13.516;0.039;NEOWISE;WISE(W1);NEOWISE
57376.91109344;13.412;0.08;NEOWISE;WISE(W2);NEOWISE
57376.97667273;13.465;0.083;NEOWISE;WISE(W2);NEOWISE
57376.97667273;13.577;0.041;NEOWISE;WISE(W1);NEOWISE
57377.04212472;13.575;0.043;NEOWISE;WISE(W1);NEOWISE
57377.04212472;13.61;0.127;NEOWISE;WISE(W2);NEOWISE
57377.10770406;13.565;0.037;NEOWISE;WISE(W1);NEOWISE
57377.10770406;13.408;0.104;NEOWISE;WISE(W2);NEOWISE
57377.23886257;13.538;0.038;NEOWISE;WISE(W1);NEOWISE
57377.23886257;13.405;0.086;NEOWISE;WISE(W2);NEOWISE
57377.30444186;13.522;0.038;NEOWISE;WISE(W1);NEOWISE
57377.30444186;13.613;0.104;NEOWISE;WISE(W2);NEOWISE
57377.37002116;13.551;0.094;NEOWISE;WISE(W2);NEOWISE
57377.37002116;13.51;0.038;NEOWISE;WISE(W1);NEOWISE
57377.43560046;13.523;0.095;NEOWISE;WISE(W2);NEOWISE
57377.43560046;13.601;0.039;NEOWISE;WISE(W1);NEOWISE
57377.56675911;13.581;0.04;NEOWISE;WISE(W1);NEOWISE
57377.56675911;13.482;0.092;NEOWISE;WISE(W2);NEOWISE
57377.69779038;13.509;0.038;NEOWISE;WISE(W1);NEOWISE
57377.69779038;13.424;0.09;NEOWISE;WISE(W2);NEOWISE
57396.62588999979;18.48;0.0350590383932613;Gaia Alerts;GSA(G);Gaia Alerts
57396.699880000204;18.37;0.03282464213752176;Gaia Alerts;GSA(G);Gaia Alerts
57436.6788900001;18.35;0.032433961734935;Gaia Alerts;GSA(G);Gaia Alerts
57436.85503000021;18.29;0.03128959918963571;Gaia Alerts;GSA(G);Gaia Alerts
57436.92903999984;18.38;0.03302174352670764;Gaia Alerts;GSA(G);Gaia Alerts
57437.10519000003;18.54;0.03634126160642234;Gaia Alerts;GSA(G);Gaia Alerts
57450.861539999954;18.48;0.0350590383932613;Gaia Alerts;GSA(G);Gaia Alerts
57450.93553999998;18.45;0.03443499307633384;Gaia Alerts;GSA(G);Gaia Alerts
57451.111690000165;18.28;0.031102836686851484;Gaia Alerts;GSA(G);Gaia Alerts
57451.18569000019;18.4;0.03341950400261143;Gaia Alerts;GSA(G);Gaia Alerts
57451.36184999999;18.23;0.030185613014198056;Gaia Alerts;GSA(G);Gaia Alerts
57451.435860000085;18.4;0.03341950400261143;Gaia Alerts;GSA(G);Gaia Alerts
57511.931470000185;18.24;0.03036686788465786;Gaia Alerts;GSA(G);Gaia Alerts
57512.10764000006;18.23;0.030185613014198056;Gaia Alerts;GSA(G);Gaia Alerts
57512.18164000008;18.32;0.031856642365731165;Gaia Alerts;GSA(G);Gaia Alerts
57535.86230000015;18.41;0.03362017734543793;Gaia Alerts;GSA(G);Gaia Alerts
57535.936309999786;18.28;0.031102836686851484;Gaia Alerts;GSA(G);Gaia Alerts
57563.97629393;13.508;0.039;NEOWISE;WISE(W1);NEOWISE
57563.97629393;13.434;0.09;NEOWISE;WISE(W2);NEOWISE
57564.10732456;13.649;0.118;NEOWISE;WISE(W2);NEOWISE
57564.10732456;13.565;0.04;NEOWISE;WISE(W1);NEOWISE
57564.23835505;13.56;0.041;NEOWISE;WISE(W1);NEOWISE
57564.23835505;13.481;0.162;NEOWISE;WISE(W2);NEOWISE
57564.30393397;13.498;0.109;NEOWISE;WISE(W2);NEOWISE
57564.30393397;13.576;0.052;NEOWISE;WISE(W1);NEOWISE
57564.36938557;13.517;0.109;NEOWISE;WISE(W2);NEOWISE
57564.36938557;13.59;0.042;NEOWISE;WISE(W1);NEOWISE
57564.43496449;13.534;0.039;NEOWISE;WISE(W1);NEOWISE
57564.43496449;13.407;0.112;NEOWISE;WISE(W2);NEOWISE
57564.50041615;13.579;0.115;NEOWISE;WISE(W2);NEOWISE
57564.50041615;13.718;0.045;NEOWISE;WISE(W1);NEOWISE
57564.56599507;13.572;0.045;NEOWISE;WISE(W1);NEOWISE
57564.56599507;13.607;0.099;NEOWISE;WISE(W2);NEOWISE
57564.63144672;13.275;0.05;NEOWISE;WISE(W1);NEOWISE
57564.63144672;13.682;0.152;NEOWISE;WISE(W2);NEOWISE
57564.69702565;13.625;0.101;NEOWISE;WISE(W2);NEOWISE
57564.69702565;13.629;0.041;NEOWISE;WISE(W1);NEOWISE
57564.76247726;13.454;0.06;NEOWISE;WISE(W1);NEOWISE
57564.76247726;13.61;0.115;NEOWISE;WISE(W2);NEOWISE
57564.82805623;13.778;0.138;NEOWISE;WISE(W2);NEOWISE
57564.82805623;13.673;0.047;NEOWISE;WISE(W1);NEOWISE
57564.95908684;13.161;0.093;NEOWISE;WISE(W2);NEOWISE
57564.95908684;13.494;0.045;NEOWISE;WISE(W1);NEOWISE
57565.09011742;13.405;0.052;NEOWISE;WISE(W1);NEOWISE
57565.09011742;13.427;0.097;NEOWISE;WISE(W2);NEOWISE
57565.22114795;13.465;0.042;NEOWISE;WISE(W1);NEOWISE
57565.22114795;13.326;0.092;NEOWISE;WISE(W2);NEOWISE
57566.79351543;13.473;0.1;NEOWISE;WISE(W2);NEOWISE
57566.79351543;13.492;0.038;NEOWISE;WISE(W1);NEOWISE
57567.12102828;13.724;0.138;NEOWISE;WISE(W2);NEOWISE
57567.12102828;13.473;0.038;NEOWISE;WISE(W1);NEOWISE
57567.25205876;13.543;0.039;NEOWISE;WISE(W1);NEOWISE
57567.25205876;13.504;0.1;NEOWISE;WISE(W2);NEOWISE
57567.31763773;13.455;0.111;NEOWISE;WISE(W2);NEOWISE
57567.31763773;13.661;0.054;NEOWISE;WISE(W1);NEOWISE
57567.38308934;13.454;0.037;NEOWISE;WISE(W1);NEOWISE
57567.38308934;13.372;0.096;NEOWISE;WISE(W2);NEOWISE
57567.44866825;13.549;0.04;NEOWISE;WISE(W1);NEOWISE
57567.44866825;13.787;0.164;NEOWISE;WISE(W2);NEOWISE
57567.51411986;13.576;0.051;NEOWISE;WISE(W1);NEOWISE
57567.51411986;13.686;0.122;NEOWISE;WISE(W2);NEOWISE
57567.57969883;13.546;0.04;NEOWISE;WISE(W1);NEOWISE
57567.57969883;13.44;0.093;NEOWISE;WISE(W2);NEOWISE
57567.64515039;13.565;0.041;NEOWISE;WISE(W1);NEOWISE
57567.64515039;13.541;0.118;NEOWISE;WISE(W2);NEOWISE
57567.71072932;13.566;0.042;NEOWISE;WISE(W1);NEOWISE
57567.71072932;13.627;0.108;NEOWISE;WISE(W2);NEOWISE
57567.77618093;13.304;0.096;NEOWISE;WISE(W2);NEOWISE
57567.77618093;13.422;0.037;NEOWISE;WISE(W1);NEOWISE
57567.84175988;13.523;0.043;NEOWISE;WISE(W1);NEOWISE
57567.84175988;13.362;0.113;NEOWISE;WISE(W2);NEOWISE
57567.97266315;13.799;0.166;NEOWISE;WISE(W2);NEOWISE
57567.97266315;13.591;0.046;NEOWISE;WISE(W1);NEOWISE
57567.97279046;13.514;0.103;NEOWISE;WISE(W2);NEOWISE
57567.97279046;13.513;0.058;NEOWISE;WISE(W1);NEOWISE
57568.10369373;13.524;0.043;NEOWISE;WISE(W1);NEOWISE
57568.10369373;13.495;0.094;NEOWISE;WISE(W2);NEOWISE
57568.10382109;13.533;0.043;NEOWISE;WISE(W1);NEOWISE
57568.10382109;13.579;0.104;NEOWISE;WISE(W2);NEOWISE
57568.23472426;13.599;0.044;NEOWISE;WISE(W1);NEOWISE
57568.23472426;13.441;0.124;NEOWISE;WISE(W2);NEOWISE
57568.23485157;13.461;0.096;NEOWISE;WISE(W2);NEOWISE
57568.23485157;13.485;0.043;NEOWISE;WISE(W1);NEOWISE
57609.06679000007;18.26;0.03073264929204296;Gaia Alerts;GSA(G);Gaia Alerts
57609.14080000017;18.13;0.02843151486273759;Gaia Alerts;GSA(G);Gaia Alerts
57719.947439999785;18.14;0.028602236939542832;Gaia Alerts;GSA(G);Gaia Alerts
57735.65726921;13.535;0.096;NEOWISE;WISE(W2);NEOWISE
57735.65726921;13.553;0.038;NEOWISE;WISE(W1);NEOWISE
57735.78830015;13.452;0.038;NEOWISE;WISE(W1);NEOWISE
57735.78830015;13.496;0.108;NEOWISE;WISE(W2);NEOWISE
57735.91933112;13.427;0.132;NEOWISE;WISE(W2);NEOWISE
57735.91933112;13.551;0.045;NEOWISE;WISE(W1);NEOWISE
57736.05023475;13.465;0.04;NEOWISE;WISE(W1);NEOWISE
57736.05023475;13.552;0.096;NEOWISE;WISE(W2);NEOWISE
57736.05036211;13.531;0.039;NEOWISE;WISE(W1);NEOWISE
57736.05036211;13.584;0.109;NEOWISE;WISE(W2);NEOWISE
57736.18126568;13.558;0.038;NEOWISE;WISE(W1);NEOWISE
57736.18126568;13.586;0.096;NEOWISE;WISE(W2);NEOWISE
57736.2468448;13.366;0.093;NEOWISE;WISE(W2);NEOWISE
57736.2468448;13.483;0.044;NEOWISE;WISE(W1);NEOWISE
57736.31229667;13.407;0.035;NEOWISE;WISE(W1);NEOWISE
57736.31229667;13.47;0.115;NEOWISE;WISE(W2);NEOWISE
57736.37774847;13.395;0.083;NEOWISE;WISE(W2);NEOWISE
57736.37774847;13.499;0.056;NEOWISE;WISE(W1);NEOWISE
57736.63981039;13.538;0.038;NEOWISE;WISE(W1);NEOWISE
57736.63981039;13.358;0.091;NEOWISE;WISE(W2);NEOWISE
57736.77084194;13.498;0.039;NEOWISE;WISE(W1);NEOWISE
57736.77084194;13.458;0.101;NEOWISE;WISE(W2);NEOWISE
57736.90174552;13.482;0.037;NEOWISE;WISE(W1);NEOWISE
57736.90174552;13.384;0.095;NEOWISE;WISE(W2);NEOWISE
57742.44125000015;18.27;0.03091718893891704;Gaia Alerts;GSA(G);Gaia Alerts
57742.51525000017;18.25;0.030549211132155155;Gaia Alerts;GSA(G);Gaia Alerts
57888.788579999935;18.2;0.029648313895243455;Gaia Alerts;GSA(G);Gaia Alerts
57888.96473000012;18.36;0.032628717214308524;Gaia Alerts;GSA(G);Gaia Alerts
57916.46346999984;18.47;0.03484977672404488;Gaia Alerts;GSA(G);Gaia Alerts
57916.53749000002;18.41;0.03362017734543793;Gaia Alerts;GSA(G);Gaia Alerts
57931.0119774;13.592;0.042;NEOWISE;WISE(W1);NEOWISE
57931.0119774;13.393;0.09;NEOWISE;WISE(W2);NEOWISE
57931.14300803;13.423;0.042;NEOWISE;WISE(W1);NEOWISE
57931.14300803;13.606;0.118;NEOWISE;WISE(W2);NEOWISE
57931.2739112;13.527;0.042;NEOWISE;WISE(W1);NEOWISE
57931.2739112;13.534;0.121;NEOWISE;WISE(W2);NEOWISE
57931.33936288;13.459;0.036;NEOWISE;WISE(W1);NEOWISE
57931.33936288;13.378;0.095;NEOWISE;WISE(W2);NEOWISE
57931.40481447;13.491;0.109;NEOWISE;WISE(W2);NEOWISE
57931.40481447;13.552;0.044;NEOWISE;WISE(W1);NEOWISE
57931.4702661;13.621;0.131;NEOWISE;WISE(W2);NEOWISE
57931.4702661;13.505;0.038;NEOWISE;WISE(W1);NEOWISE
57931.53571774;13.795;0.138;NEOWISE;WISE(W2);NEOWISE
57931.53571774;13.604;0.043;NEOWISE;WISE(W1);NEOWISE
57931.60129674;13.541;0.04;NEOWISE;WISE(W1);NEOWISE
57931.60129674;13.675;0.121;NEOWISE;WISE(W2);NEOWISE
57931.66674832;13.54;0.039;NEOWISE;WISE(W1);NEOWISE
57931.66674832;13.384;0.092;NEOWISE;WISE(W2);NEOWISE
57931.73219995;13.521;0.155;NEOWISE;WISE(W2);NEOWISE
57931.73219995;13.537;0.04;NEOWISE;WISE(W1);NEOWISE
57931.79765163;13.549;0.105;NEOWISE;WISE(W2);NEOWISE
57931.79765163;13.523;0.038;NEOWISE;WISE(W1);NEOWISE
57931.86310328;13.558;0.043;NEOWISE;WISE(W1);NEOWISE
57931.86310328;13.514;0.101;NEOWISE;WISE(W2);NEOWISE
57931.99400659;13.593;0.053;NEOWISE;WISE(W1);NEOWISE
57931.99400659;13.688;0.128;NEOWISE;WISE(W2);NEOWISE
57932.12503716;13.463;0.098;NEOWISE;WISE(W2);NEOWISE
57932.12503716;13.525;0.05;NEOWISE;WISE(W1);NEOWISE
57932.25594044;13.559;0.039;NEOWISE;WISE(W1);NEOWISE
57932.25594044;13.688;0.129;NEOWISE;WISE(W2);NEOWISE
57946.20520999981;18.29;0.03128959918963571;Gaia Alerts;GSA(G);Gaia Alerts
57946.27921999991;18.26;0.03073264929204296;Gaia Alerts;GSA(G);Gaia Alerts
57988.4138199999;18.21;0.02982634245778774;Gaia Alerts;GSA(G);Gaia Alerts
57988.487840000074;18.21;0.02982634245778774;Gaia Alerts;GSA(G);Gaia Alerts
57997.918730000034;18.29;0.03128959918963571;Gaia Alerts;GSA(G);Gaia Alerts
57997.992730000056;18.2;0.029648313895243455;Gaia Alerts;GSA(G);Gaia Alerts
57998.16889999993;18.56;0.03677900704223862;Gaia Alerts;GSA(G);Gaia Alerts
58046.846599999815;18.05;0.027101916318908473;Gaia Alerts;GSA(G);Gaia Alerts
58046.92059999984;18.05;0.027101916318908473;Gaia Alerts;GSA(G);Gaia Alerts
58053.674099999946;18.08;0.027593068558175116;Gaia Alerts;GSA(G);Gaia Alerts
58053.85024000006;18.33;0.032047931228493996;Gaia Alerts;GSA(G);Gaia Alerts
58053.92425000016;18.33;0.032047931228493996;Gaia Alerts;GSA(G);Gaia Alerts
58095.37306000013;18.42;0.0338220556669655;Gaia Alerts;GSA(G);Gaia Alerts
58096.29810302;13.59;0.04;NEOWISE;WISE(W1);NEOWISE
58096.29810302;13.484;0.088;NEOWISE;WISE(W2);NEOWISE
58096.42900659;13.585;0.096;NEOWISE;WISE(W2);NEOWISE
58096.42900659;13.534;0.039;NEOWISE;WISE(W1);NEOWISE
58096.55991005;13.513;0.153;NEOWISE;WISE(W2);NEOWISE
58096.55991005;13.533;0.058;NEOWISE;WISE(W1);NEOWISE
58096.69081352;13.651;0.12;NEOWISE;WISE(W2);NEOWISE
58096.69081352;13.488;0.049;NEOWISE;WISE(W1);NEOWISE
58096.7562653;13.552;0.041;NEOWISE;WISE(W1);NEOWISE
58096.7562653;13.61;0.102;NEOWISE;WISE(W2);NEOWISE
58096.82171708;13.523;0.043;NEOWISE;WISE(W1);NEOWISE
58096.82171708;13.291;0.075;NEOWISE;WISE(W2);NEOWISE
58096.8218444;13.495;0.039;NEOWISE;WISE(W1);NEOWISE
58096.8218444;13.555;0.106;NEOWISE;WISE(W2);NEOWISE
58096.88716882;13.514;0.041;NEOWISE;WISE(W1);NEOWISE
58096.88716882;13.621;0.111;NEOWISE;WISE(W2);NEOWISE
58096.88729618;13.602;0.141;NEOWISE;WISE(W2);NEOWISE
58096.88729618;13.57;0.043;NEOWISE;WISE(W1);NEOWISE
58096.95274787;13.384;0.08;NEOWISE;WISE(W2);NEOWISE
58096.95274787;13.569;0.039;NEOWISE;WISE(W1);NEOWISE
58097.01819965;13.572;0.038;NEOWISE;WISE(W1);NEOWISE
58097.01819965;13.569;0.151;NEOWISE;WISE(W2);NEOWISE
58097.08365139;13.48;0.083;NEOWISE;WISE(W2);NEOWISE
58097.08365139;13.49;0.04;NEOWISE;WISE(W1);NEOWISE
58097.28051595;13.544;0.039;NEOWISE;WISE(W1);NEOWISE
58097.28051595;13.339;0.095;NEOWISE;WISE(W2);NEOWISE
58097.41141951;13.527;0.037;NEOWISE;WISE(W1);NEOWISE
58097.41141951;13.464;0.094;NEOWISE;WISE(W2);NEOWISE
58097.54181362;13.591;0.102;NEOWISE;WISE(W2);NEOWISE
58097.54181362;13.451;0.036;NEOWISE;WISE(W1);NEOWISE
58121.36170999985;18.05;0.027101916318908473;Gaia Alerts;GSA(G);Gaia Alerts
58121.53786000004;18.37;0.03282464213752176;Gaia Alerts;GSA(G);Gaia Alerts
58265.588239999954;18.16;0.028946762641760344;Gaia Alerts;GSA(G);Gaia Alerts
58265.76440999983;18.34;0.032240368719181865;Gaia Alerts;GSA(G);Gaia Alerts
58295.20881068;13.611;0.044;NEOWISE;WISE(W1);NEOWISE
58295.20881068;13.372;0.105;NEOWISE;WISE(W2);NEOWISE
58295.208938;13.687;0.045;NEOWISE;WISE(W1);NEOWISE
58295.208938;13.523;0.099;NEOWISE;WISE(W2);NEOWISE
58295.33971382;13.495;0.145;NEOWISE;WISE(W2);NEOWISE
58295.33971382;13.553;0.038;NEOWISE;WISE(W1);NEOWISE
58295.47061758;13.465;0.127;NEOWISE;WISE(W2);NEOWISE
58295.47061758;13.522;0.039;NEOWISE;WISE(W1);NEOWISE
58295.53606912;13.515;0.038;NEOWISE;WISE(W1);NEOWISE
58295.53606912;13.384;0.099;NEOWISE;WISE(W2);NEOWISE
58295.60152072;13.613;0.041;NEOWISE;WISE(W1);NEOWISE
58295.60152072;13.633;0.136;NEOWISE;WISE(W2);NEOWISE
58295.6669723;13.51;0.038;NEOWISE;WISE(W1);NEOWISE
58295.6669723;13.425;0.102;NEOWISE;WISE(W2);NEOWISE
58295.73229659;13.536;0.101;NEOWISE;WISE(W2);NEOWISE
58295.73229659;13.391;0.052;NEOWISE;WISE(W1);NEOWISE
58295.7324239;13.442;0.039;NEOWISE;WISE(W1);NEOWISE
58295.7324239;13.562;0.117;NEOWISE;WISE(W2);NEOWISE
58295.79774813;13.56;0.044;NEOWISE;WISE(W1);NEOWISE
58295.79774813;13.208;0.093;NEOWISE;WISE(W2);NEOWISE
58295.86319977;13.527;0.041;NEOWISE;WISE(W1);NEOWISE
58295.86319977;13.7;0.181;NEOWISE;WISE(W2);NEOWISE
58295.92865137;13.491;0.038;NEOWISE;WISE(W1);NEOWISE
58295.92865137;13.711;0.123;NEOWISE;WISE(W2);NEOWISE
58295.99410291;13.628;0.195;NEOWISE;WISE(W2);NEOWISE
58295.99410291;13.438;0.036;NEOWISE;WISE(W1);NEOWISE
58296.05955455;13.557;0.127;NEOWISE;WISE(W2);NEOWISE
58296.05955455;13.533;0.038;NEOWISE;WISE(W1);NEOWISE
58296.19045773;13.512;0.041;NEOWISE;WISE(W1);NEOWISE
58296.19045773;13.603;0.116;NEOWISE;WISE(W2);NEOWISE
58296.32123351;13.53;0.048;NEOWISE;WISE(W1);NEOWISE
58296.32123351;13.298;0.101;NEOWISE;WISE(W2);NEOWISE
58296.45213669;13.7;0.146;NEOWISE;WISE(W2);NEOWISE
58296.45213669;13.556;0.039;NEOWISE;WISE(W1);NEOWISE
58296.57989999978;18.43;0.034025146202702396;Gaia Alerts;GSA(G);Gaia Alerts
58300.4101042;17.154417;0.016074365;ZTF;ZTF(zr);ZTF
58300.4105556;17.0998039;0.0156622212;ZTF;ZTF(zr);ZTF
58301.424456;17.0035229;0.0149880061;ZTF;ZTF(zr);ZTF
58301.4249074;17.0333366;0.0151898907;ZTF;ZTF(zr);ZTF
58305.4860069;17.6876793;0.0210594963;ZTF;ZTF(zg);ZTF
58319.4935185;17.0233574;0.0151216369;ZTF;ZTF(zr);ZTF
58322.50204000017;18.34;0.032240368719181865;Gaia Alerts;GSA(G);Gaia Alerts
58324.4105671;17.7793579;0.0221623406;ZTF;ZTF(zg);ZTF
58324.4110185;17.7164059;0.0213953052;ZTF;ZTF(zg);ZTF
58326.3687616;17.0642014;0.0154053327;ZTF;ZTF(zr);ZTF
58326.369213;17.1305485;0.0158914998;ZTF;ZTF(zr);ZTF
58326.3706134;17.0323143;0.0152855031;ZTF;ZTF(zr);ZTF
58326.3710648;17.0312233;0.0152782351;ZTF;ZTF(zr);ZTF
58327.3847917;17.031456;0.0151769733;ZTF;ZTF(zr);ZTF
58327.3852546;17.0694389;0.0154425502;ZTF;ZTF(zr);ZTF
58327.3950463;17.0676575;0.0155252647;ZTF;ZTF(zr);ZTF
58327.3955093;17.1070938;0.0158027392;ZTF;ZTF(zr);ZTF
58328.3527662;17.1186008;0.0158857219;ZTF;ZTF(zr);ZTF
58328.3532176;17.1788445;0.0163356476;ZTF;ZTF(zr);ZTF
58328.3642708;17.1865044;0.0163270999;ZTF;ZTF(zr);ZTF
58328.3647338;17.216856;0.0165736228;ZTF;ZTF(zr);ZTF
58329.4358218;17.7713509;0.0259534717;ZTF;ZTF(zg);ZTF
58329.4362731;17.7619667;0.0258168764;ZTF;ZTF(zg);ZTF
58330.3842708;17.0002403;0.0150749777;ZTF;ZTF(zr);ZTF
58330.3884375;17.102066;0.0156788547;ZTF;ZTF(zr);ZTF
58330.3888889;17.0005875;0.0149684567;ZTF;ZTF(zr);ZTF
58330.4778472;17.6581573;0.0207233615;ZTF;ZTF(zg);ZTF
58330.4782986;17.734848;0.0216155164;ZTF;ZTF(zg);ZTF
58331.4936921;17.7423439;0.0217060782;ZTF;ZTF(zg);ZTF
58331.4941435;17.6824055;0.0209987871;ZTF;ZTF(zg);ZTF
58331.4992361;17.7389641;0.0254870076;ZTF;ZTF(zg);ZTF
58331.4996875;17.6546745;0.0243365243;ZTF;ZTF(zg);ZTF
58332.3781713;17.1116562;0.0157497842;ZTF;ZTF(zr);ZTF
58332.3786227;17.154274;0.0160732567;ZTF;ZTF(zr);ZTF
58333.3469792;17.1294861;0.0158834606;ZTF;ZTF(zr);ZTF
58333.3474306;17.1868439;0.0163298193;ZTF;ZTF(zr);ZTF
58333.4316551;17.6713638;0.0245572347;ZTF;ZTF(zg);ZTF
58333.4321181;17.722477;0.0252548363;ZTF;ZTF(zg);ZTF
58333.4325694;17.6355839;0.0204723366;ZTF;ZTF(zg);ZTF
58333.4330324;17.6158371;0.0202569161;ZTF;ZTF(zg);ZTF
58334.3803472;17.0257683;0.015242001;ZTF;ZTF(zr);ZTF
58334.3807986;16.9995956;0.0150708212;ZTF;ZTF(zr);ZTF
58334.3994676;17.1760902;0.0162441973;ZTF;ZTF(zr);ZTF
58334.399919;17.1753769;0.0162385534;ZTF;ZTF(zr);ZTF
58335.3708333;17.0548706;0.0153395012;ZTF;ZTF(zr);ZTF
58335.3712963;17.0471706;0.015285627;ZTF;ZTF(zr);ZTF
58335.3736343;17.0286407;0.0152610512;ZTF;ZTF(zr);ZTF
58335.3740856;17.0311699;0.0152778765;ZTF;ZTF(zr);ZTF
58336.3721759;17.1498604;0.0160391256;ZTF;ZTF(zr);ZTF
58336.3726389;17.039669;0.015233553;ZTF;ZTF(zr);ZTF
58336.3740162;17.0413475;0.015346;ZTF;ZTF(zr);ZTF
58336.3744792;17.0511932;0.0154125458;ZTF;ZTF(zr);ZTF
58338.3927199;17.7343254;0.0254213344;ZTF;ZTF(zg);ZTF
58338.3955324;17.615881;0.020257391;ZTF;ZTF(zg);ZTF
58344.3884606;17.6573944;0.0243722517;ZTF;ZTF(zg);ZTF
58344.3912847;17.7379265;0.0216526277;ZTF;ZTF(zg);ZTF
58344.4353356;16.8784218;0.0143333115;ZTF;ZTF(zr);ZTF
58344.4469907;17.0722942;0.0154629322;ZTF;ZTF(zr);ZTF
58345.3487847;17.0441017;0.0153645482;ZTF;ZTF(zr);ZTF
58345.3511806;17.0716972;0.0154586649;ZTF;ZTF(zr);ZTF
58350.3110185;17.7301445;0.0253623687;ZTF;ZTF(zg);ZTF
58350.3124421;17.6464996;0.0205930863;ZTF;ZTF(zg);ZTF
58353.3179167;17.1493683;0.0160353258;ZTF;ZTF(zr);ZTF
58353.3197917;17.0203495;0.0152061945;ZTF;ZTF(zr);ZTF
58354.2810532;17.0652695;0.0155088054;ZTF;ZTF(zr);ZTF
58354.2819792;17.0559425;0.0153470309;ZTF;ZTF(zr);ZTF
58355.3092477;17.0921478;0.0156062115;ZTF;ZTF(zr);ZTF
58355.3226852;16.9577599;0.0148061644;ZTF;ZTF(zr);ZTF
58356.3094792;17.0756855;0.0154871996;ZTF;ZTF(zr);ZTF
58356.326956;16.9372902;0.0146805951;ZTF;ZTF(zr);ZTF
58357.3386458;17.0974331;0.0156448372;ZTF;ZTF(zr);ZTF
58357.3425;17.0478802;0.0153900841;ZTF;ZTF(zr);ZTF
58359.349294;17.0660172;0.0154182138;ZTF;ZTF(zr);ZTF
58359.3516435;17.0628529;0.015492186;ZTF;ZTF(zr);ZTF
58360.3083102;17.1001072;0.0157527998;ZTF;ZTF(zr);ZTF
58360.3097685;17.096283;0.0156364124;ZTF;ZTF(zr);ZTF
58360.3859722;17.6997604;0.0211996548;ZTF;ZTF(zg);ZTF
58360.386956;17.6804161;0.0246783756;ZTF;ZTF(zg);ZTF
58361.3215509;17.08922;0.0155849028;ZTF;ZTF(zr);ZTF
58361.4328241;17.6910324;0.0210982468;ZTF;ZTF(zg);ZTF
58363.3282407;17.7140751;0.0251378845;ZTF;ZTF(zg);ZTF
58363.3330208;17.710825;0.0213293768;ZTF;ZTF(zg);ZTF
58364.4528125;17.8043709;0.0224793758;ZTF;ZTF(zg);ZTF
58367.2920833;17.6793785;0.0209640786;ZTF;ZTF(zg);ZTF
58367.95332999993;18.41;0.03362017734543793;Gaia Alerts;GSA(G);Gaia Alerts
58368.02734000003;18.39;0.033220028446165104;Gaia Alerts;GSA(G);Gaia Alerts
58368.203509999905;18.25;0.030549211132155155;Gaia Alerts;GSA(G);Gaia Alerts
58368.27750999993;18.19;0.029471347956087475;Gaia Alerts;GSA(G);Gaia Alerts
58368.3185069;17.052433;0.0154209714;ZTF;ZTF(zr);ZTF
58368.3213194;17.0513611;0.0153148975;ZTF;ZTF(zr);ZTF
58368.3946296;17.6890106;0.0210748687;ZTF;ZTF(zg);ZTF
58368.527670000214;18.14;0.028602236939542832;Gaia Alerts;GSA(G);Gaia Alerts
58369.3937963;17.0474548;0.0153872035;ZTF;ZTF(zr);ZTF
58371.3694213;17.6481018;0.020610908;ZTF;ZTF(zg);ZTF
58371.77976999991;18.21;0.02982634245778774;Gaia Alerts;GSA(G);Gaia Alerts
58371.95593999978;18.27;0.03091718893891704;Gaia Alerts;GSA(G);Gaia Alerts
58372.029939999804;18.18;0.029295438297694328;Gaia Alerts;GSA(G);Gaia Alerts
58372.20610000007;18.41;0.03362017734543793;Gaia Alerts;GSA(G);Gaia Alerts
58372.3283218;17.0051842;0.0149991009;ZTF;ZTF(zr);ZTF
58372.3287731;17.0356369;0.01530769;ZTF;ZTF(zr);ZTF
58372.456269999966;18.49;0.03526955661130865;Gaia Alerts;GSA(G);Gaia Alerts
58378.2619907;17.0148201;0.0151698589;ZTF;ZTF(zr);ZTF
58378.2644097;17.050106;0.0153061198;ZTF;ZTF(zr);ZTF
58379.2080093;17.7671757;0.0220104791;ZTF;ZTF(zg);ZTF
58379.2084722;17.7665691;0.0258837249;ZTF;ZTF(zg);ZTF
58379.2640278;17.0036507;0.01509705;ZTF;ZTF(zr);ZTF
58379.2672917;16.9831657;0.0148535892;ZTF;ZTF(zr);ZTF
58380.2907523;17.099678;0.0157497432;ZTF;ZTF(zr);ZTF
58381.2460185;17.7272606;0.0253218375;ZTF;ZTF(zg);ZTF
58381.2474306;17.7349701;0.0216169804;ZTF;ZTF(zg);ZTF
58382.2494097;17.7104816;0.021325333;ZTF;ZTF(zg);ZTF
58383.241956;17.8480034;0.0230497625;ZTF;ZTF(zg);ZTF
58383.2471065;17.767662;0.0258996263;ZTF;ZTF(zg);ZTF
58383.3264699;17.1127434;0.0157578681;ZTF;ZTF(zr);ZTF
58384.2842245;17.8292522;0.026822865;ZTF;ZTF(zg);ZTF
58384.2899769;17.7594757;0.0219153594;ZTF;ZTF(zg);ZTF
58385.289537;17.1701965;0.0161976553;ZTF;ZTF(zr);ZTF
58385.2899884;17.1913948;0.0164327268;ZTF;ZTF(zr);ZTF
58386.2895718;17.1283455;0.0158748366;ZTF;ZTF(zr);ZTF
58386.3009954;17.0668564;0.0155197382;ZTF;ZTF(zr);ZTF
58387.2669097;17.7885284;0.0262065735;ZTF;ZTF(zg);ZTF
58387.2706944;17.7532196;0.0218385588;ZTF;ZTF(zg);ZTF
58387.3127431;16.7686768;0.0156119922;ZTF;ZTF(zi);ZTF
58388.3332523;17.712677;0.0213512219;ZTF;ZTF(zg);ZTF
58389.2902431;17.0666809;0.0154229309;ZTF;ZTF(zr);ZTF
58389.2906944;17.0495129;0.0154011399;ZTF;ZTF(zr);ZTF
58389.361169;17.722826;0.0214715432;ZTF;ZTF(zg);ZTF
58389.3620833;17.7926235;0.0262675285;ZTF;ZTF(zg);ZTF
58390.3286574;17.7662964;0.0258797538;ZTF;ZTF(zg);ZTF
58390.3291088;17.7053261;0.0212647431;ZTF;ZTF(zg);ZTF
58421.13438000018;18.14;0.028602236939542832;Gaia Alerts;GSA(G);Gaia Alerts
58421.2083800002;18.09;0.027758756035343456;Gaia Alerts;GSA(G);Gaia Alerts
58425.2069213;17.7784863;0.0221514087;ZTF;ZTF(zg);ZTF
58425.2559722;17.028368;0.0152592454;ZTF;ZTF(zr);ZTF
58428.2078704;17.6941338;0.0211341828;ZTF;ZTF(zg);ZTF
58430.2934722;17.7200489;0.0214385167;ZTF;ZTF(zg);ZTF
58431.2028241;16.8458824;0.0141498791;ZTF;ZTF(zr);ZTF
58432.63823999977;18.24;0.03036686788465786;Gaia Alerts;GSA(G);Gaia Alerts
58432.712249999866;18.28;0.031102836686851484;Gaia Alerts;GSA(G);Gaia Alerts
58439.3241204;17.0779037;0.015596333;ZTF;ZTF(zr);ZTF
58443.070544;17.2625771;0.016959101;ZTF;ZTF(zr);ZTF
58443.0977431;17.0986023;0.015742084;ZTF;ZTF(zr);ZTF
58443.2013426;17.6749077;0.0209129732;ZTF;ZTF(zg);ZTF
58443.2485185;17.7630825;0.0258330591;ZTF;ZTF(zg);ZTF
58457.01715991;13.553;0.102;NEOWISE;WISE(W2);NEOWISE
58457.01715991;13.52;0.04;NEOWISE;WISE(W1);NEOWISE
58457.1443866;17.4677429;0.0187589545;ZTF;ZTF(zg);ZTF
58457.27896679;13.338;0.1;NEOWISE;WISE(W2);NEOWISE
58457.27896679;13.476;0.056;NEOWISE;WISE(W1);NEOWISE
58457.40987027;13.657;0.04;NEOWISE;WISE(W1);NEOWISE
58457.40987027;13.612;0.101;NEOWISE;WISE(W2);NEOWISE
58457.54064638;13.506;0.093;NEOWISE;WISE(W2);NEOWISE
58457.54064638;13.782;0.063;NEOWISE;WISE(W1);NEOWISE
58457.60609811;13.676;0.134;NEOWISE;WISE(W2);NEOWISE
58457.60609811;13.671;0.047;NEOWISE;WISE(W1);NEOWISE
58457.67154984;13.571;0.104;NEOWISE;WISE(W2);NEOWISE
58457.67154984;13.525;0.042;NEOWISE;WISE(W1);NEOWISE
58457.73700157;13.337;0.12;NEOWISE;WISE(W2);NEOWISE
58457.73700157;13.562;0.043;NEOWISE;WISE(W1);NEOWISE
58457.80245326;13.516;0.096;NEOWISE;WISE(W2);NEOWISE
58457.80245326;13.606;0.04;NEOWISE;WISE(W1);NEOWISE
58457.867905;13.536;0.137;NEOWISE;WISE(W2);NEOWISE
58457.867905;13.495;0.037;NEOWISE;WISE(W1);NEOWISE
58457.99868116;13.551;0.1;NEOWISE;WISE(W2);NEOWISE
58457.99868116;13.616;0.045;NEOWISE;WISE(W1);NEOWISE
58457.99880852;13.738;0.163;NEOWISE;WISE(W2);NEOWISE
58457.99880852;13.568;0.051;NEOWISE;WISE(W1);NEOWISE
58458.12907527;13.584;0.051;NEOWISE;WISE(W1);NEOWISE
58458.12907527;13.501;0.09;NEOWISE;WISE(W2);NEOWISE
58458.26048804;13.46;0.089;NEOWISE;WISE(W2);NEOWISE
58458.26048804;13.439;0.036;NEOWISE;WISE(W1);NEOWISE
58471.09449000005;18.22;0.030005440024430934;Gaia Alerts;GSA(G);Gaia Alerts
58500.8282300001;18.21;0.02982634245778774;Gaia Alerts;GSA(G);Gaia Alerts
58500.90223000012;18.25;0.030549211132155155;Gaia Alerts;GSA(G);Gaia Alerts
58525.32648999989;18.23;0.030185613014198056;Gaia Alerts;GSA(G);Gaia Alerts
58525.40049999999;18.35;0.032433961734935;Gaia Alerts;GSA(G);Gaia Alerts
58585.894439999945;18.31;0.031666495274920915;Gaia Alerts;GSA(G);Gaia Alerts
58586.07060000021;18.13;0.02843151486273759;Gaia Alerts;GSA(G);Gaia Alerts
58586.6449500001;18.39;0.033220028446165104;Gaia Alerts;GSA(G);Gaia Alerts
58586.8211099999;18.38;0.03302174352670764;Gaia Alerts;GSA(G);Gaia Alerts
58595.32645000005;18.32;0.031856642365731165;Gaia Alerts;GSA(G);Gaia Alerts
58595.400450000074;18.28;0.031102836686851484;Gaia Alerts;GSA(G);Gaia Alerts
58595.57661999995;18.17;0.029120578615297037;Gaia Alerts;GSA(G);Gaia Alerts
58595.65063000005;18.29;0.03128959918963571;Gaia Alerts;GSA(G);Gaia Alerts
58595.82678999985;18.08;0.027593068558175116;Gaia Alerts;GSA(G);Gaia Alerts
58595.900799999945;18.29;0.03128959918963571;Gaia Alerts;GSA(G);Gaia Alerts
58596.15096999984;18.25;0.030549211132155155;Gaia Alerts;GSA(G);Gaia Alerts
58642.5638799998;18.29;0.03128959918963571;Gaia Alerts;GSA(G);Gaia Alerts
58653.4781713;16.7527084;0.0155109847;ZTF;ZTF(zi);ZTF
58655.4001852;17.0518379;0.0153182363;ZTF;ZTF(zr);ZTF
58655.4006366;16.9724312;0.0147838099;ZTF;ZTF(zr);ZTF
58655.4088889;16.9898682;0.0150083089;ZTF;ZTF(zr);ZTF
58655.4093403;17.0221634;0.015218161;ZTF;ZTF(zr);ZTF
58659.19084197;13.543;0.038;NEOWISE;WISE(W1);NEOWISE
58659.19084197;13.789;0.156;NEOWISE;WISE(W2);NEOWISE
58662.39656939;13.523;0.039;NEOWISE;WISE(W1);NEOWISE
58662.39656939;13.477;0.118;NEOWISE;WISE(W2);NEOWISE
58662.52734517;13.558;0.039;NEOWISE;WISE(W1);NEOWISE
58662.52734517;13.313;0.111;NEOWISE;WISE(W2);NEOWISE
58662.65824838;13.529;0.121;NEOWISE;WISE(W2);NEOWISE
58662.65824838;13.496;0.039;NEOWISE;WISE(W1);NEOWISE
58662.78902422;13.562;0.039;NEOWISE;WISE(W1);NEOWISE
58662.78902422;13.372;0.104;NEOWISE;WISE(W2);NEOWISE
58662.85447583;13.509;0.039;NEOWISE;WISE(W1);NEOWISE
58662.85447583;13.471;0.149;NEOWISE;WISE(W2);NEOWISE
58662.91992738;13.599;0.043;NEOWISE;WISE(W1);NEOWISE
58662.91992738;13.613;0.163;NEOWISE;WISE(W2);NEOWISE
58662.98525168;13.584;0.044;NEOWISE;WISE(W1);NEOWISE
58662.98525168;13.606;0.16;NEOWISE;WISE(W2);NEOWISE
58663.05070332;13.551;0.065;NEOWISE;WISE(W1);NEOWISE
58663.05070332;13.468;0.116;NEOWISE;WISE(W2);NEOWISE
58663.11615493;13.865;0.213;NEOWISE;WISE(W2);NEOWISE
58663.11615493;13.531;0.04;NEOWISE;WISE(W1);NEOWISE
58663.18147912;13.721;0.175;NEOWISE;WISE(W2);NEOWISE
58663.18147912;13.506;0.049;NEOWISE;WISE(W1);NEOWISE
58663.24693072;13.573;0.041;NEOWISE;WISE(W1);NEOWISE
58663.24693072;13.437;0.153;NEOWISE;WISE(W2);NEOWISE
58663.37783383;13.54;0.049;NEOWISE;WISE(W1);NEOWISE
58663.37783383;13.753;0.209;NEOWISE;WISE(W2);NEOWISE
58663.50860968;13.61;0.05;NEOWISE;WISE(W1);NEOWISE
58663.50860968;13.389;0.147;NEOWISE;WISE(W2);NEOWISE
58663.63938547;13.512;0.042;NEOWISE;WISE(W1);NEOWISE
58663.63938547;13.854;0.176;NEOWISE;WISE(W2);NEOWISE
58670.4851968;17.0698967;0.0155407321;ZTF;ZTF(zr);ZTF
58670.4856481;16.9820099;0.0149582457;ZTF;ZTF(zr);ZTF
58672.4834606;17.0778713;0.0155028924;ZTF;ZTF(zr);ZTF
58672.483912;16.9886074;0.0148892514;ZTF;ZTF(zr);ZTF
58676.37137999991;18.47;0.03484977672404488;Gaia Alerts;GSA(G);Gaia Alerts
58681.4103819;17.0216827;0.0152149899;ZTF;ZTF(zr);ZTF
58681.4108333;17.0776997;0.0155949127;ZTF;ZTF(zr);ZTF
58682.3947917;17.0616798;0.0153874839;ZTF;ZTF(zr);ZTF
58682.3952431;17.0218506;0.0151113914;ZTF;ZTF(zr);ZTF
58683.405787;17.0889759;0.0156739336;ZTF;ZTF(zr);ZTF
58683.4062384;17.0115929;0.0151487431;ZTF;ZTF(zr);ZTF
58685.4271065;17.0136986;0.0151625099;ZTF;ZTF(zr);ZTF
58685.4275579;17.0250187;0.0152370343;ZTF;ZTF(zr);ZTF
58685.4336111;17.0579796;0.0153613687;ZTF;ZTF(zr);ZTF
58685.4340625;17.0101013;0.0150320297;ZTF;ZTF(zr);ZTF
58685.451059999876;18.26;0.03073264929204296;Gaia Alerts;GSA(G);Gaia Alerts
58695.3465278;17.0679607;0.0154320253;ZTF;ZTF(zr);ZTF
58700.4353819;17.0230255;0.0152238524;ZTF;ZTF(zr);ZTF
58700.4358333;16.9506721;0.0147624025;ZTF;ZTF(zr);ZTF
58700.4362847;17.039753;0.0152341304;ZTF;ZTF(zr);ZTF
58700.4367361;17.0243301;0.0151282586;ZTF;ZTF(zr);ZTF
58704.4128704;17.6894722;0.0248006079;ZTF;ZTF(zg);ZTF
58704.4133218;17.7020149;0.0249716006;ZTF;ZTF(zg);ZTF
58704.4137731;17.692524;0.0211155191;ZTF;ZTF(zg);ZTF
58704.4142245;17.6911373;0.0210994631;ZTF;ZTF(zg);ZTF
58706.3496875;17.1452599;0.0160037018;ZTF;ZTF(zr);ZTF
58706.3501389;16.9807014;0.0148375044;ZTF;ZTF(zr);ZTF
58708.3995255;17.6861382;0.0247554854;ZTF;ZTF(zg);ZTF
58708.3999769;17.6924229;0.0248406511;ZTF;ZTF(zg);ZTF
58708.4004282;17.758316;0.0219010878;ZTF;ZTF(zg);ZTF
58708.4008796;17.8195839;0.022675721;ZTF;ZTF(zg);ZTF
58711.1612999998;18.25;0.030549211132155155;Gaia Alerts;GSA(G);Gaia Alerts
58711.235299999826;18.47;0.03484977672404488;Gaia Alerts;GSA(G);Gaia Alerts
58711.3290394;17.0681305;0.0154332388;ZTF;ZTF(zr);ZTF
58711.3294907;17.0435104;0.0152601693;ZTF;ZTF(zr);ZTF
58711.3710417;16.9761276;0.0149210189;ZTF;ZTF(zr);ZTF
58711.3714931;16.9729881;0.0149012441;ZTF;ZTF(zr);ZTF
58712.3891204;17.0767097;0.0155880209;ZTF;ZTF(zr);ZTF
58712.3895718;16.988081;0.0149968835;ZTF;ZTF(zr);ZTF
58712.3900231;17.1363258;0.0159353632;ZTF;ZTF(zr);ZTF
58712.3904745;17.0881367;0.0155770322;ZTF;ZTF(zr);ZTF
58714.4168634;17.0673599;0.0154277515;ZTF;ZTF(zr);ZTF
58715.4093287;17.0499344;0.0153049193;ZTF;ZTF(zr);ZTF
58715.4097685;17.1105728;0.0157417376;ZTF;ZTF(zr);ZTF
58715.4102315;17.0064182;0.0151150189;ZTF;ZTF(zr);ZTF
58715.4106829;17.0268822;0.0152493808;ZTF;ZTF(zr);ZTF
58716.4063889;16.957592;0.0148051232;ZTF;ZTF(zr);ZTF
58716.4068403;17.0638428;0.0154989865;ZTF;ZTF(zr);ZTF
58716.4073032;17.0099907;0.015031294;ZTF;ZTF(zr);ZTF
58716.4077546;17.0487976;0.0152969761;ZTF;ZTF(zr);ZTF
58717.4341435;17.7105026;0.0250884425;ZTF;ZTF(zg);ZTF
58717.4345949;17.6811867;0.0246887468;ZTF;ZTF(zg);ZTF
58717.4359606;17.7074776;0.0212899949;ZTF;ZTF(zg);ZTF
58717.436412;17.7619457;0.0219458025;ZTF;ZTF(zg);ZTF
58718.4338773;17.7087021;0.0250635706;ZTF;ZTF(zg);ZTF
58718.4343287;17.689394;0.0247995388;ZTF;ZTF(zg);ZTF
58718.4347801;17.7183418;0.0214182511;ZTF;ZTF(zg);ZTF
58718.4352431;17.7134304;0.0213601161;ZTF;ZTF(zg);ZTF
58719.3915856;17.0322456;0.0152850412;ZTF;ZTF(zr);ZTF
58719.392037;17.0815525;0.0156218149;ZTF;ZTF(zr);ZTF
58719.3924884;17.0650635;0.0154114449;ZTF;ZTF(zr);ZTF
58719.3929398;17.0548439;0.0153393084;ZTF;ZTF(zr);ZTF
58723.4241435;17.6615257;0.0207612664;ZTF;ZTF(zg);ZTF
58723.4245949;17.6080437;0.0201729611;ZTF;ZTF(zg);ZTF
58723.4423611;17.7099743;0.0250811297;ZTF;ZTF(zg);ZTF
58723.4428125;17.7699299;0.0259327125;ZTF;ZTF(zg);ZTF
58725.3996875;17.6758766;0.0209240317;ZTF;ZTF(zg);ZTF
58725.4001389;17.7593956;0.0219143778;ZTF;ZTF(zg);ZTF
58725.4248611;17.6950016;0.0248757321;ZTF;ZTF(zg);ZTF
58725.4253125;17.7588615;0.0257719345;ZTF;ZTF(zg);ZTF
58726.3170139;17.0406837;0.0152405724;ZTF;ZTF(zr);ZTF
58726.3174653;17.1053753;0.0157032553;ZTF;ZTF(zr);ZTF
58726.3229861;16.9914322;0.0150183197;ZTF;ZTF(zr);ZTF
58726.3234375;17.017067;0.0151846027;ZTF;ZTF(zr);ZTF
58726.4272801;17.7015953;0.0212210845;ZTF;ZTF(zg);ZTF
58726.4277315;17.7482071;0.0217773337;ZTF;ZTF(zg);ZTF
58726.4290972;17.6915092;0.024828244;ZTF;ZTF(zg);ZTF
58726.4295486;17.7106361;0.0250902921;ZTF;ZTF(zg);ZTF
58727.4119444;17.721138;0.0214514527;ZTF;ZTF(zg);ZTF
58727.4123958;17.7029381;0.021236781;ZTF;ZTF(zg);ZTF
58728.2637963;17.0409317;0.0152422898;ZTF;ZTF(zr);ZTF
58728.2642593;17.080204;0.0155196749;ZTF;ZTF(zr);ZTF
58734.4191204;17.6986771;0.0211870335;ZTF;ZTF(zg);ZTF
58734.4195833;17.6763191;0.0209290814;ZTF;ZTF(zg);ZTF
58734.495463;17.6209259;0.0239005499;ZTF;ZTF(zg);ZTF
58734.4959144;17.5302448;0.0227950439;ZTF;ZTF(zg);ZTF
58736.3805671;16.9704666;0.0148853967;ZTF;ZTF(zr);ZTF
58736.3810185;17.0328445;0.0152890412;ZTF;ZTF(zr);ZTF
58737.4301157;17.7749252;0.0221068859;ZTF;ZTF(zg);ZTF
58737.4305671;17.7733383;0.0220870934;ZTF;ZTF(zg);ZTF
58737.442338;17.6720428;0.0245662779;ZTF;ZTF(zg);ZTF
58737.4427894;17.6856117;0.024748385;ZTF;ZTF(zg);ZTF
58739.3635301;17.1384087;0.0159512386;ZTF;ZTF(zr);ZTF
58739.3639815;17.0933914;0.0156152779;ZTF;ZTF(zr);ZTF
58739.3726852;17.1305695;0.0159730297;ZTF;ZTF(zr);ZTF
58739.3731366;17.1371498;0.016021464;ZTF;ZTF(zr);ZTF
58740.3653009;17.0535431;0.0154285217;ZTF;ZTF(zr);ZTF
58740.3657523;17.059597;0.0154698491;ZTF;ZTF(zr);ZTF
58741.3706134;17.0719299;0.0154603254;ZTF;ZTF(zr);ZTF
58741.3710648;17.1090736;0.015730612;ZTF;ZTF(zr);ZTF
58741.3724306;17.0804081;0.015613813;ZTF;ZTF(zr);ZTF
58741.3728819;17.0173874;0.015186701;ZTF;ZTF(zr);ZTF
58743.3724769;17.0834599;0.0156351682;ZTF;ZTF(zr);ZTF
58743.3729282;17.0749245;0.0155755961;ZTF;ZTF(zr);ZTF
58744.4071875;17.1069736;0.0157150701;ZTF;ZTF(zr);ZTF
58744.4076389;17.0394363;0.0152319353;ZTF;ZTF(zr);ZTF
58744.4136343;17.0035591;0.0150964549;ZTF;ZTF(zr);ZTF
58744.4140856;17.0551453;0.0154394358;ZTF;ZTF(zr);ZTF
58745.3681713;17.0377064;0.0153215472;ZTF;ZTF(zr);ZTF
58745.3686227;17.009861;0.0151374368;ZTF;ZTF(zr);ZTF
58745.3718866;17.0560493;0.0153477769;ZTF;ZTF(zr);ZTF
58745.372338;17.0775795;0.0155007932;ZTF;ZTF(zr);ZTF
58746.4515856;17.704052;0.021249814;ZTF;ZTF(zg);ZTF
58746.4529514;17.8040485;0.0224752501;ZTF;ZTF(zg);ZTF
58748.338831;17.0429668;0.0153568983;ZTF;ZTF(zr);ZTF
58748.3392708;17.0739441;0.015568791;ZTF;ZTF(zr);ZTF
58748.3406481;17.0741425;0.0154761476;ZTF;ZTF(zr);ZTF
58748.3410995;17.020216;0.0151002957;ZTF;ZTF(zr);ZTF
58751.3227778;17.079689;0.0156087922;ZTF;ZTF(zr);ZTF
58751.3232292;17.0432892;0.0153590664;ZTF;ZTF(zr);ZTF
58757.1819097;17.7090378;0.0213083383;ZTF;ZTF(zg);ZTF
58757.186331;17.7060757;0.0212735385;ZTF;ZTF(zg);ZTF
58759.3203935;17.0754528;0.0154855326;ZTF;ZTF(zr);ZTF
58759.3208449;17.02145;0.015108671;ZTF;ZTF(zr);ZTF
58762.2621875;17.7550392;0.0257168002;ZTF;ZTF(zg);ZTF
58762.2626389;17.7707958;0.0259453524;ZTF;ZTF(zg);ZTF
58762.2631019;17.7404633;0.0216832925;ZTF;ZTF(zg);ZTF
58762.2635532;17.7269573;0.0215208475;ZTF;ZTF(zg);ZTF
58764.2640856;17.7060242;0.0250266735;ZTF;ZTF(zg);ZTF
58764.2645486;17.6930046;0.024848558;ZTF;ZTF(zg);ZTF
58764.3670486;17.8113441;0.0225690454;ZTF;ZTF(zg);ZTF
58764.3675;17.6541557;0.0206784829;ZTF;ZTF(zg);ZTF
58765.260463;17.7187309;0.0252025872;ZTF;ZTF(zg);ZTF
58765.2609144;17.7625656;0.0258255508;ZTF;ZTF(zg);ZTF
58765.283044;17.731636;0.0215769056;ZTF;ZTF(zg);ZTF
58765.2834954;17.7657146;0.0219923891;ZTF;ZTF(zg);ZTF
58766.2025;17.7854843;0.0222393312;ZTF;ZTF(zg);ZTF
58766.202963;17.7497253;0.021795854;ZTF;ZTF(zg);ZTF
58766.2618634;17.7177277;0.0251886174;ZTF;ZTF(zg);ZTF
58766.2623148;17.7384472;0.0254796688;ZTF;ZTF(zg);ZTF
58767.2742014;17.4426975;0.0185250286;ZTF;ZTF(zg);ZTF
58767.2746528;17.5297279;0.0193614382;ZTF;ZTF(zg);ZTF
58767.3176505;17.2857666;0.0202464163;ZTF;ZTF(zg);ZTF
58767.3181019;17.3180847;0.0205502119;ZTF;ZTF(zg);ZTF
58768.2602083;17.7623825;0.0258229058;ZTF;ZTF(zg);ZTF
58768.2606597;17.818079;0.0266514756;ZTF;ZTF(zg);ZTF
58768.2956597;17.5972939;0.0200581141;ZTF;ZTF(zg);ZTF
58768.2961111;17.6221237;0.0203250833;ZTF;ZTF(zg);ZTF
58769.2709375;17.7529926;0.0218357891;ZTF;ZTF(zg);ZTF
58772.1922917;17.6297722;0.0240135044;ZTF;ZTF(zg);ZTF
58772.1927431;17.5978928;0.0236108024;ZTF;ZTF(zg);ZTF
58772.2114699;17.6763649;0.0209296122;ZTF;ZTF(zg);ZTF
58772.2119213;17.716053;0.0213911254;ZTF;ZTF(zg);ZTF
58773.07171999989;18.31;0.031666495274920915;Gaia Alerts;GSA(G);Gaia Alerts
58773.247880000155;18.33;0.032047931228493996;Gaia Alerts;GSA(G);Gaia Alerts
58773.32188999979;18.28;0.031102836686851484;Gaia Alerts;GSA(G);Gaia Alerts
58773.4980299999;18.23;0.030185613014198056;Gaia Alerts;GSA(G);Gaia Alerts
58773.57204;18.13;0.02843151486273759;Gaia Alerts;GSA(G);Gaia Alerts
58773.74819000019;18.13;0.02843151486273759;Gaia Alerts;GSA(G);Gaia Alerts
58773.82219999982;18.09;0.027758756035343456;Gaia Alerts;GSA(G);Gaia Alerts
58782.2470833;17.7092781;0.0250715166;ZTF;ZTF(zg);ZTF
58782.2475347;17.7159195;0.0251634959;ZTF;ZTF(zg);ZTF
58782.2479861;17.711422;0.0213364158;ZTF;ZTF(zg);ZTF
58782.2484375;17.7463455;0.0217546765;ZTF;ZTF(zg);ZTF
58783.07868999988;18.05;0.027101916318908473;Gaia Alerts;GSA(G);Gaia Alerts
58783.1869676;17.7035942;0.0249932613;ZTF;ZTF(zg);ZTF
58783.187419;17.737133;0.0254610498;ZTF;ZTF(zg);ZTF
58783.25485000014;18.02;0.026619506511518388;Gaia Alerts;GSA(G);Gaia Alerts
58783.328850000165;18.08;0.027593068558175116;Gaia Alerts;GSA(G);Gaia Alerts
58783.505009999964;18.07;0.027428370042473765;Gaia Alerts;GSA(G);Gaia Alerts
58783.57899999991;18.19;0.029471347956087475;Gaia Alerts;GSA(G);Gaia Alerts
58783.755160000175;18.25;0.030549211132155155;Gaia Alerts;GSA(G);Gaia Alerts
58783.82916999981;18.22;0.030005440024430934;Gaia Alerts;GSA(G);Gaia Alerts
58784.00530999992;18.24;0.03036686788465786;Gaia Alerts;GSA(G);Gaia Alerts
58785.192037;17.7027893;0.024982214;ZTF;ZTF(zg);ZTF
58791.1643403;17.753418;0.0256934687;ZTF;ZTF(zg);ZTF
58791.1647917;17.6751862;0.02460826;ZTF;ZTF(zg);ZTF
58791.178831;17.7728233;0.0220806748;ZTF;ZTF(zg);ZTF
58791.1792824;17.7481499;0.0217766371;ZTF;ZTF(zg);ZTF
58793.2084954;17.7137527;0.0213639177;ZTF;ZTF(zg);ZTF
58794.1635648;17.7154064;0.0251563601;ZTF;ZTF(zg);ZTF
58794.1640162;17.7400932;0.0255030319;ZTF;ZTF(zg);ZTF
58795.1769097;17.7447681;0.0255695861;ZTF;ZTF(zg);ZTF
58795.1773611;17.740448;0.0255080815;ZTF;ZTF(zg);ZTF
58795.1778125;17.7295399;0.0215517543;ZTF;ZTF(zg);ZTF
58795.1782639;17.778862;0.0221561249;ZTF;ZTF(zg);ZTF
58796.1974884;17.7883759;0.0222758092;ZTF;ZTF(zg);ZTF
58796.1979282;17.7012444;0.0212169793;ZTF;ZTF(zg);ZTF
58796.1988426;17.7039032;0.0249975156;ZTF;ZTF(zg);ZTF
58796.199294;17.7162495;0.0251680631;ZTF;ZTF(zg);ZTF
58798.1515625;17.7651405;0.0219852775;ZTF;ZTF(zg);ZTF
58798.1520139;17.7872086;0.022261072;ZTF;ZTF(zg);ZTF
58798.1602083;17.7488136;0.0256273933;ZTF;ZTF(zg);ZTF
58798.1606597;17.7443924;0.0255642105;ZTF;ZTF(zg);ZTF
58821.27202735;13.541;0.041;NEOWISE;WISE(W1);NEOWISE
58821.27202735;13.673;0.117;NEOWISE;WISE(W2);NEOWISE
58821.40293076;13.828;0.145;NEOWISE;WISE(W2);NEOWISE
58821.40293076;13.636;0.04;NEOWISE;WISE(W1);NEOWISE
58821.53370685;13.419;0.096;NEOWISE;WISE(W2);NEOWISE
58821.53370685;13.467;0.046;NEOWISE;WISE(W1);NEOWISE
58821.6646103;13.664;0.045;NEOWISE;WISE(W1);NEOWISE
58821.6646103;13.622;0.114;NEOWISE;WISE(W2);NEOWISE
58821.72993466;13.521;0.04;NEOWISE;WISE(W1);NEOWISE
58821.72993466;13.589;0.099;NEOWISE;WISE(W2);NEOWISE
58821.79538696;13.618;0.039;NEOWISE;WISE(W1);NEOWISE
58821.79538696;13.69;0.123;NEOWISE;WISE(W2);NEOWISE
58821.86083863;13.446;0.037;NEOWISE;WISE(W1);NEOWISE
58821.86083863;13.634;0.141;NEOWISE;WISE(W2);NEOWISE
58821.92616304;13.373;0.084;NEOWISE;WISE(W2);NEOWISE
58821.92616304;13.535;0.038;NEOWISE;WISE(W1);NEOWISE
58821.99161477;13.434;0.085;NEOWISE;WISE(W2);NEOWISE
58821.99161477;13.57;0.039;NEOWISE;WISE(W1);NEOWISE
58822.05706649;13.467;0.045;NEOWISE;WISE(W1);NEOWISE
58822.05706649;13.422;0.087;NEOWISE;WISE(W2);NEOWISE
58822.12239081;13.5;0.055;NEOWISE;WISE(W1);NEOWISE
58822.12239081;13.587;0.096;NEOWISE;WISE(W2);NEOWISE
58822.12251817;13.512;0.039;NEOWISE;WISE(W1);NEOWISE
58822.12251817;13.453;0.097;NEOWISE;WISE(W2);NEOWISE
58822.25329421;13.471;0.1;NEOWISE;WISE(W2);NEOWISE
58822.25329421;13.436;0.036;NEOWISE;WISE(W1);NEOWISE
58822.38407025;13.703;0.04;NEOWISE;WISE(W1);NEOWISE
58822.38407025;13.684;0.109;NEOWISE;WISE(W2);NEOWISE
58824.14974096;13.591;0.043;NEOWISE;WISE(W1);NEOWISE
58824.14974096;13.572;0.109;NEOWISE;WISE(W2);NEOWISE
58824.28064444;13.474;0.145;NEOWISE;WISE(W2);NEOWISE
58824.28064444;13.429;0.046;NEOWISE;WISE(W1);NEOWISE
58824.41142052;13.482;0.096;NEOWISE;WISE(W2);NEOWISE
58824.41142052;13.536;0.037;NEOWISE;WISE(W1);NEOWISE
58824.54219669;13.539;0.089;NEOWISE;WISE(W2);NEOWISE
58824.54219669;13.533;0.06;NEOWISE;WISE(W1);NEOWISE
58824.542324;11.903;0.055;NEOWISE;WISE(W2);NEOWISE
58824.542324;13.573;0.04;NEOWISE;WISE(W1);NEOWISE
58824.60764833;13.542;0.047;NEOWISE;WISE(W1);NEOWISE
58824.60764833;13.471;0.103;NEOWISE;WISE(W2);NEOWISE
58824.67310013;13.328;0.098;NEOWISE;WISE(W2);NEOWISE
58824.67310013;13.605;0.04;NEOWISE;WISE(W1);NEOWISE
58824.7385524;13.504;0.041;NEOWISE;WISE(W1);NEOWISE
58824.7385524;13.445;0.086;NEOWISE;WISE(W2);NEOWISE
58824.80387677;13.445;0.095;NEOWISE;WISE(W2);NEOWISE
58824.80387677;13.572;0.046;NEOWISE;WISE(W1);NEOWISE
58824.86932852;13.887;0.177;NEOWISE;WISE(W2);NEOWISE
58824.86932852;13.492;0.036;NEOWISE;WISE(W1);NEOWISE
58824.93478025;13.456;0.036;NEOWISE;WISE(W1);NEOWISE
58824.93478025;13.601;0.103;NEOWISE;WISE(W2);NEOWISE
58825.00010469;13.35;0.087;NEOWISE;WISE(W2);NEOWISE
58825.00010469;13.529;0.042;NEOWISE;WISE(W1);NEOWISE
58825.26178419;13.504;0.037;NEOWISE;WISE(W1);NEOWISE
58825.26178419;13.516;0.105;NEOWISE;WISE(W2);NEOWISE
58825.39256027;13.484;0.039;NEOWISE;WISE(W1);NEOWISE
58825.39256027;13.523;0.1;NEOWISE;WISE(W2);NEOWISE
58825.39268758;13.51;0.05;NEOWISE;WISE(W1);NEOWISE
58825.39268758;13.742;0.134;NEOWISE;WISE(W2);NEOWISE
58827.577550000045;18.32;0.031856642365731165;Gaia Alerts;GSA(G);Gaia Alerts
58827.65155000007;18.08;0.027593068558175116;Gaia Alerts;GSA(G);Gaia Alerts
58859.461999999825;18.31;0.031666495274920915;Gaia Alerts;GSA(G);Gaia Alerts
58879.91556000011;18.39;0.033220028446165104;Gaia Alerts;GSA(G);Gaia Alerts
58975.91630999977;18.12;0.028261811798101638;Gaia Alerts;GSA(G);Gaia Alerts
58975.99030999979;18.38;0.03302174352670764;Gaia Alerts;GSA(G);Gaia Alerts
58992.50973000005;18.11;0.028093121663317743;Gaia Alerts;GSA(G);Gaia Alerts
59026.45346249;13.557;0.051;NEOWISE;WISE(W1);NEOWISE
59026.45346249;13.541;0.121;NEOWISE;WISE(W2);NEOWISE
59026.58423837;13.263;0.12;NEOWISE;WISE(W2);NEOWISE
59026.58423837;13.568;0.047;NEOWISE;WISE(W1);NEOWISE
59026.7150142;13.493;0.113;NEOWISE;WISE(W2);NEOWISE
59026.7150142;13.552;0.039;NEOWISE;WISE(W1);NEOWISE
59026.84579008;13.456;0.037;NEOWISE;WISE(W1);NEOWISE
59026.84579008;13.713;0.217;NEOWISE;WISE(W2);NEOWISE
59026.9112417;13.52;0.127;NEOWISE;WISE(W2);NEOWISE
59026.9112417;13.687;0.068;NEOWISE;WISE(W1);NEOWISE
59026.97656601;13.546;0.058;NEOWISE;WISE(W1);NEOWISE
59026.97656601;13.556;0.178;NEOWISE;WISE(W2);NEOWISE
59027.04201758;13.516;0.126;NEOWISE;WISE(W2);NEOWISE
59027.04201758;13.554;0.049;NEOWISE;WISE(W1);NEOWISE
59027.10734189;13.522;0.051;NEOWISE;WISE(W1);NEOWISE
59027.10734189;13.541;0.145;NEOWISE;WISE(W2);NEOWISE
59027.17279352;13.532;0.044;NEOWISE;WISE(W1);NEOWISE
59027.17279352;13.507;0.136;NEOWISE;WISE(W2);NEOWISE
59027.23811777;13.748;0.22;NEOWISE;WISE(W2);NEOWISE
59027.23811777;13.663;0.056;NEOWISE;WISE(W1);NEOWISE
59027.3035694;13.578;0.041;NEOWISE;WISE(W1);NEOWISE
59027.3035694;13.672;0.222;NEOWISE;WISE(W2);NEOWISE
59027.3688937;13.572;0.045;NEOWISE;WISE(W1);NEOWISE
59027.3688937;13.515;0.116;NEOWISE;WISE(W2);NEOWISE
59027.43434532;13.326;0.151;NEOWISE;WISE(W2);NEOWISE
59027.43434532;13.52;0.044;NEOWISE;WISE(W1);NEOWISE
59027.5651212;13.531;0.05;NEOWISE;WISE(W1);NEOWISE
59027.5651212;13.529;0.16;NEOWISE;WISE(W2);NEOWISE
59027.69589708;13.649;0.046;NEOWISE;WISE(W1);NEOWISE
59027.69589708;13.808;0.199;NEOWISE;WISE(W2);NEOWISE
59030.09280000022;18.46;0.034641764103524965;Gaia Alerts;GSA(G);Gaia Alerts
59093.2992245;16.7327576;0.0153871505;ZTF;ZTF(zi);ZTF
59099.70161999995;18.47;0.03484977672404488;Gaia Alerts;GSA(G);Gaia Alerts
59099.77563000005;18.4;0.03341950400261143;Gaia Alerts;GSA(G);Gaia Alerts
59100.025799999945;18.4;0.03341950400261143;Gaia Alerts;GSA(G);Gaia Alerts
59100.20196999982;18.19;0.029471347956087475;Gaia Alerts;GSA(G);Gaia Alerts
59100.27596999984;18.16;0.028946762641760344;Gaia Alerts;GSA(G);Gaia Alerts
59100.45213000011;18.22;0.030005440024430934;Gaia Alerts;GSA(G);Gaia Alerts
59100.52613000013;18.19;0.029471347956087475;Gaia Alerts;GSA(G);Gaia Alerts
59102.77761999983;18.15;0.028773984147356668;Gaia Alerts;GSA(G);Gaia Alerts
59102.95377000002;18.21;0.02982634245778774;Gaia Alerts;GSA(G);Gaia Alerts
59103.02778000012;18.19;0.029471347956087475;Gaia Alerts;GSA(G);Gaia Alerts
59103.20393999992;18.26;0.03073264929204296;Gaia Alerts;GSA(G);Gaia Alerts
59103.27793999994;18.22;0.030005440024430934;Gaia Alerts;GSA(G);Gaia Alerts
59103.52810999984;18.37;0.03282464213752176;Gaia Alerts;GSA(G);Gaia Alerts
59103.70428000018;18.52;0.03590872623694513;Gaia Alerts;GSA(G);Gaia Alerts
59108.3262153;16.7090836;0.0152435582;ZTF;ZTF(zi);ZTF
59111.3044792;16.6744518;0.0150399283;ZTF;ZTF(zi);ZTF
59119.2893287;16.6429062;0.0148609057;ZTF;ZTF(zi);ZTF
59121.2501273;16.6845989;0.0150988139;ZTF;ZTF(zi);ZTF
59125.3415162;16.7690086;0.0156141073;ZTF;ZTF(zi);ZTF
59136.2861111;16.7785912;0.015675569;ZTF;ZTF(zi);ZTF
59137.2867014;16.7550278;0.0155255441;ZTF;ZTF(zi);ZTF
59143.2883218;16.7254372;0.015342365;ZTF;ZTF(zi);ZTF
59144.2828009;16.7592754;0.0155523131;ZTF;ZTF(zi);ZTF
59152.45661999984;18.27;0.03091718893891704;Gaia Alerts;GSA(G);Gaia Alerts
59152.632770000026;18.06;0.027264654585290062;Gaia Alerts;GSA(G);Gaia Alerts
59164.38646000018;18.18;0.029295438297694328;Gaia Alerts;GSA(G);Gaia Alerts
59188.41376903;13.499;0.039;NEOWISE;WISE(W1);NEOWISE
59188.41376903;13.6;0.109;NEOWISE;WISE(W2);NEOWISE
59188.54454507;13.409;0.108;NEOWISE;WISE(W2);NEOWISE
59188.54454507;13.488;0.047;NEOWISE;WISE(W1);NEOWISE
59188.67532119;13.537;0.12;NEOWISE;WISE(W2);NEOWISE
59188.67532119;13.594;0.041;NEOWISE;WISE(W1);NEOWISE
59188.74077287;13.413;0.082;NEOWISE;WISE(W2);NEOWISE
59188.74077287;13.52;0.038;NEOWISE;WISE(W1);NEOWISE
59188.80609728;13.503;0.038;NEOWISE;WISE(W1);NEOWISE
59188.80609728;13.496;0.092;NEOWISE;WISE(W2);NEOWISE
59188.87154899;13.511;0.039;NEOWISE;WISE(W1);NEOWISE
59188.87154899;13.333;0.114;NEOWISE;WISE(W2);NEOWISE
59188.93687336;13.531;0.113;NEOWISE;WISE(W2);NEOWISE
59188.93687336;13.565;0.039;NEOWISE;WISE(W1);NEOWISE
59189.00232503;13.672;0.166;NEOWISE;WISE(W2);NEOWISE
59189.00232503;13.585;0.058;NEOWISE;WISE(W1);NEOWISE
59189.06764943;13.541;0.09;NEOWISE;WISE(W2);NEOWISE
59189.06764943;13.41;0.035;NEOWISE;WISE(W1);NEOWISE
59189.19842552;13.524;0.037;NEOWISE;WISE(W1);NEOWISE
59189.19842552;13.507;0.091;NEOWISE;WISE(W2);NEOWISE
59189.2638772;13.376;0.106;NEOWISE;WISE(W2);NEOWISE
59189.2638772;13.576;0.042;NEOWISE;WISE(W1);NEOWISE
59189.39465332;13.419;0.098;NEOWISE;WISE(W2);NEOWISE
59189.39465332;13.589;0.045;NEOWISE;WISE(W1);NEOWISE
59202.593450000044;18.18;0.029295438297694328;Gaia Alerts;GSA(G);Gaia Alerts
59202.667450000066;18.31;0.031666495274920915;Gaia Alerts;GSA(G);Gaia Alerts
59232.65069000004;18.13;0.02843151486273759;Gaia Alerts;GSA(G);Gaia Alerts
59232.82684000023;18.37;0.03282464213752176;Gaia Alerts;GSA(G);Gaia Alerts
59256.82563999994;18.22;0.030005440024430934;Gaia Alerts;GSA(G);Gaia Alerts
59256.89963999996;18.34;0.032240368719181865;Gaia Alerts;GSA(G);Gaia Alerts
59317.14350999985;18.03;0.02677934806259709;Gaia Alerts;GSA(G);Gaia Alerts
59317.31968000019;18.16;0.028946762641760344;Gaia Alerts;GSA(G);Gaia Alerts
59317.39368000021;18.35;0.032433961734935;Gaia Alerts;GSA(G);Gaia Alerts
59317.56984000001;18.13;0.02843151486273759;Gaia Alerts;GSA(G);Gaia Alerts
59317.64385000011;18.31;0.031666495274920915;Gaia Alerts;GSA(G);Gaia Alerts
59317.82000999991;18.23;0.030185613014198056;Gaia Alerts;GSA(G);Gaia Alerts
59317.89402000001;18.36;0.032628717214308524;Gaia Alerts;GSA(G);Gaia Alerts
59318.07018999988;18.3;0.031477483141013174;Gaia Alerts;GSA(G);Gaia Alerts
59327.82612999994;18.28;0.031102836686851484;Gaia Alerts;GSA(G);Gaia Alerts
59328.07630999992;18.26;0.03073264929204296;Gaia Alerts;GSA(G);Gaia Alerts
59328.15030999994;18.33;0.032047931228493996;Gaia Alerts;GSA(G);Gaia Alerts
59328.326470000204;18.07;0.027428370042473765;Gaia Alerts;GSA(G);Gaia Alerts
59328.40048999991;18.28;0.031102836686851484;Gaia Alerts;GSA(G);Gaia Alerts
59328.5766400001;18.07;0.027428370042473765;Gaia Alerts;GSA(G);Gaia Alerts
59374.063089999836;18.19;0.029471347956087475;Gaia Alerts;GSA(G);Gaia Alerts
59374.13711000001;18.23;0.030185613014198056;Gaia Alerts;GSA(G);Gaia Alerts
59390.62454091;13.539;0.04;NEOWISE;WISE(W1);NEOWISE
59390.62454091;13.594;0.137;NEOWISE;WISE(W2);NEOWISE
59390.75531682;13.492;0.135;NEOWISE;WISE(W2);NEOWISE
59390.75531682;13.532;0.039;NEOWISE;WISE(W1);NEOWISE
59390.88596537;13.423;0.121;NEOWISE;WISE(W2);NEOWISE
59390.88596537;13.653;0.042;NEOWISE;WISE(W1);NEOWISE
59390.95128964;13.676;0.196;NEOWISE;WISE(W2);NEOWISE
59390.95128964;13.553;0.042;NEOWISE;WISE(W1);NEOWISE
59391.01673531;13.552;0.145;NEOWISE;WISE(W2);NEOWISE
59391.01673531;13.564;0.04;NEOWISE;WISE(W1);NEOWISE
59391.08205959;13.606;0.045;NEOWISE;WISE(W1);NEOWISE
59391.08205959;13.422;0.124;NEOWISE;WISE(W2);NEOWISE
59391.14738383;13.507;0.047;NEOWISE;WISE(W1);NEOWISE
59391.14738383;13.564;0.167;NEOWISE;WISE(W2);NEOWISE
59391.21283535;13.601;0.141;NEOWISE;WISE(W2);NEOWISE
59391.21283535;13.611;0.044;NEOWISE;WISE(W1);NEOWISE
59391.27815958;13.566;0.043;NEOWISE;WISE(W1);NEOWISE
59391.27815958;14.307;0.53;NEOWISE;WISE(W2);NEOWISE
59391.34348382;13.509;0.043;NEOWISE;WISE(W1);NEOWISE
59391.34348382;13.956;0.325;NEOWISE;WISE(W2);NEOWISE
59391.40880806;13.548;0.134;NEOWISE;WISE(W2);NEOWISE
59391.40880806;13.592;0.044;NEOWISE;WISE(W1);NEOWISE
59391.47425966;13.629;0.041;NEOWISE;WISE(W1);NEOWISE
59391.47425966;13.762;0.173;NEOWISE;WISE(W2);NEOWISE
59391.5395839;13.547;0.04;NEOWISE;WISE(W1);NEOWISE
59391.5395839;14.18;0.271;NEOWISE;WISE(W2);NEOWISE
59391.60490809;13.366;0.113;NEOWISE;WISE(W2);NEOWISE
59391.60490809;13.692;0.058;NEOWISE;WISE(W1);NEOWISE
59391.73568394;13.576;0.042;NEOWISE;WISE(W1);NEOWISE
59391.73568394;13.446;0.126;NEOWISE;WISE(W2);NEOWISE
59391.86633241;13.446;0.171;NEOWISE;WISE(W2);NEOWISE
59391.86633241;13.626;0.04;NEOWISE;WISE(W1);NEOWISE
59395.4570718;16.7345276;0.0153980255;ZTF;ZTF(zi);ZTF
59396.89932882;13.617;0.044;NEOWISE;WISE(W1);NEOWISE
59396.89932882;13.948;0.224;NEOWISE;WISE(W2);NEOWISE
59396.96465306;13.563;0.058;NEOWISE;WISE(W1);NEOWISE
59396.96465306;13.528;0.261;NEOWISE;WISE(W2);NEOWISE
59396.96478042;13.424;0.134;NEOWISE;WISE(W2);NEOWISE
59396.96478042;13.569;0.048;NEOWISE;WISE(W1);NEOWISE
59408.29597999994;18.21;0.02982634245778774;Gaia Alerts;GSA(G);Gaia Alerts
59429.87026999984;18.11;0.028093121663317743;Gaia Alerts;GSA(G);Gaia Alerts
59430.04644000018;18.39;0.033220028446165104;Gaia Alerts;GSA(G);Gaia Alerts
59435.4573611;16.7275944;0.0153555209;ZTF;ZTF(zi);ZTF
59449.3102778;16.7428265;0.015449319;ZTF;ZTF(zi);ZTF
59479.2870023;16.7555466;0.0155288056;ZTF;ZTF(zi);ZTF
59505.150787;16.7792664;0.0156799201;ZTF;ZTF(zi);ZTF
59525.1875;16.7612877;0.0155650368;ZTF;ZTF(zi);ZTF
59527.17262999993;18.39;0.033220028446165104;Gaia Alerts;GSA(G);Gaia Alerts
59527.24662999995;18.32;0.031856642365731165;Gaia Alerts;GSA(G);Gaia Alerts
59530.1654861;16.7519093;0.0155059677;ZTF;ZTF(zi);ZTF
59531.2210648;16.7230873;0.0153280636;ZTF;ZTF(zi);ZTF
59543.174480000045;18.3;0.031477483141013174;Gaia Alerts;GSA(G);Gaia Alerts
59552.61462672;13.564;0.039;NEOWISE;WISE(W1);NEOWISE
59552.61462672;13.726;0.163;NEOWISE;WISE(W2);NEOWISE
59552.74527543;13.739;0.057;NEOWISE;WISE(W1);NEOWISE
59552.74527543;13.686;0.137;NEOWISE;WISE(W2);NEOWISE
59552.87592422;13.531;0.048;NEOWISE;WISE(W1);NEOWISE
59552.87592422;13.33;0.12;NEOWISE;WISE(W2);NEOWISE
59552.9413759;13.54;0.042;NEOWISE;WISE(W1);NEOWISE
59552.9413759;13.724;0.109;NEOWISE;WISE(W2);NEOWISE
59553.00670025;13.435;0.09;NEOWISE;WISE(W2);NEOWISE
59553.00670025;13.608;0.043;NEOWISE;WISE(W1);NEOWISE
59553.07202465;13.583;0.045;NEOWISE;WISE(W1);NEOWISE
59553.07202465;13.587;0.107;NEOWISE;WISE(W2);NEOWISE
59553.20216399;13.437;0.092;NEOWISE;WISE(W2);NEOWISE
59553.20216399;13.599;0.04;NEOWISE;WISE(W1);NEOWISE
59553.26799766;13.61;0.039;NEOWISE;WISE(W1);NEOWISE
59553.26799766;13.308;0.085;NEOWISE;WISE(W2);NEOWISE
59553.33332201;13.943;0.05;NEOWISE;WISE(W1);NEOWISE
59553.33332201;13.797;0.125;NEOWISE;WISE(W2);NEOWISE
59553.46409808;13.509;0.038;NEOWISE;WISE(W1);NEOWISE
59553.46409808;13.413;0.086;NEOWISE;WISE(W2);NEOWISE
59553.59474675;13.526;0.104;NEOWISE;WISE(W2);NEOWISE
59553.59474675;13.461;0.035;NEOWISE;WISE(W1);NEOWISE
59553.7253955;13.649;0.106;NEOWISE;WISE(W2);NEOWISE
59553.7253955;13.788;0.043;NEOWISE;WISE(W1);NEOWISE
59560.78158054;13.517;0.04;NEOWISE;WISE(W1);NEOWISE
59560.78158054;13.738;0.128;NEOWISE;WISE(W2);NEOWISE
59578.38964000018;18.5;0.03548133892335761;Gaia Alerts;GSA(G);Gaia Alerts
59578.46363000013;18.44;0.03422945623160418;Gaia Alerts;GSA(G);Gaia Alerts
59612.94332000008;18.24;0.03036686788465786;Gaia Alerts;GSA(G);Gaia Alerts
59613.1194699998;18.36;0.032628717214308524;Gaia Alerts;GSA(G);Gaia Alerts
59632.873939999845;18.47;0.03484977672404488;Gaia Alerts;GSA(G);Gaia Alerts
59632.94793999987;18.46;0.034641764103524965;Gaia Alerts;GSA(G);Gaia Alerts
59633.124090000056;18.24;0.03036686788465786;Gaia Alerts;GSA(G);Gaia Alerts
59633.19809000008;18.36;0.032628717214308524;Gaia Alerts;GSA(G);Gaia Alerts
59693.19268999994;18.24;0.03036686788465786;Gaia Alerts;GSA(G);Gaia Alerts
59693.3688500002;18.14;0.028602236939542832;Gaia Alerts;GSA(G);Gaia Alerts
59693.442859999835;18.34;0.032240368719181865;Gaia Alerts;GSA(G);Gaia Alerts
59712.37661000015;18.43;0.034025146202702396;Gaia Alerts;GSA(G);Gaia Alerts
59712.450610000174;18.39;0.033220028446165104;Gaia Alerts;GSA(G);Gaia Alerts
59712.700800000224;18.19;0.029471347956087475;Gaia Alerts;GSA(G);Gaia Alerts
59750.93623000011;18.23;0.030185613014198056;Gaia Alerts;GSA(G);Gaia Alerts
59757.85587084;13.459;0.062;NEOWISE;WISE(W1);NEOWISE
59757.85587084;13.349;0.125;NEOWISE;WISE(W2);NEOWISE
59757.98639207;13.56;0.041;NEOWISE;WISE(W1);NEOWISE
59757.98639207;13.462;0.117;NEOWISE;WISE(W2);NEOWISE
59758.11678597;13.518;0.047;NEOWISE;WISE(W1);NEOWISE
59758.11678597;13.628;0.153;NEOWISE;WISE(W2);NEOWISE
59758.18211024;13.545;0.04;NEOWISE;WISE(W1);NEOWISE
59758.18211024;13.521;0.113;NEOWISE;WISE(W2);NEOWISE
59758.24730719;13.489;0.126;NEOWISE;WISE(W2);NEOWISE
59758.24730719;13.516;0.042;NEOWISE;WISE(W1);NEOWISE
59758.31250414;13.553;0.117;NEOWISE;WISE(W2);NEOWISE
59758.31250414;13.585;0.04;NEOWISE;WISE(W1);NEOWISE
59758.37770109;13.648;0.064;NEOWISE;WISE(W1);NEOWISE
59758.37770109;13.358;0.119;NEOWISE;WISE(W2);NEOWISE
59758.3778284;13.565;0.042;NEOWISE;WISE(W1);NEOWISE
59758.3778284;13.686;0.13;NEOWISE;WISE(W2);NEOWISE
59758.44302536;13.348;0.132;NEOWISE;WISE(W2);NEOWISE
59758.44302536;13.552;0.04;NEOWISE;WISE(W1);NEOWISE
59758.50822236;13.655;0.043;NEOWISE;WISE(W1);NEOWISE
59758.50822236;13.377;0.134;NEOWISE;WISE(W2);NEOWISE
59758.57354657;13.434;0.05;NEOWISE;WISE(W1);NEOWISE
59758.57354657;13.715;0.181;NEOWISE;WISE(W2);NEOWISE
59758.63874353;13.541;0.04;NEOWISE;WISE(W1);NEOWISE
59758.63874353;13.173;0.098;NEOWISE;WISE(W2);NEOWISE
59758.70394105;13.783;0.215;NEOWISE;WISE(W2);NEOWISE
59758.70394105;13.541;0.04;NEOWISE;WISE(W1);NEOWISE
59758.83446227;13.399;0.132;NEOWISE;WISE(W2);NEOWISE
59758.83446227;13.37;0.058;NEOWISE;WISE(W1);NEOWISE
59758.96485612;13.532;0.134;NEOWISE;WISE(W2);NEOWISE
59758.96485612;13.578;0.052;NEOWISE;WISE(W1);NEOWISE
59759.09537738;13.443;0.103;NEOWISE;WISE(W2);NEOWISE
59759.09537738;13.585;0.044;NEOWISE;WISE(W1);NEOWISE
59787.83668000018;18.23;0.030185613014198056;Gaia Alerts;GSA(G);Gaia Alerts
59805.590079999994;18.31;0.031666495274920915;Gaia Alerts;GSA(G);Gaia Alerts
59805.66410000017;18.33;0.032047931228493996;Gaia Alerts;GSA(G);Gaia Alerts
59808.4055671;16.5940342;0.0145953121;ZTF;ZTF(zi);ZTF
59811.4404398;16.7192478;0.0153047685;ZTF;ZTF(zi);ZTF
59813.4378704;16.7453213;0.0154648256;ZTF;ZTF(zi);ZTF
59814.3728819;16.7009888;0.0151952887;ZTF;ZTF(zi);ZTF
59815.3716667;16.7309513;0.0153760612;ZTF;ZTF(zi);ZTF
59816.3728009;16.6669617;0.0149968723;ZTF;ZTF(zi);ZTF
59817.3451389;16.6021881;0.0146386512;ZTF;ZTF(zi);ZTF
59818.3938657;16.6673851;0.0149992937;ZTF;ZTF(zi);ZTF
59819.3157407;16.6662674;0.0149929021;ZTF;ZTF(zi);ZTF
59821.3023148;16.6554451;0.014931337;ZTF;ZTF(zi);ZTF
59822.2828472;16.7109203;0.0152545711;ZTF;ZTF(zi);ZTF
59839.387662;17.711689;0.0213395637;ZTF;ZTF(zg);ZTF
59844.3817014;16.7034187;0.0152097335;ZTF;ZTF(zi);ZTF
59845.2907292;16.6905403;0.0151335914;ZTF;ZTF(zi);ZTF
59846.2766088;16.7081013;0.0152376778;ZTF;ZTF(zi);ZTF
59847.3326157;16.6994209;0.0151859904;ZTF;ZTF(zi);ZTF
59848.2870023;16.6808071;0.0150767332;ZTF;ZTF(zi);ZTF
59849.3734028;16.7626877;0.0155739095;ZTF;ZTF(zi);ZTF
59850.2378472;16.7564278;0.01553436;ZTF;ZTF(zi);ZTF
59851.3239236;16.6904259;0.0151329199;ZTF;ZTF(zi);ZTF
59852.2294097;16.6552658;0.0149303256;ZTF;ZTF(zi);ZTF
59853.3624306;16.6483574;0.014891413;ZTF;ZTF(zi);ZTF
59857.3120486;16.7324867;0.0153854815;ZTF;ZTF(zi);ZTF
59860.3142014;17.7852669;0.0261582062;ZTF;ZTF(zg);ZTF
59860.3161227;17.7544041;0.0218530726;ZTF;ZTF(zg);ZTF
59861.3418287;17.130085;0.0158879869;ZTF;ZTF(zr);ZTF
59861.3437153;17.150547;0.0161210429;ZTF;ZTF(zr);ZTF
59866.3036574;17.7494335;0.0217922926;ZTF;ZTF(zg);ZTF
59867.2811806;17.6946602;0.0211402997;ZTF;ZTF(zg);ZTF
59867.2878704;17.7273464;0.0253230426;ZTF;ZTF(zg);ZTF
59878.2468403;17.073307;0.0155643616;ZTF;ZTF(zr);ZTF
59880.1449537;17.0441341;0.0153647652;ZTF;ZTF(zr);ZTF
59880.1597454;17.0895462;0.0155872768;ZTF;ZTF(zr);ZTF
59882.1248611;16.7294559;0.0153669054;ZTF;ZTF(zi);ZTF
59882.1517477;17.6357956;0.024090955;ZTF;ZTF(zg);ZTF
59882.1732755;17.7478771;0.0217733271;ZTF;ZTF(zg);ZTF
59888.2496181;17.7784004;0.0221503302;ZTF;ZTF(zg);ZTF
59902.28839999996;18.35;0.032433961734935;Gaia Alerts;GSA(G);Gaia Alerts
59914.1619213;17.0901947;0.0156825315;ZTF;ZTF(zr);ZTF
59919.60361076;13.462;0.038;NEOWISE;WISE(W1);NEOWISE
59919.60361076;13.373;0.085;NEOWISE;WISE(W2);NEOWISE
59919.73387762;13.488;0.04;NEOWISE;WISE(W1);NEOWISE
59919.73387762;13.53;0.115;NEOWISE;WISE(W2);NEOWISE
59919.86427172;13.624;0.041;NEOWISE;WISE(W1);NEOWISE
59919.86427172;13.607;0.148;NEOWISE;WISE(W2);NEOWISE
59919.92934149;13.661;0.122;NEOWISE;WISE(W2);NEOWISE
59919.92934149;13.572;0.039;NEOWISE;WISE(W1);NEOWISE
59919.99453852;13.522;0.042;NEOWISE;WISE(W1);NEOWISE
59919.99453852;13.457;0.122;NEOWISE;WISE(W2);NEOWISE
59920.05973565;13.568;0.043;NEOWISE;WISE(W1);NEOWISE
59920.05973565;13.439;0.094;NEOWISE;WISE(W2);NEOWISE
59920.25507216;13.501;0.093;NEOWISE;WISE(W2);NEOWISE
59920.25507216;13.516;0.04;NEOWISE;WISE(W1);NEOWISE
59920.25519953;13.543;0.056;NEOWISE;WISE(W1);NEOWISE
59920.25519953;13.592;0.094;NEOWISE;WISE(W2);NEOWISE
59920.32026925;13.692;0.112;NEOWISE;WISE(W2);NEOWISE
59920.32026925;13.468;0.036;NEOWISE;WISE(W1);NEOWISE
59920.38546633;13.481;0.037;NEOWISE;WISE(W1);NEOWISE
59920.38546633;13.593;0.13;NEOWISE;WISE(W2);NEOWISE
59920.58093021;13.603;0.041;NEOWISE;WISE(W1);NEOWISE
59920.58093021;13.549;0.143;NEOWISE;WISE(W2);NEOWISE
59920.711197;13.543;0.04;NEOWISE;WISE(W1);NEOWISE
59920.711197;13.446;0.088;NEOWISE;WISE(W2);NEOWISE
59921.71254999982;18.25;0.030549211132155155;Gaia Alerts;GSA(G);Gaia Alerts
59921.78653999977;18.22;0.030005440024430934;Gaia Alerts;GSA(G);Gaia Alerts
59954.43651999999;18.48;0.0350590383932613;Gaia Alerts;GSA(G);Gaia Alerts
59954.51052000001;18.32;0.031856642365731165;Gaia Alerts;GSA(G);Gaia Alerts
59995.41582999984;18.27;0.03091718893891704;Gaia Alerts;GSA(G);Gaia Alerts
59995.48983999994;18.4;0.03341950400261143;Gaia Alerts;GSA(G);Gaia Alerts
59995.66598000005;18.53;0.036124346556446175;Gaia Alerts;GSA(G);Gaia Alerts
60008.67229000013;18.41;0.03362017734543793;Gaia Alerts;GSA(G);Gaia Alerts
60008.74630000023;18.46;0.034641764103524965;Gaia Alerts;GSA(G);Gaia Alerts
60008.922449999955;18.26;0.03073264929204296;Gaia Alerts;GSA(G);Gaia Alerts
60008.99646000005;18.41;0.03362017734543793;Gaia Alerts;GSA(G);Gaia Alerts
60069.91845999984;18.15;0.028773984147356668;Gaia Alerts;GSA(G);Gaia Alerts
60069.99246999994;18.25;0.030549211132155155;Gaia Alerts;GSA(G);Gaia Alerts
60094.172739999834;18.2;0.029648313895243455;Gaia Alerts;GSA(G);Gaia Alerts
60094.24674999993;18.32;0.031856642365731165;Gaia Alerts;GSA(G);Gaia Alerts
60122.02238464;13.326;0.115;NEOWISE;WISE(W2);NEOWISE
60122.02238464;13.559;0.043;NEOWISE;WISE(W1);NEOWISE
60122.15214194;13.524;0.158;NEOWISE;WISE(W2);NEOWISE
60122.15214194;13.482;0.038;NEOWISE;WISE(W1);NEOWISE
60122.2818992;13.712;0.054;NEOWISE;WISE(W1);NEOWISE
60122.2818992;13.761;0.175;NEOWISE;WISE(W2);NEOWISE
60122.34671414;13.915;0.052;NEOWISE;WISE(W1);NEOWISE
60122.34671414;14.179;0.186;NEOWISE;WISE(W2);NEOWISE
60122.34684146;14.128;0.067;NEOWISE;WISE(W1);NEOWISE
60122.4116565;13.76;0.248;NEOWISE;WISE(W2);NEOWISE
60122.4116565;13.516;0.052;NEOWISE;WISE(W1);NEOWISE
60122.47647149;13.478;0.043;NEOWISE;WISE(W1);NEOWISE
60122.47647149;13.434;0.125;NEOWISE;WISE(W2);NEOWISE
60122.54141375;13.903;0.184;NEOWISE;WISE(W2);NEOWISE
60122.54141375;14.057;0.064;NEOWISE;WISE(W1);NEOWISE
60122.6062287;13.496;0.038;NEOWISE;WISE(W1);NEOWISE
60122.6062287;13.542;0.135;NEOWISE;WISE(W2);NEOWISE
60122.67117096;13.533;0.154;NEOWISE;WISE(W2);NEOWISE
60122.67117096;13.512;0.043;NEOWISE;WISE(W1);NEOWISE
60122.73598596;13.612;0.042;NEOWISE;WISE(W1);NEOWISE
60122.73598596;13.771;0.344;NEOWISE;WISE(W2);NEOWISE
60122.80080095;15.474;0.189;NEOWISE;WISE(W1);NEOWISE
60122.80092831;14.047;0.061;NEOWISE;WISE(W1);NEOWISE
60122.80092831;14.292;0.209;NEOWISE;WISE(W2);NEOWISE
60122.86574325;13.352;0.122;NEOWISE;WISE(W2);NEOWISE
60122.86574325;13.437;0.043;NEOWISE;WISE(W1);NEOWISE
60122.9955006;13.64;0.049;NEOWISE;WISE(W1);NEOWISE
60122.9955006;13.615;0.122;NEOWISE;WISE(W2);NEOWISE
60123.12474851;13.285;0.128;NEOWISE;WISE(W2);NEOWISE
60123.12474851;13.488;0.039;NEOWISE;WISE(W1);NEOWISE
60123.25450571;13.493;0.041;NEOWISE;WISE(W1);NEOWISE
60123.25450571;13.357;0.112;NEOWISE;WISE(W2);NEOWISE
60127.48470999999;17.62;0.020950770523651848;Gaia Alerts;GSA(G);Gaia Alerts
60127.660879999865;17.87;0.024333243383582524;Gaia Alerts;GSA(G);Gaia Alerts
60167.12674000021;17.18;0.01609904076215707;Gaia Alerts;GSA(G);Gaia Alerts
60167.20073999977;17.15;0.015812480392703825;Gaia Alerts;GSA(G);Gaia Alerts
60180.88183999993;17.45;0.01892343618644976;Gaia Alerts;GSA(G);Gaia Alerts
60180.955860000104;17.42;0.018586602026885415;Gaia Alerts;GSA(G);Gaia Alerts
60231.063310000114;18.08;0.027593068558175116;Gaia Alerts;GSA(G);Gaia Alerts
60231.313469999935;18.13;0.02843151486273759;Gaia Alerts;GSA(G);Gaia Alerts
60231.56363000022;18.08;0.027593068558175116;Gaia Alerts;GSA(G);Gaia Alerts
60231.81380000012;18.11;0.028093121663317743;Gaia Alerts;GSA(G);Gaia Alerts
60232.06395999994;18.1;0.02792543841237342;Gaia Alerts;GSA(G);Gaia Alerts
60277.58167999983;18.28;0.031102836686851484;Gaia Alerts;GSA(G);Gaia Alerts
60283.81687132;13.562;0.144;NEOWISE;WISE(W2);NEOWISE
60283.81687132;13.717;0.042;NEOWISE;WISE(W1);NEOWISE
60283.94599205;13.566;0.138;NEOWISE;WISE(W2);NEOWISE
60283.94599205;13.519;0.04;NEOWISE;WISE(W1);NEOWISE
60284.07524009;13.53;0.042;NEOWISE;WISE(W1);NEOWISE
60284.07524009;13.558;0.123;NEOWISE;WISE(W2);NEOWISE
60284.20436078;13.52;0.097;NEOWISE;WISE(W2);NEOWISE
60284.20436078;13.657;0.041;NEOWISE;WISE(W1);NEOWISE
60284.26892111;13.259;0.08;NEOWISE;WISE(W2);NEOWISE
60284.26892111;13.443;0.048;NEOWISE;WISE(W1);NEOWISE
60284.33348146;13.595;0.043;NEOWISE;WISE(W1);NEOWISE
60284.33348146;13.596;0.097;NEOWISE;WISE(W2);NEOWISE
60284.33360882;13.477;0.088;NEOWISE;WISE(W2);NEOWISE
60284.33360882;13.537;0.043;NEOWISE;WISE(W1);NEOWISE
60284.39816921;13.701;0.05;NEOWISE;WISE(W1);NEOWISE
60284.39816921;13.64;0.109;NEOWISE;WISE(W2);NEOWISE
60284.59185019;13.915;0.049;NEOWISE;WISE(W1);NEOWISE
60284.59185019;13.743;0.103;NEOWISE;WISE(W2);NEOWISE
60284.65653789;13.495;0.037;NEOWISE;WISE(W1);NEOWISE
60284.65653789;13.404;0.097;NEOWISE;WISE(W2);NEOWISE
60284.78565914;13.538;0.11;NEOWISE;WISE(W2);NEOWISE
60284.78565914;13.889;0.048;NEOWISE;WISE(W1);NEOWISE
60284.91477987;13.457;0.038;NEOWISE;WISE(W1);NEOWISE
60284.91477987;13.363;0.094;NEOWISE;WISE(W2);NEOWISE
60284.91490719;13.496;0.048;NEOWISE;WISE(W1);NEOWISE
60284.91490719;13.432;0.079;NEOWISE;WISE(W2);NEOWISE
60285.04402796;13.379;0.034;NEOWISE;WISE(W1);NEOWISE
60285.04402796;13.366;0.081;NEOWISE;WISE(W2);NEOWISE
60300.501120000146;18.2;0.029648313895243455;Gaia Alerts;GSA(G);Gaia Alerts
60300.57512999978;18.14;0.028602236939542832;Gaia Alerts;GSA(G);Gaia Alerts
60330.55786000006;18.37;0.03282464213752176;Gaia Alerts;GSA(G);Gaia Alerts
60404.508669;16.9767914;0.0149252089;ZTF;ZTF(zr);ZTF
60404.5117593;17.0753479;0.0155785382;ZTF;ZTF(zr);ZTF
60404.5153472;17.0464096;0.015380132;ZTF;ZTF(zr);ZTF
60407.5061227;17.0368156;0.0153155811;ZTF;ZTF(zr);ZTF
60407.5095139;17.0105762;0.0151421037;ZTF;ZTF(zr);ZTF
60407.5145255;17.0802708;0.0156128556;ZTF;ZTF(zr);ZTF
60420.4913773;17.0408249;0.0153424814;ZTF;ZTF(zr);ZTF
60420.494919;17.0288811;0.0152626513;ZTF;ZTF(zr);ZTF
60420.4993634;17.0047569;0.0151042258;ZTF;ZTF(zr);ZTF
60421.4910185;17.104023;0.0157807469;ZTF;ZTF(zr);ZTF
60421.494375;17.0280342;0.0152570298;ZTF;ZTF(zr);ZTF
60421.4988194;17.0294647;0.0152665339;ZTF;ZTF(zr);ZTF
60422.4892824;17.0613728;0.0154820234;ZTF;ZTF(zr);ZTF
60422.4926736;17.0561333;0.0154461768;ZTF;ZTF(zr);ZTF
60422.4961227;17.0688953;0.0155338096;ZTF;ZTF(zr);ZTF
