MJD;Magnitude;Error;Facility;Filter;Observer
51079.255700000096;15.893;0.263;2MASS;2MASS(K);2MASS
51079.255700000096;16.316;0.225;2MASS;2MASS(H);2MASS
51079.255700000096;16.83;0.138;2MASS;2MASS(J);2MASS
51459.31776801;18.581388;0.014353347;SDSS;SDSS(r);SDSS
51459.31859728;18.259903;0.017222572;SDSS;SDSS(i);SDSS
51459.3194265401;20.715925;0.073214814;SDSS;SDSS(u);SDSS
51459.32025581;18.039936;0.03484451;SDSS;SDSS(z);SDSS
51459.32108507;19.206202;0.015646882;SDSS;SDSS(g);SDSS
53627.32478;18.39;0.15;CRTS;CRTS(CL);CRTS
53627.3599;18.09;0.12;CRTS;CRTS(CL);CRTS
53627.36648;18.07;0.12;CRTS;CRTS(CL);CRTS
53627.37303;18.06;0.12;CRTS;CRTS(CL);CRTS
53627.37967;18.15;0.12;CRTS;CRTS(CL);CRTS
53648.34869;18.23;0.13;CRTS;CRTS(CL);CRTS
53648.35795;18.39;0.14;CRTS;CRTS(CL);CRTS
53648.36719;18.28;0.13;CRTS;CRTS(CL);CRTS
53648.37643;18.25;0.13;CRTS;CRTS(CL);CRTS
53654.3336;18.09;0.12;CRTS;CRTS(CL);CRTS
53654.33896;18.09;0.12;CRTS;CRTS(CL);CRTS
53654.34427;18.08;0.12;CRTS;CRTS(CL);CRTS
53654.34963;18.06;0.12;CRTS;CRTS(CL);CRTS
53670.30799;18.18;0.12;CRTS;CRTS(CL);CRTS
53670.31653;18.08;0.12;CRTS;CRTS(CL);CRTS
53670.32529;18.12;0.12;CRTS;CRTS(CL);CRTS
53670.33385;18.29;0.13;CRTS;CRTS(CL);CRTS
53675.26958;18.32;0.13;CRTS;CRTS(CL);CRTS
53675.276;18.38;0.13;CRTS;CRTS(CL);CRTS
53675.28242;18.41;0.13;CRTS;CRTS(CL);CRTS
53675.28886;18.24;0.12;CRTS;CRTS(CL);CRTS
53704.2337;18.16;0.12;CRTS;CRTS(CL);CRTS
53704.24229;18.19;0.12;CRTS;CRTS(CL);CRTS
53704.25087;18.22;0.12;CRTS;CRTS(CL);CRTS
53704.25952;18.19;0.12;CRTS;CRTS(CL);CRTS
53710.18904;18.18;0.12;CRTS;CRTS(CL);CRTS
53710.19654;18.29;0.12;CRTS;CRTS(CL);CRTS
53710.20403;18.34;0.13;CRTS;CRTS(CL);CRTS
53710.2115;18.33;0.13;CRTS;CRTS(CL);CRTS
53729.15547;18.3;0.13;CRTS;CRTS(CL);CRTS
53729.16342;18.19;0.12;CRTS;CRTS(CL);CRTS
53729.17142;18.18;0.12;CRTS;CRTS(CL);CRTS
53729.17939;18.34;0.13;CRTS;CRTS(CL);CRTS
53996.3103;18.3;0.12;CRTS;CRTS(CL);CRTS
53996.31675;18.14;0.11;CRTS;CRTS(CL);CRTS
53996.3232;18.18;0.12;CRTS;CRTS(CL);CRTS
53996.32968;18.39;0.13;CRTS;CRTS(CL);CRTS
54004.38414;18.03;0.11;CRTS;CRTS(CL);CRTS
54004.39296;18.21;0.12;CRTS;CRTS(CL);CRTS
54004.40173;18.23;0.12;CRTS;CRTS(CL);CRTS
54004.41049;18.36;0.12;CRTS;CRTS(CL);CRTS
54024.26649;18.3;0.12;CRTS;CRTS(CL);CRTS
54024.27426;18.25;0.12;CRTS;CRTS(CL);CRTS
54024.28206;18.23;0.12;CRTS;CRTS(CL);CRTS
54024.28988;18.11;0.11;CRTS;CRTS(CL);CRTS
54030.30888;18.18;0.12;CRTS;CRTS(CL);CRTS
54030.31533;18.2;0.12;CRTS;CRTS(CL);CRTS
54030.32181;18.18;0.12;CRTS;CRTS(CL);CRTS
54030.32829;18.2;0.12;CRTS;CRTS(CL);CRTS
54055.23737;18.13;0.11;CRTS;CRTS(CL);CRTS
54055.2493;18.36;0.12;CRTS;CRTS(CL);CRTS
54055.26126;18.27;0.11;CRTS;CRTS(CL);CRTS
54055.27322;18.11;0.11;CRTS;CRTS(CL);CRTS
54090.15228;18.3;0.12;CRTS;CRTS(CL);CRTS
54090.16006;18.19;0.12;CRTS;CRTS(CL);CRTS
54090.16782;18.27;0.12;CRTS;CRTS(CL);CRTS
54090.17558;18.47;0.13;CRTS;CRTS(CL);CRTS
54355.39526;18.3;0.12;CRTS;CRTS(CL);CRTS
54355.40181;18.29;0.12;CRTS;CRTS(CL);CRTS
54355.40837;18.2;0.12;CRTS;CRTS(CL);CRTS
54355.41487;18.26;0.12;CRTS;CRTS(CL);CRTS
54383.28052;18.13;0.12;CRTS;CRTS(CL);CRTS
54383.28645;18.25;0.12;CRTS;CRTS(CL);CRTS
54383.29242;18.28;0.12;CRTS;CRTS(CL);CRTS
54383.29835;18.25;0.12;CRTS;CRTS(CL);CRTS
54388.31146;18.34;0.12;CRTS;CRTS(CL);CRTS
54388.31954;18.26;0.12;CRTS;CRTS(CL);CRTS
54388.32757;18.23;0.12;CRTS;CRTS(CL);CRTS
54388.33567;18.23;0.12;CRTS;CRTS(CL);CRTS
54392.30928;18.16;0.12;CRTS;CRTS(CL);CRTS
54392.31852;18.09;0.11;CRTS;CRTS(CL);CRTS
54392.32773;18.21;0.12;CRTS;CRTS(CL);CRTS
54392.33699;18.29;0.12;CRTS;CRTS(CL);CRTS
54406.23749;18.0;0.11;CRTS;CRTS(CL);CRTS
54406.24403;18.11;0.11;CRTS;CRTS(CL);CRTS
54406.25054;18.15;0.12;CRTS;CRTS(CL);CRTS
54406.25704;18.19;0.12;CRTS;CRTS(CL);CRTS
54415.20059;18.23;0.12;CRTS;CRTS(CL);CRTS
54415.2076;18.29;0.12;CRTS;CRTS(CL);CRTS
54415.21463;18.11;0.11;CRTS;CRTS(CL);CRTS
54415.22162;18.17;0.12;CRTS;CRTS(CL);CRTS
54421.21532;18.39;0.13;CRTS;CRTS(CL);CRTS
54421.226;18.31;0.12;CRTS;CRTS(CL);CRTS
54421.2367;18.19;0.12;CRTS;CRTS(CL);CRTS
54421.24742;18.17;0.12;CRTS;CRTS(CL);CRTS
54440.15136;18.29;0.12;CRTS;CRTS(CL);CRTS
54440.15891;18.13;0.11;CRTS;CRTS(CL);CRTS
54440.16643;18.18;0.12;CRTS;CRTS(CL);CRTS
54440.17395;18.22;0.12;CRTS;CRTS(CL);CRTS
54466.17723;18.26;0.12;CRTS;CRTS(CL);CRTS
54466.18376;18.14;0.12;CRTS;CRTS(CL);CRTS
54466.19029;18.2;0.12;CRTS;CRTS(CL);CRTS
54466.19681;18.2;0.12;CRTS;CRTS(CL);CRTS
54483.14757;18.18;0.12;CRTS;CRTS(CL);CRTS
54483.15512;18.24;0.12;CRTS;CRTS(CL);CRTS
54483.16268;18.21;0.12;CRTS;CRTS(CL);CRTS
54483.17022;18.14;0.12;CRTS;CRTS(CL);CRTS
54505.08431;17.99;0.12;CRTS;CRTS(CL);CRTS
54505.08914;17.98;0.12;CRTS;CRTS(CL);CRTS
54505.09401;18.16;0.13;CRTS;CRTS(CL);CRTS
54505.09886;18.23;0.13;CRTS;CRTS(CL);CRTS
54717.38848;18.3;0.12;CRTS;CRTS(CL);CRTS
54717.3938;18.23;0.12;CRTS;CRTS(CL);CRTS
54717.39917;18.16;0.12;CRTS;CRTS(CL);CRTS
54717.40447;18.28;0.12;CRTS;CRTS(CL);CRTS
54730.44623;18.35;0.12;CRTS;CRTS(CL);CRTS
54730.45263;18.1;0.11;CRTS;CRTS(CL);CRTS
54730.45904;18.28;0.12;CRTS;CRTS(CL);CRTS
54730.46546;18.13;0.12;CRTS;CRTS(CL);CRTS
54740.34197;18.27;0.12;CRTS;CRTS(CL);CRTS
54740.35126;17.94;0.11;CRTS;CRTS(CL);CRTS
54740.36048;18.3;0.13;CRTS;CRTS(CL);CRTS
54740.36966;17.98;0.11;CRTS;CRTS(CL);CRTS
54747.3502;18.21;0.12;CRTS;CRTS(CL);CRTS
54747.35992;18.43;0.13;CRTS;CRTS(CL);CRTS
54747.36966;18.41;0.13;CRTS;CRTS(CL);CRTS
54747.3794;18.31;0.12;CRTS;CRTS(CL);CRTS
54769.32669839;18.723269;0.03050938;SDSS;SDSS(r);SDSS
54769.32752765;18.339405;0.04255553;SDSS;SDSS(i);SDSS
54769.32835692;20.711714;0.08691252;SDSS;SDSS(u);SDSS
54769.32918618;18.096085;0.035430018;SDSS;SDSS(z);SDSS
54769.33001545;19.278372;0.029123854;SDSS;SDSS(g);SDSS
54773.2439;18.2;0.12;CRTS;CRTS(CL);CRTS
54773.24993;18.14;0.11;CRTS;CRTS(CL);CRTS
54773.25588;18.19;0.12;CRTS;CRTS(CL);CRTS
54773.26186;18.25;0.12;CRTS;CRTS(CL);CRTS
54790.24793;18.34;0.12;CRTS;CRTS(CL);CRTS
54790.25579;18.29;0.12;CRTS;CRTS(CL);CRTS
54790.26362;18.01;0.11;CRTS;CRTS(CL);CRTS
54790.2715;18.19;0.12;CRTS;CRTS(CL);CRTS
54801.21708;18.1;0.11;CRTS;CRTS(CL);CRTS
54801.22489;18.48;0.13;CRTS;CRTS(CL);CRTS
54801.23282;18.0;0.11;CRTS;CRTS(CL);CRTS
54801.24073;18.32;0.12;CRTS;CRTS(CL);CRTS
54831.15107;18.33;0.12;CRTS;CRTS(CL);CRTS
54831.16078;18.18;0.12;CRTS;CRTS(CL);CRTS
54831.17034;18.4;0.13;CRTS;CRTS(CL);CRTS
54831.17989;17.92;0.11;CRTS;CRTS(CL);CRTS
55063.42798;18.25;0.13;CRTS;CRTS(CL);CRTS
55063.4351;18.41;0.14;CRTS;CRTS(CL);CRTS
55063.44233;18.1;0.12;CRTS;CRTS(CL);CRTS
55063.44957;18.26;0.13;CRTS;CRTS(CL);CRTS
55073.41425;17.95;0.17;CRTS;CRTS(CL);CRTS
55073.41818;18.3;0.18;CRTS;CRTS(CL);CRTS
55073.42207;18.33;0.17;CRTS;CRTS(CL);CRTS
55073.4259;18.24;0.16;CRTS;CRTS(CL);CRTS
55090.36879;18.16;0.12;CRTS;CRTS(CL);CRTS
55090.37757;18.17;0.12;CRTS;CRTS(CL);CRTS
55090.38641;18.14;0.12;CRTS;CRTS(CL);CRTS
55090.39512;18.16;0.12;CRTS;CRTS(CL);CRTS
55098.41881;18.22;0.12;CRTS;CRTS(CL);CRTS
55098.42551;18.16;0.12;CRTS;CRTS(CL);CRTS
55098.43235;18.44;0.13;CRTS;CRTS(CL);CRTS
55098.43913;18.32;0.13;CRTS;CRTS(CL);CRTS
55119.28442;18.23;0.11;CRTS;CRTS(CL);CRTS
55119.29241;18.28;0.11;CRTS;CRTS(CL);CRTS
55119.30034;18.29;0.11;CRTS;CRTS(CL);CRTS
55119.30827;18.37;0.11;CRTS;CRTS(CL);CRTS
55131.2392;17.95;0.11;CRTS;CRTS(CL);CRTS
55131.24706;18.17;0.12;CRTS;CRTS(CL);CRTS
55131.25476;18.19;0.12;CRTS;CRTS(CL);CRTS
55131.26257;18.37;0.13;CRTS;CRTS(CL);CRTS
55153.21011;18.23;0.12;CRTS;CRTS(CL);CRTS
55153.21736;18.25;0.12;CRTS;CRTS(CL);CRTS
55153.22469;18.24;0.12;CRTS;CRTS(CL);CRTS
55153.23187;18.18;0.12;CRTS;CRTS(CL);CRTS
55180.18186;17.95;0.11;CRTS;CRTS(CL);CRTS
55180.19074;18.25;0.12;CRTS;CRTS(CL);CRTS
55180.19964;18.13;0.12;CRTS;CRTS(CL);CRTS
55180.20862;18.03;0.11;CRTS;CRTS(CL);CRTS
55206.2286907;15.428;0.139;ALLWISE;WISE(W1);ALLWISE
55206.2949067;14.709;0.24;ALLWISE;WISE(W2);ALLWISE
55206.2949067;15.377;0.144;ALLWISE;WISE(W1);ALLWISE
55206.3611227;14.855;0.376;ALLWISE;WISE(W2);ALLWISE
55206.3611227;15.903;0.246;ALLWISE;WISE(W1);ALLWISE
55206.4272114;15.43;0.463;ALLWISE;WISE(W2);ALLWISE
55206.4272114;15.308;0.126;ALLWISE;WISE(W1);ALLWISE
55212.09493;18.25;0.12;CRTS;CRTS(CL);CRTS
55212.10171;18.13;0.12;CRTS;CRTS(CL);CRTS
55212.10904;18.21;0.12;CRTS;CRTS(CL);CRTS
55212.11594;18.28;0.12;CRTS;CRTS(CL);CRTS
55391.8382041;15.04;0.312;ALLWISE;WISE(W2);ALLWISE
55391.8382041;15.165;0.115;ALLWISE;WISE(W1);ALLWISE
55391.8383314;15.319;0.394;ALLWISE;WISE(W2);ALLWISE
55391.8383314;15.543;0.15;ALLWISE;WISE(W1);ALLWISE
55391.9705078;14.781;0.264;ALLWISE;WISE(W2);ALLWISE
55391.9705078;15.153;0.109;ALLWISE;WISE(W1);ALLWISE
55392.1028116;15.299;0.15;ALLWISE;WISE(W1);ALLWISE
55392.2351152;15.092;0.382;ALLWISE;WISE(W2);ALLWISE
55392.2351152;15.412;0.128;ALLWISE;WISE(W1);ALLWISE
55392.3013308;15.505;0.153;ALLWISE;WISE(W1);ALLWISE
55392.367419;14.978;0.304;ALLWISE;WISE(W2);ALLWISE
55392.367419;15.373;0.144;ALLWISE;WISE(W1);ALLWISE
55392.4336345;15.383;0.421;ALLWISE;WISE(W2);ALLWISE
55392.4336345;15.227;0.128;ALLWISE;WISE(W1);ALLWISE
55392.4997227;15.356;0.13;ALLWISE;WISE(W1);ALLWISE
55392.565939;15.305;0.127;ALLWISE;WISE(W1);ALLWISE
55392.565939;14.775;0.278;ALLWISE;WISE(W2);ALLWISE
55392.6981154;15.209;0.116;ALLWISE;WISE(W1);ALLWISE
55392.6982428;15.235;0.119;ALLWISE;WISE(W1);ALLWISE
55392.8304192;15.158;0.395;ALLWISE;WISE(W2);ALLWISE
55392.8304192;15.446;0.144;ALLWISE;WISE(W1);ALLWISE
55392.962723;15.152;0.109;ALLWISE;WISE(W1);ALLWISE
55392.962723;14.621;0.25;ALLWISE;WISE(W2);ALLWISE
55476.31214;18.17;0.12;CRTS;CRTS(CL);CRTS
55476.32712;18.13;0.12;CRTS;CRTS(CL);CRTS
55476.33465;18.2;0.12;CRTS;CRTS(CL);CRTS
55488.2283;18.29;0.13;CRTS;CRTS(CL);CRTS
55488.23872;17.92;0.11;CRTS;CRTS(CL);CRTS
55488.24396;18.54;0.14;CRTS;CRTS(CL);CRTS
55497.28507;18.62;0.14;CRTS;CRTS(CL);CRTS
55497.29908;18.15;0.12;CRTS;CRTS(CL);CRTS
55497.30599;18.34;0.13;CRTS;CRTS(CL);CRTS
55501.22872;18.06;0.11;CRTS;CRTS(CL);CRTS
55501.24551;17.83;0.16;CRTS;CRTS(CL);CRTS
55501.25394;18.06;0.2;CRTS;CRTS(CL);CRTS
55508.24531;18.27;0.12;CRTS;CRTS(CL);CRTS
55508.25803;18.09;0.12;CRTS;CRTS(CL);CRTS
55508.26437;18.15;0.12;CRTS;CRTS(CL);CRTS
55516.17849;18.37;0.13;CRTS;CRTS(CL);CRTS
55516.18877;18.53;0.14;CRTS;CRTS(CL);CRTS
55516.19393;18.5;0.14;CRTS;CRTS(CL);CRTS
55530.1797;18.07;0.11;CRTS;CRTS(CL);CRTS
55530.19518;18.19;0.12;CRTS;CRTS(CL);CRTS
55565.14419;18.41;0.13;CRTS;CRTS(CL);CRTS
55565.15157;18.24;0.12;CRTS;CRTS(CL);CRTS
55565.1591;18.25;0.12;CRTS;CRTS(CL);CRTS
55565.16656;18.37;0.13;CRTS;CRTS(CL);CRTS
55567.7923787;15.31;0.128;ALLWISE;WISE(W1);ALLWISE
55567.7923787;14.701;0.314;ALLWISE;WISE(W2);ALLWISE
55567.924683;15.435;0.144;ALLWISE;WISE(W1);ALLWISE
55567.924683;15.566;0.52;ALLWISE;WISE(W2);ALLWISE
55568.0569875;15.269;0.123;ALLWISE;WISE(W1);ALLWISE
55568.1891645;15.38;0.517;ALLWISE;WISE(W2);ALLWISE
55568.1891645;15.408;0.197;ALLWISE;WISE(W1);ALLWISE
55568.2553804;15.276;0.151;ALLWISE;WISE(W1);ALLWISE
55568.3214689;15.216;0.133;ALLWISE;WISE(W1);ALLWISE
55568.3214689;15.311;0.468;ALLWISE;WISE(W2);ALLWISE
55568.3875575;14.929;0.305;ALLWISE;WISE(W2);ALLWISE
55568.3875575;15.353;0.158;ALLWISE;WISE(W1);ALLWISE
55568.4537733;15.171;0.145;ALLWISE;WISE(W1);ALLWISE
55568.4537733;14.787;0.258;ALLWISE;WISE(W2);ALLWISE
55568.5198618;15.295;0.123;ALLWISE;WISE(W1);ALLWISE
55568.5198618;15.254;0.43;ALLWISE;WISE(W2);ALLWISE
55568.6521662;15.377;0.134;ALLWISE;WISE(W1);ALLWISE
55568.6521662;15.466;0.519;ALLWISE;WISE(W2);ALLWISE
55568.7843433;15.377;0.139;ALLWISE;WISE(W1);ALLWISE
55568.7843433;15.094;0.371;ALLWISE;WISE(W2);ALLWISE
55600.09919;18.12;0.12;CRTS;CRTS(CL);CRTS
55600.10603;17.95;0.11;CRTS;CRTS(CL);CRTS
55600.11297;18.15;0.12;CRTS;CRTS(CL);CRTS
55600.11991;18.07;0.12;CRTS;CRTS(CL);CRTS
55824.42219;18.18;0.12;CRTS;CRTS(CL);CRTS
55824.42896;18.09;0.11;CRTS;CRTS(CL);CRTS
55824.43575;18.17;0.12;CRTS;CRTS(CL);CRTS
55824.44244;18.35;0.13;CRTS;CRTS(CL);CRTS
55835.28445;18.2;0.12;CRTS;CRTS(CL);CRTS
55835.29353;18.17;0.12;CRTS;CRTS(CL);CRTS
55835.30254;18.14;0.12;CRTS;CRTS(CL);CRTS
55835.31172;18.32;0.13;CRTS;CRTS(CL);CRTS
55851.25396;17.82;0.1;CRTS;CRTS(CL);CRTS
55851.26244;18.24;0.12;CRTS;CRTS(CL);CRTS
55851.27096;18.34;0.13;CRTS;CRTS(CL);CRTS
55851.27952;18.26;0.12;CRTS;CRTS(CL);CRTS
55861.34545;18.33;0.13;CRTS;CRTS(CL);CRTS
55861.35297;18.1;0.12;CRTS;CRTS(CL);CRTS
55861.3605;18.05;0.11;CRTS;CRTS(CL);CRTS
55861.36807;18.16;0.12;CRTS;CRTS(CL);CRTS
55868.21136;18.47;0.12;CRTS;CRTS(CL);CRTS
55868.21886;18.37;0.11;CRTS;CRTS(CL);CRTS
55868.2263;18.5;0.12;CRTS;CRTS(CL);CRTS
55868.23381;18.2;0.11;CRTS;CRTS(CL);CRTS
55882.21558;18.09;0.11;CRTS;CRTS(CL);CRTS
55882.22178;18.25;0.12;CRTS;CRTS(CL);CRTS
55882.22807;18.14;0.12;CRTS;CRTS(CL);CRTS
55882.23436;18.21;0.12;CRTS;CRTS(CL);CRTS
55942.1676515;18.2779;0.006136;PS1;PS1(z);PS1
56014.452763;19.2253;0.006088;PS1;PS1(g);PS1
56144.3036231;18.7549;0.004718;PS1;PS1(r);PS1
56188.41838;18.22;0.12;CRTS;CRTS(CL);CRTS
56188.4241;18.44;0.13;CRTS;CRTS(CL);CRTS
56188.42973;18.12;0.12;CRTS;CRTS(CL);CRTS
56188.43543;18.18;0.12;CRTS;CRTS(CL);CRTS
56215.30949;18.1;0.12;CRTS;CRTS(CL);CRTS
56215.31795;18.25;0.12;CRTS;CRTS(CL);CRTS
56215.32655;18.55;0.14;CRTS;CRTS(CL);CRTS
56215.33503;18.37;0.13;CRTS;CRTS(CL);CRTS
56223.20199;18.25;0.12;CRTS;CRTS(CL);CRTS
56223.20882;18.23;0.12;CRTS;CRTS(CL);CRTS
56223.21388;18.2;0.12;CRTS;CRTS(CL);CRTS
56223.21899;18.44;0.13;CRTS;CRTS(CL);CRTS
56238.24094;18.14;0.11;CRTS;CRTS(CL);CRTS
56238.24892;18.26;0.11;CRTS;CRTS(CL);CRTS
56238.2569;18.19;0.11;CRTS;CRTS(CL);CRTS
56238.26483;18.26;0.11;CRTS;CRTS(CL);CRTS
56273.22158;18.16;0.11;CRTS;CRTS(CL);CRTS
56273.22769;18.23;0.11;CRTS;CRTS(CL);CRTS
56273.2338;18.28;0.11;CRTS;CRTS(CL);CRTS
56273.23992;18.33;0.11;CRTS;CRTS(CL);CRTS
56308.5910723;18.5002;0.003054;PS1;PS1(i);PS1
56540.42762;18.1;0.12;CRTS;CRTS(CL);CRTS
56540.43275;18.16;0.13;CRTS;CRTS(CL);CRTS
56540.43784;18.42;0.14;CRTS;CRTS(CL);CRTS
56540.44286;18.42;0.14;CRTS;CRTS(CL);CRTS
56548.36827;18.06;0.12;CRTS;CRTS(CL);CRTS
56548.37495;18.28;0.13;CRTS;CRTS(CL);CRTS
56548.38169;18.33;0.14;CRTS;CRTS(CL);CRTS
56548.38843;18.41;0.14;CRTS;CRTS(CL);CRTS
56565.4559;18.26;0.12;CRTS;CRTS(CL);CRTS
56565.46095;18.21;0.12;CRTS;CRTS(CL);CRTS
56565.46603;18.32;0.13;CRTS;CRTS(CL);CRTS
56565.47108;18.42;0.13;CRTS;CRTS(CL);CRTS
56571.34633;18.27;0.12;CRTS;CRTS(CL);CRTS
56571.35307;18.21;0.12;CRTS;CRTS(CL);CRTS
56571.35989;18.21;0.12;CRTS;CRTS(CL);CRTS
56571.36662;18.3;0.12;CRTS;CRTS(CL);CRTS
56596.25514;18.05;0.11;CRTS;CRTS(CL);CRTS
56596.26276;18.38;0.13;CRTS;CRTS(CL);CRTS
56596.27039;18.18;0.12;CRTS;CRTS(CL);CRTS
56596.27802;18.11;0.12;CRTS;CRTS(CL);CRTS
56665.12464088;15.598;0.203;NEOWISE;WISE(W1);NEOWISE
56665.12464088;14.619;0.416;NEOWISE;WISE(W2);NEOWISE
56668.08932793;15.624;0.195;NEOWISE;WISE(W1);NEOWISE
56668.08932793;14.341;0.336;NEOWISE;WISE(W2);NEOWISE
56668.22112284;15.299;0.138;NEOWISE;WISE(W1);NEOWISE
56668.22112284;14.731;0.445;NEOWISE;WISE(W2);NEOWISE
56668.35291784;15.419;0.144;NEOWISE;WISE(W1);NEOWISE
56668.35291784;14.961;0.474;NEOWISE;WISE(W2);NEOWISE
56668.48471284;15.052;0.143;NEOWISE;WISE(W1);NEOWISE
56668.55054665;14.829;0.414;NEOWISE;WISE(W2);NEOWISE
56668.55054665;15.092;0.132;NEOWISE;WISE(W1);NEOWISE
56668.61638047;15.293;0.15;NEOWISE;WISE(W1);NEOWISE
56668.61650779;14.909;0.39;NEOWISE;WISE(W2);NEOWISE
56668.61650779;15.162;0.124;NEOWISE;WISE(W1);NEOWISE
56668.68234166;15.457;0.203;NEOWISE;WISE(W1);NEOWISE
56668.68234166;15.154;0.446;NEOWISE;WISE(W2);NEOWISE
56668.74817547;15.372;0.506;NEOWISE;WISE(W2);NEOWISE
56668.74817547;15.22;0.118;NEOWISE;WISE(W1);NEOWISE
56668.81413667;14.858;0.331;NEOWISE;WISE(W2);NEOWISE
56668.81413667;15.129;0.128;NEOWISE;WISE(W1);NEOWISE
56668.94580431;15.077;0.106;NEOWISE;WISE(W1);NEOWISE
56668.94580431;14.879;0.374;NEOWISE;WISE(W2);NEOWISE
56668.94593167;15.306;0.133;NEOWISE;WISE(W1);NEOWISE
56669.07759926;15.285;0.128;NEOWISE;WISE(W1);NEOWISE
56669.07759926;15.031;0.451;NEOWISE;WISE(W2);NEOWISE
56853.96504154;15.188;0.152;NEOWISE;WISE(W1);NEOWISE
56854.09658134;15.187;0.495;NEOWISE;WISE(W2);NEOWISE
56854.09658134;15.094;0.113;NEOWISE;WISE(W1);NEOWISE
56854.22812105;15.099;0.112;NEOWISE;WISE(W1);NEOWISE
56854.29395462;15.453;0.17;NEOWISE;WISE(W1);NEOWISE
56854.35966087;15.313;0.138;NEOWISE;WISE(W1);NEOWISE
56854.42549442;15.571;0.171;NEOWISE;WISE(W1);NEOWISE
56854.42549442;14.917;0.538;NEOWISE;WISE(W2);NEOWISE
56854.49132794;15.393;0.155;NEOWISE;WISE(W1);NEOWISE
56854.55703414;15.413;0.2;NEOWISE;WISE(W1);NEOWISE
56854.55703414;14.536;0.343;NEOWISE;WISE(W2);NEOWISE
56854.68857385;15.185;0.149;NEOWISE;WISE(W1);NEOWISE
56854.68857385;15.039;0.501;NEOWISE;WISE(W2);NEOWISE
56854.82024093;15.361;0.179;NEOWISE;WISE(W1);NEOWISE
56854.95178073;15.388;0.148;NEOWISE;WISE(W1);NEOWISE
56857.2542976;15.144;0.154;NEOWISE;WISE(W1);NEOWISE
56857.3201311;15.223;0.172;NEOWISE;WISE(W1);NEOWISE
56857.38583729;15.108;0.185;NEOWISE;WISE(W1);NEOWISE
56857.45167085;14.89;0.537;NEOWISE;WISE(W2);NEOWISE
56857.45167085;15.447;0.173;NEOWISE;WISE(W1);NEOWISE
56857.51737704;15.095;0.148;NEOWISE;WISE(W1);NEOWISE
56857.51750435;15.289;0.138;NEOWISE;WISE(W1);NEOWISE
56857.58321054;14.943;0.104;NEOWISE;WISE(W1);NEOWISE
56857.71475023;14.589;0.314;NEOWISE;WISE(W2);NEOWISE
56857.71475023;15.291;0.145;NEOWISE;WISE(W1);NEOWISE
56857.84641738;14.308;0.306;NEOWISE;WISE(W2);NEOWISE
56857.84641738;15.662;0.178;NEOWISE;WISE(W1);NEOWISE
56857.97795713;14.916;0.416;NEOWISE;WISE(W2);NEOWISE
56857.97795713;15.24;0.122;NEOWISE;WISE(W1);NEOWISE
56899.19851000002;19.49;0.06418004244839187;Gaia Alerts;GSA(G);Gaia Alerts
56899.37467999989;19.63;0.06979109301999337;Gaia Alerts;GSA(G);Gaia Alerts
56899.624859999865;19.7;0.07277798045368242;Gaia Alerts;GSA(G);Gaia Alerts
57032.05697501;15.111;0.108;NEOWISE;WISE(W1);NEOWISE
57032.18838802;15.29;0.21;NEOWISE;WISE(W1);NEOWISE
57032.18838802;15.274;0.513;NEOWISE;WISE(W2);NEOWISE
57032.31980103;14.652;0.451;NEOWISE;WISE(W2);NEOWISE
57032.31980103;15.256;0.125;NEOWISE;WISE(W1);NEOWISE
57032.38550751;15.512;0.151;NEOWISE;WISE(W1);NEOWISE
57032.45121404;15.378;0.136;NEOWISE;WISE(W1);NEOWISE
57032.45121404;14.982;0.399;NEOWISE;WISE(W2);NEOWISE
57032.51692057;15.145;0.12;NEOWISE;WISE(W1);NEOWISE
57032.51692057;14.328;0.221;NEOWISE;WISE(W2);NEOWISE
57032.58262709;15.401;0.162;NEOWISE;WISE(W1);NEOWISE
57032.58262709;15.361;0.507;NEOWISE;WISE(W2);NEOWISE
57032.64833362;15.217;0.122;NEOWISE;WISE(W1);NEOWISE
57032.77974663;14.825;0.315;NEOWISE;WISE(W2);NEOWISE
57032.77974663;15.069;0.104;NEOWISE;WISE(W1);NEOWISE
57032.91115969;15.138;0.117;NEOWISE;WISE(W1);NEOWISE
57064.27171;19.48;0.06379696226625793;Gaia Alerts;GSA(G);Gaia Alerts
57064.3457200001;19.53;0.06573550444548981;Gaia Alerts;GSA(G);Gaia Alerts
57206.07824999979;19.63;0.06979109301999337;Gaia Alerts;GSA(G);Gaia Alerts
57206.15226999996;19.56;0.06692679069358422;Gaia Alerts;GSA(G);Gaia Alerts
57218.73623477;14.972;0.097;NEOWISE;WISE(W1);NEOWISE
57218.73623477;15.008;0.352;NEOWISE;WISE(W2);NEOWISE
57218.86739256;15.291;0.136;NEOWISE;WISE(W1);NEOWISE
57218.99867777;15.617;0.174;NEOWISE;WISE(W1);NEOWISE
57219.06425668;15.25;0.122;NEOWISE;WISE(W1);NEOWISE
57219.06425668;14.573;0.248;NEOWISE;WISE(W2);NEOWISE
57219.1298356;15.254;0.125;NEOWISE;WISE(W1);NEOWISE
57219.19541451;15.307;0.124;NEOWISE;WISE(W1);NEOWISE
57219.19541451;14.682;0.466;NEOWISE;WISE(W2);NEOWISE
57219.26099339;14.794;0.302;NEOWISE;WISE(W2);NEOWISE
57219.26099339;15.362;0.15;NEOWISE;WISE(W1);NEOWISE
57219.26112075;15.231;0.12;NEOWISE;WISE(W1);NEOWISE
57219.26112075;14.904;0.507;NEOWISE;WISE(W2);NEOWISE
57219.32669958;15.403;0.489;NEOWISE;WISE(W2);NEOWISE
57219.32669958;15.206;0.134;NEOWISE;WISE(W1);NEOWISE
57219.45785742;15.04;0.517;NEOWISE;WISE(W2);NEOWISE
57219.45785742;15.242;0.136;NEOWISE;WISE(W1);NEOWISE
57219.58914252;15.376;0.176;NEOWISE;WISE(W1);NEOWISE
57219.72030041;15.224;0.156;NEOWISE;WISE(W1);NEOWISE
57258.645049999934;19.47;0.06341616862711065;Gaia Alerts;GSA(G);Gaia Alerts
57258.82121999981;19.74;0.07454182133789901;Gaia Alerts;GSA(G);Gaia Alerts
57389.588969999924;19.57;0.06732866448596864;Gaia Alerts;GSA(G);Gaia Alerts
57389.66295999987;19.42;0.06154602373713175;Gaia Alerts;GSA(G);Gaia Alerts
57391.65318762;15.362;0.154;NEOWISE;WISE(W1);NEOWISE
57391.65318762;14.995;0.377;NEOWISE;WISE(W2);NEOWISE
57391.65331493;15.217;0.119;NEOWISE;WISE(W1);NEOWISE
57391.65331493;14.796;0.413;NEOWISE;WISE(W2);NEOWISE
57391.78434617;15.572;0.153;NEOWISE;WISE(W1);NEOWISE
57391.91550469;15.342;0.137;NEOWISE;WISE(W1);NEOWISE
57391.98108399;15.268;0.13;NEOWISE;WISE(W1);NEOWISE
57392.04666324;15.318;0.517;NEOWISE;WISE(W2);NEOWISE
57392.04666324;15.242;0.115;NEOWISE;WISE(W1);NEOWISE
57392.11224255;15.687;0.183;NEOWISE;WISE(W1);NEOWISE
57392.17782185;15.291;0.135;NEOWISE;WISE(W1);NEOWISE
57392.24327375;15.332;0.151;NEOWISE;WISE(W1);NEOWISE
57392.37443221;15.211;0.113;NEOWISE;WISE(W1);NEOWISE
57392.50559078;15.047;0.107;NEOWISE;WISE(W1);NEOWISE
57392.50559078;14.526;0.227;NEOWISE;WISE(W2);NEOWISE
57392.63674938;15.374;0.181;NEOWISE;WISE(W1);NEOWISE
57438.31581000006;19.52;0.06534313996495986;Gaia Alerts;GSA(G);Gaia Alerts
57438.38981000008;19.51;0.0649531174438763;Gaia Alerts;GSA(G);Gaia Alerts
57534.72348000016;19.6;0.06854882264526635;Gaia Alerts;GSA(G);Gaia Alerts
57534.89966000011;19.52;0.06534313996495986;Gaia Alerts;GSA(G);Gaia Alerts
57534.97367000021;19.58;0.06773295140086069;Gaia Alerts;GSA(G);Gaia Alerts
57535.149840000086;19.61;0.06896043621637042;Gaia Alerts;GSA(G);Gaia Alerts
57535.223850000184;19.49;0.06418004244839187;Gaia Alerts;GSA(G);Gaia Alerts
57535.40002000006;19.57;0.06732866448596864;Gaia Alerts;GSA(G);Gaia Alerts
57540.47740000021;19.47;0.06341616862711065;Gaia Alerts;GSA(G);Gaia Alerts
57540.653560000006;19.43;0.06191558775938774;Gaia Alerts;GSA(G);Gaia Alerts
57540.727570000105;19.46;0.06303764788294884;Gaia Alerts;GSA(G);Gaia Alerts
57582.85475939;15.154;0.438;NEOWISE;WISE(W2);NEOWISE
57582.85475939;15.217;0.126;NEOWISE;WISE(W1);NEOWISE
57582.98578997;15.696;0.217;NEOWISE;WISE(W1);NEOWISE
57583.11682054;15.11;0.128;NEOWISE;WISE(W1);NEOWISE
57583.24785112;15.3;0.136;NEOWISE;WISE(W1);NEOWISE
57583.24785112;15.149;0.529;NEOWISE;WISE(W2);NEOWISE
57583.31330267;15.312;0.13;NEOWISE;WISE(W1);NEOWISE
57583.3788816;15.307;0.153;NEOWISE;WISE(W1);NEOWISE
57583.44433325;15.237;0.14;NEOWISE;WISE(W1);NEOWISE
57583.44433325;14.889;0.45;NEOWISE;WISE(W2);NEOWISE
57583.50991222;15.533;0.206;NEOWISE;WISE(W1);NEOWISE
57583.57536378;15.183;0.484;NEOWISE;WISE(W2);NEOWISE
57583.57536378;15.159;0.145;NEOWISE;WISE(W1);NEOWISE
57583.70639435;15.068;0.113;NEOWISE;WISE(W1);NEOWISE
57583.83742493;15.414;0.143;NEOWISE;WISE(W1);NEOWISE
57583.9684556;14.742;0.353;NEOWISE;WISE(W2);NEOWISE
57583.9684556;15.425;0.139;NEOWISE;WISE(W1);NEOWISE
57620.61011999985;19.51;0.0649531174438763;Gaia Alerts;GSA(G);Gaia Alerts
57620.684119999874;19.42;0.06154602373713175;Gaia Alerts;GSA(G);Gaia Alerts
57631.36647999985;19.55;0.0665273156201742;Gaia Alerts;GSA(G);Gaia Alerts
57631.440500000026;19.46;0.06303764788294884;Gaia Alerts;GSA(G);Gaia Alerts
57631.6166699999;19.67;0.07148254395687642;Gaia Alerts;GSA(G);Gaia Alerts
57631.69068;19.54;0.06613022494817672;Gaia Alerts;GSA(G);Gaia Alerts
57719.909349999856;19.47;0.06341616862711065;Gaia Alerts;GSA(G);Gaia Alerts
57720.15950000007;19.49;0.06418004244839187;Gaia Alerts;GSA(G);Gaia Alerts
57726.736829999834;19.49;0.06418004244839187;Gaia Alerts;GSA(G);Gaia Alerts
57726.91296999995;19.59;0.06813966592828317;Gaia Alerts;GSA(G);Gaia Alerts
57750.84286285;15.552;0.281;NEOWISE;WISE(W1);NEOWISE
57750.97389389;15.406;0.168;NEOWISE;WISE(W1);NEOWISE
57751.10492498;15.354;0.186;NEOWISE;WISE(W1);NEOWISE
57751.10492498;15.128;0.521;NEOWISE;WISE(W2);NEOWISE
57751.17037686;15.367;0.145;NEOWISE;WISE(W1);NEOWISE
57751.23582861;14.785;0.307;NEOWISE;WISE(W2);NEOWISE
57751.23582861;15.414;0.136;NEOWISE;WISE(W1);NEOWISE
57751.30140781;15.237;0.13;NEOWISE;WISE(W1);NEOWISE
57751.36685965;15.101;0.395;NEOWISE;WISE(W2);NEOWISE
57751.36685965;15.262;0.127;NEOWISE;WISE(W1);NEOWISE
57751.43231154;15.135;0.501;NEOWISE;WISE(W2);NEOWISE
57751.43231154;15.172;0.112;NEOWISE;WISE(W1);NEOWISE
57751.43243885;15.553;0.534;NEOWISE;WISE(W2);NEOWISE
57751.43243885;15.389;0.143;NEOWISE;WISE(W1);NEOWISE
57751.5633459;15.173;0.108;NEOWISE;WISE(W1);NEOWISE
57751.5633459;14.948;0.486;NEOWISE;WISE(W2);NEOWISE
57751.69437707;15.223;0.145;NEOWISE;WISE(W1);NEOWISE
57751.69437707;15.074;0.451;NEOWISE;WISE(W2);NEOWISE
57765.136469999794;19.48;0.06379696226625793;Gaia Alerts;GSA(G);Gaia Alerts
57802.48425999982;19.62;0.06937452139421242;Gaia Alerts;GSA(G);Gaia Alerts
57802.66038999986;19.44;0.06228737089440294;Gaia Alerts;GSA(G);Gaia Alerts
57802.73439999996;19.61;0.06896043621637042;Gaia Alerts;GSA(G);Gaia Alerts
57810.66404999979;19.5;0.06456542290346562;Gaia Alerts;GSA(G);Gaia Alerts
57810.73805999989;19.52;0.06534313996495986;Gaia Alerts;GSA(G);Gaia Alerts
57810.9142;19.49;0.06418004244839187;Gaia Alerts;GSA(G);Gaia Alerts
57906.747919999994;19.5;0.06456542290346562;Gaia Alerts;GSA(G);Gaia Alerts
57923.077649999876;19.46;0.06303764788294884;Gaia Alerts;GSA(G);Gaia Alerts
57947.1275865;14.941;0.417;NEOWISE;WISE(W2);NEOWISE
57947.1275865;15.186;0.149;NEOWISE;WISE(W1);NEOWISE
57947.25861698;15.068;0.469;NEOWISE;WISE(W2);NEOWISE
57947.25861698;15.652;0.184;NEOWISE;WISE(W1);NEOWISE
57947.3895201;14.826;0.45;NEOWISE;WISE(W2);NEOWISE
57947.3895201;15.064;0.172;NEOWISE;WISE(W1);NEOWISE
57947.45497169;15.466;0.152;NEOWISE;WISE(W1);NEOWISE
57947.45497169;14.693;0.282;NEOWISE;WISE(W2);NEOWISE
57947.52042332;15.322;0.146;NEOWISE;WISE(W1);NEOWISE
57947.58587491;15.252;0.143;NEOWISE;WISE(W1);NEOWISE
57947.65145376;15.426;0.189;NEOWISE;WISE(W1);NEOWISE
57947.71690539;14.972;0.435;NEOWISE;WISE(W2);NEOWISE
57947.71690539;15.163;0.121;NEOWISE;WISE(W1);NEOWISE
57947.84780918;15.23;0.16;NEOWISE;WISE(W1);NEOWISE
57947.97871235;14.968;0.113;NEOWISE;WISE(W1);NEOWISE
57947.97871235;14.655;0.316;NEOWISE;WISE(W2);NEOWISE
57948.10961552;15.178;0.138;NEOWISE;WISE(W1);NEOWISE
57948.10974293;15.85;0.221;NEOWISE;WISE(W1);NEOWISE
57958.30903000012;19.54;0.06613022494817672;Gaia Alerts;GSA(G);Gaia Alerts
58091.2597099999;19.52;0.06534313996495986;Gaia Alerts;GSA(G);Gaia Alerts
58091.333719999995;19.47;0.06341616862711065;Gaia Alerts;GSA(G);Gaia Alerts
58109.26189999981;19.67;0.07148254395687642;Gaia Alerts;GSA(G);Gaia Alerts
58111.47450657;15.002;0.103;NEOWISE;WISE(W1);NEOWISE
58111.60541005;15.448;0.137;NEOWISE;WISE(W1);NEOWISE
58111.60541005;15.167;0.407;NEOWISE;WISE(W2);NEOWISE
58111.73631361;15.354;0.137;NEOWISE;WISE(W1);NEOWISE
58111.86721718;15.425;0.144;NEOWISE;WISE(W1);NEOWISE
58111.86721718;15.024;0.525;NEOWISE;WISE(W2);NEOWISE
58111.93266891;15.416;0.164;NEOWISE;WISE(W1);NEOWISE
58111.93266891;14.637;0.281;NEOWISE;WISE(W2);NEOWISE
58111.99812064;15.382;0.13;NEOWISE;WISE(W1);NEOWISE
58111.99824801;15.393;0.168;NEOWISE;WISE(W1);NEOWISE
58111.99824801;14.782;0.275;NEOWISE;WISE(W2);NEOWISE
58112.06357242;15.341;0.148;NEOWISE;WISE(W1);NEOWISE
58112.06357242;14.924;0.351;NEOWISE;WISE(W2);NEOWISE
58112.06369979;15.51;0.152;NEOWISE;WISE(W1);NEOWISE
58112.12915157;15.153;0.408;NEOWISE;WISE(W2);NEOWISE
58112.12915157;15.173;0.171;NEOWISE;WISE(W1);NEOWISE
58112.19460322;15.186;0.47;NEOWISE;WISE(W2);NEOWISE
58112.19460322;15.252;0.116;NEOWISE;WISE(W1);NEOWISE
58112.32550669;14.518;0.337;NEOWISE;WISE(W2);NEOWISE
58112.32550669;15.429;0.137;NEOWISE;WISE(W1);NEOWISE
58112.45641025;15.411;0.134;NEOWISE;WISE(W1);NEOWISE
58112.45641025;14.93;0.431;NEOWISE;WISE(W2);NEOWISE
58140.490929999854;19.47;0.06341616862711065;Gaia Alerts;GSA(G);Gaia Alerts
58140.5649199998;19.41;0.061178665582113406;Gaia Alerts;GSA(G);Gaia Alerts
58281.29345000023;19.62;0.06937452139421242;Gaia Alerts;GSA(G);Gaia Alerts
58301.4421644;18.4201622;0.0500794426;ZTF;ZTF(zr);ZTF
58303.61873000022;19.49;0.06418004244839187;Gaia Alerts;GSA(G);Gaia Alerts
58307.461412;19.2183361;0.0808672532;ZTF;ZTF(zg);ZTF
58312.442662;18.5713825;0.0558926649;ZTF;ZTF(zr);ZTF
58314.19602127;15.271;0.129;NEOWISE;WISE(W1);NEOWISE
58314.19602127;15.001;0.432;NEOWISE;WISE(W2);NEOWISE
58314.32692453;15.306;0.454;NEOWISE;WISE(W2);NEOWISE
58314.32692453;15.216;0.122;NEOWISE;WISE(W1);NEOWISE
58314.45770042;14.798;0.297;NEOWISE;WISE(W2);NEOWISE
58314.45770042;15.222;0.13;NEOWISE;WISE(W1);NEOWISE
58314.52315205;15.299;0.13;NEOWISE;WISE(W1);NEOWISE
58314.52315205;15.075;0.394;NEOWISE;WISE(W2);NEOWISE
58314.58860362;15.138;0.17;NEOWISE;WISE(W1);NEOWISE
58314.65405525;15.354;0.136;NEOWISE;WISE(W1);NEOWISE
58314.71950689;15.183;0.221;NEOWISE;WISE(W1);NEOWISE
58314.78495851;15.033;0.127;NEOWISE;WISE(W1);NEOWISE
58314.91586177;15.588;0.165;NEOWISE;WISE(W1);NEOWISE
58315.04663828;15.753;0.248;NEOWISE;WISE(W1);NEOWISE
58315.04663828;15.282;0.49;NEOWISE;WISE(W2);NEOWISE
58315.17754157;15.545;0.162;NEOWISE;WISE(W1);NEOWISE
58315.17754157;14.681;0.314;NEOWISE;WISE(W2);NEOWISE
58315.4439352;19.1437359;0.0767528862;ZTF;ZTF(zg);ZTF
58318.4426042;19.1544876;0.077333495;ZTF;ZTF(zg);ZTF
58321.443206;19.2182293;0.080861181;ZTF;ZTF(zg);ZTF
58321.4830671;18.471859;0.0519888029;ZTF;ZTF(zr);ZTF
58324.4831481;18.41782;0.0499947853;ZTF;ZTF(zr);ZTF
58330.4357176;18.3811684;0.0486910455;ZTF;ZTF(zr);ZTF
58335.4753009;18.4854794;0.0525050946;ZTF;ZTF(zr);ZTF
58337.4764468;18.1073704;0.0447006784;ZTF;ZTF(zi);ZTF
58338.4571528;19.1791992;0.0786837637;ZTF;ZTF(zg);ZTF
58338.4983449;18.4724808;0.0520122275;ZTF;ZTF(zr);ZTF
58342.3946296;18.1801491;0.0471375026;ZTF;ZTF(zi);ZTF
58342.4341782;19.2070312;0.0802308694;ZTF;ZTF(zg);ZTF
58342.4780671;18.5380669;0.054551702;ZTF;ZTF(zr);ZTF
58345.4194792;19.0529652;0.0720151365;ZTF;ZTF(zg);ZTF
58345.4203935;19.131237;0.0760830939;ZTF;ZTF(zg);ZTF
58346.4205671;18.5248394;0.0540289059;ZTF;ZTF(zr);ZTF
58347.3934375;18.2047596;0.0479952395;ZTF;ZTF(zi);ZTF
58347.4394907;18.4311867;0.050479982;ZTF;ZTF(zr);ZTF
58347.4648032;19.1909523;0.0793336555;ZTF;ZTF(zg);ZTF
58348.4383102;18.4878006;0.052593641;ZTF;ZTF(zr);ZTF
58348.439294;18.4937325;0.0528206751;ZTF;ZTF(zr);ZTF
58348.4617477;19.1194229;0.0754551813;ZTF;ZTF(zg);ZTF
58348.462662;19.0615139;0.0724488944;ZTF;ZTF(zg);ZTF
58349.4367245;19.1268082;0.075847134;ZTF;ZTF(zg);ZTF
58349.4621181;18.4785156;0.0522404425;ZTF;ZTF(zr);ZTF
58350.410787;18.4528084;0.0512759611;ZTF;ZTF(zr);ZTF
58350.4420139;19.1013336;0.0745033026;ZTF;ZTF(zg);ZTF
58351.3382755;18.1772041;0.0470359959;ZTF;ZTF(zi);ZTF
58351.4540394;19.1244621;0.0757224038;ZTF;ZTF(zg);ZTF
58351.4549537;19.0653;0.0726418272;ZTF;ZTF(zg);ZTF
58351.4999537;18.5066681;0.0533195361;ZTF;ZTF(zr);ZTF
58352.4385648;19.1212692;0.0755529329;ZTF;ZTF(zg);ZTF
58353.3860995;18.5234165;0.0539729707;ZTF;ZTF(zr);ZTF
58353.3870255;18.5558586;0.0552569777;ZTF;ZTF(zr);ZTF
58353.4389352;18.4959469;0.0529057272;ZTF;ZTF(zr);ZTF
58353.4811574;18.5005417;0.0530826151;ZTF;ZTF(zr);ZTF
58354.418831;18.5280418;0.0541549586;ZTF;ZTF(zr);ZTF
58354.4378009;18.5091972;0.0534176268;ZTF;ZTF(zr);ZTF
58354.4939005;18.5164452;0.0536999218;ZTF;ZTF(zr);ZTF
58354.4948032;18.5197506;0.053829208;ZTF;ZTF(zr);ZTF
58355.3957986;18.5040703;0.0532189086;ZTF;ZTF(zr);ZTF
58355.478206;18.4834538;0.0524279624;ZTF;ZTF(zr);ZTF
58356.4079977;18.5834846;0.0564044267;ZTF;ZTF(zr);ZTF
58356.4185648;18.6004791;0.0570925586;ZTF;ZTF(zr);ZTF
58356.4778935;18.5399742;0.054627534;ZTF;ZTF(zr);ZTF
58357.4210764;18.4754829;0.0521256365;ZTF;ZTF(zr);ZTF
58357.4220023;18.4799404;0.0522944704;ZTF;ZTF(zr);ZTF
58357.4638079;18.5711136;0.0558816828;ZTF;ZTF(zr);ZTF
58357.4665509;18.4963074;0.0529195666;ZTF;ZTF(zr);ZTF
58358.4317014;18.3994637;0.0493369922;ZTF;ZTF(zr);ZTF
58362.2928704;18.2490368;0.0495827869;ZTF;ZTF(zi);ZTF
58362.3985417;18.48382;0.0524418876;ZTF;ZTF(zr);ZTF
58362.4045486;18.4641399;0.0516986288;ZTF;ZTF(zr);ZTF
58362.4143171;18.5326595;0.0543126315;ZTF;ZTF(zr);ZTF
58362.4753356;19.0673199;0.0727449358;ZTF;ZTF(zg);ZTF
58362.47625;19.1002502;0.0744466558;ZTF;ZTF(zg);ZTF
58363.3990625;19.0958595;0.0742175505;ZTF;ZTF(zg);ZTF
58363.4673958;18.5204964;0.0538584441;ZTF;ZTF(zr);ZTF
58364.379838;18.4910889;0.0527193919;ZTF;ZTF(zr);ZTF
58364.4185532;18.9518661;0.0670776367;ZTF;ZTF(zg);ZTF
58365.3838426;18.5004005;0.0530771874;ZTF;ZTF(zr);ZTF
58365.3856713;18.5048027;0.0532472767;ZTF;ZTF(zr);ZTF
58365.4081597;19.1758633;0.0785001591;ZTF;ZTF(zg);ZTF
58365.4090741;19.115942;0.0752711147;ZTF;ZTF(zg);ZTF
58366.2929745;18.1755104;0.0469777361;ZTF;ZTF(zi);ZTF
58366.3673032;18.4234467;0.0501983911;ZTF;ZTF(zr);ZTF
58366.4320255;19.0910854;0.0739692003;ZTF;ZTF(zg);ZTF
58367.3682407;18.457365;0.0514454544;ZTF;ZTF(zr);ZTF
58367.4341551;19.2345161;0.0817861706;ZTF;ZTF(zg);ZTF
58368.3988773;19.0465908;0.0716933683;ZTF;ZTF(zg);ZTF
58368.3997917;19.172102;0.078293696;ZTF;ZTF(zg);ZTF
58368.4204167;18.4118004;0.0497780219;ZTF;ZTF(zr);ZTF
58369.3999769;18.5182037;0.0537686497;ZTF;ZTF(zr);ZTF
58369.4556597;19.0748234;0.0731293485;ZTF;ZTF(zg);ZTF
58370.3914699;19.2308979;0.081579864;ZTF;ZTF(zg);ZTF
58370.4339931;18.4728661;0.0520267487;ZTF;ZTF(zr);ZTF
58371.2738079;18.1682625;0.0467293672;ZTF;ZTF(zi);ZTF
58371.3778472;19.1384392;0.0764683783;ZTF;ZTF(zg);ZTF
58371.380162;19.1190643;0.0754361823;ZTF;ZTF(zg);ZTF
58371.4214583;18.4985867;0.0530072637;ZTF;ZTF(zr);ZTF
58371.423287;18.4738197;0.0520627499;ZTF;ZTF(zr);ZTF
58372.3774884;18.473608;0.0520547815;ZTF;ZTF(zr);ZTF
58372.4142593;19.0140247;0.0700715333;ZTF;ZTF(zg);ZTF
58373.4107176;19.126749;0.07584396;ZTF;ZTF(zg);ZTF
58373.4458912;18.5027199;0.0531667396;ZTF;ZTF(zr);ZTF
58374.3774537;18.4575729;0.0514532365;ZTF;ZTF(zr);ZTF
58374.3783565;18.5093994;0.0534255058;ZTF;ZTF(zr);ZTF
58374.4023495;19.1639061;0.0778455436;ZTF;ZTF(zg);ZTF
58374.4032639;19.183445;0.0789179206;ZTF;ZTF(zg);ZTF
58375.3147801;18.1925888;0.0475688986;ZTF;ZTF(zi);ZTF
58375.4164468;18.4697208;0.0519082323;ZTF;ZTF(zr);ZTF
58375.4368171;19.1758652;0.0785003006;ZTF;ZTF(zg);ZTF
58376.4416782;19.116497;0.0753004029;ZTF;ZTF(zg);ZTF
58377.3791551;19.1884747;0.0791961998;ZTF;ZTF(zg);ZTF
58377.3800694;19.1751957;0.0784634799;ZTF;ZTF(zg);ZTF
58377.4036458;18.5191765;0.0538067147;ZTF;ZTF(zr);ZTF
58377.4045602;18.4914131;0.052731812;ZTF;ZTF(zr);ZTF
58378.3472222;19.1896496;0.0792613626;ZTF;ZTF(zg);ZTF
58378.4113889;18.4748211;0.0521005765;ZTF;ZTF(zr);ZTF
58379.3727431;19.1862068;0.0790706426;ZTF;ZTF(zg);ZTF
58379.3990162;18.512291;0.0535379164;ZTF;ZTF(zr);ZTF
58380.4107986;19.2908478;0.0850594863;ZTF;ZTF(zg);ZTF
58380.4363657;18.4810467;0.0523364656;ZTF;ZTF(zr);ZTF
58380.4372685;18.5068531;0.0533266999;ZTF;ZTF(zr);ZTF
58382.3566204;18.4304066;0.0504515469;ZTF;ZTF(zr);ZTF
58382.4149653;19.1819344;0.0788345337;ZTF;ZTF(zg);ZTF
58383.3798495;18.5584412;0.0553676262;ZTF;ZTF(zr);ZTF
58383.3821296;18.5556221;0.0552539453;ZTF;ZTF(zr);ZTF
58383.4226736;19.0627899;0.0725138336;ZTF;ZTF(zg);ZTF
58383.423588;19.0405922;0.0713918582;ZTF;ZTF(zg);ZTF
58384.4711574;19.1531487;0.0772609785;ZTF;ZTF(zg);ZTF
58385.2942708;18.4287224;0.0503901578;ZTF;ZTF(zr);ZTF
58389.3212269;18.651535;0.0592639707;ZTF;ZTF(zr);ZTF
58389.3549884;19.1838589;0.078940779;ZTF;ZTF(zg);ZTF
58390.2787037;18.1687737;0.0467468426;ZTF;ZTF(zi);ZTF
58397.3235764;18.2876186;0.0510135703;ZTF;ZTF(zi);ZTF
58397.3385069;19.1364098;0.0763595998;ZTF;ZTF(zg);ZTF
58397.4019907;18.4950905;0.052872844;ZTF;ZTF(zr);ZTF
58422.2671528;19.1133976;0.0751368031;ZTF;ZTF(zg);ZTF
58422.311412;18.226387;0.0487635136;ZTF;ZTF(zi);ZTF
58422.3353241;18.4328976;0.0505424589;ZTF;ZTF(zr);ZTF
58424.3165278;18.5651474;0.0556399934;ZTF;ZTF(zr);ZTF
58425.19625;19.1425133;0.0766870901;ZTF;ZTF(zg);ZTF
58428.2161111;19.0596504;0.0723541304;ZTF;ZTF(zg);ZTF
58428.2519329;18.4705086;0.0519379042;ZTF;ZTF(zr);ZTF
58430.2315509;18.1638145;0.0465776883;ZTF;ZTF(zi);ZTF
58431.2337963;18.9873829;0.068772085;ZTF;ZTF(zg);ZTF
58434.2477778;18.03479;0.0424136929;ZTF;ZTF(zi);ZTF
58434.2703125;19.0042343;0.0695911646;ZTF;ZTF(zg);ZTF
58434.3098843;18.4136581;0.0498448052;ZTF;ZTF(zr);ZTF
58437.2308102;19.1149807;0.0752203166;ZTF;ZTF(zg);ZTF
58437.26875;18.5131531;0.0535715297;ZTF;ZTF(zr);ZTF
58439.3256366;18.5313625;0.0542603508;ZTF;ZTF(zr);ZTF
58447.3374074;18.3447819;0.0474346466;ZTF;ZTF(zr);ZTF
58456.1873148;18.497345;0.052959498;ZTF;ZTF(zr);ZTF
58456.2609144;18.574585;0.0560233891;ZTF;ZTF(zr);ZTF
58465.5559700001;19.46;0.06303764788294884;Gaia Alerts;GSA(G);Gaia Alerts
58465.629970000125;19.45;0.06266138646723363;Gaia Alerts;GSA(G);Gaia Alerts
58472.1226968;18.5166512;0.0537079759;ZTF;ZTF(zr);ZTF
58472.1682407;19.2545528;0.0829372704;ZTF;ZTF(zg);ZTF
58474.93553447;15.119;0.112;NEOWISE;WISE(W1);NEOWISE
58475.06643793;15.203;0.111;NEOWISE;WISE(W1);NEOWISE
58475.06643793;14.829;0.414;NEOWISE;WISE(W2);NEOWISE
58475.1670139;18.5174103;0.0537376553;ZTF;ZTF(zr);ZTF
58475.19721412;14.869;0.283;NEOWISE;WISE(W2);NEOWISE
58475.19721412;15.316;0.142;NEOWISE;WISE(W1);NEOWISE
58475.32811763;14.955;0.364;NEOWISE;WISE(W2);NEOWISE
58475.32811763;15.525;0.153;NEOWISE;WISE(W1);NEOWISE
58475.39356939;15.117;0.451;NEOWISE;WISE(W2);NEOWISE
58475.39356939;15.228;0.122;NEOWISE;WISE(W1);NEOWISE
58475.45902113;15.551;0.163;NEOWISE;WISE(W1);NEOWISE
58475.45902113;14.902;0.431;NEOWISE;WISE(W2);NEOWISE
58475.52447294;15.187;0.113;NEOWISE;WISE(W1);NEOWISE
58475.58979733;15.252;0.128;NEOWISE;WISE(W1);NEOWISE
58475.58992465;15.548;0.223;NEOWISE;WISE(W1);NEOWISE
58475.58992465;15.273;0.412;NEOWISE;WISE(W2);NEOWISE
58475.65524909;15.391;0.502;NEOWISE;WISE(W2);NEOWISE
58475.65524909;15.31;0.136;NEOWISE;WISE(W1);NEOWISE
58475.78615322;15.282;0.124;NEOWISE;WISE(W1);NEOWISE
58475.91705672;15.069;0.126;NEOWISE;WISE(W1);NEOWISE
58475.91705672;14.731;0.368;NEOWISE;WISE(W2);NEOWISE
58482.1453356;19.1167641;0.0753145069;ZTF;ZTF(zg);ZTF
58487.1241088;18.462883;0.0516515672;ZTF;ZTF(zr);ZTF
58487.1250231;18.4244576;0.0502350666;ZTF;ZTF(zr);ZTF
58487.1456597;19.1973133;0.0796874762;ZTF;ZTF(zg);ZTF
58489.124410000164;19.63;0.06979109301999337;Gaia Alerts;GSA(G);Gaia Alerts
58490.1611458;18.5582371;0.0553594008;ZTF;ZTF(zr);ZTF
58491.1133912;18.5073929;0.0533476286;ZTF;ZTF(zr);ZTF
58491.1143056;18.4397793;0.0507946536;ZTF;ZTF(zr);ZTF
58491.1597454;18.9960556;0.0691924542;ZTF;ZTF(zg);ZTF
58491.1606713;19.1488228;0.0770270601;ZTF;ZTF(zg);ZTF
58493.1668634;19.2404861;0.0821276158;ZTF;ZTF(zg);ZTF
58494.1102431;18.4121475;0.0497904904;ZTF;ZTF(zr);ZTF
58494.1111574;18.3803215;0.0486613475;ZTF;ZTF(zr);ZTF
58494.1507407;19.1551228;0.0773679391;ZTF;ZTF(zg);ZTF
58494.1604167;19.1645565;0.0778809786;ZTF;ZTF(zg);ZTF
58503.171412;18.9520645;0.0670869574;ZTF;ZTF(zg);ZTF
58507.197037;19.1973324;0.079688549;ZTF;ZTF(zg);ZTF
58507.1981713;19.1810722;0.0787869915;ZTF;ZTF(zg);ZTF
58509.1729167;19.00951;0.0698496252;ZTF;ZTF(zg);ZTF
58510.1459259;19.1510735;0.0771486759;ZTF;ZTF(zg);ZTF
58511.1123495;18.4501171;0.0511761196;ZTF;ZTF(zr);ZTF
58511.1294792;19.1437836;0.0767554566;ZTF;ZTF(zg);ZTF
58515.78759999992;19.45;0.06266138646723363;Gaia Alerts;GSA(G);Gaia Alerts
58667.4426852;19.1700363;0.0781805068;ZTF;ZTF(zg);ZTF
58667.4840856;18.3206596;0.0466221161;ZTF;ZTF(zr);ZTF
58670.4573958;19.135128;0.0762910098;ZTF;ZTF(zg);ZTF
58670.479375;18.5097942;0.0534408316;ZTF;ZTF(zr);ZTF
58673.4746991;19.1440392;0.0767691806;ZTF;ZTF(zg);ZTF
58676.4882523;18.5487633;0.0549784489;ZTF;ZTF(zr);ZTF
58678.23636902;15.377;0.136;NEOWISE;WISE(W1);NEOWISE
58678.36714488;15.059;0.109;NEOWISE;WISE(W1);NEOWISE
58678.49804811;15.238;0.498;NEOWISE;WISE(W2);NEOWISE
58678.49804811;15.254;0.132;NEOWISE;WISE(W1);NEOWISE
58678.62882394;14.71;0.374;NEOWISE;WISE(W2);NEOWISE
58678.62882394;15.33;0.156;NEOWISE;WISE(W1);NEOWISE
58678.69427554;15.171;0.518;NEOWISE;WISE(W2);NEOWISE
58678.69427554;15.261;0.128;NEOWISE;WISE(W1);NEOWISE
58678.7595998;15.274;0.181;NEOWISE;WISE(W1);NEOWISE
58678.82505137;15.673;0.18;NEOWISE;WISE(W1);NEOWISE
58678.89050303;15.325;0.123;NEOWISE;WISE(W1);NEOWISE
58678.89050303;13.993;0.24;NEOWISE;WISE(W2);NEOWISE
58678.95582728;15.354;0.2;NEOWISE;WISE(W1);NEOWISE
58678.95582728;14.867;0.311;NEOWISE;WISE(W2);NEOWISE
58678.95595464;15.25;0.132;NEOWISE;WISE(W1);NEOWISE
58679.08673051;15.009;0.147;NEOWISE;WISE(W1);NEOWISE
58679.21750638;15.792;0.301;NEOWISE;WISE(W1);NEOWISE
58679.3484095;15.322;0.129;NEOWISE;WISE(W1);NEOWISE
58680.4359838;18.4212856;0.0501201227;ZTF;ZTF(zr);ZTF
58682.4188194;18.5391998;0.054596711;ZTF;ZTF(zr);ZTF
58683.4408218;18.5009899;0.0530999117;ZTF;ZTF(zr);ZTF
58684.4865856;18.445509;0.0510057099;ZTF;ZTF(zr);ZTF
58685.4391319;18.5168076;0.0537140779;ZTF;ZTF(zr);ZTF
58686.418912;18.4954605;0.0528870337;ZTF;ZTF(zr);ZTF
58686.4198148;18.4168243;0.0499588661;ZTF;ZTF(zr);ZTF
58690.424213;18.46665;0.051792793;ZTF;ZTF(zr);ZTF
58690.4634606;19.2224464;0.0810997859;ZTF;ZTF(zg);ZTF
58693.4575231;19.2455673;0.0824192241;ZTF;ZTF(zg);ZTF
58693.4769329;18.479763;0.0522877276;ZTF;ZTF(zr);ZTF
58696.4315162;19.1349812;0.0762831643;ZTF;ZTF(zg);ZTF
58696.4646412;18.421917;0.0501429588;ZTF;ZTF(zr);ZTF
58697.4432176;18.2577477;0.0499019064;ZTF;ZTF(zi);ZTF
58700.93724999996;19.37;0.059731029481213754;Gaia Alerts;GSA(G);Gaia Alerts
58701.01126000006;19.5;0.06456542290346562;Gaia Alerts;GSA(G);Gaia Alerts
58701.4177083;18.2270126;0.0487859473;ZTF;ZTF(zi);ZTF
58703.4385301;18.4565468;0.0514149889;ZTF;ZTF(zr);ZTF
58703.4984028;19.1434288;0.0767363459;ZTF;ZTF(zg);ZTF
58705.4255671;18.1459084;0.0459726639;ZTF;ZTF(zi);ZTF
58706.4602431;19.149231;0.0770490766;ZTF;ZTF(zg);ZTF
58709.3974421;18.5517311;0.0550974607;ZTF;ZTF(zr);ZTF
58709.4621644;19.0804443;0.0734185874;ZTF;ZTF(zg);ZTF
58712.3974653;18.5678101;0.0557471886;ZTF;ZTF(zr);ZTF
58713.4205671;18.201313;0.0478740782;ZTF;ZTF(zi);ZTF
58717.439213;19.1187973;0.075422056;ZTF;ZTF(zg);ZTF
58717.4741319;18.5308075;0.054264091;ZTF;ZTF(zr);ZTF
58718.3926042;18.1936665;0.0476064794;ZTF;ZTF(zi);ZTF
58720.3867593;18.5121841;0.0535337925;ZTF;ZTF(zr);ZTF
58723.4602199;19.1519451;0.0771958083;ZTF;ZTF(zg);ZTF
58725.3019907;18.1652126;0.0466253161;ZTF;ZTF(zi);ZTF
58726.3784722;18.5064907;0.0533126444;ZTF;ZTF(zr);ZTF
58726.4410995;19.1509418;0.0771415904;ZTF;ZTF(zg);ZTF
58730.4190741;18.4691677;0.0518874228;ZTF;ZTF(zr);ZTF
58730.4665046;19.1315193;0.0760981888;ZTF;ZTF(zg);ZTF
58733.4028356;18.4608688;0.0515762195;ZTF;ZTF(zr);ZTF
58733.4210995;18.1664906;0.0466688871;ZTF;ZTF(zi);ZTF
58733.4571644;19.1433296;0.0767310187;ZTF;ZTF(zg);ZTF
58736.4357986;18.4795208;0.0522785522;ZTF;ZTF(zr);ZTF
58738.4019444;18.1901474;0.0474838801;ZTF;ZTF(zi);ZTF
58739.3780324;18.5395241;0.0546096042;ZTF;ZTF(zr);ZTF
58744.3789931;18.5528011;0.0551404655;ZTF;ZTF(zr);ZTF
58745.4438079;18.5576782;0.0553317666;ZTF;ZTF(zr);ZTF
58745.4442593;18.578949;0.0562142991;ZTF;ZTF(zr);ZTF
58746.3702315;18.1703358;0.046800293;ZTF;ZTF(zi);ZTF
58747.3150347;19.1440048;0.076767318;ZTF;ZTF(zg);ZTF
58747.3801505;18.1808186;0.0471605808;ZTF;ZTF(zi);ZTF
58747.3992245;18.4824295;0.0523890145;ZTF;ZTF(zr);ZTF
58748.3869097;18.54702;0.054895103;ZTF;ZTF(zr);ZTF
58748.3873611;18.576849;0.0561265349;ZTF;ZTF(zr);ZTF
58750.3149653;18.4849758;0.0524859317;ZTF;ZTF(zr);ZTF
58750.3434491;18.221735;0.0485970899;ZTF;ZTF(zi);ZTF
58750.358287;19.0592613;0.0723343194;ZTF;ZTF(zg);ZTF
58757.3572917;18.2353382;0.0490854867;ZTF;ZTF(zi);ZTF
58759.3558333;18.4555836;0.051379133;ZTF;ZTF(zr);ZTF
58759.3983681;19.3521786;0.0887543261;ZTF;ZTF(zg);ZTF
58761.3298843;18.1571293;0.0463507585;ZTF;ZTF(zi);ZTF
58765.3290625;18.1504211;0.0461243168;ZTF;ZTF(zi);ZTF
58765.4221065;18.5265026;0.0540943295;ZTF;ZTF(zr);ZTF
58765.4402083;19.1991653;0.0797907412;ZTF;ZTF(zg);ZTF
58772.2515046;18.9155045;0.0653870627;ZTF;ZTF(zg);ZTF
58772.3601968;18.2577209;0.0445770323;ZTF;ZTF(zr);ZTF
58773.3159375;18.5398121;0.0546019226;ZTF;ZTF(zr);ZTF
58773.3163889;18.486702;0.0524929389;ZTF;ZTF(zr);ZTF
58774.2522801;18.3286839;0.0467326567;ZTF;ZTF(zr);ZTF
58774.2527315;18.3322296;0.0468537845;ZTF;ZTF(zr);ZTF
58775.1865509;19.2086239;0.0803202242;ZTF;ZTF(zg);ZTF
58775.2833333;18.5111542;0.0534937084;ZTF;ZTF(zr);ZTF
58775.3484259;18.4656143;0.0516802967;ZTF;ZTF(zr);ZTF
58775.3488773;18.602314;0.0572009608;ZTF;ZTF(zr);ZTF
58776.3080093;18.4648819;0.0516523346;ZTF;ZTF(zr);ZTF
58776.3084606;18.4267616;0.0502191633;ZTF;ZTF(zr);ZTF
58779.2939005;18.4947071;0.0528581031;ZTF;ZTF(zr);ZTF
58782.3295486;18.5789604;0.0562025793;ZTF;ZTF(zr);ZTF
58785.3239468;19.2421875;0.0822251439;ZTF;ZTF(zg);ZTF
58788.1928819;18.9908485;0.0689397827;ZTF;ZTF(zg);ZTF
58788.253206;18.5644417;0.0556104332;ZTF;ZTF(zr);ZTF
58791.2720023;19.1704941;0.0782055706;ZTF;ZTF(zg);ZTF
58791.3399653;18.4798145;0.0522896722;ZTF;ZTF(zr);ZTF
58794.2978356;18.4907551;0.0527066141;ZTF;ZTF(zr);ZTF
58800.2104977;19.1924915;0.0794191211;ZTF;ZTF(zg);ZTF
58803.2100694;19.1939468;0.0795000419;ZTF;ZTF(zg);ZTF
58806.1904051;19.22332;0.081149295;ZTF;ZTF(zg);ZTF
58811.1485185;18.4168415;0.049959518;ZTF;ZTF(zr);ZTF
58811.1888426;19.0774803;0.0732659474;ZTF;ZTF(zg);ZTF
58831.1456481;18.9589119;0.0674103424;ZTF;ZTF(zg);ZTF
58836.1273148;19.3221111;0.0869259238;ZTF;ZTF(zg);ZTF
58839.18453442;15.458;0.18;NEOWISE;WISE(W1);NEOWISE
58839.31581971;14.428;0.304;NEOWISE;WISE(W2);NEOWISE
58839.31581971;15.323;0.153;NEOWISE;WISE(W1);NEOWISE
58839.44659579;15.286;0.126;NEOWISE;WISE(W1);NEOWISE
58839.51204808;15.107;0.372;NEOWISE;WISE(W2);NEOWISE
58839.51204808;15.457;0.14;NEOWISE;WISE(W1);NEOWISE
58839.57737243;15.426;0.135;NEOWISE;WISE(W1);NEOWISE
58839.57737243;14.975;0.322;NEOWISE;WISE(W2);NEOWISE
58839.57749975;14.66;0.327;NEOWISE;WISE(W2);NEOWISE
58839.57749975;14.886;0.114;NEOWISE;WISE(W1);NEOWISE
58839.6428241;15.41;0.262;NEOWISE;WISE(W1);NEOWISE
58839.70827582;14.961;0.371;NEOWISE;WISE(W2);NEOWISE
58839.70827582;15.335;0.123;NEOWISE;WISE(W1);NEOWISE
58839.77372753;15.44;0.189;NEOWISE;WISE(W1);NEOWISE
58839.77372753;15.513;0.505;NEOWISE;WISE(W2);NEOWISE
58839.90450361;15.396;0.134;NEOWISE;WISE(W1);NEOWISE
58840.03527973;15.255;0.132;NEOWISE;WISE(W1);NEOWISE
58840.03527973;14.766;0.278;NEOWISE;WISE(W2);NEOWISE
58840.16618311;15.059;0.132;NEOWISE;WISE(W1);NEOWISE
58840.16618311;15.178;0.395;NEOWISE;WISE(W2);NEOWISE
58846.0947917;19.1233845;0.0756651834;ZTF;ZTF(zg);ZTF
58846.1070718;18.5529099;0.0551448241;ZTF;ZTF(zr);ZTF
58854.1012963;19.0705318;0.0729092658;ZTF;ZTF(zg);ZTF
58859.0884722;19.0754395;0.0731610134;ZTF;ZTF(zg);ZTF
58859.1484954;18.4438667;0.0509451106;ZTF;ZTF(zr);ZTF
58862.1039931;18.4486351;0.0511212423;ZTF;ZTF(zr);ZTF
58862.1258912;19.2643166;0.08350344;ZTF;ZTF(zg);ZTF
58866.68332999991;19.45;0.06266138646723363;Gaia Alerts;GSA(G);Gaia Alerts
58872.1116204;18.4246845;0.050243333;ZTF;ZTF(zr);ZTF
58872.1504861;19.1228561;0.0756371468;ZTF;ZTF(zg);ZTF
58875.1071296;18.4673843;0.051820375;ZTF;ZTF(zr);ZTF
58875.1281134;19.1852741;0.0790190697;ZTF;ZTF(zg);ZTF
58881.0956713;18.6065445;0.0573460981;ZTF;ZTF(zr);ZTF
58881.1444097;19.0322952;0.0709769055;ZTF;ZTF(zg);ZTF
58885.1092708;19.1729088;0.0783379599;ZTF;ZTF(zg);ZTF
58885.1297917;18.4374599;0.0507095344;ZTF;ZTF(zr);ZTF
58892.1305556;18.5511894;0.0550757311;ZTF;ZTF(zr);ZTF
58892.1520718;19.1693993;0.0781456456;ZTF;ZTF(zg);ZTF
58895.1159491;18.4211693;0.0501158983;ZTF;ZTF(zr);ZTF
58895.1306019;19.1054268;0.0747176856;ZTF;ZTF(zg);ZTF
58904.1095255;18.556181;0.0552764647;ZTF;ZTF(zr);ZTF
58904.1145255;18.4965019;0.0529270805;ZTF;ZTF(zr);ZTF
58904.1195255;18.4699974;0.0519186445;ZTF;ZTF(zr);ZTF
58904.124537;18.4998779;0.0530570596;ZTF;ZTF(zr);ZTF
58906.1130556;18.3355484;0.0471217148;ZTF;ZTF(zr);ZTF
58906.1178819;18.2271004;0.0436202027;ZTF;ZTF(zr);ZTF
58906.1227083;18.4016151;0.0494135991;ZTF;ZTF(zr);ZTF
58906.1275231;18.2473755;0.0442509949;ZTF;ZTF(zr);ZTF
59023.12141000014;19.42;0.06154602373713175;Gaia Alerts;GSA(G);Gaia Alerts
59038.4845139;19.3045502;0.0858731866;ZTF;ZTF(zg);ZTF
59042.41880999;15.218;0.191;NEOWISE;WISE(W1);NEOWISE
59045.55819414;14.809;0.405;NEOWISE;WISE(W2);NEOWISE
59045.55819414;15.197;0.119;NEOWISE;WISE(W1);NEOWISE
59045.68896992;15.399;0.147;NEOWISE;WISE(W1);NEOWISE
59045.8197458;15.915;0.231;NEOWISE;WISE(W1);NEOWISE
59045.88519734;15.444;0.153;NEOWISE;WISE(W1);NEOWISE
59045.95052162;15.874;0.212;NEOWISE;WISE(W1);NEOWISE
59046.01597322;14.51;0.257;NEOWISE;WISE(W2);NEOWISE
59046.01597322;15.208;0.12;NEOWISE;WISE(W1);NEOWISE
59046.0812975;15.118;0.117;NEOWISE;WISE(W1);NEOWISE
59046.14674904;15.487;0.155;NEOWISE;WISE(W1);NEOWISE
59046.27752483;14.904;0.15;NEOWISE;WISE(W1);NEOWISE
59046.4083006;15.031;0.141;NEOWISE;WISE(W1);NEOWISE
59046.4437847;18.5252876;0.0540465303;ZTF;ZTF(zr);ZTF
59046.4793403;19.2243958;0.0812102705;ZTF;ZTF(zg);ZTF
59046.53907642;15.035;0.511;NEOWISE;WISE(W2);NEOWISE
59046.53907642;14.807;0.146;NEOWISE;WISE(W1);NEOWISE
59047.4218171;18.4659424;0.0517662168;ZTF;ZTF(zr);ZTF
59047.4654398;19.2157898;0.0807235092;ZTF;ZTF(zg);ZTF
59048.4211921;18.4888382;0.0526333004;ZTF;ZTF(zr);ZTF
59048.4621181;19.2314034;0.0816086605;ZTF;ZTF(zg);ZTF
59051.4204861;18.4506531;0.0511959977;ZTF;ZTF(zr);ZTF
59053.35173999984;19.61;0.06896043621637042;Gaia Alerts;GSA(G);Gaia Alerts
59054.4190509;18.4619884;0.0516181178;ZTF;ZTF(zr);ZTF
59054.4598148;19.240387;0.0821219459;ZTF;ZTF(zg);ZTF
59057.4191088;19.2589035;0.0831890851;ZTF;ZTF(zg);ZTF
59057.4596181;18.501524;0.0531205162;ZTF;ZTF(zr);ZTF
59061.4109954;18.5547371;0.0552183315;ZTF;ZTF(zr);ZTF
59061.4114699;18.5335617;0.0543490425;ZTF;ZTF(zr);ZTF
59062.4176389;19.3128948;0.0863720402;ZTF;ZTF(zg);ZTF
59062.4809028;18.4781113;0.0522250831;ZTF;ZTF(zr);ZTF
59064.4117361;18.4198074;0.0500666387;ZTF;ZTF(zr);ZTF
59064.4368171;18.5023766;0.053106036;ZTF;ZTF(zr);ZTF
59065.78420000011;19.59;0.06813966592828317;Gaia Alerts;GSA(G);Gaia Alerts
59065.85821999982;19.59;0.06813966592828317;Gaia Alerts;GSA(G);Gaia Alerts
59066.4011458;19.1379986;0.0764447376;ZTF;ZTF(zg);ZTF
59066.4798727;18.5518761;0.055103302;ZTF;ZTF(zr);ZTF
59073.4190856;19.2263641;0.0813219696;ZTF;ZTF(zg);ZTF
59073.4594329;18.4163113;0.0499403849;ZTF;ZTF(zr);ZTF
59075.4539931;19.2773476;0.084264487;ZTF;ZTF(zg);ZTF
59076.418588;18.5207615;0.0538688116;ZTF;ZTF(zr);ZTF
59076.4610417;19.1925907;0.0794246346;ZTF;ZTF(zg);ZTF
59076.4937037;19.140583;0.0765833929;ZTF;ZTF(zg);ZTF
59077.4336806;19.1497021;0.0770745724;ZTF;ZTF(zg);ZTF
59080.4786921;19.2618122;0.0833578631;ZTF;ZTF(zg);ZTF
59082.4071991;19.1977901;0.0797140673;ZTF;ZTF(zg);ZTF
59084.3931019;19.1796207;0.0787069499;ZTF;ZTF(zg);ZTF
59085.4251736;19.2169037;0.0807863176;ZTF;ZTF(zg);ZTF
59086.4180671;18.4197273;0.0500637032;ZTF;ZTF(zr);ZTF
59086.4621528;19.2088604;0.0803334862;ZTF;ZTF(zg);ZTF
59089.3751157;19.1825714;0.0788696706;ZTF;ZTF(zg);ZTF
59089.4166204;19.1345768;0.0762615502;ZTF;ZTF(zg);ZTF
59090.3883102;19.2224522;0.0811001211;ZTF;ZTF(zg);ZTF
59091.3705903;19.2315178;0.0816151798;ZTF;ZTF(zg);ZTF
59092.3657292;18.9002934;0.0646929964;ZTF;ZTF(zg);ZTF
59095.3979977;18.4331474;0.0505516119;ZTF;ZTF(zr);ZTF
59099.3979861;19.0693378;0.0728481263;ZTF;ZTF(zg);ZTF
59107.3758102;19.2288361;0.0814624801;ZTF;ZTF(zg);ZTF
59107.4191088;18.566206;0.055682037;ZTF;ZTF(zr);ZTF
59110.3381134;19.1533947;0.0772742704;ZTF;ZTF(zg);ZTF
59112.4060417;18.4352036;0.050626833;ZTF;ZTF(zr);ZTF
59113.3394097;18.4236603;0.0502061769;ZTF;ZTF(zr);ZTF
59113.3510648;18.4950504;0.0528712869;ZTF;ZTF(zr);ZTF
59113.3538773;18.5519352;0.0550960042;ZTF;ZTF(zr);ZTF
59113.3543403;18.526577;0.0540678874;ZTF;ZTF(zr);ZTF
59113.3853704;19.2030067;0.0800054148;ZTF;ZTF(zg);ZTF
59114.4023843;18.4405823;0.0508241877;ZTF;ZTF(zr);ZTF
59115.3511458;18.5136299;0.0535901077;ZTF;ZTF(zr);ZTF
59115.3516204;18.564579;0.0556164682;ZTF;ZTF(zr);ZTF
59115.3520833;18.4986038;0.0529577509;ZTF;ZTF(zr);ZTF
59115.3800694;18.4999275;0.0530589446;ZTF;ZTF(zr);ZTF
59115.4193171;19.1920586;0.0793950856;ZTF;ZTF(zg);ZTF
59116.3082986;19.2114105;0.0804767907;ZTF;ZTF(zg);ZTF
59116.3802199;18.4732265;0.0520403832;ZTF;ZTF(zr);ZTF
59116.4041667;18.5051193;0.0532595031;ZTF;ZTF(zr);ZTF
59116.4126273;18.519165;0.0537713282;ZTF;ZTF(zr);ZTF
59116.4130903;18.5520248;0.0550997145;ZTF;ZTF(zr);ZTF
59117.3314236;19.1089859;0.0749045312;ZTF;ZTF(zg);ZTF
59117.3848148;18.4919872;0.0527537726;ZTF;ZTF(zr);ZTF
59118.2985764;18.4620209;0.0516193174;ZTF;ZTF(zr);ZTF
59118.2999769;18.5949917;0.0568898208;ZTF;ZTF(zr);ZTF
59118.3004398;18.5728951;0.0559616238;ZTF;ZTF(zr);ZTF
59118.3354745;18.5355606;0.0544521958;ZTF;ZTF(zr);ZTF
59118.440787;19.2608662;0.0833029747;ZTF;ZTF(zg);ZTF
59119.3570023;19.1937714;0.079490304;ZTF;ZTF(zg);ZTF
59119.3784491;18.5251846;0.0540424548;ZTF;ZTF(zr);ZTF
59120.3387847;19.0922184;0.0740281045;ZTF;ZTF(zg);ZTF
59120.4572569;19.1773891;0.078584075;ZTF;ZTF(zg);ZTF
59120.4976736;18.5496864;0.0550154299;ZTF;ZTF(zr);ZTF
59121.3326042;19.2942581;0.0852613673;ZTF;ZTF(zg);ZTF
59122.3368287;18.9467125;0.0668353289;ZTF;ZTF(zg);ZTF
59126.4178241;18.6446762;0.0589673035;ZTF;ZTF(zr);ZTF
59126.450625;19.0440674;0.0715663731;ZTF;ZTF(zg);ZTF
59127.3861921;18.6061935;0.057331413;ZTF;ZTF(zr);ZTF
59128.3870718;18.4107723;0.0497410744;ZTF;ZTF(zr);ZTF
59129.2697685;18.5982666;0.0570003614;ZTF;ZTF(zr);ZTF
59129.3575347;19.1201057;0.0754912868;ZTF;ZTF(zg);ZTF
59130.2980787;18.4748974;0.0521034636;ZTF;ZTF(zr);ZTF
59130.2990046;18.5676537;0.0557408407;ZTF;ZTF(zr);ZTF
59130.303831;18.5124798;0.0535053238;ZTF;ZTF(zr);ZTF
59130.3043056;18.570837;0.0558759645;ZTF;ZTF(zr);ZTF
59130.3657639;19.1862202;0.0790713653;ZTF;ZTF(zg);ZTF
59130.3666898;19.1390457;0.0765008628;ZTF;ZTF(zg);ZTF
59134.2754398;19.1645317;0.0778796822;ZTF;ZTF(zg);ZTF
59134.2763657;19.2015648;0.0799247548;ZTF;ZTF(zg);ZTF
59134.3185301;18.5340652;0.0543929599;ZTF;ZTF(zr);ZTF
59134.321331;18.5823784;0.0563429482;ZTF;ZTF(zr);ZTF
59135.2936111;19.1853809;0.0790249407;ZTF;ZTF(zg);ZTF
59135.389294;18.4815521;0.0523556694;ZTF;ZTF(zr);ZTF
59136.3325579;18.4762936;0.0521562919;ZTF;ZTF(zr);ZTF
59136.3486343;19.1746197;0.0784318522;ZTF;ZTF(zg);ZTF
59136.3495718;19.2423096;0.0822321251;ZTF;ZTF(zg);ZTF
59137.3444676;18.5654449;0.0556511097;ZTF;ZTF(zr);ZTF
59137.3538079;18.5167789;0.0536762029;ZTF;ZTF(zr);ZTF
59137.3542824;18.5292358;0.0541747436;ZTF;ZTF(zr);ZTF
59138.3191782;18.4597092;0.0515329391;ZTF;ZTF(zr);ZTF
59138.3210532;18.476347;0.0521582775;ZTF;ZTF(zr);ZTF
59138.3291782;18.497818;0.052926939;ZTF;ZTF(zr);ZTF
59138.3296412;18.5279369;0.0541225038;ZTF;ZTF(zr);ZTF
59138.3618171;19.0663395;0.0726948828;ZTF;ZTF(zg);ZTF
59138.3702315;19.1534576;0.0772776827;ZTF;ZTF(zg);ZTF
59139.2709144;18.5284367;0.0541425832;ZTF;ZTF(zr);ZTF
59139.2821181;18.4893494;0.0525959544;ZTF;ZTF(zr);ZTF
59139.3030208;18.4761505;0.0521508865;ZTF;ZTF(zr);ZTF
59139.3931944;19.2335262;0.0817296356;ZTF;ZTF(zg);ZTF
59140.2643056;18.4896088;0.0526627451;ZTF;ZTF(zr);ZTF
59140.2661921;18.4628811;0.0516514778;ZTF;ZTF(zr);ZTF
59140.2944907;19.1431084;0.0767190754;ZTF;ZTF(zg);ZTF
59140.2954282;19.1989021;0.0797761008;ZTF;ZTF(zg);ZTF
59141.2916898;18.2041817;0.0479749329;ZTF;ZTF(zi);ZTF
59141.3041667;19.1782532;0.0786316469;ZTF;ZTF(zg);ZTF
59141.3454167;18.5024109;0.0531547703;ZTF;ZTF(zr);ZTF
59141.3519907;18.5267525;0.0540749691;ZTF;ZTF(zr);ZTF
59141.3524653;18.6362839;0.0586680397;ZTF;ZTF(zr);ZTF
59142.3842708;19.1285973;0.0759423897;ZTF;ZTF(zg);ZTF
59142.3852083;19.1087952;0.0748944953;ZTF;ZTF(zg);ZTF
59143.3248611;18.5245132;0.0539851412;ZTF;ZTF(zr);ZTF
59143.3253241;18.559166;0.0553930067;ZTF;ZTF(zr);ZTF
59144.2350463;18.3283806;0.046880424;ZTF;ZTF(zr);ZTF
59147.2913889;18.4158592;0.0498174801;ZTF;ZTF(zr);ZTF
59149.2271759;18.383707;0.0486535802;ZTF;ZTF(zr);ZTF
59149.2276389;18.4113026;0.0496506244;ZTF;ZTF(zr);ZTF
59149.3393634;18.4620037;0.0516186506;ZTF;ZTF(zr);ZTF
59149.4106019;19.1757698;0.0784950554;ZTF;ZTF(zg);ZTF
59150.2650579;18.4124985;0.0496943332;ZTF;ZTF(zr);ZTF
59150.2655208;18.4094296;0.0495822355;ZTF;ZTF(zr);ZTF
59150.2755208;18.4762096;0.0521530882;ZTF;ZTF(zr);ZTF
59150.3957986;18.9108982;0.0651760772;ZTF;ZTF(zg);ZTF
59154.3078125;19.1191654;0.0754415542;ZTF;ZTF(zg);ZTF
59155.3490625;18.5658989;0.0556710847;ZTF;ZTF(zr);ZTF
59155.349537;18.4806881;0.0522597618;ZTF;ZTF(zr);ZTF
59156.2778009;18.5031509;0.0531833731;ZTF;ZTF(zr);ZTF
59157.3298495;18.4952755;0.0528273173;ZTF;ZTF(zr);ZTF
59157.3303241;18.5368977;0.0544838384;ZTF;ZTF(zr);ZTF
59158.2125;18.4841843;0.0524557792;ZTF;ZTF(zr);ZTF
59158.287338;19.1957855;0.0796023458;ZTF;ZTF(zg);ZTF
59164.2701389;19.0964203;0.0742468163;ZTF;ZTF(zg);ZTF
59164.280463;18.3692379;0.0482749641;ZTF;ZTF(zr);ZTF
59167.2257292;18.5028934;0.0531734191;ZTF;ZTF(zr);ZTF
59167.2534144;19.136879;0.0763847604;ZTF;ZTF(zg);ZTF
59169.2071875;18.4781189;0.0522253998;ZTF;ZTF(zr);ZTF
59169.2488426;19.1141071;0.0751742125;ZTF;ZTF(zg);ZTF
59172.1496644;18.4531841;0.0512899086;ZTF;ZTF(zr);ZTF
59172.2369792;19.2018547;0.0799409524;ZTF;ZTF(zg);ZTF
59173.2641782;18.1929493;0.0475814417;ZTF;ZTF(zi);ZTF
59181.11875;18.2956944;0.0457981043;ZTF;ZTF(zr);ZTF
59182.2798032;18.1990795;0.0477957614;ZTF;ZTF(zi);ZTF
59183.1066435;18.5075684;0.0533544272;ZTF;ZTF(zr);ZTF
59185.1731134;19.0376778;0.0712458193;ZTF;ZTF(zg);ZTF
59185.2120023;18.4716587;0.0519812517;ZTF;ZTF(zr);ZTF
59187.2291088;18.3463364;0.0474875532;ZTF;ZTF(zr);ZTF
59187.2532755;18.135725;0.0456325896;ZTF;ZTF(zi);ZTF
59187.2984722;18.9828587;0.0685538426;ZTF;ZTF(zg);ZTF
59189.1549653;19.171587;0.0782654658;ZTF;ZTF(zg);ZTF
59193.1849537;19.0581436;0.0722775906;ZTF;ZTF(zg);ZTF
59193.2167245;18.5479622;0.0549463667;ZTF;ZTF(zr);ZTF
59195.183125;19.1942253;0.079515487;ZTF;ZTF(zg);ZTF
59195.1954051;18.525135;0.0540405288;ZTF;ZTF(zr);ZTF
59198.1710532;19.0283813;0.0707819387;ZTF;ZTF(zg);ZTF
59199.1443403;18.357254;0.0478610806;ZTF;ZTF(zr);ZTF
59199.1679282;19.1278496;0.0759025067;ZTF;ZTF(zg);ZTF
59202.1688079;19.023262;0.0705278218;ZTF;ZTF(zg);ZTF
59202.2699884;18.4645634;0.0517145358;ZTF;ZTF(zr);ZTF
59203.1616204;18.0999908;0.0444617569;ZTF;ZTF(zi);ZTF
59203.31231919;15.378;0.127;NEOWISE;WISE(W1);NEOWISE
59203.31231919;14.799;0.322;NEOWISE;WISE(W2);NEOWISE
59203.44309532;15.267;0.131;NEOWISE;WISE(W1);NEOWISE
59203.57387141;15.483;0.14;NEOWISE;WISE(W1);NEOWISE
59203.7046476;15.314;0.136;NEOWISE;WISE(W1);NEOWISE
59203.76997194;15.669;0.187;NEOWISE;WISE(W1);NEOWISE
59203.76997194;15.425;0.534;NEOWISE;WISE(W2);NEOWISE
59203.83542369;15.304;0.133;NEOWISE;WISE(W1);NEOWISE
59203.83542369;15.39;0.475;NEOWISE;WISE(W2);NEOWISE
59203.90074812;15.326;0.134;NEOWISE;WISE(W1);NEOWISE
59203.96619987;15.535;0.165;NEOWISE;WISE(W1);NEOWISE
59203.96619987;15.149;0.376;NEOWISE;WISE(W2);NEOWISE
59204.03152426;15.039;0.154;NEOWISE;WISE(W1);NEOWISE
59204.1474769;18.3394699;0.0472543426;ZTF;ZTF(zr);ZTF
59204.16230045;15.145;0.127;NEOWISE;WISE(W1);NEOWISE
59204.16230045;14.622;0.394;NEOWISE;WISE(W2);NEOWISE
59204.2367593;19.0984745;0.0743539482;ZTF;ZTF(zg);ZTF
59204.29307706;15.509;0.152;NEOWISE;WISE(W1);NEOWISE
59204.29307706;14.695;0.297;NEOWISE;WISE(W2);NEOWISE
59210.1926852;19.2087879;0.0803294033;ZTF;ZTF(zg);ZTF
59210.1936227;19.1346703;0.0762665197;ZTF;ZTF(zg);ZTF
59211.1065509;19.0147858;0.070109047;ZTF;ZTF(zg);ZTF
59211.1488194;18.5849514;0.0564488471;ZTF;ZTF(zr);ZTF
59211.187662;18.303688;0.0516228043;ZTF;ZTF(zi);ZTF
59215.1428819;19.0295105;0.0708381608;ZTF;ZTF(zg);ZTF
59215.1865972;18.481863;0.0523674861;ZTF;ZTF(zr);ZTF
59216.1299074;19.2121849;0.0805203989;ZTF;ZTF(zg);ZTF
59216.1313194;19.1411343;0.0766129717;ZTF;ZTF(zg);ZTF
59216.2216435;18.448576;0.0511190407;ZTF;ZTF(zr);ZTF
59218.1085648;19.0489197;0.0718107298;ZTF;ZTF(zg);ZTF
59218.1099769;19.1262951;0.0758197978;ZTF;ZTF(zg);ZTF
59219.1826042;18.4805126;0.0523161851;ZTF;ZTF(zr);ZTF
59219.1936574;19.1910286;0.0793378875;ZTF;ZTF(zg);ZTF
59220.1252315;18.4587517;0.0514971539;ZTF;ZTF(zr);ZTF
59220.1544792;19.0572453;0.0722319633;ZTF;ZTF(zg);ZTF
59220.87256000005;19.47;0.06341616862711065;Gaia Alerts;GSA(G);Gaia Alerts
59223.1962153;18.1172409;0.0450225845;ZTF;ZTF(zi);ZTF
59224.1225463;18.56633;0.0556870699;ZTF;ZTF(zr);ZTF
59224.1640509;19.0488129;0.0718053803;ZTF;ZTF(zg);ZTF
59226.109213;18.4539757;0.0513193235;ZTF;ZTF(zr);ZTF
59226.1290509;18.149498;0.0460932665;ZTF;ZTF(zi);ZTF
59229.1495139;18.0476036;0.0428073369;ZTF;ZTF(zi);ZTF
59230.1091204;18.4935989;0.0528155565;ZTF;ZTF(zr);ZTF
59230.1642014;19.1090298;0.0749068484;ZTF;ZTF(zg);ZTF
59232.1296296;18.5097237;0.053438101;ZTF;ZTF(zr);ZTF
59247.11047000019;19.54;0.06613022494817672;Gaia Alerts;GSA(G);Gaia Alerts
59248.1222338;18.6301556;0.0583443567;ZTF;ZTF(zr);ZTF
59250.146088;18.8727589;0.0634561479;ZTF;ZTF(zg);ZTF
59250.1496412;18.3913269;0.049048502;ZTF;ZTF(zr);ZTF
59252.1309838;19.0479736;0.071763061;ZTF;ZTF(zg);ZTF
59252.1507639;18.5123463;0.0535400994;ZTF;ZTF(zr);ZTF
59253.1285532;18.1751118;0.0469640531;ZTF;ZTF(zi);ZTF
59254.1516551;18.4884644;0.0526190028;ZTF;ZTF(zr);ZTF
59256.1310764;19.1320705;0.0761275813;ZTF;ZTF(zg);ZTF
59256.1511574;18.4579391;0.0514668822;ZTF;ZTF(zr);ZTF
59263.1157986;18.2415257;0.0440679006;ZTF;ZTF(zr);ZTF
59263.1187847;18.2957039;0.0457984172;ZTF;ZTF(zr);ZTF
59263.1217708;18.3026962;0.0460275151;ZTF;ZTF(zr);ZTF
59263.1247569;18.1669693;0.041811645;ZTF;ZTF(zr);ZTF
59263.1277431;18.2187843;0.0433645695;ZTF;ZTF(zr);ZTF
59264.1188657;18.5718765;0.055912789;ZTF;ZTF(zr);ZTF
59264.1218634;18.4863834;0.0525395945;ZTF;ZTF(zr);ZTF
59264.1248495;18.3122177;0.0463415906;ZTF;ZTF(zr);ZTF
59264.1278356;18.4407501;0.0508303754;ZTF;ZTF(zr);ZTF
59265.1218403;18.504591;0.0532390699;ZTF;ZTF(zr);ZTF
59265.1248264;18.514576;0.0536269657;ZTF;ZTF(zr);ZTF
59265.1278125;18.4153957;0.0499073826;ZTF;ZTF(zr);ZTF
59267.1200694;18.4319611;0.0505082756;ZTF;ZTF(zr);ZTF
59267.1230556;18.3250923;0.0467702374;ZTF;ZTF(zr);ZTF
59267.1260301;18.4975948;0.0529690869;ZTF;ZTF(zr);ZTF
59267.1290046;18.3939667;0.0491419062;ZTF;ZTF(zr);ZTF
59272.1086574;18.6063499;0.0573379546;ZTF;ZTF(zr);ZTF
59272.1135532;18.4584923;0.0514875054;ZTF;ZTF(zr);ZTF
59272.1159838;18.3946724;0.0491669104;ZTF;ZTF(zr);ZTF
59273.109213;18.2922192;0.0456847548;ZTF;ZTF(zr);ZTF
59273.1164931;18.5086193;0.0533951819;ZTF;ZTF(zr);ZTF
59273.118912;18.4503231;0.0511837602;ZTF;ZTF(zr);ZTF
59274.1097801;18.1017494;0.039951846;ZTF;ZTF(zr);ZTF
59274.1194676;18.2396545;0.0440095067;ZTF;ZTF(zr);ZTF
59388.0901899999;19.48;0.06379696226625793;Gaia Alerts;GSA(G);Gaia Alerts
59409.7193103;15.364;0.138;NEOWISE;WISE(W1);NEOWISE
59409.7193103;15.32;0.489;NEOWISE;WISE(W2);NEOWISE
59409.85008619;15.011;0.104;NEOWISE;WISE(W1);NEOWISE
59409.85008619;15.037;0.451;NEOWISE;WISE(W2);NEOWISE
59409.98073466;15.434;0.156;NEOWISE;WISE(W1);NEOWISE
59410.04618627;15.252;0.124;NEOWISE;WISE(W1);NEOWISE
59410.04618627;14.885;0.372;NEOWISE;WISE(W2);NEOWISE
59410.11151056;15.357;0.19;NEOWISE;WISE(W1);NEOWISE
59410.17683475;15.448;0.148;NEOWISE;WISE(W1);NEOWISE
59410.24215898;15.379;0.168;NEOWISE;WISE(W1);NEOWISE
59410.30761059;15.451;0.188;NEOWISE;WISE(W1);NEOWISE
59410.30761059;14.643;0.292;NEOWISE;WISE(W2);NEOWISE
59410.4340741;18.4744091;0.0520850383;ZTF;ZTF(zr);ZTF
59410.43825911;15.315;0.172;NEOWISE;WISE(W1);NEOWISE
59410.43825911;14.34;0.317;NEOWISE;WISE(W2);NEOWISE
59410.56903486;15.044;0.138;NEOWISE;WISE(W1);NEOWISE
59410.69968333;14.626;0.437;NEOWISE;WISE(W2);NEOWISE
59410.69968333;15.332;0.136;NEOWISE;WISE(W1);NEOWISE
59412.4198611;18.4508572;0.0512035601;ZTF;ZTF(zr);ZTF
59412.4602778;18.960659;0.0674931332;ZTF;ZTF(zg);ZTF
59415.90835999977;19.27;0.056260035257954394;Gaia Alerts;GSA(G);Gaia Alerts
59417.4219329;18.904171;0.0648692101;ZTF;ZTF(zg);ZTF
59427.4020255;18.1666679;0.0466749482;ZTF;ZTF(zi);ZTF
59427.4412731;18.4136066;0.0498429537;ZTF;ZTF(zr);ZTF
59427.4657639;19.0062866;0.0696915984;ZTF;ZTF(zg);ZTF
59429.4396528;19.012434;0.0699932873;ZTF;ZTF(zg);ZTF
59434.4578935;19.0609322;0.0724192932;ZTF;ZTF(zg);ZTF
59434.4621875;18.4571266;0.051436577;ZTF;ZTF(zr);ZTF
59435.4446065;18.0945396;0.044286184;ZTF;ZTF(zi);ZTF
59436.4398032;19.0941277;0.0741273612;ZTF;ZTF(zg);ZTF
59436.4633333;18.3853302;0.0488371365;ZTF;ZTF(zr);ZTF
59439.4404977;19.0568924;0.0722140595;ZTF;ZTF(zg);ZTF
59439.4656366;18.4950466;0.052871149;ZTF;ZTF(zr);ZTF
59441.407500000205;19.37;0.059731029481213754;Gaia Alerts;GSA(G);Gaia Alerts
59441.583680000156;19.51;0.0649531174438763;Gaia Alerts;GSA(G);Gaia Alerts
59442.4265972;18.4662247;0.0517768189;ZTF;ZTF(zr);ZTF
59442.4651157;19.1270542;0.0758601949;ZTF;ZTF(zg);ZTF
59443.4271065;18.2105484;0.0481995381;ZTF;ZTF(zi);ZTF
59446.3984606;18.3896675;0.0489899106;ZTF;ZTF(zr);ZTF
59449.3740162;18.4409084;0.0508361533;ZTF;ZTF(zr);ZTF
59449.3749537;18.4414101;0.0508546196;ZTF;ZTF(zr);ZTF
59450.3798727;18.3062;0.0461428016;ZTF;ZTF(zr);ZTF
59450.4558218;18.822998;0.0612836629;ZTF;ZTF(zg);ZTF
59450.4681366;18.161396;0.0464954413;ZTF;ZTF(zi);ZTF
59454.3843866;19.1249599;0.0757488161;ZTF;ZTF(zg);ZTF
59454.3853356;19.0176659;0.0702510625;ZTF;ZTF(zg);ZTF
59454.437662;18.5248814;0.0540305488;ZTF;ZTF(zr);ZTF
59458.3606366;18.467392;0.0518206432;ZTF;ZTF(zr);ZTF
59458.3615741;18.4915257;0.0527361035;ZTF;ZTF(zr);ZTF
59459.390162;18.4403419;0.0508153364;ZTF;ZTF(zr);ZTF
59459.4010417;18.1172104;0.0450216085;ZTF;ZTF(zi);ZTF
59459.4372106;19.1600628;0.0776362196;ZTF;ZTF(zg);ZTF
59460.3595833;18.4257965;0.05028373;ZTF;ZTF(zr);ZTF
59460.3605208;18.4675751;0.0518275462;ZTF;ZTF(zr);ZTF
59460.406875;19.1246872;0.0757343695;ZTF;ZTF(zg);ZTF
59460.4078241;19.1479282;0.0769788027;ZTF;ZTF(zg);ZTF
59461.4367824;19.0294876;0.0708369762;ZTF;ZTF(zg);ZTF
59462.4168403;18.4120255;0.0497861169;ZTF;ZTF(zr);ZTF
59462.4514815;18.1073208;0.0446990877;ZTF;ZTF(zi);ZTF
59462.4696528;19.0631962;0.0725345388;ZTF;ZTF(zg);ZTF
59462.4705903;19.1201286;0.0754925534;ZTF;ZTF(zg);ZTF
59464.4142014;18.4668484;0.0518002249;ZTF;ZTF(zr);ZTF
59464.4407639;19.140255;0.0765657946;ZTF;ZTF(zg);ZTF
59465.3877662;18.1283226;0.04538716;ZTF;ZTF(zi);ZTF
59466.3771065;18.4231701;0.0501883626;ZTF;ZTF(zr);ZTF
59466.4005208;19.1048927;0.0746896863;ZTF;ZTF(zg);ZTF
59468.3778819;18.4467525;0.0510516353;ZTF;ZTF(zr);ZTF
59468.4223958;19.1665783;0.0779913664;ZTF;ZTF(zg);ZTF
59470.3772222;19.1257973;0.0757933632;ZTF;ZTF(zg);ZTF
59470.4016551;18.423996;0.0502183251;ZTF;ZTF(zr);ZTF
59471.4152894;18.1612225;0.046489574;ZTF;ZTF(zi);ZTF
59472.4365625;19.1968689;0.079662703;ZTF;ZTF(zg);ZTF
59474.3786458;19.155426;0.0773843527;ZTF;ZTF(zg);ZTF
59476.3869444;18.2646484;0.0501563363;ZTF;ZTF(zi);ZTF
59476.4211227;18.5404797;0.0546476506;ZTF;ZTF(zr);ZTF
59476.4784375;19.1833019;0.078910023;ZTF;ZTF(zg);ZTF
59483.276794;19.0221138;0.0704709589;ZTF;ZTF(zg);ZTF
59483.3154745;18.2178688;0.0484592877;ZTF;ZTF(zi);ZTF
59486.3303472;18.1063461;0.0446674339;ZTF;ZTF(zi);ZTF
59488.3307755;18.4759598;0.0521436669;ZTF;ZTF(zr);ZTF
59488.3790278;19.1562347;0.0774282664;ZTF;ZTF(zg);ZTF
59490.3129167;18.4118118;0.0497784093;ZTF;ZTF(zr);ZTF
59496.3429977;18.2013283;0.047874622;ZTF;ZTF(zi);ZTF
59497.4262731;18.4966698;0.0529334992;ZTF;ZTF(zr);ZTF
59501.4040278;19.1442413;0.0767800808;ZTF;ZTF(zg);ZTF
59503.2049653;18.2276993;0.0488105714;ZTF;ZTF(zi);ZTF
59503.2972222;18.4496136;0.051157482;ZTF;ZTF(zr);ZTF
59503.3423032;19.2246265;0.0812233835;ZTF;ZTF(zg);ZTF
59505.210625;18.843132;0.0621530227;ZTF;ZTF(zg);ZTF
59505.2950926;18.4394398;0.0507821701;ZTF;ZTF(zr);ZTF
59511.260625;18.445755;0.0510147773;ZTF;ZTF(zr);ZTF
59512.2516551;18.2356491;0.0490966812;ZTF;ZTF(zi);ZTF
59517.2748148;18.5031834;0.053184621;ZTF;ZTF(zr);ZTF
59520.270162;18.4627628;0.0516470633;ZTF;ZTF(zr);ZTF
59520.2943056;19.2067223;0.0802135319;ZTF;ZTF(zg);ZTF
59522.2651042;19.1374245;0.0764139369;ZTF;ZTF(zg);ZTF
59522.27625;18.134201;0.0455819592;ZTF;ZTF(zi);ZTF
59522.2963542;18.4216881;0.0501346663;ZTF;ZTF(zr);ZTF
59524.2481481;18.4531097;0.051287163;ZTF;ZTF(zr);ZTF
59524.3176852;19.2328415;0.0816906095;ZTF;ZTF(zg);ZTF
59525.1770255;18.2147579;0.0483487435;ZTF;ZTF(zi);ZTF
59526.2546759;18.4470634;0.0510631353;ZTF;ZTF(zr);ZTF
59526.3170602;19.1465263;0.0769031867;ZTF;ZTF(zg);ZTF
59529.2657176;19.0690651;0.0728341639;ZTF;ZTF(zg);ZTF
59529.2740625;18.1302719;0.0454516746;ZTF;ZTF(zi);ZTF
59529.3365162;18.4455299;0.0510064624;ZTF;ZTF(zr);ZTF
59531.2444444;18.4881039;0.052605249;ZTF;ZTF(zr);ZTF
59531.3353588;19.1834526;0.07891839;ZTF;ZTF(zg);ZTF
59532.148287;18.1717262;0.0468478948;ZTF;ZTF(zi);ZTF
59536.306088;18.951088;0.0670409724;ZTF;ZTF(zg);ZTF
59538.1976157;19.0154915;0.0701438189;ZTF;ZTF(zg);ZTF
59538.2553704;18.5895176;0.0566373654;ZTF;ZTF(zr);ZTF
59540.2840856;18.1859779;0.0473390706;ZTF;ZTF(zi);ZTF
59542.1780903;18.4857407;0.0525150485;ZTF;ZTF(zr);ZTF
59542.280162;19.1041698;0.0746517628;ZTF;ZTF(zg);ZTF
59570.50676668;15.577;0.161;NEOWISE;WISE(W1);NEOWISE
59570.63741544;14.965;0.112;NEOWISE;WISE(W1);NEOWISE
59570.63741544;15.305;0.466;NEOWISE;WISE(W2);NEOWISE
59570.76806425;15.325;0.127;NEOWISE;WISE(W1);NEOWISE
59570.76806425;15.201;0.388;NEOWISE;WISE(W2);NEOWISE
59570.83338862;15.381;0.137;NEOWISE;WISE(W1);NEOWISE
59570.83351594;15.265;0.119;NEOWISE;WISE(W1);NEOWISE
59570.89884037;15.44;0.15;NEOWISE;WISE(W1);NEOWISE
59570.89884037;15.091;0.387;NEOWISE;WISE(W2);NEOWISE
59570.96416479;15.24;0.118;NEOWISE;WISE(W1);NEOWISE
59570.96416479;14.528;0.292;NEOWISE;WISE(W2);NEOWISE
59571.02948912;15.509;0.154;NEOWISE;WISE(W1);NEOWISE
59571.09481355;15.379;0.132;NEOWISE;WISE(W1);NEOWISE
59571.2254623;15.251;0.123;NEOWISE;WISE(W1);NEOWISE
59571.2254623;14.949;0.364;NEOWISE;WISE(W2);NEOWISE
59571.35611107;15.243;0.121;NEOWISE;WISE(W1);NEOWISE
59600.33625999978;19.58;0.06773295140086069;Gaia Alerts;GSA(G);Gaia Alerts
59600.41026999988;19.56;0.06692679069358422;Gaia Alerts;GSA(G);Gaia Alerts
59621.832070000004;19.51;0.0649531174438763;Gaia Alerts;GSA(G);Gaia Alerts
59621.9060800001;19.43;0.06191558775938774;Gaia Alerts;GSA(G);Gaia Alerts
59622.1364236;19.0732327;0.0730476677;ZTF;ZTF(zg);ZTF
59627.122662;18.4656696;0.0517560244;ZTF;ZTF(zr);ZTF
59627.1256713;18.3049488;0.0461015776;ZTF;ZTF(zr);ZTF
59627.128669;18.5434551;0.0547662228;ZTF;ZTF(zr);ZTF
59628.1157523;18.502821;0.0531706139;ZTF;ZTF(zr);ZTF
59628.1187847;18.571846;0.055911582;ZTF;ZTF(zr);ZTF
59628.1218287;18.4620399;0.0516200326;ZTF;ZTF(zr);ZTF
59628.1248495;18.4974136;0.0529621132;ZTF;ZTF(zr);ZTF
59628.1278704;18.496315;0.0529198833;ZTF;ZTF(zr);ZTF
59629.1187963;18.4195118;0.0500559509;ZTF;ZTF(zr);ZTF
59629.1217824;18.5134163;0.0535817444;ZTF;ZTF(zr);ZTF
59629.1247801;18.3994007;0.0493347459;ZTF;ZTF(zr);ZTF
59629.1277778;18.3390656;0.0472406112;ZTF;ZTF(zr);ZTF
59629.1307755;18.4715004;0.0519752726;ZTF;ZTF(zr);ZTF
59630.1186806;18.5427589;0.0547384545;ZTF;ZTF(zr);ZTF
59630.1217245;18.4749565;0.0521057174;ZTF;ZTF(zr);ZTF
59630.1247454;18.4575748;0.0514532812;ZTF;ZTF(zr);ZTF
59630.1307986;18.4688721;0.0518762991;ZTF;ZTF(zr);ZTF
59639.1121065;18.3380547;0.0472063981;ZTF;ZTF(zr);ZTF
59639.1145718;18.4686966;0.0518697128;ZTF;ZTF(zr);ZTF
59639.117037;18.4330235;0.0505470745;ZTF;ZTF(zr);ZTF
59639.1195023;18.4169407;0.0499630831;ZTF;ZTF(zr);ZTF
59640.1102083;18.5190468;0.0538016707;ZTF;ZTF(zr);ZTF
59640.1126736;18.4236126;0.0502044484;ZTF;ZTF(zr);ZTF
59640.1151389;18.4187355;0.0500278622;ZTF;ZTF(zr);ZTF
59640.1176042;18.5560799;0.0552723855;ZTF;ZTF(zr);ZTF
59640.1200694;18.4326057;0.0505318269;ZTF;ZTF(zr);ZTF
59763.889090000186;19.55;0.0665273156201742;Gaia Alerts;GSA(G);Gaia Alerts
59769.4224421;18.8916798;0.0643033981;ZTF;ZTF(zg);ZTF
59773.4295139;18.2960167;0.045808617;ZTF;ZTF(zr);ZTF
59773.4593519;18.3836479;0.048778031;ZTF;ZTF(zr);ZTF
59773.7830297;15.219;0.136;NEOWISE;WISE(W1);NEOWISE
59773.91355096;15.067;0.111;NEOWISE;WISE(W1);NEOWISE
59774.04394486;15.314;0.162;NEOWISE;WISE(W1);NEOWISE
59774.17446609;15.158;0.226;NEOWISE;WISE(W1);NEOWISE
59774.17446609;14.486;0.259;NEOWISE;WISE(W2);NEOWISE
59774.23966299;14.549;0.341;NEOWISE;WISE(W2);NEOWISE
59774.23966299;15.329;0.155;NEOWISE;WISE(W1);NEOWISE
59774.3049873;15.485;0.154;NEOWISE;WISE(W1);NEOWISE
59774.37018421;14.557;0.334;NEOWISE;WISE(W2);NEOWISE
59774.37018421;15.569;0.18;NEOWISE;WISE(W1);NEOWISE
59774.50057816;15.334;0.144;NEOWISE;WISE(W1);NEOWISE
59774.50057816;14.875;0.421;NEOWISE;WISE(W2);NEOWISE
59774.63109928;15.009;0.108;NEOWISE;WISE(W1);NEOWISE
59774.76149314;15.338;0.143;NEOWISE;WISE(W1);NEOWISE
59776.447419;18.4077148;0.0496314913;ZTF;ZTF(zr);ZTF
59784.4713657;18.0056;0.0354899652;ZTF;ZTF(zg);ZTF
59784.47136570001;17.994137028544007;0.05755910435766808;ZTF;ZTF(zg);ZTF
59788.435069399886;17.81872482194637;0.043388487438685494;ZTF;ZTF(zr);ZTF
59788.4350694;17.7946033;0.0324851796;ZTF;ZTF(zr);ZTF
59788.4598842999;17.870147085989167;0.04404060285921912;ZTF;ZTF(zg);ZTF
59788.4598843;17.8993015;0.0332492962;ZTF;ZTF(zg);ZTF
59793.473286999855;17.824679866312135;0.046251928158436914;ZTF;ZTF(zg);ZTF
59793.473287;17.8546257;0.0323676206;ZTF;ZTF(zg);ZTF
59794.4302199;17.6687241;0.0328173824;ZTF;ZTF(zi);ZTF
59796.475544;17.7620163;0.0306462999;ZTF;ZTF(zg);ZTF
59796.475544000044;17.76129272006466;0.04642244528776722;ZTF;ZTF(zg);ZTF
59796.62627999997;17.98;0.025989624211086672;Gaia Alerts;GSA(G);Gaia Alerts
59796.700290000066;17.97;0.025834496392584817;Gaia Alerts;GSA(G);Gaia Alerts
59800.3810648;17.913208;0.0335308053;ZTF;ZTF(zg);ZTF
59800.38106480008;17.884048339107718;0.05953356162436212;ZTF;ZTF(zg);ZTF
59803.40252309991;17.90307396986751;0.05570752716213927;ZTF;ZTF(zr);ZTF
59803.4025231;17.8562698;0.03382558;ZTF;ZTF(zr);ZTF
59803.4607406999;18.029172687526376;0.08946218859414869;ZTF;ZTF(zg);ZTF
59803.4607407;18.0201664;0.0358133577;ZTF;ZTF(zg);ZTF
59804.4184838;17.6256046;0.0318764783;ZTF;ZTF(zi);ZTF
59809.4243981;18.14010736226828;0.0622745845401788;ZTF;ZTF(zg);ZTF
59809.4243981;18.1783867;0.0395983644;ZTF;ZTF(zg);ZTF
59809.4700116;17.9783974;0.0367084034;ZTF;ZTF(zr);ZTF
59812.4071065;17.9491005;0.0359881371;ZTF;ZTF(zr);ZTF
59812.40710650012;17.971269327301588;0.04465725387760321;ZTF;ZTF(zr);ZTF
59812.4293634;18.244875;0.0413466878;ZTF;ZTF(zg);ZTF
59812.42936340021;18.22546731532848;0.049970513717421984;ZTF;ZTF(zg);ZTF
59814.4404861;18.3151169;0.0433024205;ZTF;ZTF(zg);ZTF
59814.46064809989;17.988839348399143;0.04624229425666954;ZTF;ZTF(zr);ZTF
59814.4606481;17.9670105;0.0364262462;ZTF;ZTF(zr);ZTF
59816.2056499999;18.48;0.0350590383932613;Gaia Alerts;GSA(G);Gaia Alerts
59816.38181999978;18.51;0.035694392919884715;Gaia Alerts;GSA(G);Gaia Alerts
59816.4558199998;18.49;0.03526955661130865;Gaia Alerts;GSA(G);Gaia Alerts
59816.4581713;18.3115883;0.0432014279;ZTF;ZTF(zg);ZTF
59816.458171300124;18.268415494835935;0.0631045114156624;ZTF;ZTF(zg);ZTF
59818.4186458;18.031702;0.0380673818;ZTF;ZTF(zr);ZTF
59818.41864580009;18.06983865826552;0.03904656298965541;ZTF;ZTF(zr);ZTF
59818.4644213;18.3855267;0.0453804433;ZTF;ZTF(zg);ZTF
59818.46442130022;18.364723714380478;0.05998756355251699;ZTF;ZTF(zg);ZTF
59821.4199306;18.3930607;0.0456100032;ZTF;ZTF(zg);ZTF
59821.419930600096;18.380828280944243;0.05574851649387567;ZTF;ZTF(zg);ZTF
59821.469213;18.0439301;0.0383881666;ZTF;ZTF(zr);ZTF
59821.46921300003;18.089848719525673;0.042002022442767774;ZTF;ZTF(zr);ZTF
59823.3962616;17.8288403;0.0366426893;ZTF;ZTF(zi);ZTF
59824.3928009;18.1450596;0.0411752462;ZTF;ZTF(zr);ZTF
59824.392800900154;18.156330528489413;0.04858386491265357;ZTF;ZTF(zr);ZTF
59826.37122689979;18.408813374480463;0.08189712536129566;ZTF;ZTF(zg);ZTF
59827.3995949;17.9343128;0.0394707583;ZTF;ZTF(zi);ZTF
59828.4518403;18.0945168;0.0397519469;ZTF;ZTF(zr);ZTF
59828.45184030011;18.120692515596886;0.042899276029762484;ZTF;ZTF(zr);ZTF
59828.46155089978;18.46028061483419;0.07580860318167577;ZTF;ZTF(zg);ZTF
59828.4615509;18.4711761;0.048075214;ZTF;ZTF(zg);ZTF
59839.3505671;18.4806595;0.0483852625;ZTF;ZTF(zg);ZTF
59839.350567100104;18.427598364405302;0.07167894110335621;ZTF;ZTF(zg);ZTF
59839.3988426;18.4366264;0.0469655171;ZTF;ZTF(zg);ZTF
59839.398842600174;18.373352624065447;0.05902953436074801;ZTF;ZTF(zg);ZTF
59841.3624653;18.5234833;0.0498152301;ZTF;ZTF(zg);ZTF
59841.36246530013;18.472298956552287;0.08254182921046298;ZTF;ZTF(zg);ZTF
59841.4269213;18.4962635;0.0489006341;ZTF;ZTF(zg);ZTF
59841.426921300124;18.481983976157135;0.05416277132814968;ZTF;ZTF(zg);ZTF
59843.35793979978;18.467032699353666;0.055369230505179536;ZTF;ZTF(zg);ZTF
59843.3579398;18.4928761;0.0487881936;ZTF;ZTF(zg);ZTF
59843.4816782;17.8931389;0.0383359976;ZTF;ZTF(zi);ZTF
59846.335787;17.9236603;0.0391733125;ZTF;ZTF(zi);ZTF
59846.3740856;18.5462036;0.0505940616;ZTF;ZTF(zg);ZTF
59846.37408560002;18.506009754402676;0.06235950123089139;ZTF;ZTF(zg);ZTF
59846.412812499795;18.169642868956622;0.039977523890686935;ZTF;ZTF(zr);ZTF
59846.4128125;18.1223469;0.0405280255;ZTF;ZTF(zr);ZTF
59848.349421299994;18.18838353357425;0.04139445130451801;ZTF;ZTF(zr);ZTF
59848.3494213;18.1853256;0.04235401;ZTF;ZTF(zr);ZTF
59848.37293979991;18.539470377026277;0.0615176988420751;ZTF;ZTF(zg);ZTF
59848.3729398;18.5582924;0.0510142632;ZTF;ZTF(zg);ZTF
59850.3370718;18.2057686;0.0429680683;ZTF;ZTF(zr);ZTF
59850.39348379988;18.556928941664545;0.05681338808453293;ZTF;ZTF(zg);ZTF
59850.3934838;18.5957909;0.0523436144;ZTF;ZTF(zg);ZTF
59852.3185648;18.2304726;0.0437243767;ZTF;ZTF(zr);ZTF
59855.3673148;18.735714;0.0576635674;ZTF;ZTF(zg);ZTF
59855.367314800154;18.688556750090388;0.056813914833254806;ZTF;ZTF(zg);ZTF
59859.3243056;18.2599068;0.0446462594;ZTF;ZTF(zr);ZTF
59859.45774309989;18.547002441294318;0.06953296148926631;ZTF;ZTF(zg);ZTF
59859.4577431;18.600399;0.0525097325;ZTF;ZTF(zg);ZTF
59864.330891199876;18.20749742152565;0.06126567808631793;ZTF;ZTF(zr);ZTF
59864.3308912;18.1751747;0.0420530401;ZTF;ZTF(zr);ZTF
59864.3799883998;18.48074031692436;0.11928208391371359;ZTF;ZTF(zg);ZTF
59864.3799884;18.5512028;0.0507673584;ZTF;ZTF(zg);ZTF
59865.3441319;18.2377186;0.0437458865;ZTF;ZTF(zr);ZTF
59866.320787;18.6268253;0.0534739941;ZTF;ZTF(zg);ZTF
59866.320787000004;18.617777473575174;0.0855706586594805;ZTF;ZTF(zg);ZTF
59866.3372222;18.2730198;0.0450643264;ZTF;ZTF(zr);ZTF
59870.2736806;17.996376;0.0412587635;ZTF;ZTF(zi);ZTF
59872.35739579983;18.26375038854669;0.045007199740489966;ZTF;ZTF(zr);ZTF
59872.3573958;18.2381783;0.0439635329;ZTF;ZTF(zr);ZTF
59874.21362269996;18.637897990063124;0.05856874925205154;ZTF;ZTF(zg);ZTF
59874.2136227;18.6560974;0.0545656718;ZTF;ZTF(zg);ZTF
59874.3163426;18.2402935;0.0440294333;ZTF;ZTF(zr);ZTF
59874.316342600156;18.24722294380767;0.04291963817433587;ZTF;ZTF(zr);ZTF
59874.3536574;18.2526855;0.0442215912;ZTF;ZTF(zr);ZTF
59877.27509259991;18.63743285050002;0.06830956082372015;ZTF;ZTF(zg);ZTF
59877.2750926;18.6478519;0.0542556196;ZTF;ZTF(zg);ZTF
59877.3159375;17.9890366;0.0410423428;ZTF;ZTF(zi);ZTF
59877.33625;18.2358818;0.0438921154;ZTF;ZTF(zr);ZTF
59879.3318519;18.6819191;0.0555495918;ZTF;ZTF(zg);ZTF
59879.33185190009;18.638935580648585;0.06943488768270172;ZTF;ZTF(zg);ZTF
59880.2998958;18.0118542;0.0417195968;ZTF;ZTF(zi);ZTF
59881.2869329;18.320652;0.0466218814;ZTF;ZTF(zr);ZTF
59881.3376389;18.7865334;0.0597422123;ZTF;ZTF(zg);ZTF
59881.33763890015;18.73718982546665;0.06785395819668298;ZTF;ZTF(zg);ZTF
59883.23175929999;18.67717761251435;0.062358543811000894;ZTF;ZTF(zg);ZTF
59883.2317593;18.7263145;0.0572878495;ZTF;ZTF(zg);ZTF
59883.2763889;18.0787888;0.043783389;ZTF;ZTF(zi);ZTF
59883.3110417;18.2962933;0.0458176546;ZTF;ZTF(zr);ZTF
59883.31104170019;18.310213616772412;0.04930330456329867;ZTF;ZTF(zr);ZTF
59887.2303472;17.9304333;0.0393621325;ZTF;ZTF(zi);ZTF
59894.2746296;18.2700691;0.0449698567;ZTF;ZTF(zr);ZTF
59895.2537384;18.1382637;0.0457171202;ZTF;ZTF(zi);ZTF
59896.2333796;18.9016743;0.0647557229;ZTF;ZTF(zg);ZTF
59896.2563542;18.3267841;0.0468268916;ZTF;ZTF(zr);ZTF
59897.23462959984;18.769097909384914;0.06885482876755368;ZTF;ZTF(zg);ZTF
59897.2346296;18.8070507;0.0606043376;ZTF;ZTF(zg);ZTF
59898.3363426;18.0790215;0.0437908024;ZTF;ZTF(zi);ZTF
59899.2460417;18.7754631;0.0592825338;ZTF;ZTF(zg);ZTF
59901.209340299945;18.252811219614443;0.06697825987063369;ZTF;ZTF(zr);ZTF
59901.2093403;18.3113747;0.0463136919;ZTF;ZTF(zr);ZTF
59901.2118287;18.7378216;0.0577481836;ZTF;ZTF(zg);ZTF
59901.3195139;18.0753899;0.0436757691;ZTF;ZTF(zi);ZTF
59903.2028704;18.315546;0.0464519709;ZTF;ZTF(zr);ZTF
59903.20287040016;18.309672040714528;0.060394488432598675;ZTF;ZTF(zr);ZTF
59903.2143056;18.7127991;0.0567523725;ZTF;ZTF(zg);ZTF
59903.21430560015;18.70874550228697;0.08785485395704701;ZTF;ZTF(zg);ZTF
59904.3597454;17.9999466;0.0413645245;ZTF;ZTF(zi);ZTF
59907.1865046;18.2116394;0.0431463867;ZTF;ZTF(zr);ZTF
59907.186504600104;18.241576394252156;0.05918811197325736;ZTF;ZTF(zr);ZTF
59907.1912269;17.9145622;0.0389214084;ZTF;ZTF(zi);ZTF
59910.1754514;18.3067951;0.0461624078;ZTF;ZTF(zr);ZTF
59910.175451400224;18.31236472238659;0.047388583259895575;ZTF;ZTF(zr);ZTF
59910.2288657;18.7966499;0.0601656251;ZTF;ZTF(zg);ZTF
59913.2531481;18.3393974;0.0472518764;ZTF;ZTF(zr);ZTF
59922.1504051;18.9398918;0.0665159971;ZTF;ZTF(zg);ZTF
59922.2089468;18.3663445;0.0481746718;ZTF;ZTF(zr);ZTF
59924.1941551;19.0346069;0.0710922629;ZTF;ZTF(zg);ZTF
59930.2117361;18.8853874;0.0640203059;ZTF;ZTF(zg);ZTF
59930.2759838;18.2891808;0.0455859043;ZTF;ZTF(zr);ZTF
59933.1493519;18.4474392;0.0510770157;ZTF;ZTF(zr);ZTF
59934.70755434;14.972;0.533;NEOWISE;WISE(W2);NEOWISE
59934.70755434;15.322;0.218;NEOWISE;WISE(W1);NEOWISE
59934.83782113;14.671;0.289;NEOWISE;WISE(W2);NEOWISE
59934.83782113;15.007;0.171;NEOWISE;WISE(W1);NEOWISE
59934.96808789;14.955;0.208;NEOWISE;WISE(W1);NEOWISE
59934.96808789;15.312;0.437;NEOWISE;WISE(W2);NEOWISE
59934.96821521;16.151;0.246;NEOWISE;WISE(W1);NEOWISE
59935.03328494;15.465;0.499;NEOWISE;WISE(W2);NEOWISE
59935.03328494;15.278;0.155;NEOWISE;WISE(W1);NEOWISE
59935.09848205;15.128;0.109;NEOWISE;WISE(W1);NEOWISE
59935.1635517;15.088;0.21;NEOWISE;WISE(W1);NEOWISE
59935.22874876;15.491;0.151;NEOWISE;WISE(W1);NEOWISE
59935.22874876;15.202;0.372;NEOWISE;WISE(W2);NEOWISE
59935.2938185;15.285;0.121;NEOWISE;WISE(W1);NEOWISE
59935.2938185;15.058;0.409;NEOWISE;WISE(W2);NEOWISE
59935.42408525;14.435;0.28;NEOWISE;WISE(W2);NEOWISE
59935.42408525;15.371;0.153;NEOWISE;WISE(W1);NEOWISE
59935.55435205;15.086;0.365;NEOWISE;WISE(W2);NEOWISE
59935.55435205;15.644;0.172;NEOWISE;WISE(W1);NEOWISE
59935.68461881;15.471;0.146;NEOWISE;WISE(W1);NEOWISE
59947.399650000036;19.21;0.05427502097963173;Gaia Alerts;GSA(G);Gaia Alerts
59947.47365000006;19.19;0.05362903718008594;Gaia Alerts;GSA(G);Gaia Alerts
59951.2346296;18.3798523;0.0486449488;ZTF;ZTF(zr);ZTF
59958.1326968;18.4249058;0.0502513386;ZTF;ZTF(zr);ZTF
59966.1325347;18.2962151;0.0458151251;ZTF;ZTF(zr);ZTF
59968.1224884;18.8626595;0.0630087256;ZTF;ZTF(zg);ZTF
59968.1528356;18.430418;0.0504519343;ZTF;ZTF(zr);ZTF
59979.94792000018;19.39;0.060450514286534675;Gaia Alerts;GSA(G);Gaia Alerts
59980.0991898;18.9354153;0.0663072839;ZTF;ZTF(zg);ZTF
59980.12405000022;19.52;0.06534313996495986;Gaia Alerts;GSA(G);Gaia Alerts
59982.1159491;18.9724808;0.0680559278;ZTF;ZTF(zg);ZTF
59984.0996644;19.0047607;0.0696169287;ZTF;ZTF(zg);ZTF
59993.1225347;18.3582325;0.0478947274;ZTF;ZTF(zr);ZTF
59993.1255324;18.508255;0.0533810705;ZTF;ZTF(zr);ZTF
59995.950000000186;19.42;0.06154602373713175;Gaia Alerts;GSA(G);Gaia Alerts
60091.78309000004;19.47;0.06341616862711065;Gaia Alerts;GSA(G);Gaia Alerts
60091.959259999916;19.4;0.06081350012787176;Gaia Alerts;GSA(G);Gaia Alerts
60092.20942999981;19.51;0.0649531174438763;Gaia Alerts;GSA(G);Gaia Alerts
60099.21394000016;19.42;0.06154602373713175;Gaia Alerts;GSA(G);Gaia Alerts
60099.287949999794;19.48;0.06379696226625793;Gaia Alerts;GSA(G);Gaia Alerts
60099.464120000135;19.36;0.05937450473021954;Gaia Alerts;GSA(G);Gaia Alerts
60099.538139999844;19.4;0.06081350012787176;Gaia Alerts;GSA(G);Gaia Alerts
60139.938690000214;19.62;0.06937452139421242;Gaia Alerts;GSA(G);Gaia Alerts
60140.01270999992;19.51;0.0649531174438763;Gaia Alerts;GSA(G);Gaia Alerts
60140.8422684;15.035;0.113;NEOWISE;WISE(W1);NEOWISE
60140.97202561;15.212;0.134;NEOWISE;WISE(W1);NEOWISE
60141.10165545;15.107;0.419;NEOWISE;WISE(W2);NEOWISE
60141.10165545;15.181;0.122;NEOWISE;WISE(W1);NEOWISE
60141.10178277;15.374;0.137;NEOWISE;WISE(W1);NEOWISE
60141.23141262;15.186;0.132;NEOWISE;WISE(W1);NEOWISE
60141.29622751;15.488;0.188;NEOWISE;WISE(W1);NEOWISE
60141.3611703;15.262;0.485;NEOWISE;WISE(W2);NEOWISE
60141.3611703;15.701;0.251;NEOWISE;WISE(W1);NEOWISE
60141.42598524;15.415;0.166;NEOWISE;WISE(W1);NEOWISE
60141.49080019;14.844;0.4;NEOWISE;WISE(W2);NEOWISE
60141.49080019;15.399;0.147;NEOWISE;WISE(W1);NEOWISE
60141.55574241;15.242;0.148;NEOWISE;WISE(W1);NEOWISE
60141.55574241;14.92;0.328;NEOWISE;WISE(W2);NEOWISE
60141.68537225;15.113;0.185;NEOWISE;WISE(W1);NEOWISE
60141.68537225;14.949;0.458;NEOWISE;WISE(W2);NEOWISE
60141.81512941;15.177;0.134;NEOWISE;WISE(W1);NEOWISE
60141.94475926;14.451;0.271;NEOWISE;WISE(W2);NEOWISE
60141.94475926;15.264;0.141;NEOWISE;WISE(W1);NEOWISE
60144.4404745;19.0600014;0.0723719448;ZTF;ZTF(zg);ZTF
60149.4534259;19.1178246;0.0753706023;ZTF;ZTF(zg);ZTF
60160.3986806;18.9992142;0.0693461299;ZTF;ZTF(zg);ZTF
60165.4671759;19.1448212;0.0768112838;ZTF;ZTF(zg);ZTF
60171.3948495;19.1026897;0.0745742768;ZTF;ZTF(zg);ZTF
60179.17071000021;19.57;0.06732866448596864;Gaia Alerts;GSA(G);Gaia Alerts
60179.42089000018;19.35;0.05902010801718454;Gaia Alerts;GSA(G);Gaia Alerts
60179.494899999816;19.36;0.05937450473021954;Gaia Alerts;GSA(G);Gaia Alerts
60181.3796296;19.1284199;0.07593292;ZTF;ZTF(zg);ZTF
60183.4430903;19.1312866;0.0760857686;ZTF;ZTF(zg);ZTF
60183.5147106;18.4073486;0.0496183448;ZTF;ZTF(zr);ZTF
60185.4791898;19.1325817;0.0761548951;ZTF;ZTF(zg);ZTF
60188.50051000016;19.46;0.06303764788294884;Gaia Alerts;GSA(G);Gaia Alerts
60188.67668000003;19.44;0.06228737089440294;Gaia Alerts;GSA(G);Gaia Alerts
60188.75069000013;19.53;0.06573550444548981;Gaia Alerts;GSA(G);Gaia Alerts
60188.92686000001;19.58;0.06773295140086069;Gaia Alerts;GSA(G);Gaia Alerts
60191.3659144;18.5463734;0.0548827872;ZTF;ZTF(zr);ZTF
60193.3722338;18.9665394;0.0677724928;ZTF;ZTF(zg);ZTF
60196.3764699;19.1028004;0.0745800808;ZTF;ZTF(zg);ZTF
60200.4809954;19.1754723;0.0784786791;ZTF;ZTF(zg);ZTF
60202.4793171;19.1789093;0.078667745;ZTF;ZTF(zg);ZTF
60205.3394444;19.1675777;0.0780460089;ZTF;ZTF(zg);ZTF
60207.4212037;19.1605682;0.0776637122;ZTF;ZTF(zg);ZTF
60211.3856019;19.2286987;0.0814546943;ZTF;ZTF(zg);ZTF
60213.366412;19.0866203;0.0737376884;ZTF;ZTF(zg);ZTF
60215.2223032;19.1088409;0.0748969391;ZTF;ZTF(zg);ZTF
60215.3569213;18.5476227;0.0549327657;ZTF;ZTF(zr);ZTF
60220.3198032;18.4315052;0.050491605;ZTF;ZTF(zr);ZTF
60220.3826736;19.1393871;0.0765192136;ZTF;ZTF(zg);ZTF
60222.3238773;18.458765;0.0514976904;ZTF;ZTF(zr);ZTF
60222.4218056;18.9948463;0.0691336542;ZTF;ZTF(zg);ZTF
60224.2894097;19.1037292;0.0746287107;ZTF;ZTF(zg);ZTF
60224.3980208;18.4822311;0.0523814447;ZTF;ZTF(zr);ZTF
60227.2431481;19.1960297;0.0796159431;ZTF;ZTF(zg);ZTF
60230.3867245;19.1257267;0.0757896155;ZTF;ZTF(zg);ZTF
60232.2342824;19.1522865;0.077214323;ZTF;ZTF(zg);ZTF
60232.297338;18.4466743;0.0510487258;ZTF;ZTF(zr);ZTF
60234.3503704;19.036705;0.0711971372;ZTF;ZTF(zg);ZTF
60236.2776968;19.1196804;0.0754688159;ZTF;ZTF(zg);ZTF
60238.2674306;19.2247181;0.0812285915;ZTF;ZTF(zg);ZTF
60241.3534028;18.8776684;0.0636748374;ZTF;ZTF(zg);ZTF
60246.3585995;18.8953342;0.0644683763;ZTF;ZTF(zg);ZTF
60249.2981829;19.0919609;0.0740147084;ZTF;ZTF(zg);ZTF
60251.2528704;19.1853104;0.0790210366;ZTF;ZTF(zg);ZTF
60253.2195718;19.1157227;0.0752595365;ZTF;ZTF(zg);ZTF
60255.2003241;19.0890541;0.073863782;ZTF;ZTF(zg);ZTF
60258.3260185;19.0847588;0.0736413449;ZTF;ZTF(zg);ZTF
60260.2333565;19.0391006;0.071317032;ZTF;ZTF(zg);ZTF
60262.2210185;19.2318268;0.081632778;ZTF;ZTF(zg);ZTF
60268.1907986;18.2570171;0.0445547476;ZTF;ZTF(zr);ZTF
60276.7931400002;19.54;0.06613022494817672;Gaia Alerts;GSA(G);Gaia Alerts
60277.04327999987;19.37;0.059731029481213754;Gaia Alerts;GSA(G);Gaia Alerts
60285.2277662;19.1675758;0.0780458823;ZTF;ZTF(zg);ZTF
60285.54730999982;19.45;0.06266138646723363;Gaia Alerts;GSA(G);Gaia Alerts
60285.72346000001;19.39;0.060450514286534675;Gaia Alerts;GSA(G);Gaia Alerts
60285.79747000011;19.58;0.06773295140086069;Gaia Alerts;GSA(G);Gaia Alerts
60288.1922106;18.4373856;0.050706774;ZTF;ZTF(zr);ZTF
60290.2442593;19.1319904;0.0761233196;ZTF;ZTF(zg);ZTF
60295.1297222;19.0996246;0.0744140223;ZTF;ZTF(zg);ZTF
60295.2810301;18.3895988;0.0489875078;ZTF;ZTF(zr);ZTF
60315.1590856;18.4037018;0.0494879968;ZTF;ZTF(zr);ZTF
60315.1684606;18.2606888;0.0446710624;ZTF;ZTF(zr);ZTF
60322.77098000003;19.47;0.06341616862711065;Gaia Alerts;GSA(G);Gaia Alerts
60324.1498032;19.1796627;0.0787092522;ZTF;ZTF(zg);ZTF
60351.1281597;19.1512871;0.0771602094;ZTF;ZTF(zg);ZTF
