MJD;Magnitude;Error;Facility;Filter;Observer
52639.3776153;18.796;0.433;LINEAR;LINEAR(CL);LINEAR
52639.3923897;19.178;0.603;LINEAR;LINEAR(CL);LINEAR
52639.4071161;18.752;0.42;LINEAR;LINEAR(CL);LINEAR
52639.4370999;18.913;0.451;LINEAR;LINEAR(CL);LINEAR
52646.4474552;18.95;0.548;LINEAR;LINEAR(CL);LINEAR
52649.4592062;18.29;0.272;LINEAR;LINEAR(CL);LINEAR
52649.4928079;18.575;0.355;LINEAR;LINEAR(CL);LINEAR
52649.5070564;19.003;0.551;LINEAR;LINEAR(CL);LINEAR
52677.3170258;18.346;0.287;LINEAR;LINEAR(CL);LINEAR
52701.3444594;18.817;0.441;LINEAR;LINEAR(CL);LINEAR
52706.3005571;18.872;0.418;LINEAR;LINEAR(CL);LINEAR
52706.3137103;18.749;0.374;LINEAR;LINEAR(CL);LINEAR
52706.3270888;18.908;0.424;LINEAR;LINEAR(CL);LINEAR
52706.3404272;18.823;0.394;LINEAR;LINEAR(CL);LINEAR
52706.3538807;18.647;0.342;LINEAR;LINEAR(CL);LINEAR
52724.2411714;18.989;0.477;LINEAR;LINEAR(CL);LINEAR
52724.2644257;18.611;0.326;LINEAR;LINEAR(CL);LINEAR
52724.2876401;18.746;0.372;LINEAR;LINEAR(CL);LINEAR
52733.2423754;18.861;0.482;LINEAR;LINEAR(CL);LINEAR
52733.2907988;18.48;0.467;LINEAR;LINEAR(CL);LINEAR
52753.1920432;18.277;0.274;LINEAR;LINEAR(CL);LINEAR
52753.2041257;18.562;0.366;LINEAR;LINEAR(CL);LINEAR
52753.2180889;18.456;0.337;LINEAR;LINEAR(CL);LINEAR
52992.4292725;19.247;0.572;LINEAR;LINEAR(CL);LINEAR
52992.4425827;19.365;0.574;LINEAR;LINEAR(CL);LINEAR
53001.4176742;19.367;0.378;LINEAR;LINEAR(CL);LINEAR
53001.4400381;19.821;0.597;LINEAR;LINEAR(CL);LINEAR
53001.4544444;19.738;0.52;LINEAR;LINEAR(CL);LINEAR
53001.4718889;18.852;0.224;LINEAR;LINEAR(CL);LINEAR
53001.4907416;18.969;0.249;LINEAR;LINEAR(CL);LINEAR
53003.3750204;19.578;0.574;LINEAR;LINEAR(CL);LINEAR
53003.3992555;19.443;0.601;LINEAR;LINEAR(CL);LINEAR
53034.3779254;19.198;0.611;LINEAR;LINEAR(CL);LINEAR
53051.2812865;18.952;0.385;LINEAR;LINEAR(CL);LINEAR
53051.2930177;19.374;0.561;LINEAR;LINEAR(CL);LINEAR
53051.3046947;18.845;0.342;LINEAR;LINEAR(CL);LINEAR
53051.3163903;18.776;0.318;LINEAR;LINEAR(CL);LINEAR
53051.3280668;18.932;0.377;LINEAR;LINEAR(CL);LINEAR
53078.3370779;19.048;0.551;LINEAR;LINEAR(CL);LINEAR
53087.2858413;18.861;0.297;LINEAR;LINEAR(CL);LINEAR
53087.2990851;19.189;0.406;LINEAR;LINEAR(CL);LINEAR
53087.3105406;19.458;0.515;LINEAR;LINEAR(CL);LINEAR
53087.3336153;19.135;0.409;LINEAR;LINEAR(CL);LINEAR
53089.2690321;19.293;0.495;LINEAR;LINEAR(CL);LINEAR
53089.2798887;19.421;0.541;LINEAR;LINEAR(CL);LINEAR
53149.1640239;19.079;0.555;LINEAR;LINEAR(CL);LINEAR
53149.1732129;18.545;0.351;LINEAR;LINEAR(CL);LINEAR
53149.1926096;18.779;0.453;LINEAR;LINEAR(CL);LINEAR
53149.2015383;18.97;0.562;LINEAR;LINEAR(CL);LINEAR
53357.4721782;18.741;0.417;LINEAR;LINEAR(CL);LINEAR
53439.3131588401;20.120537;0.02436463;SDSS;SDSS(r);SDSS
53439.3139881099;19.75739;0.0308478;SDSS;SDSS(i);SDSS
53439.31481737;21.82941;0.11823126;SDSS;SDSS(u);SDSS
53439.31564663;19.792694;0.06470472;SDSS;SDSS(z);SDSS
53439.3164759;20.881426;0.029932976;SDSS;SDSS(g);SDSS
53469.25564;19.47;0.21;CRTS;CRTS(CL);CRTS
53469.26375;19.38;0.2;CRTS;CRTS(CL);CRTS
53469.2719;19.46;0.21;CRTS;CRTS(CL);CRTS
53469.28003;19.59;0.22;CRTS;CRTS(CL);CRTS
53500.212217;18.669;0.431;LINEAR;LINEAR(CL);LINEAR
53500.2221361;18.701;0.444;LINEAR;LINEAR(CL);LINEAR
53500.23084;19.59;0.22;CRTS;CRTS(CL);CRTS
53500.23734;19.35;0.2;CRTS;CRTS(CL);CRTS
53500.24385;19.46;0.21;CRTS;CRTS(CL);CRTS
53500.25031;19.38;0.2;CRTS;CRTS(CL);CRTS
53528.1793462;18.137;0.413;LINEAR;LINEAR(CL);LINEAR
53673.48704;19.04;0.18;CRTS;CRTS(CL);CRTS
53673.49192;19.82;0.26;CRTS;CRTS(CL);CRTS
53673.49679;18.91;0.17;CRTS;CRTS(CL);CRTS
53673.50165;19.84;0.26;CRTS;CRTS(CL);CRTS
53703.4577904;19.025;0.548;LINEAR;LINEAR(CL);LINEAR
53703.4835501;18.897;0.477;LINEAR;LINEAR(CL);LINEAR
53703.4962227;18.843;0.448;LINEAR;LINEAR(CL);LINEAR
53710.4827;19.19;0.18;CRTS;CRTS(CL);CRTS
53710.49029;19.27;0.19;CRTS;CRTS(CL);CRTS
53710.4979;19.83;0.25;CRTS;CRTS(CL);CRTS
53710.50554;19.61;0.22;CRTS;CRTS(CL);CRTS
53728.44717;19.37;0.21;CRTS;CRTS(CL);CRTS
53728.45533;20.4;0.39;CRTS;CRTS(CL);CRTS
53728.46357;19.21;0.2;CRTS;CRTS(CL);CRTS
53736.44022;19.25;0.19;CRTS;CRTS(CL);CRTS
53736.4476;19.46;0.21;CRTS;CRTS(CL);CRTS
53736.45506;19.23;0.19;CRTS;CRTS(CL);CRTS
53736.46256;19.77;0.24;CRTS;CRTS(CL);CRTS
53740.4284608;18.723;0.377;LINEAR;LINEAR(CL);LINEAR
53740.4422658;19.255;0.599;LINEAR;LINEAR(CL);LINEAR
53740.455768;18.534;0.32;LINEAR;LINEAR(CL);LINEAR
53761.41639;19.29;0.19;CRTS;CRTS(CL);CRTS
53761.4228;19.42;0.21;CRTS;CRTS(CL);CRTS
53761.42924;19.41;0.2;CRTS;CRTS(CL);CRTS
53761.43567;19.21;0.19;CRTS;CRTS(CL);CRTS
53770.2904434;18.475;0.313;LINEAR;LINEAR(CL);LINEAR
53770.3034384;19.071;0.531;LINEAR;LINEAR(CL);LINEAR
53770.3165073;18.504;0.3;LINEAR;LINEAR(CL);LINEAR
53770.3306875;18.998;0.468;LINEAR;LINEAR(CL);LINEAR
53770.3443868;18.582;0.329;LINEAR;LINEAR(CL);LINEAR
53787.35384;18.79;0.15;CRTS;CRTS(CL);CRTS
53787.35976;19.51;0.22;CRTS;CRTS(CL);CRTS
53787.36566;19.34;0.2;CRTS;CRTS(CL);CRTS
53787.37154;19.25;0.19;CRTS;CRTS(CL);CRTS
53794.359;19.63;0.25;CRTS;CRTS(CL);CRTS
53794.36546;19.27;0.21;CRTS;CRTS(CL);CRTS
53794.37845;19.61;0.25;CRTS;CRTS(CL);CRTS
53803.22875;19.8;0.32;CRTS;CRTS(CL);CRTS
53803.24128;20.04;0.36;CRTS;CRTS(CL);CRTS
53819.21632;19.55;0.24;CRTS;CRTS(CL);CRTS
53819.22291;20.05;0.32;CRTS;CRTS(CL);CRTS
53819.22946;19.31;0.22;CRTS;CRTS(CL);CRTS
53819.23605;20.01;0.31;CRTS;CRTS(CL);CRTS
53824.26345;18.819;0.396;LINEAR;LINEAR(CL);LINEAR
53824.2685425;18.924;0.436;LINEAR;LINEAR(CL);LINEAR
53831.14085;19.63;0.24;CRTS;CRTS(CL);CRTS
53831.14709;19.4;0.21;CRTS;CRTS(CL);CRTS
53831.15342;18.93;0.17;CRTS;CRTS(CL);CRTS
53844.212;19.54;0.23;CRTS;CRTS(CL);CRTS
53844.22811;19.53;0.23;CRTS;CRTS(CL);CRTS
53844.23617;19.45;0.22;CRTS;CRTS(CL);CRTS
53851.12944;19.36;0.21;CRTS;CRTS(CL);CRTS
53851.13698;19.7;0.25;CRTS;CRTS(CL);CRTS
53851.14452;19.18;0.19;CRTS;CRTS(CL);CRTS
53851.15207;19.3;0.2;CRTS;CRTS(CL);CRTS
53859.19152;19.83;0.27;CRTS;CRTS(CL);CRTS
53859.20327;19.2;0.19;CRTS;CRTS(CL);CRTS
53878.1838;19.81;0.26;CRTS;CRTS(CL);CRTS
53878.1902;19.5;0.22;CRTS;CRTS(CL);CRTS
53878.19657;18.83;0.16;CRTS;CRTS(CL);CRTS
53878.20298;19.59;0.23;CRTS;CRTS(CL);CRTS
53885.16318;19.4;0.21;CRTS;CRTS(CL);CRTS
53885.17239;19.64;0.24;CRTS;CRTS(CL);CRTS
53885.18159;19.58;0.24;CRTS;CRTS(CL);CRTS
53885.19082;19.58;0.24;CRTS;CRTS(CL);CRTS
53887.2041746;17.023;0.246;LINEAR;LINEAR(CL);LINEAR
53902.21903;19.65;0.81;CRTS;CRTS(CL);CRTS
54035.50909;19.14;0.17;CRTS;CRTS(CL);CRTS
54035.51391;19.37;0.19;CRTS;CRTS(CL);CRTS
54035.51883;19.43;0.2;CRTS;CRTS(CL);CRTS
54035.52375;18.82;0.15;CRTS;CRTS(CL);CRTS
54056.45706;19.55;0.21;CRTS;CRTS(CL);CRTS
54056.46414;19.51;0.21;CRTS;CRTS(CL);CRTS
54056.47107;19.32;0.19;CRTS;CRTS(CL);CRTS
54056.47812;19.16;0.17;CRTS;CRTS(CL);CRTS
54062.45367;19.44;0.2;CRTS;CRTS(CL);CRTS
54062.46131;19.16;0.17;CRTS;CRTS(CL);CRTS
54062.46885;19.58;0.21;CRTS;CRTS(CL);CRTS
54062.47646;19.52;0.21;CRTS;CRTS(CL);CRTS
54094.38886;19.31;0.19;CRTS;CRTS(CL);CRTS
54094.39757;19.34;0.19;CRTS;CRTS(CL);CRTS
54094.40627;19.18;0.18;CRTS;CRTS(CL);CRTS
54094.41501;19.96;0.26;CRTS;CRTS(CL);CRTS
54098.4151173;18.942;0.437;LINEAR;LINEAR(CL);LINEAR
54110.43003;18.7;0.14;CRTS;CRTS(CL);CRTS
54110.45926;19.55;0.21;CRTS;CRTS(CL);CRTS
54110.46585;19.82;0.27;CRTS;CRTS(CL);CRTS
54110.47988;19.0;0.17;CRTS;CRTS(CL);CRTS
54110.48642;19.44;0.2;CRTS;CRTS(CL);CRTS
54117.36173;19.59;0.22;CRTS;CRTS(CL);CRTS
54117.36824;19.64;0.22;CRTS;CRTS(CL);CRTS
54117.3748;19.53;0.21;CRTS;CRTS(CL);CRTS
54117.38132;19.72;0.23;CRTS;CRTS(CL);CRTS
54121.3429865;18.576;0.296;LINEAR;LINEAR(CL);LINEAR
54121.3551761;18.689;0.311;LINEAR;LINEAR(CL);LINEAR
54121.3673702;18.775;0.346;LINEAR;LINEAR(CL);LINEAR
54121.3796247;18.736;0.34;LINEAR;LINEAR(CL);LINEAR
54128.4131;19.49;0.2;CRTS;CRTS(CL);CRTS
54128.42024;19.61;0.22;CRTS;CRTS(CL);CRTS
54128.42736;19.29;0.19;CRTS;CRTS(CL);CRTS
54128.43451;19.79;0.24;CRTS;CRTS(CL);CRTS
54141.376;19.78;0.24;CRTS;CRTS(CL);CRTS
54141.38198;19.33;0.2;CRTS;CRTS(CL);CRTS
54141.38791;20.25;0.33;CRTS;CRTS(CL);CRTS
54141.39388;19.66;0.23;CRTS;CRTS(CL);CRTS
54168.40145;19.45;0.2;CRTS;CRTS(CL);CRTS
54168.41664;19.0;0.16;CRTS;CRTS(CL);CRTS
54174.32967;19.31;0.19;CRTS;CRTS(CL);CRTS
54174.3361;19.17;0.18;CRTS;CRTS(CL);CRTS
54174.34252;19.55;0.21;CRTS;CRTS(CL);CRTS
54174.34894;19.31;0.19;CRTS;CRTS(CL);CRTS
54185.20899;20.82;0.43;CRTS;CRTS(CL);CRTS
54185.21877;19.67;0.23;CRTS;CRTS(CL);CRTS
54185.22853;19.39;0.2;CRTS;CRTS(CL);CRTS
54185.2383;19.07;0.17;CRTS;CRTS(CL);CRTS
54201.20975;18.87;0.16;CRTS;CRTS(CL);CRTS
54201.21954;19.57;0.22;CRTS;CRTS(CL);CRTS
54201.22931;19.11;0.18;CRTS;CRTS(CL);CRTS
54201.23913;19.81;0.25;CRTS;CRTS(CL);CRTS
54231.21197;19.43;0.21;CRTS;CRTS(CL);CRTS
54231.21837;19.55;0.22;CRTS;CRTS(CL);CRTS
54231.22484;19.51;0.22;CRTS;CRTS(CL);CRTS
54231.23129;18.89;0.16;CRTS;CRTS(CL);CRTS
54391.50286;19.22;0.19;CRTS;CRTS(CL);CRTS
54391.50847;19.19;0.18;CRTS;CRTS(CL);CRTS
54412.47404;19.11;0.18;CRTS;CRTS(CL);CRTS
54412.48001;19.63;0.23;CRTS;CRTS(CL);CRTS
54412.48601;19.51;0.21;CRTS;CRTS(CL);CRTS
54412.49195;19.02;0.17;CRTS;CRTS(CL);CRTS
54422.45736;19.46;0.21;CRTS;CRTS(CL);CRTS
54422.46445;18.85;0.15;CRTS;CRTS(CL);CRTS
54422.4716;19.35;0.19;CRTS;CRTS(CL);CRTS
54422.47885;18.95;0.16;CRTS;CRTS(CL);CRTS
54440.44646;19.28;0.19;CRTS;CRTS(CL);CRTS
54440.45517;20.05;0.27;CRTS;CRTS(CL);CRTS
54440.46355;19.01;0.16;CRTS;CRTS(CL);CRTS
54440.47191;19.76;0.23;CRTS;CRTS(CL);CRTS
54452.4344234;19.482;0.574;LINEAR;LINEAR(CL);LINEAR
54476.39766;19.41;0.2;CRTS;CRTS(CL);CRTS
54476.40419;19.46;0.2;CRTS;CRTS(CL);CRTS
54476.41255;19.74;0.23;CRTS;CRTS(CL);CRTS
54476.41908;19.52;0.21;CRTS;CRTS(CL);CRTS
54477.3917529;19.54;0.67;LINEAR;LINEAR(CL);LINEAR
54477.4176045;19.22;0.488;LINEAR;LINEAR(CL);LINEAR
54477.4435241;18.993;0.376;LINEAR;LINEAR(CL);LINEAR
54499.2931;19.15;0.17;CRTS;CRTS(CL);CRTS
54499.3003;19.16;0.18;CRTS;CRTS(CL);CRTS
54499.30754;19.37;0.19;CRTS;CRTS(CL);CRTS
54499.31475;19.22;0.18;CRTS;CRTS(CL);CRTS
54523.38954;19.07;0.17;CRTS;CRTS(CL);CRTS
54523.39785;19.46;0.2;CRTS;CRTS(CL);CRTS
54523.4061;19.96;0.26;CRTS;CRTS(CL);CRTS
54523.41439;19.39;0.19;CRTS;CRTS(CL);CRTS
54528.22292;19.26;0.19;CRTS;CRTS(CL);CRTS
54528.22835;19.39;0.2;CRTS;CRTS(CL);CRTS
54528.23376;19.32;0.19;CRTS;CRTS(CL);CRTS
54528.23917;19.63;0.22;CRTS;CRTS(CL);CRTS
54533.2768637;19.441;0.429;LINEAR;LINEAR(CL);LINEAR
54533.2882271;18.635;0.205;LINEAR;LINEAR(CL);LINEAR
54533.2993631;18.878;0.259;LINEAR;LINEAR(CL);LINEAR
54533.3108803;19.406;0.42;LINEAR;LINEAR(CL);LINEAR
54533.3220578;19.117;0.331;LINEAR;LINEAR(CL);LINEAR
54536.18517;19.36;0.17;CRTS;CRTS(CL);CRTS
54536.19264;19.24;0.16;CRTS;CRTS(CL);CRTS
54536.20004;19.2;0.16;CRTS;CRTS(CL);CRTS
54536.20743;19.49;0.18;CRTS;CRTS(CL);CRTS
54539.2100999;18.725;0.309;LINEAR;LINEAR(CL);LINEAR
54539.2209908;18.414;0.228;LINEAR;LINEAR(CL);LINEAR
54539.2318822;18.498;0.231;LINEAR;LINEAR(CL);LINEAR
54539.2426881;18.553;0.253;LINEAR;LINEAR(CL);LINEAR
54539.253716;18.929;0.324;LINEAR;LINEAR(CL);LINEAR
54555.29722;19.41;0.2;CRTS;CRTS(CL);CRTS
54555.30464;19.24;0.18;CRTS;CRTS(CL);CRTS
54555.31202;19.59;0.22;CRTS;CRTS(CL);CRTS
54555.31944;19.33;0.19;CRTS;CRTS(CL);CRTS
54564.21133;19.52;0.21;CRTS;CRTS(CL);CRTS
54564.21934;18.88;0.16;CRTS;CRTS(CL);CRTS
54564.22737;19.35;0.19;CRTS;CRTS(CL);CRTS
54564.23542;19.13;0.18;CRTS;CRTS(CL);CRTS
54567.1859092;18.717;0.324;LINEAR;LINEAR(CL);LINEAR
54567.1969837;18.9;0.383;LINEAR;LINEAR(CL);LINEAR
54567.2080571;18.991;0.422;LINEAR;LINEAR(CL);LINEAR
54567.2193928;18.734;0.339;LINEAR;LINEAR(CL);LINEAR
54567.2307469;18.494;0.276;LINEAR;LINEAR(CL);LINEAR
54582.19734;19.31;0.19;CRTS;CRTS(CL);CRTS
54582.20379;20.06;0.28;CRTS;CRTS(CL);CRTS
54582.21023;20.31;0.32;CRTS;CRTS(CL);CRTS
54582.21665;19.83;0.25;CRTS;CRTS(CL);CRTS
54587.2004937;19.012;0.477;LINEAR;LINEAR(CL);LINEAR
54587.211031;18.871;0.422;LINEAR;LINEAR(CL);LINEAR
54587.2426737;18.788;0.405;LINEAR;LINEAR(CL);LINEAR
54592.18913;19.56;0.22;CRTS;CRTS(CL);CRTS
54592.19554;19.35;0.2;CRTS;CRTS(CL);CRTS
54592.20196;18.98;0.17;CRTS;CRTS(CL);CRTS
54592.20837;18.7;0.15;CRTS;CRTS(CL);CRTS
54595.1958987;18.875;0.496;LINEAR;LINEAR(CL);LINEAR
54595.2058846;18.767;0.451;LINEAR;LINEAR(CL);LINEAR
54595.2259581;18.674;0.422;LINEAR;LINEAR(CL);LINEAR
54613.167335;19.195;0.635;LINEAR;LINEAR(CL);LINEAR
54613.197039;18.413;0.346;LINEAR;LINEAR(CL);LINEAR
54619.1705784;18.566;0.348;LINEAR;LINEAR(CL);LINEAR
54619.1807823;18.728;0.394;LINEAR;LINEAR(CL);LINEAR
54619.1910381;18.722;0.411;LINEAR;LINEAR(CL);LINEAR
54619.2012257;18.831;0.464;LINEAR;LINEAR(CL);LINEAR
54630.19055;19.08;0.18;CRTS;CRTS(CL);CRTS
54800.43801;19.41;0.2;CRTS;CRTS(CL);CRTS
54800.45082;19.61;0.21;CRTS;CRTS(CL);CRTS
54800.46359;19.41;0.19;CRTS;CRTS(CL);CRTS
54800.47644;19.2;0.18;CRTS;CRTS(CL);CRTS
54833.39501;19.54;0.21;CRTS;CRTS(CL);CRTS
54833.40281;19.25;0.18;CRTS;CRTS(CL);CRTS
54833.41077;18.95;0.16;CRTS;CRTS(CL);CRTS
54833.4187;19.24;0.18;CRTS;CRTS(CL);CRTS
54859.36446;19.47;0.2;CRTS;CRTS(CL);CRTS
54859.36959;18.95;0.16;CRTS;CRTS(CL);CRTS
54859.3744;19.38;0.19;CRTS;CRTS(CL);CRTS
54859.37929;19.72;0.22;CRTS;CRTS(CL);CRTS
54866.3272;19.19;0.18;CRTS;CRTS(CL);CRTS
54866.33447;19.79;0.23;CRTS;CRTS(CL);CRTS
54866.34171;19.26;0.18;CRTS;CRTS(CL);CRTS
54866.34898;19.69;0.22;CRTS;CRTS(CL);CRTS
54877.40353;19.61;0.25;CRTS;CRTS(CL);CRTS
54877.40878;18.99;0.18;CRTS;CRTS(CL);CRTS
54877.41413;19.39;0.25;CRTS;CRTS(CL);CRTS
54883.30371;19.49;0.21;CRTS;CRTS(CL);CRTS
54883.30984;19.37;0.21;CRTS;CRTS(CL);CRTS
54883.31595;19.34;0.2;CRTS;CRTS(CL);CRTS
54883.32265;19.22;0.21;CRTS;CRTS(CL);CRTS
54893.24849;19.16;0.17;CRTS;CRTS(CL);CRTS
54893.25519;19.47;0.2;CRTS;CRTS(CL);CRTS
54893.26187;19.63;0.22;CRTS;CRTS(CL);CRTS
54893.26854;19.11;0.17;CRTS;CRTS(CL);CRTS
54903.3766272;19.377552032470703;0.1171417161822319;PTF;PTF(R);PTF
54906.2437;19.47;0.2;CRTS;CRTS(CL);CRTS
54906.24857;19.85;0.24;CRTS;CRTS(CL);CRTS
54906.25345;19.4;0.19;CRTS;CRTS(CL);CRTS
54906.25834;19.24;0.18;CRTS;CRTS(CL);CRTS
54917.26107;19.47;0.21;CRTS;CRTS(CL);CRTS
54917.2659;19.68;0.23;CRTS;CRTS(CL);CRTS
54917.27072;19.78;0.24;CRTS;CRTS(CL);CRTS
54917.27548;19.64;0.22;CRTS;CRTS(CL);CRTS
54924.14399;19.15;0.18;CRTS;CRTS(CL);CRTS
54924.14941;19.49;0.21;CRTS;CRTS(CL);CRTS
54924.15482;19.21;0.18;CRTS;CRTS(CL);CRTS
54924.16016;19.46;0.2;CRTS;CRTS(CL);CRTS
54940.20647;19.39;0.2;CRTS;CRTS(CL);CRTS
54940.21377;19.72;0.23;CRTS;CRTS(CL);CRTS
54940.22096;19.34;0.19;CRTS;CRTS(CL);CRTS
54940.22827;19.54;0.21;CRTS;CRTS(CL);CRTS
54952.24946;19.37;0.2;CRTS;CRTS(CL);CRTS
54952.25727;19.43;0.21;CRTS;CRTS(CL);CRTS
54952.26509;18.79;0.15;CRTS;CRTS(CL);CRTS
54952.27296;19.56;0.22;CRTS;CRTS(CL);CRTS
54976.21542;19.72;0.24;CRTS;CRTS(CL);CRTS
54976.22329;19.35;0.2;CRTS;CRTS(CL);CRTS
54976.23115;19.59;0.23;CRTS;CRTS(CL);CRTS
54976.24155;19.97;0.28;CRTS;CRTS(CL);CRTS
54991.1740872;19.40373992919922;0.07142092287540436;PTF;PTF(R);PTF
55130.48588;19.76;0.25;CRTS;CRTS(CL);CRTS
55130.49235;19.92;0.27;CRTS;CRTS(CL);CRTS
55130.49873;19.49;0.21;CRTS;CRTS(CL);CRTS
55130.50504;19.95;0.27;CRTS;CRTS(CL);CRTS
55154.45102;19.19;0.19;CRTS;CRTS(CL);CRTS
55154.45835;19.07;0.18;CRTS;CRTS(CL);CRTS
55154.46563;19.74;0.24;CRTS;CRTS(CL);CRTS
55154.47299;19.0;0.17;CRTS;CRTS(CL);CRTS
55162.48476;19.18;0.18;CRTS;CRTS(CL);CRTS
55162.49214;19.57;0.22;CRTS;CRTS(CL);CRTS
55162.49966;18.69;0.15;CRTS;CRTS(CL);CRTS
55162.50699;19.2;0.18;CRTS;CRTS(CL);CRTS
55183.46936;19.13;0.17;CRTS;CRTS(CL);CRTS
55183.47456;19.14;0.17;CRTS;CRTS(CL);CRTS
55183.47986;19.75;0.23;CRTS;CRTS(CL);CRTS
55183.48504;19.66;0.22;CRTS;CRTS(CL);CRTS
55244.31952;19.24;0.18;CRTS;CRTS(CL);CRTS
55244.32765;19.59;0.22;CRTS;CRTS(CL);CRTS
55244.3357;19.24;0.18;CRTS;CRTS(CL);CRTS
55244.34363;19.04;0.17;CRTS;CRTS(CL);CRTS
55259.367;19.58;0.22;CRTS;CRTS(CL);CRTS
55259.37217;19.61;0.22;CRTS;CRTS(CL);CRTS
55259.37737;20.1;0.28;CRTS;CRTS(CL);CRTS
55259.38258;19.77;0.24;CRTS;CRTS(CL);CRTS
55274.32002;19.38;0.2;CRTS;CRTS(CL);CRTS
55274.32763;19.31;0.19;CRTS;CRTS(CL);CRTS
55274.33517;19.24;0.19;CRTS;CRTS(CL);CRTS
55274.34266;19.58;0.22;CRTS;CRTS(CL);CRTS
55280.22358;19.48;0.21;CRTS;CRTS(CL);CRTS
55280.23032;19.93;0.27;CRTS;CRTS(CL);CRTS
55280.2371;19.05;0.17;CRTS;CRTS(CL);CRTS
55280.24384;19.26;0.19;CRTS;CRTS(CL);CRTS
55295.21837;19.28;0.19;CRTS;CRTS(CL);CRTS
55295.22399;19.63;0.22;CRTS;CRTS(CL);CRTS
55295.22966;19.4;0.2;CRTS;CRTS(CL);CRTS
55295.23541;19.33;0.19;CRTS;CRTS(CL);CRTS
55303.20638;19.48;0.21;CRTS;CRTS(CL);CRTS
55303.21361;19.68;0.24;CRTS;CRTS(CL);CRTS
55303.22081;19.37;0.2;CRTS;CRTS(CL);CRTS
55303.22804;19.42;0.21;CRTS;CRTS(CL);CRTS
55325.21416;19.32;0.19;CRTS;CRTS(CL);CRTS
55325.22154;19.31;0.19;CRTS;CRTS(CL);CRTS
55325.22898;19.36;0.2;CRTS;CRTS(CL);CRTS
55325.23642;19.34;0.2;CRTS;CRTS(CL);CRTS
55340.8048631;15.249;0.43;ALLWISE;WISE(W2);ALLWISE
55340.8048631;15.9;0.218;ALLWISE;WISE(W1);ALLWISE
55340.8049905;15.953;0.218;ALLWISE;WISE(W1);ALLWISE
55340.9371671;15.818;0.195;ALLWISE;WISE(W1);ALLWISE
55340.9372944;15.818;0.205;ALLWISE;WISE(W1);ALLWISE
55340.9372944;15.037;0.328;ALLWISE;WISE(W2);ALLWISE
55341.069471;16.047;0.267;ALLWISE;WISE(W1);ALLWISE
55341.069471;15.31;0.448;ALLWISE;WISE(W2);ALLWISE
55341.0695984;15.983;0.218;ALLWISE;WISE(W1);ALLWISE
55341.1356872;15.938;0.207;ALLWISE;WISE(W1);ALLWISE
55341.1356872;14.787;0.246;ALLWISE;WISE(W2);ALLWISE
55341.2017755;15.442;0.137;ALLWISE;WISE(W1);ALLWISE
55341.2017755;15.068;0.369;ALLWISE;WISE(W2);ALLWISE
55341.267991;15.828;0.191;ALLWISE;WISE(W1);ALLWISE
55341.3340793;15.684;0.17;ALLWISE;WISE(W1);ALLWISE
55341.400295;15.684;0.184;ALLWISE;WISE(W1);ALLWISE
55341.400295;15.115;0.404;ALLWISE;WISE(W2);ALLWISE
55341.5325989;14.613;0.262;ALLWISE;WISE(W2);ALLWISE
55341.5325989;15.727;0.195;ALLWISE;WISE(W1);ALLWISE
55341.6649028;16.602;0.438;ALLWISE;WISE(W1);ALLWISE
55341.7972067;15.992;0.236;ALLWISE;WISE(W1);ALLWISE
55341.7972067;15.474;0.481;ALLWISE;WISE(W2);ALLWISE
55350.17645;19.87;0.26;CRTS;CRTS(CL);CRTS
55350.18277;19.27;0.2;CRTS;CRTS(CL);CRTS
55350.18906;19.64;0.24;CRTS;CRTS(CL);CRTS
55350.19536;19.54;0.22;CRTS;CRTS(CL);CRTS
55369.18344;19.99;0.29;CRTS;CRTS(CL);CRTS
55369.18918;19.58;0.23;CRTS;CRTS(CL);CRTS
55369.19498;19.52;0.22;CRTS;CRTS(CL);CRTS
55369.20074;19.17;0.19;CRTS;CRTS(CL);CRTS
55530.4935;18.84;0.15;CRTS;CRTS(CL);CRTS
55530.50512;18.82;0.15;CRTS;CRTS(CL);CRTS
55530.51095;19.34;0.19;CRTS;CRTS(CL);CRTS
55530.9895968;16.254;0.276;ALLWISE;WISE(W1);ALLWISE
55530.9897241;14.974;0.312;ALLWISE;WISE(W2);ALLWISE
55531.121901;15.885;0.205;ALLWISE;WISE(W1);ALLWISE
55531.2542053;16.238;0.28;ALLWISE;WISE(W1);ALLWISE
55531.3865096;15.703;0.179;ALLWISE;WISE(W1);ALLWISE
55531.452598;16.911;0.517;ALLWISE;WISE(W1);ALLWISE
55531.5849022;14.764;0.266;ALLWISE;WISE(W2);ALLWISE
55531.5849022;15.849;0.201;ALLWISE;WISE(W1);ALLWISE
55531.6509907;15.699;0.168;ALLWISE;WISE(W1);ALLWISE
55531.7170792;15.285;0.423;ALLWISE;WISE(W2);ALLWISE
55531.7170792;16.403;0.314;ALLWISE;WISE(W1);ALLWISE
55531.8493834;16.455;0.329;ALLWISE;WISE(W1);ALLWISE
55531.9816877;16.669;0.417;ALLWISE;WISE(W1);ALLWISE
55531.9816877;15.284;0.453;ALLWISE;WISE(W2);ALLWISE
55541.47081;19.54;0.19;CRTS;CRTS(CL);CRTS
55541.48601;19.56;0.19;CRTS;CRTS(CL);CRTS
55541.49368;19.4;0.18;CRTS;CRTS(CL);CRTS
55571.43479;19.54;0.22;CRTS;CRTS(CL);CRTS
55571.44107;19.16;0.19;CRTS;CRTS(CL);CRTS
55571.44738;19.21;0.19;CRTS;CRTS(CL);CRTS
55571.45373;19.36;0.2;CRTS;CRTS(CL);CRTS
55589.45512;19.55;0.22;CRTS;CRTS(CL);CRTS
55589.46265;19.39;0.2;CRTS;CRTS(CL);CRTS
55589.47028;19.56;0.22;CRTS;CRTS(CL);CRTS
55589.47787;19.24;0.19;CRTS;CRTS(CL);CRTS
55597.42825;19.14;0.14;CRTS;CRTS(CL);CRTS
55597.43864;19.37;0.15;CRTS;CRTS(CL);CRTS
55597.44911;19.2;0.14;CRTS;CRTS(CL);CRTS
55597.45959;19.19;0.15;CRTS;CRTS(CL);CRTS
55602.35491;19.64;0.2;CRTS;CRTS(CL);CRTS
55602.36255;19.25;0.16;CRTS;CRTS(CL);CRTS
55602.37018;19.16;0.16;CRTS;CRTS(CL);CRTS
55602.3778;19.49;0.18;CRTS;CRTS(CL);CRTS
55615.36009;19.63;0.23;CRTS;CRTS(CL);CRTS
55615.36808;19.9;0.26;CRTS;CRTS(CL);CRTS
55615.37617;19.45;0.21;CRTS;CRTS(CL);CRTS
55615.38426;19.25;0.19;CRTS;CRTS(CL);CRTS
55622.22616;19.0;0.15;CRTS;CRTS(CL);CRTS
55622.23302;19.11;0.16;CRTS;CRTS(CL);CRTS
55622.23993;19.4;0.18;CRTS;CRTS(CL);CRTS
55622.24685;19.18;0.16;CRTS;CRTS(CL);CRTS
55645.21664;19.96;0.27;CRTS;CRTS(CL);CRTS
55645.22288;19.37;0.2;CRTS;CRTS(CL);CRTS
55645.22916;20.07;0.29;CRTS;CRTS(CL);CRTS
55645.23549;19.67;0.24;CRTS;CRTS(CL);CRTS
55659.22946;19.1;0.18;CRTS;CRTS(CL);CRTS
55659.23457;19.11;0.18;CRTS;CRTS(CL);CRTS
55659.23972;19.66;0.24;CRTS;CRTS(CL);CRTS
55659.24486;19.52;0.22;CRTS;CRTS(CL);CRTS
55680.27267;19.47;0.22;CRTS;CRTS(CL);CRTS
55680.2802;19.29;0.2;CRTS;CRTS(CL);CRTS
55680.28783;19.13;0.18;CRTS;CRTS(CL);CRTS
55680.29536;19.16;0.19;CRTS;CRTS(CL);CRTS
55707.23699;19.55;0.23;CRTS;CRTS(CL);CRTS
55707.24604;18.72;0.15;CRTS;CRTS(CL);CRTS
55707.25532;19.35;0.21;CRTS;CRTS(CL);CRTS
55707.26458;19.96;0.29;CRTS;CRTS(CL);CRTS
55856.52353;19.15;0.34;CRTS;CRTS(CL);CRTS
55862.49663;19.9;0.33;CRTS;CRTS(CL);CRTS
55862.50118;19.71;0.3;CRTS;CRTS(CL);CRTS
55862.50579;19.16;0.22;CRTS;CRTS(CL);CRTS
55862.51035;19.23;0.23;CRTS;CRTS(CL);CRTS
55880.47216;19.79;0.25;CRTS;CRTS(CL);CRTS
55880.47729;18.94;0.16;CRTS;CRTS(CL);CRTS
55880.48247;19.37;0.2;CRTS;CRTS(CL);CRTS
55880.48756;19.65;0.23;CRTS;CRTS(CL);CRTS
55923.4822;19.02;0.17;CRTS;CRTS(CL);CRTS
55923.49008;19.5;0.21;CRTS;CRTS(CL);CRTS
55923.49797;19.13;0.17;CRTS;CRTS(CL);CRTS
55923.50589;19.57;0.22;CRTS;CRTS(CL);CRTS
55944.48312;19.7;0.23;CRTS;CRTS(CL);CRTS
55944.4893;19.44;0.2;CRTS;CRTS(CL);CRTS
55944.49552;19.49;0.21;CRTS;CRTS(CL);CRTS
55944.50175;19.54;0.21;CRTS;CRTS(CL);CRTS
55956.37167;19.4;0.18;CRTS;CRTS(CL);CRTS
55956.37989;19.35;0.17;CRTS;CRTS(CL);CRTS
55956.38809;19.41;0.18;CRTS;CRTS(CL);CRTS
55956.39625;19.34;0.17;CRTS;CRTS(CL);CRTS
55975.41184;19.12;0.18;CRTS;CRTS(CL);CRTS
55975.41856;19.14;0.18;CRTS;CRTS(CL);CRTS
55975.42536;18.74;0.15;CRTS;CRTS(CL);CRTS
55975.43215;19.37;0.2;CRTS;CRTS(CL);CRTS
55980.41685;19.04;0.17;CRTS;CRTS(CL);CRTS
55980.42362;19.26;0.19;CRTS;CRTS(CL);CRTS
55980.43032;19.26;0.19;CRTS;CRTS(CL);CRTS
55980.43711;19.01;0.17;CRTS;CRTS(CL);CRTS
55986.32306;18.92;0.15;CRTS;CRTS(CL);CRTS
55986.32851;19.21;0.17;CRTS;CRTS(CL);CRTS
55986.33396;19.7;0.21;CRTS;CRTS(CL);CRTS
55986.33942;19.3;0.18;CRTS;CRTS(CL);CRTS
55999.22395;19.08;0.17;CRTS;CRTS(CL);CRTS
55999.22898;19.61;0.22;CRTS;CRTS(CL);CRTS
55999.23402;19.24;0.19;CRTS;CRTS(CL);CRTS
55999.23912;19.62;0.23;CRTS;CRTS(CL);CRTS
56011.19092;19.25;0.19;CRTS;CRTS(CL);CRTS
56011.19596;19.19;0.18;CRTS;CRTS(CL);CRTS
56011.20104;19.15;0.18;CRTS;CRTS(CL);CRTS
56011.20619;18.96;0.17;CRTS;CRTS(CL);CRTS
56016.091302;20.5501;0.01906;PS1;PS1(g);PS1
56033.15009;19.27;0.19;CRTS;CRTS(CL);CRTS
56033.15518;19.42;0.21;CRTS;CRTS(CL);CRTS
56033.16029;19.34;0.2;CRTS;CRTS(CL);CRTS
56033.16536;19.55;0.22;CRTS;CRTS(CL);CRTS
56045.27256;19.24;0.19;CRTS;CRTS(CL);CRTS
56045.28042;19.93;0.27;CRTS;CRTS(CL);CRTS
56045.29643;19.21;0.19;CRTS;CRTS(CL);CRTS
56065.20987;19.7;0.2;CRTS;CRTS(CL);CRTS
56065.2173;19.68;0.2;CRTS;CRTS(CL);CRTS
56065.22474;19.66;0.2;CRTS;CRTS(CL);CRTS
56065.23216;19.37;0.17;CRTS;CRTS(CL);CRTS
56096.0911794;19.5934;0.023921;PS1;PS1(z);PS1
56097.15631;19.6;0.2;CRTS;CRTS(CL);CRTS
56097.16237;19.97;0.24;CRTS;CRTS(CL);CRTS
56097.16847;19.16;0.16;CRTS;CRTS(CL);CRTS
56097.17457;19.79;0.22;CRTS;CRTS(CL);CRTS
56277.7532332;20.1008;0.008986;PS1;PS1(r);PS1
56298.32285;19.62;0.23;CRTS;CRTS(CL);CRTS
56298.33015;19.6;0.23;CRTS;CRTS(CL);CRTS
56298.33756;19.68;0.24;CRTS;CRTS(CL);CRTS
56298.34497;19.16;0.18;CRTS;CRTS(CL);CRTS
56310.40739;19.2;0.2;CRTS;CRTS(CL);CRTS
56310.41375;20.14;0.35;CRTS;CRTS(CL);CRTS
56310.4202;19.56;0.25;CRTS;CRTS(CL);CRTS
56310.4266;19.82;0.29;CRTS;CRTS(CL);CRTS
56325.28446;19.18;0.21;CRTS;CRTS(CL);CRTS
56325.28954;19.81;0.29;CRTS;CRTS(CL);CRTS
56325.29469;20.36;0.39;CRTS;CRTS(CL);CRTS
56325.29989;19.13;0.21;CRTS;CRTS(CL);CRTS
56330.38891;19.38;0.2;CRTS;CRTS(CL);CRTS
56330.39413;19.23;0.19;CRTS;CRTS(CL);CRTS
56330.39934;19.54;0.22;CRTS;CRTS(CL);CRTS
56330.40461;19.42;0.21;CRTS;CRTS(CL);CRTS
56337.30604;19.3;0.17;CRTS;CRTS(CL);CRTS
56337.31628;19.42;0.18;CRTS;CRTS(CL);CRTS
56337.32661;19.76;0.21;CRTS;CRTS(CL);CRTS
56337.33679;19.06;0.15;CRTS;CRTS(CL);CRTS
56353.37501;19.97;0.27;CRTS;CRTS(CL);CRTS
56353.38106;19.46;0.21;CRTS;CRTS(CL);CRTS
56353.38714;19.11;0.18;CRTS;CRTS(CL);CRTS
56353.39321;19.56;0.22;CRTS;CRTS(CL);CRTS
56362.32531;19.27;0.19;CRTS;CRTS(CL);CRTS
56362.33071;19.38;0.2;CRTS;CRTS(CL);CRTS
56362.33616;19.64;0.23;CRTS;CRTS(CL);CRTS
56362.34153;19.37;0.2;CRTS;CRTS(CL);CRTS
56370.17149;20.46;0.44;CRTS;CRTS(CL);CRTS
56370.17969;19.49;0.27;CRTS;CRTS(CL);CRTS
56386.19946;19.47;0.21;CRTS;CRTS(CL);CRTS
56386.20448;19.09;0.18;CRTS;CRTS(CL);CRTS
56386.20958;19.41;0.22;CRTS;CRTS(CL);CRTS
56386.21467;19.0;0.18;CRTS;CRTS(CL);CRTS
56398.28791;19.14;0.18;CRTS;CRTS(CL);CRTS
56398.29522;19.38;0.2;CRTS;CRTS(CL);CRTS
56398.30309;19.15;0.18;CRTS;CRTS(CL);CRTS
56398.3104;19.49;0.22;CRTS;CRTS(CL);CRTS
56415.19349;19.16;0.23;CRTS;CRTS(CL);CRTS
56415.19612;19.73;0.31;CRTS;CRTS(CL);CRTS
56415.19879;19.18;0.23;CRTS;CRTS(CL);CRTS
56415.20147;19.32;0.25;CRTS;CRTS(CL);CRTS
56421.1727099;19.5674;0.008072;PS1;PS1(i);PS1
56443.1778;19.25;0.2;CRTS;CRTS(CL);CRTS
56443.18457;19.52;0.23;CRTS;CRTS(CL);CRTS
56443.19137;19.28;0.2;CRTS;CRTS(CL);CRTS
56443.19813;19.62;0.24;CRTS;CRTS(CL);CRTS
56453.21937;19.57;0.24;CRTS;CRTS(CL);CRTS
56453.22509;18.72;0.16;CRTS;CRTS(CL);CRTS
56453.2308;19.38;0.22;CRTS;CRTS(CL);CRTS
56453.23662;19.27;0.21;CRTS;CRTS(CL);CRTS
56461.19618;19.07;0.18;CRTS;CRTS(CL);CRTS
56662.5802872;19.51823616027832;0.19607935845851898;PTF;PTF(R);PTF
56663.5721072;19.546960830688477;0.08107326179742813;PTF;PTF(R);PTF
56667.5644172;19.429170608520508;0.07774442434310913;PTF;PTF(R);PTF
56670.5562772;19.360584259033203;0.0860750675201416;PTF;PTF(R);PTF
56679.5568172;19.52798843383789;0.0874108076095581;PTF;PTF(R);PTF
56802.94238108;14.76;0.266;NEOWISE;WISE(W2);NEOWISE
56802.94238108;15.849;0.199;NEOWISE;WISE(W1);NEOWISE
56803.07392089;15.641;0.221;NEOWISE;WISE(W1);NEOWISE
56803.07404825;15.747;0.184;NEOWISE;WISE(W1);NEOWISE
56803.07404825;14.875;0.312;NEOWISE;WISE(W2);NEOWISE
56803.20558808;15.565;0.147;NEOWISE;WISE(W1);NEOWISE
56803.33712789;15.23;0.39;NEOWISE;WISE(W2);NEOWISE
56803.33712789;15.421;0.14;NEOWISE;WISE(W1);NEOWISE
56803.33725521;15.357;0.178;NEOWISE;WISE(W1);NEOWISE
56803.40296148;15.658;0.172;NEOWISE;WISE(W1);NEOWISE
56803.46879507;14.443;0.081;NEOWISE;WISE(W1);NEOWISE
56803.53462861;15.496;0.35;NEOWISE;WISE(W1);NEOWISE
56803.53462861;15.228;0.469;NEOWISE;WISE(W2);NEOWISE
56803.60033484;14.875;0.423;NEOWISE;WISE(W2);NEOWISE
56803.60033484;15.663;0.226;NEOWISE;WISE(W1);NEOWISE
56803.60046215;15.759;0.329;NEOWISE;WISE(W1);NEOWISE
56803.60046215;15.401;0.451;NEOWISE;WISE(W2);NEOWISE
56803.66616833;15.389;0.433;NEOWISE;WISE(W2);NEOWISE
56803.66616833;15.391;0.147;NEOWISE;WISE(W1);NEOWISE
56803.79783552;15.813;0.195;NEOWISE;WISE(W1);NEOWISE
56803.92937595;15.572;0.171;NEOWISE;WISE(W1);NEOWISE
56993.25115049;15.916;0.202;NEOWISE;WISE(W1);NEOWISE
56993.38256346;16.156;0.286;NEOWISE;WISE(W1);NEOWISE
56993.44826997;15.746;0.213;NEOWISE;WISE(W1);NEOWISE
56993.51397639;16.162;0.315;NEOWISE;WISE(W1);NEOWISE
56993.57981021;16.318;0.292;NEOWISE;WISE(W1);NEOWISE
56993.64551672;15.993;0.237;NEOWISE;WISE(W1);NEOWISE
56993.71122324;16.227;0.291;NEOWISE;WISE(W1);NEOWISE
56993.71122324;14.607;0.43;NEOWISE;WISE(W2);NEOWISE
56993.84263622;16.286;0.313;NEOWISE;WISE(W1);NEOWISE
56993.84276358;14.717;0.305;NEOWISE;WISE(W2);NEOWISE
56993.84276358;16.025;0.244;NEOWISE;WISE(W1);NEOWISE
56993.97417655;15.813;0.247;NEOWISE;WISE(W1);NEOWISE
56994.10558957;15.683;0.181;NEOWISE;WISE(W1);NEOWISE
57161.81678035;15.189;0.148;NEOWISE;WISE(W1);NEOWISE
57161.94806574;15.437;0.214;NEOWISE;WISE(W1);NEOWISE
57162.07935105;15.565;0.156;NEOWISE;WISE(W1);NEOWISE
57162.14493009;15.678;0.164;NEOWISE;WISE(W1);NEOWISE
57162.2105091;15.594;0.161;NEOWISE;WISE(W1);NEOWISE
57162.2105091;15.303;0.524;NEOWISE;WISE(W2);NEOWISE
57162.27621541;15.47;0.138;NEOWISE;WISE(W1);NEOWISE
57162.3417944;15.592;0.152;NEOWISE;WISE(W1);NEOWISE
57162.4073734;16.342;0.436;NEOWISE;WISE(W1);NEOWISE
57162.4073734;15.037;0.37;NEOWISE;WISE(W2);NEOWISE
57162.5386588;15.725;0.173;NEOWISE;WISE(W1);NEOWISE
57162.66994411;15.616;0.177;NEOWISE;WISE(W1);NEOWISE
57162.66994411;15.175;0.365;NEOWISE;WISE(W2);NEOWISE
57162.80110215;15.443;0.139;NEOWISE;WISE(W1);NEOWISE
57168.44471249;15.88;0.23;NEOWISE;WISE(W1);NEOWISE
57355.0321772;15.891;0.222;NEOWISE;WISE(W1);NEOWISE
57355.16333569;15.84;0.196;NEOWISE;WISE(W1);NEOWISE
57355.2944942;15.573;0.176;NEOWISE;WISE(W1);NEOWISE
57355.42565271;15.954;0.224;NEOWISE;WISE(W1);NEOWISE
57355.49123189;16.203;0.291;NEOWISE;WISE(W1);NEOWISE
57355.55681116;15.615;0.295;NEOWISE;WISE(W1);NEOWISE
57355.62239039;15.959;0.214;NEOWISE;WISE(W1);NEOWISE
57355.88470796;16.358;0.424;NEOWISE;WISE(W1);NEOWISE
57356.01586642;15.107;0.472;NEOWISE;WISE(W2);NEOWISE
57356.01586642;16.134;0.406;NEOWISE;WISE(W1);NEOWISE
57359.55689434;15.758;0.315;NEOWISE;WISE(W1);NEOWISE
57520.64627853;15.851;0.196;NEOWISE;WISE(W1);NEOWISE
57520.77730936;15.546;0.215;NEOWISE;WISE(W1);NEOWISE
57520.90834015;15.836;0.259;NEOWISE;WISE(W1);NEOWISE
57520.90846757;15.761;0.171;NEOWISE;WISE(W1);NEOWISE
57520.97391926;15.627;0.175;NEOWISE;WISE(W1);NEOWISE
57521.03949836;14.774;0.165;NEOWISE;WISE(W1);NEOWISE
57521.10495009;15.724;0.197;NEOWISE;WISE(W1);NEOWISE
57521.17052976;14.982;0.369;NEOWISE;WISE(W2);NEOWISE
57521.17052976;15.743;0.175;NEOWISE;WISE(W1);NEOWISE
57521.23598145;15.114;0.39;NEOWISE;WISE(W2);NEOWISE
57521.23598145;15.212;0.114;NEOWISE;WISE(W1);NEOWISE
57521.36701229;15.716;0.256;NEOWISE;WISE(W1);NEOWISE
57521.49804303;15.7;0.2;NEOWISE;WISE(W1);NEOWISE
57521.49817044;15.463;0.157;NEOWISE;WISE(W1);NEOWISE
57521.62920113;15.682;0.199;NEOWISE;WISE(W1);NEOWISE
57523.66036926;15.279;0.148;NEOWISE;WISE(W1);NEOWISE
57523.7914;15.765;0.209;NEOWISE;WISE(W1);NEOWISE
57523.92243083;15.612;0.219;NEOWISE;WISE(W1);NEOWISE
57523.9880099;15.232;0.225;NEOWISE;WISE(W1);NEOWISE
57524.05346163;15.623;0.209;NEOWISE;WISE(W1);NEOWISE
57524.11891337;15.938;0.297;NEOWISE;WISE(W1);NEOWISE
57524.11904073;15.393;0.186;NEOWISE;WISE(W1);NEOWISE
57524.18449242;15.406;0.153;NEOWISE;WISE(W1);NEOWISE
57524.18449242;14.892;0.486;NEOWISE;WISE(W2);NEOWISE
57524.25007142;15.678;0.179;NEOWISE;WISE(W1);NEOWISE
57524.38110216;16.397;0.376;NEOWISE;WISE(W1);NEOWISE
57524.51213348;15.466;0.151;NEOWISE;WISE(W1);NEOWISE
57524.64316427;15.965;0.24;NEOWISE;WISE(W1);NEOWISE
57722.12109278;16.146;0.258;NEOWISE;WISE(W1);NEOWISE
57722.12109278;14.996;0.341;NEOWISE;WISE(W2);NEOWISE
57722.25212378;16.314;0.295;NEOWISE;WISE(W1);NEOWISE
57722.51418573;16.108;0.324;NEOWISE;WISE(W1);NEOWISE
57722.57963758;14.902;0.403;NEOWISE;WISE(W2);NEOWISE
57722.57963758;16.588;0.384;NEOWISE;WISE(W1);NEOWISE
57722.64521674;16.204;0.28;NEOWISE;WISE(W1);NEOWISE
57722.71066862;16.011;0.256;NEOWISE;WISE(W1);NEOWISE
57722.77612042;15.814;0.216;NEOWISE;WISE(W1);NEOWISE
57722.84169963;15.964;0.226;NEOWISE;WISE(W1);NEOWISE
57722.97273062;15.326;0.452;NEOWISE;WISE(W2);NEOWISE
57722.97273062;15.918;0.209;NEOWISE;WISE(W1);NEOWISE
57723.10363435;16.089;0.298;NEOWISE;WISE(W1);NEOWISE
57884.17786773;15.334;0.151;NEOWISE;WISE(W1);NEOWISE
57884.30877101;16.499;0.347;NEOWISE;WISE(W1);NEOWISE
57884.30877101;14.734;0.336;NEOWISE;WISE(W2);NEOWISE
57884.43967439;15.054;0.355;NEOWISE;WISE(W2);NEOWISE
57884.43967439;15.61;0.211;NEOWISE;WISE(W1);NEOWISE
57884.5052534;14.79;0.342;NEOWISE;WISE(W2);NEOWISE
57884.5052534;15.59;0.157;NEOWISE;WISE(W1);NEOWISE
57884.57070512;15.711;0.182;NEOWISE;WISE(W1);NEOWISE
57884.63615678;15.793;0.184;NEOWISE;WISE(W1);NEOWISE
57884.70160844;15.67;0.164;NEOWISE;WISE(W1);NEOWISE
57884.70160844;14.414;0.314;NEOWISE;WISE(W2);NEOWISE
57884.76706015;15.656;0.17;NEOWISE;WISE(W1);NEOWISE
57885.02899431;16.233;0.279;NEOWISE;WISE(W1);NEOWISE
57885.15989767;15.569;0.162;NEOWISE;WISE(W1);NEOWISE
57885.15989767;15.574;0.523;NEOWISE;WISE(W2);NEOWISE
58086.56680181;15.964;0.235;NEOWISE;WISE(W1);NEOWISE
58086.56692912;15.785;0.182;NEOWISE;WISE(W1);NEOWISE
58086.69783259;16.62;0.498;NEOWISE;WISE(W1);NEOWISE
58086.69783259;14.163;0.226;NEOWISE;WISE(W2);NEOWISE
58086.76328437;15.815;0.195;NEOWISE;WISE(W1);NEOWISE
58086.82873616;16.158;0.29;NEOWISE;WISE(W1);NEOWISE
58086.82873616;15.15;0.521;NEOWISE;WISE(W2);NEOWISE
58086.89418846;15.816;0.215;NEOWISE;WISE(W1);NEOWISE
58086.9596402;16.362;0.337;NEOWISE;WISE(W1);NEOWISE
58087.15599544;15.851;0.194;NEOWISE;WISE(W1);NEOWISE
58087.28689882;15.907;0.254;NEOWISE;WISE(W1);NEOWISE
58087.28689882;14.769;0.47;NEOWISE;WISE(W2);NEOWISE
58087.41780234;15.97;0.294;NEOWISE;WISE(W1);NEOWISE
58087.41792965;15.938;0.227;NEOWISE;WISE(W1);NEOWISE
58218.2148727;19.6504822;0.125511318;ZTF;ZTF(zr);ZTF
58218.2425116;19.7969208;0.138679907;ZTF;ZTF(zr);ZTF
58221.2043634;19.4759846;0.110868096;ZTF;ZTF(zr);ZTF
58221.227037;19.6972942;0.129642174;ZTF;ZTF(zr);ZTF
58224.2241782;19.7850342;0.13758558;ZTF;ZTF(zr);ZTF
58227.2429861;19.6977177;0.129679888;ZTF;ZTF(zr);ZTF
58244.60345553;15.843;0.23;NEOWISE;WISE(W1);NEOWISE
58244.60345553;14.974;0.485;NEOWISE;WISE(W2);NEOWISE
58244.73435891;15.546;0.168;NEOWISE;WISE(W1);NEOWISE
58244.86526234;15.75;0.167;NEOWISE;WISE(W1);NEOWISE
58244.86526234;14.989;0.311;NEOWISE;WISE(W2);NEOWISE
58244.99603839;16.708;0.428;NEOWISE;WISE(W1);NEOWISE
58245.0614901;15.877;0.208;NEOWISE;WISE(W1);NEOWISE
58245.0614901;15.051;0.465;NEOWISE;WISE(W2);NEOWISE
58245.12694182;15.901;0.202;NEOWISE;WISE(W1);NEOWISE
58245.19239343;15.67;0.237;NEOWISE;WISE(W1);NEOWISE
58245.25784509;13.607;0.168;NEOWISE;WISE(W2);NEOWISE
58245.32329681;15.575;0.161;NEOWISE;WISE(W1);NEOWISE
58245.32329681;15.225;0.487;NEOWISE;WISE(W2);NEOWISE
58245.45420014;15.905;0.198;NEOWISE;WISE(W1);NEOWISE
58245.58497619;16.242;0.277;NEOWISE;WISE(W1);NEOWISE
58245.58497619;15.493;0.497;NEOWISE;WISE(W2);NEOWISE
58245.58510351;15.518;0.171;NEOWISE;WISE(W1);NEOWISE
58245.71587953;15.965;0.234;NEOWISE;WISE(W1);NEOWISE
58248.1600579;19.6202717;0.122888714;ZTF;ZTF(zr);ZTF
58248.2050579;20.6638069;0.183149815;ZTF;ZTF(zg);ZTF
58263.2183102;19.8299961;0.141745538;ZTF;ZTF(zr);ZTF
58266.2323032;19.6929417;0.129254803;ZTF;ZTF(zr);ZTF
58272.1659144;19.7787247;0.137006298;ZTF;ZTF(zr);ZTF
58272.1911458;20.5588627;0.174775839;ZTF;ZTF(zg);ZTF
58277.2083102;20.6148186;0.179240823;ZTF;ZTF(zg);ZTF
58277.2346991;19.7803936;0.137159407;ZTF;ZTF(zr);ZTF
58280.2139815;20.2057819;0.144584045;ZTF;ZTF(zg);ZTF
58284.172963;19.7148838;0.13121441;ZTF;ZTF(zr);ZTF
58284.215625;20.4885635;0.169189125;ZTF;ZTF(zg);ZTF
58427.4769213;19.6865616;0.128688157;ZTF;ZTF(zr);ZTF
58430.4826505;19.7566948;0.134993136;ZTF;ZTF(zr);ZTF
58430.5377778;20.3539143;0.157597125;ZTF;ZTF(zg);ZTF
58434.5232407;20.2957306;0.152488694;ZTF;ZTF(zg);ZTF
58437.5077546;20.8790493;0.200325012;ZTF;ZTF(zg);ZTF
58439.5006481;20.7281857;0.188286901;ZTF;ZTF(zg);ZTF
58440.5237384;19.8162022;0.140463427;ZTF;ZTF(zr);ZTF
58443.4546065;19.7517529;0.134543568;ZTF;ZTF(zr);ZTF
58447.4821991;19.5059376;0.113292083;ZTF;ZTF(zr);ZTF
58448.4781366;19.7607002;0.13535808;ZTF;ZTF(zr);ZTF
58450.56111991;16.287;0.326;NEOWISE;WISE(W1);NEOWISE
58450.88825113;16.174;0.295;NEOWISE;WISE(W1);NEOWISE
58450.9537028;15.849;0.235;NEOWISE;WISE(W1);NEOWISE
58451.0191545;15.55;0.193;NEOWISE;WISE(W1);NEOWISE
58451.08460622;15.68;0.192;NEOWISE;WISE(W1);NEOWISE
58451.14993061;15.995;0.314;NEOWISE;WISE(W1);NEOWISE
58451.41173735;16.256;0.367;NEOWISE;WISE(W1);NEOWISE
58453.5715204;16.202;0.277;NEOWISE;WISE(W1);NEOWISE
58453.57164772;15.612;0.206;NEOWISE;WISE(W1);NEOWISE
58453.70242388;15.997;0.268;NEOWISE;WISE(W1);NEOWISE
58453.70242388;14.482;0.3;NEOWISE;WISE(W2);NEOWISE
58453.76787561;16.177;0.284;NEOWISE;WISE(W1);NEOWISE
58453.89877904;15.932;0.216;NEOWISE;WISE(W1);NEOWISE
58453.89877904;15.02;0.458;NEOWISE;WISE(W2);NEOWISE
58453.96423078;15.874;0.186;NEOWISE;WISE(W1);NEOWISE
58454.02968251;15.791;0.186;NEOWISE;WISE(W1);NEOWISE
58454.16007662;16.121;0.241;NEOWISE;WISE(W1);NEOWISE
58461.5397685;19.7619553;0.135472551;ZTF;ZTF(zr);ZTF
58464.5190162;20.6583023;0.182710528;ZTF;ZTF(zg);ZTF
58464.5435764;19.8213291;0.140939385;ZTF;ZTF(zr);ZTF
58472.522963;20.4498577;0.165909424;ZTF;ZTF(zg);ZTF
58472.5447917;19.8584404;0.144403815;ZTF;ZTF(zr);ZTF
58476.5031829;19.7232323;0.1319644;ZTF;ZTF(zr);ZTF
58476.5470486;20.3181725;0.154461682;ZTF;ZTF(zg);ZTF
58481.4725463;19.8779469;0.146237582;ZTF;ZTF(zr);ZTF
58481.5021528;19.5184517;0.114316069;ZTF;ZTF(zr);ZTF
58482.5048611;20.3327255;0.15573968;ZTF;ZTF(zg);ZTF
58486.4817014;19.7756081;0.136720657;ZTF;ZTF(zr);ZTF
58486.5419907;20.6439228;0.181563139;ZTF;ZTF(zg);ZTF
58491.4765625;20.3658104;0.158637404;ZTF;ZTF(zg);ZTF
58491.5279051;19.8785553;0.146294862;ZTF;ZTF(zr);ZTF
58493.4423843;19.8934116;0.147696763;ZTF;ZTF(zr);ZTF
58493.5531481;20.4318352;0.164364919;ZTF;ZTF(zg);ZTF
58494.4813773;20.5335579;0.172756672;ZTF;ZTF(zg);ZTF
58502.5199653;19.5362606;0.115784749;ZTF;ZTF(zr);ZTF
58511.4217477;20.3650856;0.158574075;ZTF;ZTF(zg);ZTF
58513.4234375;19.8494377;0.143560365;ZTF;ZTF(zr);ZTF
58514.4369444;19.7581749;0.135127977;ZTF;ZTF(zr);ZTF
58522.4145949;20.7997589;0.193998098;ZTF;ZTF(zg);ZTF
58526.4397801;20.6567688;0.18258822;ZTF;ZTF(zg);ZTF
58546.2734491;20.7834072;0.192693233;ZTF;ZTF(zg);ZTF
58558.2679745;19.2727432;0.102844194;ZTF;ZTF(zi);ZTF
58559.2532523;19.6322479;0.123924196;ZTF;ZTF(zr);ZTF
58567.2338194;19.815279;0.140377834;ZTF;ZTF(zr);ZTF
58567.2535648;20.4458027;0.165562719;ZTF;ZTF(zg);ZTF
58575.2741435;20.6185532;0.179538846;ZTF;ZTF(zg);ZTF
58580.2282986;19.6847572;0.128528103;ZTF;ZTF(zr);ZTF
58582.302419;19.400713;0.112399742;ZTF;ZTF(zi);ZTF
58583.2591667;19.7173195;0.13143304;ZTF;ZTF(zr);ZTF
58586.1712037;20.5793858;0.176413417;ZTF;ZTF(zg);ZTF
58586.2139352;19.9327431;0.151427299;ZTF;ZTF(zr);ZTF
58594.1573495;19.6120815;0.122183792;ZTF;ZTF(zr);ZTF
58597.2536458;20.3804932;0.159918785;ZTF;ZTF(zg);ZTF
58597.3294907;19.7074852;0.130551815;ZTF;ZTF(zr);ZTF
58601.2286227;20.5433311;0.173536539;ZTF;ZTF(zg);ZTF
58601.2566435;19.70298;0.13014929;ZTF;ZTF(zr);ZTF
58605.2343287;20.6335182;0.180732965;ZTF;ZTF(zg);ZTF
58608.2150347;19.7385845;0.133349463;ZTF;ZTF(zr);ZTF
58608.80020103;15.375;0.169;NEOWISE;WISE(W1);NEOWISE
58608.93110438;15.574;0.214;NEOWISE;WISE(W1);NEOWISE
58609.06188046;15.761;0.194;NEOWISE;WISE(W1);NEOWISE
58609.1922744;15.703;0.212;NEOWISE;WISE(W1);NEOWISE
58609.25810804;15.754;0.176;NEOWISE;WISE(W1);NEOWISE
58609.32355965;15.622;0.153;NEOWISE;WISE(W1);NEOWISE
58609.32355965;15.171;0.389;NEOWISE;WISE(W2);NEOWISE
58609.38901135;15.774;0.218;NEOWISE;WISE(W1);NEOWISE
58609.45395369;15.75;0.177;NEOWISE;WISE(W1);NEOWISE
58609.51927799;15.662;0.179;NEOWISE;WISE(W1);NEOWISE
58609.65069065;16.015;0.245;NEOWISE;WISE(W1);NEOWISE
58609.78146663;15.59;0.15;NEOWISE;WISE(W1);NEOWISE
58612.1737269;20.5224514;0.17187047;ZTF;ZTF(zg);ZTF
58612.1929861;19.8426437;0.142925113;ZTF;ZTF(zr);ZTF
58634.1850463;19.8334389;0.14206624;ZTF;ZTF(zr);ZTF
58637.1785995;19.7773438;0.136879742;ZTF;ZTF(zr);ZTF
58637.2231829;20.3170662;0.154364467;ZTF;ZTF(zg);ZTF
58640.2205903;19.7166615;0.131373972;ZTF;ZTF(zr);ZTF
58654.1758449;19.7723141;0.136418924;ZTF;ZTF(zr);ZTF
58662.2015278;20.2216549;0.145975858;ZTF;ZTF(zg);ZTF
58669.1751273;19.893898;0.147742718;ZTF;ZTF(zr);ZTF
58767.5195486;19.3705311;0.102645755;ZTF;ZTF(zr);ZTF
58767.524537;19.7520161;0.134567484;ZTF;ZTF(zr);ZTF
58769.5264931;19.6093349;0.121947944;ZTF;ZTF(zr);ZTF
58769.53625;19.3729763;0.102830902;ZTF;ZTF(zr);ZTF
58776.5147917;19.3716812;0.102732792;ZTF;ZTF(zr);ZTF
58777.52875;19.5755424;0.119070888;ZTF;ZTF(zr);ZTF
58777.5335301;19.6171875;0.122622952;ZTF;ZTF(zr);ZTF
58785.516169;19.8033676;0.139275134;ZTF;ZTF(zr);ZTF
58789.5073148;20.4378853;0.164884597;ZTF;ZTF(zg);ZTF
58792.5184491;19.9085312;0.149127871;ZTF;ZTF(zr);ZTF
58792.5373611;20.6782188;0.184299827;ZTF;ZTF(zg);ZTF
58798.5363542;19.484539;0.111556426;ZTF;ZTF(zr);ZTF
58804.5495833;19.5523109;0.117119752;ZTF;ZTF(zr);ZTF
58812.5525463;19.707201;0.130526468;ZTF;ZTF(zr);ZTF
58817.56598316;15.769;0.34;NEOWISE;WISE(W1);NEOWISE
58817.69675929;15.841;0.202;NEOWISE;WISE(W1);NEOWISE
58817.95843884;16.191;0.272;NEOWISE;WISE(W1);NEOWISE
58818.02389057;16.12;0.244;NEOWISE;WISE(W1);NEOWISE
58818.2854427;15.429;0.213;NEOWISE;WISE(W1);NEOWISE
58818.4163461;16.166;0.305;NEOWISE;WISE(W1);NEOWISE
58818.54661279;15.712;0.212;NEOWISE;WISE(W1);NEOWISE
58828.5651968;19.6287403;0.123620369;ZTF;ZTF(zr);ZTF
58836.4816319;19.8101234;0.139900088;ZTF;ZTF(zr);ZTF
58846.4623843;19.7844505;0.137531891;ZTF;ZTF(zr);ZTF
58849.4526042;19.6359215;0.124242969;ZTF;ZTF(zr);ZTF
58849.5003472;20.5102558;0.170897245;ZTF;ZTF(zg);ZTF
58852.4575926;19.7891254;0.13796179;ZTF;ZTF(zr);ZTF
58852.502338;20.4625874;0.16699402;ZTF;ZTF(zg);ZTF
58855.4147685;19.4536724;0.116481028;ZTF;ZTF(zi);ZTF
58855.5203241;20.4981422;0.169991463;ZTF;ZTF(zg);ZTF
58855.5377199;19.7160263;0.131316945;ZTF;ZTF(zr);ZTF
58864.4149884;20.3704033;0.159038693;ZTF;ZTF(zg);ZTF
58867.356331;19.7453728;0.1339643;ZTF;ZTF(zr);ZTF
58867.4152662;20.5842896;0.176804781;ZTF;ZTF(zg);ZTF
58871.4371875;20.3268948;0.155227959;ZTF;ZTF(zg);ZTF
58871.4863657;19.7005692;0.129934072;ZTF;ZTF(zr);ZTF
58871.4872801;19.5690384;0.118522406;ZTF;ZTF(zr);ZTF
58877.3257755;19.5775337;0.119239211;ZTF;ZTF(zr);ZTF
58880.3382755;19.7435169;0.133796126;ZTF;ZTF(zr);ZTF
58880.4416435;20.676569;0.1841681;ZTF;ZTF(zg);ZTF
58883.4396759;20.2773743;0.150873572;ZTF;ZTF(zg);ZTF
58883.5049653;19.3853245;0.103769578;ZTF;ZTF(zr);ZTF
58886.2961458;20.0031052;0.15814957;ZTF;ZTF(zr);ZTF
58891.3198032;19.5994244;0.12109945;ZTF;ZTF(zr);ZTF
58893.3502894;19.3808212;0.110884354;ZTF;ZTF(zi);ZTF
58894.2750116;19.8733978;0.145809233;ZTF;ZTF(zr);ZTF
58898.3386227;19.8823471;0.146652296;ZTF;ZTF(zr);ZTF
58898.3787037;20.6452827;0.181671739;ZTF;ZTF(zg);ZTF
58899.3193056;19.6599579;0.126341075;ZTF;ZTF(zr);ZTF
58899.3321412;19.7499104;0.134376213;ZTF;ZTF(zr);ZTF
58899.3808218;20.6058865;0.17852807;ZTF;ZTF(zg);ZTF
58900.2697338;19.8039799;0.139331758;ZTF;ZTF(zr);ZTF
58900.3310069;20.4919453;0.169472814;ZTF;ZTF(zg);ZTF
58903.3961227;19.7110653;0.130872205;ZTF;ZTF(zr);ZTF
58904.2479051;19.7315235;0.13271147;ZTF;ZTF(zr);ZTF
58904.2882986;20.5885601;0.177145481;ZTF;ZTF(zg);ZTF
58904.3119213;20.6628475;0.183073282;ZTF;ZTF(zg);ZTF
58904.3324074;19.3520603;0.108711958;ZTF;ZTF(zi);ZTF
58905.2480787;19.5883408;0.120155118;ZTF;ZTF(zr);ZTF
58905.3105903;20.3130531;0.154011816;ZTF;ZTF(zg);ZTF
58906.2294676;19.741003;0.133568376;ZTF;ZTF(zr);ZTF
58906.3106597;20.3981972;0.161458433;ZTF;ZTF(zg);ZTF
58909.3180093;19.6558361;0.125979811;ZTF;ZTF(zr);ZTF
58911.2485764;19.3504105;0.101132996;ZTF;ZTF(zr);ZTF
58911.3809144;20.2738781;0.150566056;ZTF;ZTF(zg);ZTF
58912.4014005;19.7955227;0.138550967;ZTF;ZTF(zr);ZTF
58913.2774074;20.5914726;0.177377939;ZTF;ZTF(zg);ZTF
58939.2053356;19.904007;0.148699149;ZTF;ZTF(zr);ZTF
58939.2221181;19.8216;0.140964508;ZTF;ZTF(zr);ZTF
58941.249456;20.6515846;0.182174563;ZTF;ZTF(zg);ZTF
58954.2331713;19.7334137;0.132882029;ZTF;ZTF(zr);ZTF
58954.2762269;20.6662827;0.183347344;ZTF;ZTF(zg);ZTF
58964.2023032;20.7442818;0.189571261;ZTF;ZTF(zg);ZTF
58965.2115856;20.6135769;0.17914176;ZTF;ZTF(zg);ZTF
58967.2420255;20.6018257;0.17820406;ZTF;ZTF(zg);ZTF
58968.2083333;19.7243195;0.132062241;ZTF;ZTF(zr);ZTF
58968.2325;20.5964584;0.177775741;ZTF;ZTF(zg);ZTF
58968.2468287;20.58255;0.176665902;ZTF;ZTF(zg);ZTF
58973.2738194;19.5891075;0.120220371;ZTF;ZTF(zr);ZTF
58975.88201279;15.594;0.155;NEOWISE;WISE(W1);NEOWISE
58976.01278884;15.241;0.445;NEOWISE;WISE(W2);NEOWISE
58976.01278884;15.515;0.189;NEOWISE;WISE(W1);NEOWISE
58976.14356538;15.734;0.165;NEOWISE;WISE(W1);NEOWISE
58976.27434134;14.733;0.459;NEOWISE;WISE(W2);NEOWISE
58976.27434134;15.449;0.152;NEOWISE;WISE(W1);NEOWISE
58976.33979296;15.594;0.168;NEOWISE;WISE(W1);NEOWISE
58976.4051173;15.78;0.188;NEOWISE;WISE(W1);NEOWISE
58976.4051173;14.869;0.311;NEOWISE;WISE(W2);NEOWISE
58976.47056897;14.594;0.352;NEOWISE;WISE(W2);NEOWISE
58976.47056897;15.332;0.196;NEOWISE;WISE(W1);NEOWISE
58976.53589328;15.569;0.191;NEOWISE;WISE(W1);NEOWISE
58976.53589328;15.292;0.465;NEOWISE;WISE(W2);NEOWISE
58976.60134494;15.558;0.149;NEOWISE;WISE(W1);NEOWISE
58976.732121;15.729;0.19;NEOWISE;WISE(W1);NEOWISE
58976.862897;15.714;0.172;NEOWISE;WISE(W1);NEOWISE
58980.1711806;20.6478958;0.181880236;ZTF;ZTF(zg);ZTF
58980.2335301;19.7532196;0.134676948;ZTF;ZTF(zr);ZTF
58985.1708333;20.5138512;0.171184182;ZTF;ZTF(zg);ZTF
58992.222037;19.8278084;0.141541764;ZTF;ZTF(zr);ZTF
58995.1710532;20.7598343;0.19081223;ZTF;ZTF(zg);ZTF
58995.2279745;19.7229004;0.131934479;ZTF;ZTF(zr);ZTF
59005.2377315;19.7919273;0.138219684;ZTF;ZTF(zr);ZTF
59011.2392245;19.615696;0.122494563;ZTF;ZTF(zr);ZTF
59014.2216782;19.6024303;0.121356413;ZTF;ZTF(zr);ZTF
59018.2277778;19.5549774;0.117342606;ZTF;ZTF(zr);ZTF
59042.1761111;19.8448906;0.143135116;ZTF;ZTF(zr);ZTF
59042.1810301;19.6977482;0.12968263;ZTF;ZTF(zr);ZTF
59042.1859491;19.7383022;0.133323878;ZTF;ZTF(zr);ZTF
59042.1908681;19.6570053;0.126082152;ZTF;ZTF(zr);ZTF
59044.1747222;19.920454;0.150259018;ZTF;ZTF(zr);ZTF
59044.1796991;19.6803894;0.128141299;ZTF;ZTF(zr);ZTF
59135.5234722;19.4435234;0.10828501;ZTF;ZTF(zr);ZTF
59135.5282292;19.353241;0.101344675;ZTF;ZTF(zr);ZTF
59135.5329861;19.5445766;0.116475113;ZTF;ZTF(zr);ZTF
59135.5377431;19.4170265;0.106210701;ZTF;ZTF(zr);ZTF
59137.5220139;19.6107235;0.122067064;ZTF;ZTF(zr);ZTF
59137.526713;19.5579071;0.117587812;ZTF;ZTF(zr);ZTF
59137.5314236;19.6100292;0.122007497;ZTF;ZTF(zr);ZTF
59137.5361343;19.4524002;0.108986795;ZTF;ZTF(zr);ZTF
59139.5209028;19.5103664;0.113653719;ZTF;ZTF(zr);ZTF
59139.5256481;19.3217697;0.0990108624;ZTF;ZTF(zr);ZTF
59139.5304051;19.529108;0.115193278;ZTF;ZTF(zr);ZTF
59141.5214583;19.3175201;0.0986992121;ZTF;ZTF(zr);ZTF
59141.5261806;19.3404922;0.100393943;ZTF;ZTF(zr);ZTF
59141.5309144;19.4604454;0.109625854;ZTF;ZTF(zr);ZTF
59141.5356366;19.3262482;0.0993402675;ZTF;ZTF(zr);ZTF
59141.5403588;19.161068;0.0877881423;ZTF;ZTF(zr);ZTF
59143.5244444;19.3262768;0.099342376;ZTF;ZTF(zr);ZTF
59143.5291204;19.2470646;0.0936493576;ZTF;ZTF(zr);ZTF
59143.5337847;19.3187695;0.0987907648;ZTF;ZTF(zr);ZTF
59143.5384722;19.1745892;0.0886877179;ZTF;ZTF(zr);ZTF
59143.5431481;19.3219147;0.099021554;ZTF;ZTF(zr);ZTF
59149.505381899886;19.177318018306735;0.1724174731927452;ZTF;ZTF(zg);ZTF
59149.5053819;19.1599884;0.0699611232;ZTF;ZTF(zg);ZTF
59150.51743059978;19.18791617291027;0.14055215704679067;ZTF;ZTF(zg);ZTF
59150.5174306;19.1724625;0.0706036612;ZTF;ZTF(zg);ZTF
59150.5463426;19.0910435;0.0832590684;ZTF;ZTF(zr);ZTF
59152.4921528;18.9224739;0.073231034;ZTF;ZTF(zr);ZTF
59152.5449421;19.0178356;0.0630432293;ZTF;ZTF(zg);ZTF
59152.54494210007;19.00348955169281;0.12098231993796883;ZTF;ZTF(zg);ZTF
59155.487581;18.7881889;0.0660902634;ZTF;ZTF(zr);ZTF
59156.49736109981;18.916809776361646;0.12668941272563253;ZTF;ZTF(zg);ZTF
59156.4973611;18.9548187;0.0602064654;ZTF;ZTF(zg);ZTF
59156.54719909979;18.725534170947796;0.10461312237120528;ZTF;ZTF(zr);ZTF
59156.5471991;18.7943993;0.0664046183;ZTF;ZTF(zr);ZTF
59158.4948032;18.7232685;0.0509067513;ZTF;ZTF(zg);ZTF
59158.49480320001;18.71169588897064;0.11838285276792486;ZTF;ZTF(zg);ZTF
59158.53076389991;18.61782719069796;0.10682542037524748;ZTF;ZTF(zr);ZTF
59158.5307639;18.6736774;0.0605599582;ZTF;ZTF(zr);ZTF
59165.4935069;18.4154739;0.0498162545;ZTF;ZTF(zr);ZTF
59165.493506900035;18.41824363317135;0.05161847901653975;ZTF;ZTF(zr);ZTF
59165.5183333;18.4941807;0.0432728417;ZTF;ZTF(zg);ZTF
59165.51833330002;18.4706564153801;0.06893616782493492;ZTF;ZTF(zg);ZTF
59168.50637729978;18.42437674756784;0.06817679898002685;ZTF;ZTF(zg);ZTF
59168.5063773;18.4399128;0.041668389;ZTF;ZTF(zg);ZTF
59168.5400347;18.3815212;0.0485676117;ZTF;ZTF(zr);ZTF
59168.540034700185;18.36334170911682;0.06378611257622305;ZTF;ZTF(zr);ZTF
59170.475613399874;18.4011316726932;0.0656664995663483;ZTF;ZTF(zg);ZTF
59170.4756134;18.4039383;0.0406447537;ZTF;ZTF(zg);ZTF
59170.5415741;18.4084244;0.0495540574;ZTF;ZTF(zr);ZTF
59170.54157410003;18.3834103086823;0.058356537825892306;ZTF;ZTF(zr);ZTF
59173.48555559991;18.426734863153616;0.08629649765797871;ZTF;ZTF(zg);ZTF
59175.515625;18.314529541109394;0.11412632157567892;ZTF;ZTF(zr);ZTF
59177.52918979991;18.41962508338884;0.0635239798666369;ZTF;ZTF(zg);ZTF
59177.5291898;18.4155006;0.0409703441;ZTF;ZTF(zg);ZTF
59180.51932869991;18.431666498436385;0.10366350054880126;ZTF;ZTF(zg);ZTF
59180.5193287;18.3566227;0.0393452831;ZTF;ZTF(zg);ZTF
59180.54509259993;18.33606839991223;0.09663402495213862;ZTF;ZTF(zr);ZTF
59180.5450926;18.3096581;0.0460410118;ZTF;ZTF(zr);ZTF
59181.83192434;15.824;0.194;NEOWISE;WISE(W1);NEOWISE
59181.96270037;15.446;0.148;NEOWISE;WISE(W1);NEOWISE
59182.09347645;15.934;0.214;NEOWISE;WISE(W1);NEOWISE
59182.22425306;16.197;0.287;NEOWISE;WISE(W1);NEOWISE
59182.22425306;15.257;0.479;NEOWISE;WISE(W2);NEOWISE
59182.28970473;16.435;0.376;NEOWISE;WISE(W1);NEOWISE
59182.35502913;15.817;0.26;NEOWISE;WISE(W1);NEOWISE
59182.42048076;15.969;0.223;NEOWISE;WISE(W1);NEOWISE
59182.48580517;16.235;0.304;NEOWISE;WISE(W1);NEOWISE
59182.48724539997;18.392029275782;0.08742059850971798;ZTF;ZTF(zr);ZTF
59182.4872454;18.448143;0.0510520376;ZTF;ZTF(zr);ZTF
59182.55125685;15.517;0.249;NEOWISE;WISE(W1);NEOWISE
59182.5628009;18.4416866;0.0417196788;ZTF;ZTF(zg);ZTF
59182.56280090008;18.396573380284302;0.07410254007685772;ZTF;ZTF(zg);ZTF
59182.68203288;16.297;0.355;NEOWISE;WISE(W1);NEOWISE
59182.81280896;15.619;0.153;NEOWISE;WISE(W1);NEOWISE
59183.5159954;18.3622532;0.0394972004;ZTF;ZTF(zg);ZTF
59184.3884028;18.3155575;0.038259428;ZTF;ZTF(zg);ZTF
59184.4942245;18.3086128;0.0460053943;ZTF;ZTF(zr);ZTF
59185.4886111;18.3831654;0.0400677696;ZTF;ZTF(zg);ZTF
59185.49048609985;18.408983379213705;0.08138892349511602;ZTF;ZTF(zg);ZTF
59185.4904861;18.4114571;0.0408561118;ZTF;ZTF(zg);ZTF
59185.5265394;18.2419548;0.0437996238;ZTF;ZTF(zr);ZTF
59185.52653940022;18.237194154123717;0.06880568597111009;ZTF;ZTF(zr);ZTF
59185.5274769;18.2605324;0.0444015972;ZTF;ZTF(zr);ZTF
59186.5420718;18.3846512;0.0401086845;ZTF;ZTF(zg);ZTF
59187.4893171;18.2756042;0.0448971577;ZTF;ZTF(zr);ZTF
59187.4902546;18.2829151;0.0451398939;ZTF;ZTF(zr);ZTF
59187.49025460007;18.283289955079326;0.09528185261499791;ZTF;ZTF(zr);ZTF
59187.5320949;18.3392372;0.0388808884;ZTF;ZTF(zg);ZTF
59187.53302079998;18.429461887625564;0.12077048714110251;ZTF;ZTF(zg);ZTF
59187.5330208;18.4187202;0.0410615876;ZTF;ZTF(zg);ZTF
59188.3839352;18.3015232;0.0457646996;ZTF;ZTF(zr);ZTF
59188.4738889;18.4063702;0.0407129712;ZTF;ZTF(zg);ZTF
59192.536562500056;18.470370965196132;0.17962843963026426;ZTF;ZTF(zg);ZTF
59194.5189236;18.2346153;0.0435644649;ZTF;ZTF(zr);ZTF
59194.518923600204;18.238355027742145;0.04698705248142673;ZTF;ZTF(zr);ZTF
59194.5307292;18.4186478;0.0410595275;ZTF;ZTF(zg);ZTF
59194.530729200225;18.403409736145754;0.06410983882251411;ZTF;ZTF(zg);ZTF
59198.48331019981;18.249929802975323;0.0661669657991787;ZTF;ZTF(zr);ZTF
59198.4833102;18.2595177;0.044368472;ZTF;ZTF(zr);ZTF
59198.5154861;18.4026165;0.0406077243;ZTF;ZTF(zg);ZTF
59198.51548610022;18.401499525318695;0.058842059567635066;ZTF;ZTF(zg);ZTF
59199.4871412;18.2318802;0.0465371832;ZTF;ZTF(zi);ZTF
59200.44648149982;18.37521079126603;0.11878541704059192;ZTF;ZTF(zg);ZTF
59200.51790509978;18.231684423285603;0.09665092007338326;ZTF;ZTF(zr);ZTF
59200.5179051;18.2174854;0.0430215001;ZTF;ZTF(zr);ZTF
59202.471794;18.1319656;0.0430657379;ZTF;ZTF(zi);ZTF
59203.483344899956;18.27734174024305;0.06132337529317027;ZTF;ZTF(zr);ZTF
59203.4833449;18.2906685;0.0453990027;ZTF;ZTF(zr);ZTF
59205.4313194;18.5705338;0.0456579216;ZTF;ZTF(zg);ZTF
59205.4313194002;18.529482673777395;0.10161556263951482;ZTF;ZTF(zg);ZTF
59215.4431019;18.4753304;0.0521066636;ZTF;ZTF(zr);ZTF
59215.443101900164;18.483400228647938;0.1159785963860361;ZTF;ZTF(zr);ZTF
59215.483124999795;18.566911306230814;0.1442039263459897;ZTF;ZTF(zg);ZTF
59215.483125;18.5632248;0.0454229712;ZTF;ZTF(zg);ZTF
59219.3948148;18.1612606;0.0440538265;ZTF;ZTF(zi);ZTF
59219.4204167;18.5795727;0.0459504575;ZTF;ZTF(zg);ZTF
59219.42041670019;18.57228609626;0.0905513917150954;ZTF;ZTF(zg);ZTF
59219.4769444;18.4385357;0.0506850965;ZTF;ZTF(zr);ZTF
59219.4769444;18.42152250581918;0.07619020781932073;ZTF;ZTF(zr);ZTF
59221.4310301;18.6480751;0.0482402928;ZTF;ZTF(zg);ZTF
59221.43103010021;18.648664843715938;0.07472220820827136;ZTF;ZTF(zg);ZTF
59221.4461806;18.5072746;0.0533767194;ZTF;ZTF(zr);ZTF
59221.44618060021;18.47616618055136;0.07567334084142013;ZTF;ZTF(zr);ZTF
59222.435625;18.3314896;0.0502936319;ZTF;ZTF(zi);ZTF
59223.3796528;18.6975937;0.0499778539;ZTF;ZTF(zg);ZTF
59223.37965280004;18.689267693691505;0.07974744679848274;ZTF;ZTF(zg);ZTF
59223.4628241;18.4666195;0.0517661124;ZTF;ZTF(zr);ZTF
59223.46282410016;18.471120976273582;0.07230952659252253;ZTF;ZTF(zr);ZTF
59225.4130556;18.4853096;0.0524997972;ZTF;ZTF(zr);ZTF
59225.41305560013;18.470982132743572;0.059047989399630976;ZTF;ZTF(zr);ZTF
59225.4363773;18.183609;0.0448240228;ZTF;ZTF(zi);ZTF
59225.441794;18.6407146;0.0479880124;ZTF;ZTF(zg);ZTF
59225.4417940001;18.664952258430755;0.10683894628600622;ZTF;ZTF(zg);ZTF
59227.44109949982;18.7233532947337;0.07324943793159934;ZTF;ZTF(zg);ZTF
59227.4410995;18.7464676;0.0517629273;ZTF;ZTF(zg);ZTF
59228.5309028;18.3534927;0.0511649363;ZTF;ZTF(zi);ZTF
59229.4367014;18.4826355;0.0523941442;ZTF;ZTF(zr);ZTF
59229.436701400205;18.518291506035943;0.09373584904143681;ZTF;ZTF(zr);ZTF
59231.46583329979;18.534854598864815;0.052570147415899535;ZTF;ZTF(zr);ZTF
59231.4658333;18.47435;0.0520681813;ZTF;ZTF(zr);ZTF
59231.5061458;18.2923298;0.0487805605;ZTF;ZTF(zi);ZTF
59248.3448727;18.4147053;0.0536704734;ZTF;ZTF(zi);ZTF
59248.4136458;18.9630165;0.0605677217;ZTF;ZTF(zg);ZTF
59248.4136458002;18.89243544773033;0.08735170622890963;ZTF;ZTF(zg);ZTF
59250.3695486;18.9295559;0.0591073968;ZTF;ZTF(zg);ZTF
59250.36954860017;18.97205102528136;0.11032343731716873;ZTF;ZTF(zg);ZTF
59250.3778356;18.6690731;0.0603479333;ZTF;ZTF(zr);ZTF
59250.37783560017;18.686367304089014;0.07132086201996016;ZTF;ZTF(zr);ZTF
59251.3498495;18.4439659;0.0549113527;ZTF;ZTF(zi);ZTF
59252.3114005;18.7209587;0.0627831295;ZTF;ZTF(zr);ZTF
59252.311400500126;18.69160108443582;0.06578095691224807;ZTF;ZTF(zr);ZTF
59252.37853009999;18.918356477557438;0.07859796630219981;ZTF;ZTF(zg);ZTF
59252.3785301;18.9509525;0.0600368269;ZTF;ZTF(zg);ZTF
59254.3595602;18.4033146;0.0531949922;ZTF;ZTF(zi);ZTF
59254.444236100186;18.845074000450378;0.18926947616283057;ZTF;ZTF(zg);ZTF
59256.34346059989;18.984818785827926;0.0919662680235105;ZTF;ZTF(zg);ZTF
59256.3434606;19.0004978;0.0622490309;ZTF;ZTF(zg);ZTF
59256.3995833;18.6747684;0.0606103055;ZTF;ZTF(zr);ZTF
59256.39958330011;18.684423899111216;0.05809908971134883;ZTF;ZTF(zr);ZTF
59258.3415394;18.7351456;0.063466534;ZTF;ZTF(zr);ZTF
59258.341539400164;18.71609999745806;0.08698541464588658;ZTF;ZTF(zr);ZTF
59258.3659838;19.0229168;0.0632779524;ZTF;ZTF(zg);ZTF
59258.36598380003;18.99449265641896;0.09253966734700161;ZTF;ZTF(zg);ZTF
59260.3373032;18.5431328;0.0593312271;ZTF;ZTF(zi);ZTF
59262.34781249985;18.79691832299475;0.07523504004201453;ZTF;ZTF(zr);ZTF
59262.3478125;18.8197365;0.0677027628;ZTF;ZTF(zr);ZTF
59262.41116899997;19.07199798852312;0.1150173270872291;ZTF;ZTF(zg);ZTF
59262.411169;19.1044712;0.0671717748;ZTF;ZTF(zg);ZTF
59263.3193981;18.3759899;0.0520717204;ZTF;ZTF(zi);ZTF
59264.2964468;18.734251;0.0634232461;ZTF;ZTF(zr);ZTF
59264.29644680023;18.7619836409632;0.08087994515357244;ZTF;ZTF(zr);ZTF
59264.3318981;19.1066971;0.0672814101;ZTF;ZTF(zg);ZTF
59264.33189810021;19.09331971953855;0.08930943053367743;ZTF;ZTF(zg);ZTF
59264.5079514;18.832695;0.0683765635;ZTF;ZTF(zr);ZTF
59264.5084259;18.7969151;0.0665323585;ZTF;ZTF(zr);ZTF
59264.5088889;18.8257332;0.0680137575;ZTF;ZTF(zr);ZTF
59264.5093634;18.8539219;0.0694947392;ZTF;ZTF(zr);ZTF
59264.5098264;18.7594757;0.0646565408;ZTF;ZTF(zr);ZTF
59266.30523149995;19.170329821480514;0.14952336603043193;ZTF;ZTF(zg);ZTF
59266.3052315;19.0530968;0.0646911114;ZTF;ZTF(zg);ZTF
59266.3320602;18.7062225;0.062081255;ZTF;ZTF(zr);ZTF
59266.33206020016;18.748773134250133;0.09288676929772326;ZTF;ZTF(zr);ZTF
59266.3538773;18.394146;0.0528153777;ZTF;ZTF(zi);ZTF
59267.250787;19.1568413;0.0697999373;ZTF;ZTF(zg);ZTF
59267.3188773;18.7797012;0.0656630993;ZTF;ZTF(zr);ZTF
59267.4005208;18.8186569;0.0676469654;ZTF;ZTF(zr);ZTF
59268.1704282;19.1739197;0.0706791356;ZTF;ZTF(zg);ZTF
59268.2661921;18.8802986;0.0709096193;ZTF;ZTF(zr);ZTF
59268.35393519979;18.929733247603675;0.07818591092411166;ZTF;ZTF(zr);ZTF
59268.3539352;18.9757271;0.0762679502;ZTF;ZTF(zr);ZTF
59268.3569444;18.9068184;0.072360754;ZTF;ZTF(zr);ZTF
59268.4313542;19.1530533;0.0696064606;ZTF;ZTF(zg);ZTF
59268.4313542;19.146346855851768;0.10307268597732769;ZTF;ZTF(zg);ZTF
59268.4332292;19.1405659;0.0689723194;ZTF;ZTF(zg);ZTF
59269.2417708;19.1666203;0.0703020543;ZTF;ZTF(zg);ZTF
59269.3109144;18.8610821;0.0698760599;ZTF;ZTF(zr);ZTF
59269.3778241;18.8139153;0.067402266;ZTF;ZTF(zr);ZTF
59269.4019792;18.5857582;0.0613353588;ZTF;ZTF(zi);ZTF
59269.4420949;19.2031784;0.0722109377;ZTF;ZTF(zg);ZTF
59270.2417361;18.9723835;0.0609833859;ZTF;ZTF(zg);ZTF
59270.3091319;18.85816;0.0697201565;ZTF;ZTF(zr);ZTF
59270.3382639;18.8133011;0.0673706532;ZTF;ZTF(zr);ZTF
59270.3569097;18.7627869;0.0648202673;ZTF;ZTF(zr);ZTF
59270.3820023;19.1333332;0.0686076209;ZTF;ZTF(zg);ZTF
59270.38200230012;19.09288094513557;0.1241381701434019;ZTF;ZTF(zg);ZTF
59274.2055671;19.1724663;0.0706039071;ZTF;ZTF(zg);ZTF
59274.2391435;18.8942413;0.0576068088;ZTF;ZTF(zg);ZTF
59274.239143500105;19.014634626281687;0.22598360343898097;ZTF;ZTF(zg);ZTF
59274.3323495;18.5014763;0.0574337542;ZTF;ZTF(zi);ZTF
59274.3594444;18.8168545;0.0675538555;ZTF;ZTF(zr);ZTF
59275.2120139;19.1916714;0.0716046169;ZTF;ZTF(zg);ZTF
59275.3393519;18.892807;0.0715904236;ZTF;ZTF(zr);ZTF
59276.2574884;19.0989838;0.0669022501;ZTF;ZTF(zg);ZTF
59276.25842589978;19.087457404057744;0.09668440776529161;ZTF;ZTF(zg);ZTF
59276.2584259;19.070343;0.065513216;ZTF;ZTF(zg);ZTF
59276.3375579;18.8138275;0.0673977882;ZTF;ZTF(zr);ZTF
59276.33755790023;18.7954447723437;0.08947410687050632;ZTF;ZTF(zr);ZTF
59276.3384954;18.8468132;0.0691182613;ZTF;ZTF(zr);ZTF
59278.3796181;18.5400963;0.0591909103;ZTF;ZTF(zi);ZTF
59278.4112384;18.832531;0.068367973;ZTF;ZTF(zr);ZTF
59280.2860185;18.9212227;0.0731610805;ZTF;ZTF(zr);ZTF
59280.286018500105;18.894324630069114;0.08648258687755243;ZTF;ZTF(zr);ZTF
59280.286018500105;18.8943236754277;0.08648247176483509;ZTF;ZTF(zr);ZTF
59280.36030089995;19.182059652910077;0.09756751807669008;ZTF;ZTF(zg);ZTF
59280.3603009;19.1942673;0.0717409775;ZTF;ZTF(zg);ZTF
59281.3107292;18.5677147;0.0604792312;ZTF;ZTF(zi);ZTF
59290.2561805998;18.914648319812073;0.07793289670122873;ZTF;ZTF(zr);ZTF
59290.2561806;18.9885235;0.0770155042;ZTF;ZTF(zr);ZTF
59290.29611109989;19.284152247905492;0.12265742457117797;ZTF;ZTF(zg);ZTF
59290.2961111;19.3057938;0.0778434202;ZTF;ZTF(zg);ZTF
59291.2693634;18.6484489;0.0643999279;ZTF;ZTF(zi);ZTF
59292.2952315;19.2904282;0.076973848;ZTF;ZTF(zg);ZTF
59292.295231500175;19.250472468863403;0.09891249682842514;ZTF;ZTF(zg);ZTF
59292.339259299915;18.934067895939666;0.07980085682872337;ZTF;ZTF(zr);ZTF
59292.3392593;18.9453125;0.0745188743;ZTF;ZTF(zr);ZTF
59294.2951389;18.6151199;0.062753208;ZTF;ZTF(zi);ZTF
59295.2641782;18.8504219;0.0693091154;ZTF;ZTF(zr);ZTF
59295.26417820016;18.86443127226865;0.0914109167657726;ZTF;ZTF(zr);ZTF
59295.274294;19.590538;0.0956745446;ZTF;ZTF(zg);ZTF
59295.27429400012;19.26905149988007;0.19085686537008498;ZTF;ZTF(zg);ZTF
59297.20692129992;19.30952050570828;0.24150968090904973;ZTF;ZTF(zg);ZTF
59297.2069213;19.3650494;0.0812842473;ZTF;ZTF(zg);ZTF
59297.2571759;19.07164;0.0820423514;ZTF;ZTF(zr);ZTF
59297.25717590004;19.023323857632764;0.11556176141796148;ZTF;ZTF(zr);ZTF
59297.3580208;18.6321602;0.0635901317;ZTF;ZTF(zi);ZTF
59303.2781829;19.3743916;0.0818395317;ZTF;ZTF(zg);ZTF
59303.2791204;19.2701263;0.075839214;ZTF;ZTF(zg);ZTF
59303.27912040008;19.280003656879458;0.1568629279442878;ZTF;ZTF(zg);ZTF
59303.3003935;18.71842;0.0679882318;ZTF;ZTF(zi);ZTF
59303.3037963;18.7470837;0.0695101172;ZTF;ZTF(zi);ZTF
59303.3161921;18.9762058;0.0762957484;ZTF;ZTF(zr);ZTF
59303.3171412;19.1006927;0.0838703439;ZTF;ZTF(zr);ZTF
59304.2344907;19.2124443;0.0727028251;ZTF;ZTF(zg);ZTF
59304.2766204;18.8981552;0.0718835443;ZTF;ZTF(zr);ZTF
59305.2896875;19.3929386;0.0829522535;ZTF;ZTF(zg);ZTF
59305.29062499991;19.313958306961915;0.15031863305848855;ZTF;ZTF(zg);ZTF
59305.29062499991;19.313976886312627;0.15031788378208813;ZTF;ZTF(zg);ZTF
59305.290625;19.312561;0.0782293454;ZTF;ZTF(zg);ZTF
59306.3845949;18.7244682;0.0683068559;ZTF;ZTF(zi);ZTF
59307.2468403;18.9984035;0.0775974765;ZTF;ZTF(zr);ZTF
59307.24684030004;18.948510991266104;0.07717851685792682;ZTF;ZTF(zr);ZTF
59307.27962959977;19.258407562706886;0.1014877977920322;ZTF;ZTF(zg);ZTF
59307.2796296;19.2359047;0.0739629567;ZTF;ZTF(zg);ZTF
59309.193240699824;19.39398436365125;0.11491164039534683;ZTF;ZTF(zg);ZTF
59309.1932407;19.3859215;0.0825296566;ZTF;ZTF(zg);ZTF
59309.2334838;19.0007;0.07773339;ZTF;ZTF(zr);ZTF
59309.2334838002;18.959494386377695;0.0756636179411159;ZTF;ZTF(zr);ZTF
59310.2882986;18.6912918;0.0665757656;ZTF;ZTF(zi);ZTF
59311.171400499996;19.047426526777254;0.11982992760679129;ZTF;ZTF(zr);ZTF
59311.2123495;19.4424095;0.0859882459;ZTF;ZTF(zg);ZTF
59311.21234950004;19.40857330046307;0.114441752804919;ZTF;ZTF(zg);ZTF
59313.1865856;18.7775707;0.0711622685;ZTF;ZTF(zi);ZTF
59313.205891199876;19.073295408578495;0.09845490772452146;ZTF;ZTF(zr);ZTF
59313.2058912;19.170475;0.0884131417;ZTF;ZTF(zr);ZTF
59313.2342361;19.3344097;0.0794876516;ZTF;ZTF(zg);ZTF
59313.23423610022;19.30049981222639;0.1120379555771043;ZTF;ZTF(zg);ZTF
59315.2124306;19.4156876;0.0843360424;ZTF;ZTF(zg);ZTF
59315.21243060008;19.345774960976463;0.09369122310980282;ZTF;ZTF(zg);ZTF
59316.2482639;18.6945381;0.0667433441;ZTF;ZTF(zi);ZTF
59316.2711806;18.5942402;0.061741773;ZTF;ZTF(zi);ZTF
59317.193136599846;19.046041230023818;0.06961350037896441;ZTF;ZTF(zr);ZTF
59317.193136599846;19.046022559255785;0.0696145808220167;ZTF;ZTF(zr);ZTF
59317.1931366;19.1101913;0.0844760314;ZTF;ZTF(zr);ZTF
59317.2342361;19.4115944;0.0840855539;ZTF;ZTF(zg);ZTF
59317.23423610022;19.40857584899754;0.10100450505885057;ZTF;ZTF(zg);ZTF
59317.23423610022;19.408591140141954;0.10100397909399375;ZTF;ZTF(zg);ZTF
59319.2815625;18.6505795;0.0645065457;ZTF;ZTF(zi);ZTF
59320.17512729997;19.402069992831294;0.09036249824118836;ZTF;ZTF(zg);ZTF
59320.1751273;19.4265633;0.0850050449;ZTF;ZTF(zg);ZTF
59322.2120139;18.733551;0.0687878206;ZTF;ZTF(zi);ZTF
59322.2346759;18.9451027;0.0745069534;ZTF;ZTF(zr);ZTF
59322.23467590008;18.907630142939954;0.08030705764277404;ZTF;ZTF(zr);ZTF
59324.171875;19.4419346;0.0859586596;ZTF;ZTF(zg);ZTF
59324.2125579;19.0606518;0.081360653;ZTF;ZTF(zr);ZTF
59324.21255790023;19.08646566359692;0.08854490234826014;ZTF;ZTF(zr);ZTF
59324.21255790023;19.08645411046011;0.08854618144730697;ZTF;ZTF(zr);ZTF
59325.2347917;18.7146053;0.0677879751;ZTF;ZTF(zi);ZTF
59329.2357755;19.0270462;0.0793082565;ZTF;ZTF(zr);ZTF
59329.3128472;19.6153755;0.097386241;ZTF;ZTF(zg);ZTF
59335.19158559991;19.20771405151026;0.11107252922870396;ZTF;ZTF(zr);ZTF
59335.1915856;19.2572784;0.0943675786;ZTF;ZTF(zr);ZTF
59335.23491899995;19.43282240392062;0.12358612188629561;ZTF;ZTF(zg);ZTF
59335.234919;19.5408669;0.0923266411;ZTF;ZTF(zg);ZTF
59336.1791204;18.8083611;0.0728661418;ZTF;ZTF(zi);ZTF
59338.1927199;19.5210228;0.0910173431;ZTF;ZTF(zg);ZTF
59338.19271990005;19.44802417175788;0.10342249575793387;ZTF;ZTF(zg);ZTF
59338.2395139;19.0781097;0.0824462622;ZTF;ZTF(zr);ZTF
59338.23951390013;19.03660492658659;0.07100901723158544;ZTF;ZTF(zr);ZTF
59339.1720718;18.6956062;0.0667985752;ZTF;ZTF(zi);ZTF
59339.94943432;15.874;0.197;NEOWISE;WISE(W1);NEOWISE
59340.08021034;15.602;0.207;NEOWISE;WISE(W1);NEOWISE
59340.21085898;15.101;0.393;NEOWISE;WISE(W2);NEOWISE
59340.21085898;15.765;0.19;NEOWISE;WISE(W1);NEOWISE
59340.2154282;19.561903;0.0937322453;ZTF;ZTF(zg);ZTF
59340.215428200085;19.52497403873955;0.09555049930881308;ZTF;ZTF(zg);ZTF
59340.2562153;19.1948109;0.0900484622;ZTF;ZTF(zr);ZTF
59340.341635;15.535;0.15;NEOWISE;WISE(W1);NEOWISE
59340.40695935;15.712;0.17;NEOWISE;WISE(W1);NEOWISE
59340.4719017;15.349;0.125;NEOWISE;WISE(W1);NEOWISE
59340.53721965;15.456;0.145;NEOWISE;WISE(W1);NEOWISE
59340.60305328;15.516;0.291;NEOWISE;WISE(W1);NEOWISE
59340.66850491;15.881;0.19;NEOWISE;WISE(W1);NEOWISE
59340.79915411;15.546;0.147;NEOWISE;WISE(W1);NEOWISE
59340.79915411;15.161;0.45;NEOWISE;WISE(W2);NEOWISE
59340.92993006;14.967;0.326;NEOWISE;WISE(W2);NEOWISE
59340.92993006;15.76;0.192;NEOWISE;WISE(W1);NEOWISE
59341.06057869;14.824;0.366;NEOWISE;WISE(W2);NEOWISE
59341.06057869;15.579;0.225;NEOWISE;WISE(W1);NEOWISE
59342.2291898;19.5472641;0.0927522182;ZTF;ZTF(zg);ZTF
59342.2291898001;19.520350210094552;0.10129138694190229;ZTF;ZTF(zg);ZTF
59342.2579282;19.1362591;0.0861587152;ZTF;ZTF(zr);ZTF
59342.257928200066;19.093938368634106;0.06990517097310091;ZTF;ZTF(zr);ZTF
59343.186088;18.7496777;0.0696493536;ZTF;ZTF(zi);ZTF
59344.223206;19.138485;0.0863037705;ZTF;ZTF(zr);ZTF
59344.268680599984;19.5587239016802;0.11869710202009594;ZTF;ZTF(zg);ZTF
59344.2686806;19.6115837;0.0971232876;ZTF;ZTF(zg);ZTF
59346.19332179986;19.091576574510693;0.08133695178661839;ZTF;ZTF(zr);ZTF
59346.1933218;19.1804695;0.0890815258;ZTF;ZTF(zr);ZTF
59346.3315162;19.5244312;0.0912410766;ZTF;ZTF(zg);ZTF
59348.2463773;19.5473785;0.0927598476;ZTF;ZTF(zg);ZTF
59348.246377300005;19.58379076795373;0.1308795702411145;ZTF;ZTF(zg);ZTF
59349.2642245;18.8101158;0.0729642957;ZTF;ZTF(zi);ZTF
59350.19358799979;19.548141002056102;0.15527195450215828;ZTF;ZTF(zg);ZTF
59350.193588;19.5885029;0.095535323;ZTF;ZTF(zg);ZTF
59350.24549769983;19.03155195449869;0.1095721306659076;ZTF;ZTF(zr);ZTF
59350.2454977;18.928257;0.0735550821;ZTF;ZTF(zr);ZTF
59356.1813657;19.440506;0.085869655;ZTF;ZTF(zg);ZTF
59356.2362847;19.0082474;0.0781814903;ZTF;ZTF(zr);ZTF
59361.18060189998;19.10511073243006;0.10564079882828876;ZTF;ZTF(zr);ZTF
59361.1806019;19.2736931;0.0955316722;ZTF;ZTF(zr);ZTF
59363.203923599795;19.21739440177147;0.0992681400108318;ZTF;ZTF(zr);ZTF
59363.2039236;19.2915096;0.0968088508;ZTF;ZTF(zr);ZTF
59363.21446759999;19.514843282633066;0.1114097664031507;ZTF;ZTF(zg);ZTF
59363.2144676;19.5604515;0.0936346501;ZTF;ZTF(zg);ZTF
59365.20505789993;19.553304769041006;0.11246283396137635;ZTF;ZTF(zg);ZTF
59365.2050579;19.6047859;0.0966534019;ZTF;ZTF(zg);ZTF
59367.1864583;18.9565697;0.0815672427;ZTF;ZTF(zi);ZTF
59367.20776619995;19.109347291653506;0.11195340174341573;ZTF;ZTF(zr);ZTF
59367.2077662;19.1642227;0.0879972726;ZTF;ZTF(zr);ZTF
59367.2542245;19.5544052;0.0932291746;ZTF;ZTF(zg);ZTF
59367.25422450015;19.58315078029225;0.16501453543559766;ZTF;ZTF(zg);ZTF
59369.2235301;19.6941261;0.102978237;ZTF;ZTF(zg);ZTF
59369.22353010019;19.58402343095496;0.13145295800827544;ZTF;ZTF(zg);ZTF
59371.22515049996;19.152262901253042;0.08531984076425803;ZTF;ZTF(zr);ZTF
59371.2251505;19.1474552;0.0868906826;ZTF;ZTF(zr);ZTF
59373.2177083;19.2019272;0.0905316025;ZTF;ZTF(zr);ZTF
59375.2264931;19.2084579;0.0909770876;ZTF;ZTF(zr);ZTF
59377.1949074;18.8213272;0.073594287;ZTF;ZTF(zi);ZTF
59385.2036806;19.4986191;0.0895584151;ZTF;ZTF(zg);ZTF
59385.2161111;19.3101578;0.0981610566;ZTF;ZTF(zr);ZTF
59411.1804398;18.8863354;0.0712374151;ZTF;ZTF(zr);ZTF
59411.1824884;19.3776932;0.103188619;ZTF;ZTF(zr);ZTF
59497.5266667;19.205389;0.0907674804;ZTF;ZTF(zr);ZTF
59497.5290509;19.4467754;0.108541727;ZTF;ZTF(zr);ZTF
59498.5277315;19.3984833;0.104777373;ZTF;ZTF(zr);ZTF
59498.5301273;19.1775475;0.0888856649;ZTF;ZTF(zr);ZTF
59498.5325116;19.1899948;0.0897227377;ZTF;ZTF(zr);ZTF
59498.5372917;18.9061222;0.0723222941;ZTF;ZTF(zr);ZTF
59500.5282986;19.4022446;0.105066925;ZTF;ZTF(zr);ZTF
59500.5307292;19.4079227;0.105505116;ZTF;ZTF(zr);ZTF
59500.5331713;19.5379772;0.115927026;ZTF;ZTF(zr);ZTF
59500.5356019;19.3633423;0.102103211;ZTF;ZTF(zr);ZTF
59500.538044;19.2644138;0.0948721319;ZTF;ZTF(zr);ZTF
59501.5285069;19.4099121;0.105659008;ZTF;ZTF(zr);ZTF
59501.5308681;19.4439507;0.108318686;ZTF;ZTF(zr);ZTF
59501.5332292;19.4374313;0.107805304;ZTF;ZTF(zr);ZTF
59501.5356019;19.5252895;0.114878416;ZTF;ZTF(zr);ZTF
59501.537963;19.4347095;0.107591555;ZTF;ZTF(zr);ZTF
59502.5285301;19.3346729;0.0999623463;ZTF;ZTF(zr);ZTF
59502.5356366;19.3658199;0.102289915;ZTF;ZTF(zr);ZTF
59509.5207176;19.3284454;0.0995021909;ZTF;ZTF(zr);ZTF
59509.5256944;19.3686733;0.102505349;ZTF;ZTF(zr);ZTF
59509.5306944;19.5292053;0.115201347;ZTF;ZTF(zr);ZTF
59512.5102778;19.5783138;0.119305111;ZTF;ZTF(zr);ZTF
59522.4991551;19.4187927;0.106347948;ZTF;ZTF(zr);ZTF
59522.5185648;20.0132732;0.128031582;ZTF;ZTF(zg);ZTF
59524.4759028;19.4270077;0.106988378;ZTF;ZTF(zr);ZTF
59524.5393519;20.010704;0.127816513;ZTF;ZTF(zg);ZTF
59526.475162;19.8766842;0.116870597;ZTF;ZTF(zg);ZTF
59526.5227083;19.5453701;0.116541177;ZTF;ZTF(zr);ZTF
59528.5239468;20.0293083;0.129378855;ZTF;ZTF(zg);ZTF
59530.4563426;19.1552525;0.0874037594;ZTF;ZTF(zr);ZTF
59530.4953241;19.610939;0.0970786288;ZTF;ZTF(zg);ZTF
59531.5284259;19.1519318;0.0942939669;ZTF;ZTF(zi);ZTF
59532.4787731;19.5207977;0.11450877;ZTF;ZTF(zr);ZTF
59532.5222338;19.8250198;0.112812459;ZTF;ZTF(zg);ZTF
59540.4965741;18.9333725;0.0801506191;ZTF;ZTF(zi);ZTF
59548.91253043;16.288;0.311;NEOWISE;WISE(W1);NEOWISE
59548.91253043;15.012;0.384;NEOWISE;WISE(W2);NEOWISE
59549.0433065;16.241;0.349;NEOWISE;WISE(W1);NEOWISE
59549.17344585;15.896;0.21;NEOWISE;WISE(W1);NEOWISE
59549.36992817;15.533;0.158;NEOWISE;WISE(W1);NEOWISE
59549.36992817;15.136;0.424;NEOWISE;WISE(W2);NEOWISE
59549.43525252;15.665;0.237;NEOWISE;WISE(W1);NEOWISE
59549.56602865;15.895;0.198;NEOWISE;WISE(W1);NEOWISE
59549.63135295;16.441;0.49;NEOWISE;WISE(W1);NEOWISE
59549.7620017;15.821;0.211;NEOWISE;WISE(W1);NEOWISE
59549.8926504;15.824;0.274;NEOWISE;WISE(W1);NEOWISE
59549.89277777;15.228;0.439;NEOWISE;WISE(W2);NEOWISE
59549.89277777;16.165;0.249;NEOWISE;WISE(W1);NEOWISE
59622.4213079;19.1700954;0.0955477059;ZTF;ZTF(zi);ZTF
59622.4444329;19.4708309;0.110454962;ZTF;ZTF(zr);ZTF
59622.5042477;20.3321667;0.155690715;ZTF;ZTF(zg);ZTF
59624.2771065;20.0086842;0.127647489;ZTF;ZTF(zg);ZTF
59624.3823843;19.6416168;0.124738179;ZTF;ZTF(zr);ZTF
59625.3179051;18.9682541;0.0822885409;ZTF;ZTF(zi);ZTF
59629.3358681;19.4118118;0.105806038;ZTF;ZTF(zr);ZTF
59630.352419;19.3452454;0.108200528;ZTF;ZTF(zi);ZTF
59636.3581713;19.3405228;0.107846946;ZTF;ZTF(zi);ZTF
59636.4419792;20.2453213;0.148054376;ZTF;ZTF(zg);ZTF
59639.269213;19.4421406;0.108175993;ZTF;ZTF(zr);ZTF
59639.2802315;20.0999184;0.135388553;ZTF;ZTF(zg);ZTF
59640.2918287;19.1605873;0.0948899761;ZTF;ZTF(zi);ZTF
59641.2265162;20.2244492;0.146221057;ZTF;ZTF(zg);ZTF
59641.2713657;19.5629425;0.118009977;ZTF;ZTF(zr);ZTF
59671.3003588;19.2312469;0.0998521894;ZTF;ZTF(zi);ZTF
59671.3201968;19.5978394;0.120964065;ZTF;ZTF(zr);ZTF
59671.4013542;20.0401211;0.130291119;ZTF;ZTF(zg);ZTF
59674.3048958;19.5278358;0.115088321;ZTF;ZTF(zr);ZTF
59674.341875;19.246603;0.100952908;ZTF;ZTF(zi);ZTF
59676.3534259;19.3164825;0.0986231565;ZTF;ZTF(zr);ZTF
59677.2775579;19.1403656;0.0935017318;ZTF;ZTF(zi);ZTF
59678.2346296;19.6581326;0.126181006;ZTF;ZTF(zr);ZTF
59678.3122338;20.2449169;0.148018956;ZTF;ZTF(zg);ZTF
59680.2473264;19.3637657;0.102135077;ZTF;ZTF(zr);ZTF
59684.2784144;19.6842365;0.102262348;ZTF;ZTF(zg);ZTF
59685.2786343;19.1761799;0.0959702432;ZTF;ZTF(zi);ZTF
59687.2613773;20.1235466;0.137424439;ZTF;ZTF(zg);ZTF
59687.3530556;19.8429012;0.142949164;ZTF;ZTF(zr);ZTF
59689.2590278;19.440937;0.10808114;ZTF;ZTF(zr);ZTF
59693.2464005;20.1647358;0.140998065;ZTF;ZTF(zg);ZTF
59694.2112037;19.1954193;0.0973147899;ZTF;ZTF(zi);ZTF
59695.2125231;19.5989285;0.121057078;ZTF;ZTF(zr);ZTF
59697.1846875;19.552103;0.117102429;ZTF;ZTF(zr);ZTF
59697.2138194;20.269722;0.150200441;ZTF;ZTF(zg);ZTF
59699.2631481;19.6421757;0.124786764;ZTF;ZTF(zr);ZTF
59701.2164699;19.576004;0.119109936;ZTF;ZTF(zr);ZTF
59701.2449421;19.2219009;0.0991861224;ZTF;ZTF(zi);ZTF
59701.2606944;20.1108704;0.136330947;ZTF;ZTF(zg);ZTF
59704.26229627;15.937;0.311;NEOWISE;WISE(W1);NEOWISE
59704.26242359;15.49;0.138;NEOWISE;WISE(W1);NEOWISE
59704.39294497;15.654;0.158;NEOWISE;WISE(W1);NEOWISE
59704.52333903;15.54;0.165;NEOWISE;WISE(W1);NEOWISE
59704.58866339;14.836;0.299;NEOWISE;WISE(W2);NEOWISE
59704.58866339;15.659;0.152;NEOWISE;WISE(W1);NEOWISE
59704.65386045;15.256;0.405;NEOWISE;WISE(W2);NEOWISE
59704.65386045;15.322;0.147;NEOWISE;WISE(W1);NEOWISE
59704.71918487;16.286;0.28;NEOWISE;WISE(W1);NEOWISE
59704.78438187;15.392;0.414;NEOWISE;WISE(W2);NEOWISE
59704.78438187;15.802;0.202;NEOWISE;WISE(W1);NEOWISE
59704.84970625;15.726;0.186;NEOWISE;WISE(W1);NEOWISE
59704.98022763;15.094;0.417;NEOWISE;WISE(W2);NEOWISE
59704.98022763;15.897;0.204;NEOWISE;WISE(W1);NEOWISE
59705.11023975;15.788;0.179;NEOWISE;WISE(W1);NEOWISE
59705.24127044;15.115;0.381;NEOWISE;WISE(W2);NEOWISE
59708.2288194;19.5080261;0.11346253;ZTF;ZTF(zr);ZTF
59711.2275926;20.1543999;0.140098691;ZTF;ZTF(zg);ZTF
59713.1950926;20.0922737;0.134732395;ZTF;ZTF(zg);ZTF
59713.235787;19.5060673;0.113302596;ZTF;ZTF(zr);ZTF
59715.2363542;19.9793396;0.125204608;ZTF;ZTF(zg);ZTF
59718.2068519;19.5277138;0.115078285;ZTF;ZTF(zr);ZTF
59718.2385185;19.5478477;0.116747454;ZTF;ZTF(zr);ZTF
59723.1781134;19.6339245;0.124069661;ZTF;ZTF(zr);ZTF
59724.1811806;19.3902168;0.111598864;ZTF;ZTF(zi);ZTF
59731.1933681;20.0261002;0.129108652;ZTF;ZTF(zg);ZTF
59731.2385532;19.4936371;0.112291954;ZTF;ZTF(zr);ZTF
59732.2416204;19.1549206;0.0944994465;ZTF;ZTF(zi);ZTF
59733.2237384;19.5745392;0.118986242;ZTF;ZTF(zr);ZTF
59735.2388426;19.6522217;0.125663489;ZTF;ZTF(zr);ZTF
59739.2147222;19.046257;0.0872348696;ZTF;ZTF(zi);ZTF
59741.1940509;20.3301067;0.155509889;ZTF;ZTF(zg);ZTF
59742.198912;19.3775349;0.110635065;ZTF;ZTF(zi);ZTF
59743.1878241;19.4830894;0.111439578;ZTF;ZTF(zr);ZTF
59860.5272454;19.7184086;0.131530762;ZTF;ZTF(zr);ZTF
59860.5296296;19.6816521;0.128253147;ZTF;ZTF(zr);ZTF
59860.5344097;19.6861553;0.128652111;ZTF;ZTF(zr);ZTF
59860.536794;19.5868282;0.120026715;ZTF;ZTF(zr);ZTF
59861.5282639;19.6695995;0.127188712;ZTF;ZTF(zr);ZTF
59861.5353704;19.448658;0.108690523;ZTF;ZTF(zr);ZTF
59862.5259144;19.2228603;0.0919661298;ZTF;ZTF(zr);ZTF
59862.5283102;19.5761299;0.119120538;ZTF;ZTF(zr);ZTF
59863.5282176;19.7711124;0.136308983;ZTF;ZTF(zr);ZTF
59863.5306019;19.7235832;0.131995931;ZTF;ZTF(zr);ZTF
59863.5353819;19.6980286;0.129707605;ZTF;ZTF(zr);ZTF
59865.5284954;19.6049938;0.121575788;ZTF;ZTF(zr);ZTF
59865.5309375;19.245863;0.0935651809;ZTF;ZTF(zr);ZTF
59865.5333681;19.5680847;0.118442141;ZTF;ZTF(zr);ZTF
59865.5358102;19.4836388;0.111483872;ZTF;ZTF(zr);ZTF
59865.5382523;19.7030125;0.130152166;ZTF;ZTF(zr);ZTF
59866.5283102;19.7234497;0.131983936;ZTF;ZTF(zr);ZTF
59866.5306713;19.5337715;0.115578666;ZTF;ZTF(zr);ZTF
59866.5354167;19.8185196;0.14067845;ZTF;ZTF(zr);ZTF
59866.5377778;19.3290901;0.0995497704;ZTF;ZTF(zr);ZTF
59874.5201273;19.6305981;0.123781189;ZTF;ZTF(zr);ZTF
59874.5226157;19.6234436;0.123162448;ZTF;ZTF(zr);ZTF
59874.5251157;19.5380497;0.115933053;ZTF;ZTF(zr);ZTF
59874.5276157;19.5904274;0.120332569;ZTF;ZTF(zr);ZTF
59874.5301157;19.6275253;0.123515256;ZTF;ZTF(zr);ZTF
59876.5222454;19.4390907;0.107935801;ZTF;ZTF(zr);ZTF
59876.5247338;19.5006351;0.112860203;ZTF;ZTF(zr);ZTF
59876.5321644;19.5066357;0.113348983;ZTF;ZTF(zr);ZTF
59893.494919;19.3533039;0.101349406;ZTF;ZTF(zr);ZTF
59897.5291319;19.0368595;0.0866268575;ZTF;ZTF(zi);ZTF
59902.4878125;18.9508247;0.0812145397;ZTF;ZTF(zi);ZTF
59902.5255093;19.451561;0.108920299;ZTF;ZTF(zr);ZTF
59906.4260301;20.5758591;0.176132083;ZTF;ZTF(zg);ZTF
59906.5190278;19.6470432;0.12521112;ZTF;ZTF(zr);ZTF
59909.4575694;19.6924477;0.129210904;ZTF;ZTF(zr);ZTF
59909.5166319;20.3526344;0.157485038;ZTF;ZTF(zg);ZTF
59913.04582204;15.571;0.258;NEOWISE;WISE(W1);NEOWISE
59913.17570676;15.113;0.48;NEOWISE;WISE(W2);NEOWISE
59913.17570676;16.061;0.232;NEOWISE;WISE(W1);NEOWISE
59913.30648285;16.187;0.271;NEOWISE;WISE(W1);NEOWISE
59913.43687689;15.95;0.224;NEOWISE;WISE(W1);NEOWISE
59913.485544;19.431591;0.107347019;ZTF;ZTF(zr);ZTF
59913.50143725;16.696;0.453;NEOWISE;WISE(W1);NEOWISE
59913.50143725;14.872;0.523;NEOWISE;WISE(W2);NEOWISE
59913.50156462;16.38;0.37;NEOWISE;WISE(W1);NEOWISE
59913.56714365;15.958;0.253;NEOWISE;WISE(W1);NEOWISE
59913.63234069;16.282;0.295;NEOWISE;WISE(W1);NEOWISE
59913.63234069;14.827;0.503;NEOWISE;WISE(W2);NEOWISE
59913.89287471;15.967;0.36;NEOWISE;WISE(W1);NEOWISE
59914.02326884;16.296;0.338;NEOWISE;WISE(W1);NEOWISE
59914.4547685;19.1466446;0.0939312279;ZTF;ZTF(zi);ZTF
59923.4566088;19.6073265;0.121775679;ZTF;ZTF(zr);ZTF
59930.5080903;19.6635876;0.126659781;ZTF;ZTF(zr);ZTF
59937.4582755;20.1560402;0.14024134;ZTF;ZTF(zg);ZTF
59966.4141435;20.0899506;0.134533077;ZTF;ZTF(zg);ZTF
59967.4404745;19.1153259;0.0918028876;ZTF;ZTF(zi);ZTF
59968.3825347;19.6095085;0.121962786;ZTF;ZTF(zr);ZTF
59970.3674653;19.5168133;0.11418166;ZTF;ZTF(zr);ZTF
59970.3948958;19.9699249;0.124426238;ZTF;ZTF(zg);ZTF
59970.4088773;18.9887123;0.0835638046;ZTF;ZTF(zi);ZTF
59972.3809375;19.5528259;0.117162764;ZTF;ZTF(zr);ZTF
59972.4217014;20.4002056;0.161632836;ZTF;ZTF(zg);ZTF
59979.3779861;19.1711941;0.0956238508;ZTF;ZTF(zi);ZTF
59984.3418519;19.6923962;0.12920624;ZTF;ZTF(zr);ZTF
59985.3678009;19.1814251;0.0963355377;ZTF;ZTF(zi);ZTF
59987.3384606;20.1881218;0.143038675;ZTF;ZTF(zg);ZTF
60020.2029861;20.4872189;0.169076174;ZTF;ZTF(zg);ZTF
60046.2319329;20.4768028;0.168198586;ZTF;ZTF(zg);ZTF
60050.1840394;20.378727;0.159764782;ZTF;ZTF(zg);ZTF
60052.2156366;20.3756828;0.159499317;ZTF;ZTF(zg);ZTF
60054.2619907;20.3421822;0.156569302;ZTF;ZTF(zg);ZTF
60056.1926852;20.4068222;0.162206337;ZTF;ZTF(zg);ZTF
60058.2988773;20.1096268;0.136223748;ZTF;ZTF(zg);ZTF
60060.2415972;20.2125816;0.145179957;ZTF;ZTF(zg);ZTF
60071.30942605;15.634;0.167;NEOWISE;WISE(W1);NEOWISE
60071.43931082;15.895;0.321;NEOWISE;WISE(W1);NEOWISE
60071.5691955;15.419;0.131;NEOWISE;WISE(W1);NEOWISE
60071.69908017;16.251;0.311;NEOWISE;WISE(W1);NEOWISE
60071.76402256;15.739;0.26;NEOWISE;WISE(W1);NEOWISE
60071.8289649;14.496;0.245;NEOWISE;WISE(W2);NEOWISE
60071.8289649;15.626;0.163;NEOWISE;WISE(W1);NEOWISE
60071.89390723;14.925;0.317;NEOWISE;WISE(W2);NEOWISE
60071.89390723;16.747;0.428;NEOWISE;WISE(W1);NEOWISE
60071.95884962;15.533;0.147;NEOWISE;WISE(W1);NEOWISE
60072.023792;15.579;0.225;NEOWISE;WISE(W1);NEOWISE
60072.023792;14.809;0.287;NEOWISE;WISE(W2);NEOWISE
60072.15367674;15.59;0.159;NEOWISE;WISE(W1);NEOWISE
60072.28356141;15.446;0.139;NEOWISE;WISE(W1);NEOWISE
60072.41344609;15.862;0.221;NEOWISE;WISE(W1);NEOWISE
60077.2587037;20.3955574;0.161229268;ZTF;ZTF(zg);ZTF
60084.185625;20.3456154;0.156870231;ZTF;ZTF(zg);ZTF
60086.2138079;20.4800262;0.168470636;ZTF;ZTF(zg);ZTF
60086.3095255;20.4443913;0.165441945;ZTF;ZTF(zg);ZTF
60088.2881134;20.5045586;0.1704427;ZTF;ZTF(zg);ZTF
60101.204213;20.28228;0.151305273;ZTF;ZTF(zg);ZTF
60103.2375463;20.068964;0.13273935;ZTF;ZTF(zg);ZTF
60105.2160764;20.3709431;0.159085721;ZTF;ZTF(zg);ZTF
60115.2284838;19.4509392;0.108871117;ZTF;ZTF(zr);ZTF
60115.2384722;20.2158318;0.145465121;ZTF;ZTF(zg);ZTF
60230.5380903;19.4545479;0.109157145;ZTF;ZTF(zr);ZTF
60241.5212616;19.4133587;0.10592597;ZTF;ZTF(zr);ZTF
60252.4875579;19.8317432;0.11333511;ZTF;ZTF(zg);ZTF
60257.5168634;19.3698635;0.102595277;ZTF;ZTF(zr);ZTF
60277.31422785;15.791;0.194;NEOWISE;WISE(W1);NEOWISE
60277.4434759;16.123;0.243;NEOWISE;WISE(W1);NEOWISE
60277.57259659;15.787;0.203;NEOWISE;WISE(W1);NEOWISE
60277.6372848;15.685;0.197;NEOWISE;WISE(W1);NEOWISE
60277.7018452;15.074;0.18;NEOWISE;WISE(W1);NEOWISE
60277.76640559;16.236;0.371;NEOWISE;WISE(W1);NEOWISE
60277.83109324;15.812;0.2;NEOWISE;WISE(W1);NEOWISE
60277.83109324;14.941;0.397;NEOWISE;WISE(W2);NEOWISE
60277.89565363;16.14;0.269;NEOWISE;WISE(W1);NEOWISE
60278.02490168;16.264;0.323;NEOWISE;WISE(W1);NEOWISE
60278.15414977;15.568;0.188;NEOWISE;WISE(W1);NEOWISE
60278.28327045;15.524;0.249;NEOWISE;WISE(W1);NEOWISE
60278.28339782;15.197;0.463;NEOWISE;WISE(W2);NEOWISE
60278.28339782;15.743;0.204;NEOWISE;WISE(W1);NEOWISE
60287.444213;19.5561275;0.117438816;ZTF;ZTF(zr);ZTF
60291.4816667;20.5649223;0.175259352;ZTF;ZTF(zg);ZTF
60322.4582292;20.1196709;0.137089863;ZTF;ZTF(zg);ZTF
60352.4458796;20.2024136;0.144289196;ZTF;ZTF(zg);ZTF
60398.2460417;20.4944344;0.16968134;ZTF;ZTF(zg);ZTF
