MJD;Magnitude;Error;Facility;Filter;Observer
52639.4759789;18.759;0.437;LINEAR;LINEAR(CL);LINEAR
52639.4908957;18.894;0.502;LINEAR;LINEAR(CL);LINEAR
52639.5057098;18.518;0.351;LINEAR;LINEAR(CL);LINEAR
52639.5221001;19.091;0.596;LINEAR;LINEAR(CL);LINEAR
52646.4705191;18.322;0.332;LINEAR;LINEAR(CL);LINEAR
52646.4855565;18.68;0.404;LINEAR;LINEAR(CL);LINEAR
52646.5007679;18.302;0.274;LINEAR;LINEAR(CL);LINEAR
52646.5156945;18.329;0.299;LINEAR;LINEAR(CL);LINEAR
52646.5305753;18.179;0.262;LINEAR;LINEAR(CL);LINEAR
52649.4457473;18.174;0.271;LINEAR;LINEAR(CL);LINEAR
52649.4609456;18.472;0.351;LINEAR;LINEAR(CL);LINEAR
52649.4912879;18.236;0.281;LINEAR;LINEAR(CL);LINEAR
52649.5065448;18.282;0.3;LINEAR;LINEAR(CL);LINEAR
52666.3912986;18.235;0.263;LINEAR;LINEAR(CL);LINEAR
52666.4065365;18.778;0.39;LINEAR;LINEAR(CL);LINEAR
52666.4216134;18.33;0.296;LINEAR;LINEAR(CL);LINEAR
52666.4368915;18.319;0.266;LINEAR;LINEAR(CL);LINEAR
52666.4517594;18.352;0.268;LINEAR;LINEAR(CL);LINEAR
52672.3970334;18.606;0.414;LINEAR;LINEAR(CL);LINEAR
52672.413024;18.261;0.299;LINEAR;LINEAR(CL);LINEAR
52676.3732918;17.979;0.267;LINEAR;LINEAR(CL);LINEAR
52676.3883734;18.195;0.302;LINEAR;LINEAR(CL);LINEAR
52698.3241014;18.077;0.189;LINEAR;LINEAR(CL);LINEAR
52710.3096538;18.089;0.269;LINEAR;LINEAR(CL);LINEAR
52710.3246176;18.489;0.386;LINEAR;LINEAR(CL);LINEAR
52710.3377357;18.696;0.444;LINEAR;LINEAR(CL);LINEAR
52710.3510741;18.483;0.368;LINEAR;LINEAR(CL);LINEAR
52710.3641695;18.836;0.507;LINEAR;LINEAR(CL);LINEAR
52724.3018603;17.944;0.2;LINEAR;LINEAR(CL);LINEAR
52724.3143192;18.208;0.239;LINEAR;LINEAR(CL);LINEAR
52724.3260841;18.53;0.254;LINEAR;LINEAR(CL);LINEAR
52724.3266885;18.093;0.226;LINEAR;LINEAR(CL);LINEAR
52724.339204;18.274;0.272;LINEAR;LINEAR(CL);LINEAR
52724.3509375;18.14;0.19;LINEAR;LINEAR(CL);LINEAR
52724.3515396;18.294;0.279;LINEAR;LINEAR(CL);LINEAR
52734.2578085;18.462;0.328;LINEAR;LINEAR(CL);LINEAR
52734.269904;18.633;0.396;LINEAR;LINEAR(CL);LINEAR
52754.2209788;18.306;0.317;LINEAR;LINEAR(CL);LINEAR
52754.2337305;18.604;0.419;LINEAR;LINEAR(CL);LINEAR
52754.2460668;18.843;0.53;LINEAR;LINEAR(CL);LINEAR
52754.2586319;18.481;0.375;LINEAR;LINEAR(CL);LINEAR
52754.2712431;18.31;0.323;LINEAR;LINEAR(CL);LINEAR
52768.2190953;17.862;0.412;LINEAR;LINEAR(CL);LINEAR
52794.1703624;18.614;0.467;LINEAR;LINEAR(CL);LINEAR
52794.1807608;18.622;0.487;LINEAR;LINEAR(CL);LINEAR
52794.1914307;18.249;0.346;LINEAR;LINEAR(CL);LINEAR
52794.2022032;17.802;0.238;LINEAR;LINEAR(CL);LINEAR
52794.2126459;18.453;0.427;LINEAR;LINEAR(CL);LINEAR
52974.4773774;18.841;0.503;LINEAR;LINEAR(CL);LINEAR
52974.4899934;18.582;0.383;LINEAR;LINEAR(CL);LINEAR
53002.4601371;17.354;0.066;LINEAR;LINEAR(CL);LINEAR
53006.393027;18.362;0.368;LINEAR;LINEAR(CL);LINEAR
53006.4052368;18.776;0.483;LINEAR;LINEAR(CL);LINEAR
53006.4179249;18.936;0.512;LINEAR;LINEAR(CL);LINEAR
53006.4301554;19.035;0.609;LINEAR;LINEAR(CL);LINEAR
53006.4475072;18.567;0.396;LINEAR;LINEAR(CL);LINEAR
53034.3901957;18.967;0.569;LINEAR;LINEAR(CL);LINEAR
53034.4019875;18.067;0.244;LINEAR;LINEAR(CL);LINEAR
53034.4377972;18.295;0.312;LINEAR;LINEAR(CL);LINEAR
53051.3343557;18.407;0.25;LINEAR;LINEAR(CL);LINEAR
53051.346589;18.713;0.322;LINEAR;LINEAR(CL);LINEAR
53051.3581838;18.349;0.242;LINEAR;LINEAR(CL);LINEAR
53051.3699134;18.485;0.285;LINEAR;LINEAR(CL);LINEAR
53051.3815454;18.645;0.322;LINEAR;LINEAR(CL);LINEAR
53078.3208233;18.16;0.244;LINEAR;LINEAR(CL);LINEAR
53078.3318686;18.472;0.335;LINEAR;LINEAR(CL);LINEAR
53078.353732;18.067;0.234;LINEAR;LINEAR(CL);LINEAR
53089.2931254;18.369;0.205;LINEAR;LINEAR(CL);LINEAR
53089.3035192;18.365;0.203;LINEAR;LINEAR(CL);LINEAR
53119.2761097;18.284;0.203;LINEAR;LINEAR(CL);LINEAR
53119.2866843;18.335;0.213;LINEAR;LINEAR(CL);LINEAR
53137.2064339;18.315;0.333;LINEAR;LINEAR(CL);LINEAR
53137.2264107;18.386;0.342;LINEAR;LINEAR(CL);LINEAR
53137.236326;18.396;0.337;LINEAR;LINEAR(CL);LINEAR
53149.2064677;18.293;0.265;LINEAR;LINEAR(CL);LINEAR
53149.2245012;18.454;0.3;LINEAR;LINEAR(CL);LINEAR
53165.1731108;18.539;0.589;LINEAR;LINEAR(CL);LINEAR
53165.2188562;18.659;0.566;LINEAR;LINEAR(CL);LINEAR
53165.2286712;18.383;0.441;LINEAR;LINEAR(CL);LINEAR
53355.4974059;18.281;0.297;LINEAR;LINEAR(CL);LINEAR
53469.32987;19.01;0.17;CRTS;CRTS(CL);CRTS
53469.33797;18.64;0.14;CRTS;CRTS(CL);CRTS
53500.28816;18.69;0.15;CRTS;CRTS(CL);CRTS
53500.29459;18.41;0.13;CRTS;CRTS(CL);CRTS
53500.30105;18.87;0.16;CRTS;CRTS(CL);CRTS
53500.30755;18.83;0.16;CRTS;CRTS(CL);CRTS
53501.1988759;18.191;0.294;LINEAR;LINEAR(CL);LINEAR
53501.2209668;18.238;0.303;LINEAR;LINEAR(CL);LINEAR
53501.2309511;18.618;0.435;LINEAR;LINEAR(CL);LINEAR
53501.2412832;18.125;0.281;LINEAR;LINEAR(CL);LINEAR
53524.17631;18.57;0.14;CRTS;CRTS(CL);CRTS
53524.18276;18.42;0.13;CRTS;CRTS(CL);CRTS
53524.1892;18.28;0.13;CRTS;CRTS(CL);CRTS
53525.23448257;19.065466;0.017964618;SDSS;SDSS(r);SDSS
53525.23531183;18.76814;0.02390336;SDSS;SDSS(i);SDSS
53525.2361411;21.015574;0.10967911;SDSS;SDSS(u);SDSS
53525.23697036;18.480352;0.033688873;SDSS;SDSS(z);SDSS
53525.23779963;19.856697;0.028205015;SDSS;SDSS(g);SDSS
53526.22204527;19.366045;0.023405977;SDSS;SDSS(r);SDSS
53526.22204527;19.366718;0.023505084;SDSS;SDSS(r);SDSS
53526.2228745401;19.127094;0.030237747;SDSS;SDSS(i);SDSS
53526.2228745401;19.129848;0.030216374;SDSS;SDSS(i);SDSS
53526.2237038;21.51166;0.12794122;SDSS;SDSS(u);SDSS
53526.2237038;21.546442;0.1310546;SDSS;SDSS(u);SDSS
53526.22453307;18.833693;0.037004564;SDSS;SDSS(z);SDSS
53526.22453307;18.838026;0.037393365;SDSS;SDSS(z);SDSS
53526.22536233;20.020584;0.027588585;SDSS;SDSS(g);SDSS
53526.22536233;20.020487;0.027643407;SDSS;SDSS(g);SDSS
53527.16970816;19.554056;0.032160297;SDSS;SDSS(r);SDSS
53527.16970816;19.552769;0.031307153;SDSS;SDSS(r);SDSS
53527.17053743;19.24413;0.038149968;SDSS;SDSS(i);SDSS
53527.17053743;19.244835;0.038185;SDSS;SDSS(i);SDSS
53527.17136669;21.706078;0.115605384;SDSS;SDSS(u);SDSS
53527.17136669;21.615484;0.108349405;SDSS;SDSS(u);SDSS
53527.17219595;19.010355;0.038340516;SDSS;SDSS(z);SDSS
53527.17219595;18.97086;0.037669994;SDSS;SDSS(z);SDSS
53527.17302522;20.090084;0.026464427;SDSS;SDSS(g);SDSS
53527.17302522;20.08676;0.02640113;SDSS;SDSS(g);SDSS
53733.47049;18.79;0.16;CRTS;CRTS(CL);CRTS
53739.4721284;18.318;0.272;LINEAR;LINEAR(CL);LINEAR
53739.4856242;18.355;0.276;LINEAR;LINEAR(CL);LINEAR
53739.4986362;18.289;0.263;LINEAR;LINEAR(CL);LINEAR
53739.5115468;18.389;0.268;LINEAR;LINEAR(CL);LINEAR
53739.5245195;18.399;0.265;LINEAR;LINEAR(CL);LINEAR
53739.5345;18.81;0.15;CRTS;CRTS(CL);CRTS
53763.50299;19.17;0.18;CRTS;CRTS(CL);CRTS
53770.3570242;18.6;0.364;LINEAR;LINEAR(CL);LINEAR
53770.3702453;18.386;0.292;LINEAR;LINEAR(CL);LINEAR
53770.3836041;18.085;0.22;LINEAR;LINEAR(CL);LINEAR
53770.3964756;18.836;0.451;LINEAR;LINEAR(CL);LINEAR
53770.4093916;18.62;0.372;LINEAR;LINEAR(CL);LINEAR
53787.42639;18.62;0.14;CRTS;CRTS(CL);CRTS
53787.43468;18.57;0.14;CRTS;CRTS(CL);CRTS
53787.44298;19.04;0.17;CRTS;CRTS(CL);CRTS
53787.45172;18.57;0.16;CRTS;CRTS(CL);CRTS
53788.3552467;18.426;0.261;LINEAR;LINEAR(CL);LINEAR
53788.4057919;18.715;0.507;LINEAR;LINEAR(CL);LINEAR
53794.4044;18.69;0.15;CRTS;CRTS(CL);CRTS
53794.4092;18.58;0.15;CRTS;CRTS(CL);CRTS
53794.41677;18.54;0.15;CRTS;CRTS(CL);CRTS
53794.42433;18.59;0.15;CRTS;CRTS(CL);CRTS
53794.43188;18.78;0.16;CRTS;CRTS(CL);CRTS
53803.26468;18.85;0.2;CRTS;CRTS(CL);CRTS
53813.3533814;18.308;0.434;LINEAR;LINEAR(CL);LINEAR
53819.27965;18.5;0.15;CRTS;CRTS(CL);CRTS
53819.28781;18.37;0.13;CRTS;CRTS(CL);CRTS
53819.29597;18.57;0.14;CRTS;CRTS(CL);CRTS
53819.30414;18.68;0.16;CRTS;CRTS(CL);CRTS
53827.29205;19.06;0.18;CRTS;CRTS(CL);CRTS
53827.3001;18.85;0.16;CRTS;CRTS(CL);CRTS
53827.30842;18.73;0.15;CRTS;CRTS(CL);CRTS
53833.26069;18.51;0.14;CRTS;CRTS(CL);CRTS
53833.28109;18.69;0.15;CRTS;CRTS(CL);CRTS
53833.31611;18.54;0.14;CRTS;CRTS(CL);CRTS
53844.2532392;18.298;0.348;LINEAR;LINEAR(CL);LINEAR
53844.2641783;18.382;0.371;LINEAR;LINEAR(CL);LINEAR
53844.2751308;18.122;0.29;LINEAR;LINEAR(CL);LINEAR
53844.2861083;18.096;0.279;LINEAR;LINEAR(CL);LINEAR
53850.24176;18.76;0.15;CRTS;CRTS(CL);CRTS
53850.24875;18.89;0.16;CRTS;CRTS(CL);CRTS
53852.2416982;18.4;0.444;LINEAR;LINEAR(CL);LINEAR
53852.2518174;18.3;0.406;LINEAR;LINEAR(CL);LINEAR
53852.2620556;18.522;0.493;LINEAR;LINEAR(CL);LINEAR
53858.2313;18.74;0.16;CRTS;CRTS(CL);CRTS
53858.2571;18.87;0.17;CRTS;CRTS(CL);CRTS
53878.23773;18.48;0.14;CRTS;CRTS(CL);CRTS
53878.24522;18.72;0.15;CRTS;CRTS(CL);CRTS
53878.26016;18.45;0.14;CRTS;CRTS(CL);CRTS
53881.1685442;18.505;0.429;LINEAR;LINEAR(CL);LINEAR
53881.1797185;18.677;0.505;LINEAR;LINEAR(CL);LINEAR
53881.1907949;18.439;0.394;LINEAR;LINEAR(CL);LINEAR
53881.201973;18.64;0.475;LINEAR;LINEAR(CL);LINEAR
53881.2131254;18.18;0.344;LINEAR;LINEAR(CL);LINEAR
53885.17115;18.55;0.14;CRTS;CRTS(CL);CRTS
53885.18037;18.46;0.14;CRTS;CRTS(CL);CRTS
53905.21888;18.27;0.35;CRTS;CRTS(CL);CRTS
53905.21995;18.44;0.38;CRTS;CRTS(CL);CRTS
53905.22101;18.57;0.41;CRTS;CRTS(CL);CRTS
53905.22206;18.05;0.31;CRTS;CRTS(CL);CRTS
54056.52488;18.45;0.13;CRTS;CRTS(CL);CRTS
54096.38859;18.93;0.16;CRTS;CRTS(CL);CRTS
54096.39683;18.42;0.13;CRTS;CRTS(CL);CRTS
54096.40503;19.0;0.17;CRTS;CRTS(CL);CRTS
54096.41633;18.75;0.16;CRTS;CRTS(CL);CRTS
54128.44662;18.67;0.14;CRTS;CRTS(CL);CRTS
54128.45145;18.66;0.14;CRTS;CRTS(CL);CRTS
54128.45639;18.76;0.15;CRTS;CRTS(CL);CRTS
54128.46128;18.98;0.16;CRTS;CRTS(CL);CRTS
54154.3684023;18.228;0.284;LINEAR;LINEAR(CL);LINEAR
54168.45723;18.58;0.14;CRTS;CRTS(CL);CRTS
54168.46593;18.67;0.14;CRTS;CRTS(CL);CRTS
54168.47464;18.45;0.13;CRTS;CRTS(CL);CRTS
54169.2788084;18.437;0.399;LINEAR;LINEAR(CL);LINEAR
54169.289715;18.145;0.333;LINEAR;LINEAR(CL);LINEAR
54175.29381;18.82;0.15;CRTS;CRTS(CL);CRTS
54175.30025;18.71;0.15;CRTS;CRTS(CL);CRTS
54175.31318;18.72;0.15;CRTS;CRTS(CL);CRTS
54204.34939;18.79;0.15;CRTS;CRTS(CL);CRTS
54204.35612;18.72;0.15;CRTS;CRTS(CL);CRTS
54204.36282;19.08;0.17;CRTS;CRTS(CL);CRTS
54205.245805;18.278;0.338;LINEAR;LINEAR(CL);LINEAR
54205.2553396;18.21;0.313;LINEAR;LINEAR(CL);LINEAR
54205.2648834;18.165;0.294;LINEAR;LINEAR(CL);LINEAR
54208.2175955;18.576;0.441;LINEAR;LINEAR(CL);LINEAR
54208.2262815;17.985;0.271;LINEAR;LINEAR(CL);LINEAR
54208.2438314;18.316;0.348;LINEAR;LINEAR(CL);LINEAR
54208.252566;18.22;0.318;LINEAR;LINEAR(CL);LINEAR
54231.24418;18.75;0.15;CRTS;CRTS(CL);CRTS
54231.25064;18.66;0.15;CRTS;CRTS(CL);CRTS
54231.26349;18.66;0.15;CRTS;CRTS(CL);CRTS
54243.15961;18.84;0.16;CRTS;CRTS(CL);CRTS
54243.166;18.8;0.16;CRTS;CRTS(CL);CRTS
54243.17242;18.63;0.15;CRTS;CRTS(CL);CRTS
54243.17885;19.11;0.18;CRTS;CRTS(CL);CRTS
54451.49472;18.77;0.15;CRTS;CRTS(CL);CRTS
54451.50205;18.53;0.13;CRTS;CRTS(CL);CRTS
54451.50937;18.42;0.13;CRTS;CRTS(CL);CRTS
54451.51663;18.4;0.13;CRTS;CRTS(CL);CRTS
54497.41894;18.44;0.14;CRTS;CRTS(CL);CRTS
54497.42435;18.66;0.17;CRTS;CRTS(CL);CRTS
54497.43525;18.87;0.17;CRTS;CRTS(CL);CRTS
54504.33472;18.61;0.12;CRTS;CRTS(CL);CRTS
54504.34273;18.75;0.13;CRTS;CRTS(CL);CRTS
54504.35068;18.61;0.12;CRTS;CRTS(CL);CRTS
54514.33897;19.04;0.17;CRTS;CRTS(CL);CRTS
54514.3455;18.45;0.13;CRTS;CRTS(CL);CRTS
54514.35206;18.35;0.13;CRTS;CRTS(CL);CRTS
54514.35856;18.9;0.16;CRTS;CRTS(CL);CRTS
54525.28392;18.57;0.15;CRTS;CRTS(CL);CRTS
54525.29111;18.58;0.16;CRTS;CRTS(CL);CRTS
54525.29824;18.64;0.16;CRTS;CRTS(CL);CRTS
54525.3054;19.01;0.19;CRTS;CRTS(CL);CRTS
54531.29227;18.91;0.16;CRTS;CRTS(CL);CRTS
54531.29948;18.72;0.15;CRTS;CRTS(CL);CRTS
54531.30676;18.52;0.14;CRTS;CRTS(CL);CRTS
54531.31401;18.43;0.13;CRTS;CRTS(CL);CRTS
54538.32152;18.55;0.12;CRTS;CRTS(CL);CRTS
54538.33015;18.99;0.14;CRTS;CRTS(CL);CRTS
54538.3388;18.7;0.13;CRTS;CRTS(CL);CRTS
54538.34746;18.67;0.13;CRTS;CRTS(CL);CRTS
54539.26461;18.123;0.224;LINEAR;LINEAR(CL);LINEAR
54539.2754781;18.087;0.168;LINEAR;LINEAR(CL);LINEAR
54539.2972616;18.162;0.167;LINEAR;LINEAR(CL);LINEAR
54539.3082558;17.992;0.141;LINEAR;LINEAR(CL);LINEAR
54554.25887;18.98;0.16;CRTS;CRTS(CL);CRTS
54554.26587;18.79;0.15;CRTS;CRTS(CL);CRTS
54554.27291;18.49;0.13;CRTS;CRTS(CL);CRTS
54554.27992;18.6;0.14;CRTS;CRTS(CL);CRTS
54563.28962;19.01;0.17;CRTS;CRTS(CL);CRTS
54563.29504;18.31;0.12;CRTS;CRTS(CL);CRTS
54563.30048;18.6;0.14;CRTS;CRTS(CL);CRTS
54563.30589;18.91;0.16;CRTS;CRTS(CL);CRTS
54568.2380955;18.36;0.283;LINEAR;LINEAR(CL);LINEAR
54568.2490976;18.234;0.253;LINEAR;LINEAR(CL);LINEAR
54568.2601456;18.242;0.255;LINEAR;LINEAR(CL);LINEAR
54568.2713366;18.024;0.205;LINEAR;LINEAR(CL);LINEAR
54568.282446;18.101;0.213;LINEAR;LINEAR(CL);LINEAR
54585.31016;18.48;0.13;CRTS;CRTS(CL);CRTS
54585.32354;19.08;0.17;CRTS;CRTS(CL);CRTS
54585.33023;18.43;0.13;CRTS;CRTS(CL);CRTS
54592.23888;18.81;0.15;CRTS;CRTS(CL);CRTS
54592.24532;18.6;0.14;CRTS;CRTS(CL);CRTS
54592.25174;18.72;0.15;CRTS;CRTS(CL);CRTS
54592.25816;18.53;0.14;CRTS;CRTS(CL);CRTS
54594.2076423;17.837;0.35;LINEAR;LINEAR(CL);LINEAR
54594.2172811;18.391;0.571;LINEAR;LINEAR(CL);LINEAR
54594.236189;17.898;0.384;LINEAR;LINEAR(CL);LINEAR
54597.2039103;18.526;0.575;LINEAR;LINEAR(CL);LINEAR
54597.225228;18.183;0.416;LINEAR;LINEAR(CL);LINEAR
54597.2357749;18.427;0.514;LINEAR;LINEAR(CL);LINEAR
54597.2463919;18.05;0.368;LINEAR;LINEAR(CL);LINEAR
54612.2125108;18.208;0.403;LINEAR;LINEAR(CL);LINEAR
54612.2219909;18.639;0.594;LINEAR;LINEAR(CL);LINEAR
54612.2390642;18.535;0.549;LINEAR;LINEAR(CL);LINEAR
54620.1722158;18.706;0.394;LINEAR;LINEAR(CL);LINEAR
54620.1824277;18.518;0.331;LINEAR;LINEAR(CL);LINEAR
54620.1925475;19.253;0.664;LINEAR;LINEAR(CL);LINEAR
54620.2026735;18.524;0.333;LINEAR;LINEAR(CL);LINEAR
54620.2127903;18.395;0.302;LINEAR;LINEAR(CL);LINEAR
54805.51152;18.48;0.13;CRTS;CRTS(CL);CRTS
54805.5151;18.99;0.16;CRTS;CRTS(CL);CRTS
54805.51869;18.42;0.13;CRTS;CRTS(CL);CRTS
54805.52228;18.63;0.14;CRTS;CRTS(CL);CRTS
54833.49383;19.28;0.18;CRTS;CRTS(CL);CRTS
54833.50241;18.7;0.14;CRTS;CRTS(CL);CRTS
54833.51096;18.92;0.16;CRTS;CRTS(CL);CRTS
54833.51957;18.75;0.14;CRTS;CRTS(CL);CRTS
54856.41408;18.67;0.14;CRTS;CRTS(CL);CRTS
54856.4233;18.59;0.13;CRTS;CRTS(CL);CRTS
54856.43255;18.54;0.13;CRTS;CRTS(CL);CRTS
54856.44175;19.26;0.18;CRTS;CRTS(CL);CRTS
54867.32383;18.92;0.18;CRTS;CRTS(CL);CRTS
54867.34647;18.81;0.17;CRTS;CRTS(CL);CRTS
54886.37555;18.46;0.15;CRTS;CRTS(CL);CRTS
54886.38528;18.94;0.19;CRTS;CRTS(CL);CRTS
54893.33778;18.68;0.14;CRTS;CRTS(CL);CRTS
54893.35836;18.41;0.13;CRTS;CRTS(CL);CRTS
54893.36861;18.59;0.14;CRTS;CRTS(CL);CRTS
54903.4313372;18.87415313720703;0.0864018127322197;PTF;PTF(R);PTF
54906.261;18.61;0.14;CRTS;CRTS(CL);CRTS
54906.26639;19.0;0.16;CRTS;CRTS(CL);CRTS
54906.27179;18.75;0.15;CRTS;CRTS(CL);CRTS
54906.27718;18.73;0.14;CRTS;CRTS(CL);CRTS
54912.26431;18.67;0.14;CRTS;CRTS(CL);CRTS
54912.27515;18.63;0.14;CRTS;CRTS(CL);CRTS
54912.28065;18.57;0.14;CRTS;CRTS(CL);CRTS
54919.28639;18.67;0.14;CRTS;CRTS(CL);CRTS
54919.29177;18.74;0.15;CRTS;CRTS(CL);CRTS
54919.29728;18.78;0.15;CRTS;CRTS(CL);CRTS
54919.30275;18.64;0.14;CRTS;CRTS(CL);CRTS
54945.31263;18.65;0.14;CRTS;CRTS(CL);CRTS
54945.34058;18.65;0.14;CRTS;CRTS(CL);CRTS
54967.26744;18.58;0.14;CRTS;CRTS(CL);CRTS
54967.27662;18.64;0.15;CRTS;CRTS(CL);CRTS
54967.28579;18.2;0.12;CRTS;CRTS(CL);CRTS
54967.29503;18.33;0.13;CRTS;CRTS(CL);CRTS
54982.2150772;18.37578773498535;0.06863545626401901;PTF;PTF(R);PTF
54982.2773272;18.566852569580078;0.06755699217319489;PTF;PTF(R);PTF
54982.3395972;18.448694229125977;0.05562741681933403;PTF;PTF(R);PTF
55003.1878972;18.526512145996094;0.04131267964839935;PTF;PTF(R);PTF
55145.52306;18.53;0.14;CRTS;CRTS(CL);CRTS
55145.52654;18.45;0.13;CRTS;CRTS(CL);CRTS
55145.53353;18.48;0.13;CRTS;CRTS(CL);CRTS
55158.50095;19.06;0.15;CRTS;CRTS(CL);CRTS
55158.51685;18.65;0.13;CRTS;CRTS(CL);CRTS
55158.52483;18.84;0.14;CRTS;CRTS(CL);CRTS
55184.52076;18.64;0.14;CRTS;CRTS(CL);CRTS
55184.52712;18.64;0.14;CRTS;CRTS(CL);CRTS
55184.53354;18.81;0.15;CRTS;CRTS(CL);CRTS
55204.4509372;18.649320602416992;0.2517482340335846;PTF;PTF(R);PTF
55204.4950572;18.735931396484375;0.27197742462158203;PTF;PTF(R);PTF
55207.5463572;18.4500732421875;0.04134198650717735;PTF;PTF(R);PTF
55208.47937;18.93;0.16;CRTS;CRTS(CL);CRTS
55208.48771;18.84;0.15;CRTS;CRTS(CL);CRTS
55208.4886872;18.525827407836914;0.20993103086948395;PTF;PTF(R);PTF
55208.49606;18.53;0.14;CRTS;CRTS(CL);CRTS
55208.50445;18.47;0.13;CRTS;CRTS(CL);CRTS
55208.5357972;18.5234432220459;0.19501854479312897;PTF;PTF(R);PTF
55227.4708572;18.49082374572754;0.06971295177936554;PTF;PTF(R);PTF
55227.5147172;18.57953453063965;0.06764034181833267;PTF;PTF(R);PTF
55242.35603;18.96;0.17;CRTS;CRTS(CL);CRTS
55242.36413;18.76;0.15;CRTS;CRTS(CL);CRTS
55242.37217;18.51;0.14;CRTS;CRTS(CL);CRTS
55242.38024;19.11;0.18;CRTS;CRTS(CL);CRTS
55244.4794972;18.52682113647461;0.07448882609605789;PTF;PTF(R);PTF
55244.5231072;18.511289596557617;0.07485312968492508;PTF;PTF(R);PTF
55251.4725772;18.466514587402344;0.25633618235588074;PTF;PTF(R);PTF
55251.5184872;18.492416381835938;0.25374194979667664;PTF;PTF(R);PTF
55268.34132;18.56;0.14;CRTS;CRTS(CL);CRTS
55268.3529;18.63;0.14;CRTS;CRTS(CL);CRTS
55269.4183672;18.52996253967285;0.04160962626338005;PTF;PTF(R);PTF
55269.4625972;18.50198745727539;0.04311227425932884;PTF;PTF(R);PTF
55276.31985;18.99;0.17;CRTS;CRTS(CL);CRTS
55276.32906;19.11;0.18;CRTS;CRTS(CL);CRTS
55276.33843;19.18;0.18;CRTS;CRTS(CL);CRTS
55286.1480272;18.41132354736328;0.08794751018285751;PTF;PTF(R);PTF
55286.1914572;18.56275749206543;0.1489066332578659;PTF;PTF(R);PTF
55290.20487;18.39;0.13;CRTS;CRTS(CL);CRTS
55290.21176;18.95;0.16;CRTS;CRTS(CL);CRTS
55290.21871;18.54;0.14;CRTS;CRTS(CL);CRTS
55290.22563;18.86;0.16;CRTS;CRTS(CL);CRTS
55294.1559472;18.554458618164062;0.04809281975030899;PTF;PTF(R);PTF
55294.1998572;18.549854278564453;0.04142243415117264;PTF;PTF(R);PTF
55295.2457;18.83;0.15;CRTS;CRTS(CL);CRTS
55295.25189;18.98;0.16;CRTS;CRTS(CL);CRTS
55295.25812;18.47;0.13;CRTS;CRTS(CL);CRTS
55295.2643;18.68;0.14;CRTS;CRTS(CL);CRTS
55302.4036772;18.48773193359375;0.08712086081504822;PTF;PTF(R);PTF
55302.4472772;18.458852767944336;0.08834273368120193;PTF;PTF(R);PTF
55303.28877;18.89;0.16;CRTS;CRTS(CL);CRTS
55303.29738;18.77;0.15;CRTS;CRTS(CL);CRTS
55303.30612;18.28;0.13;CRTS;CRTS(CL);CRTS
55303.31485;19.07;0.18;CRTS;CRTS(CL);CRTS
55310.2456572;18.503145217895508;0.08546611666679382;PTF;PTF(R);PTF
55313.1799972;18.768775939941406;0.10201984643936157;PTF;PTF(R);PTF
55313.2245372;18.70177459716797;0.08945681154727936;PTF;PTF(R);PTF
55314.2676272;18.604036331176758;0.19211994111537933;PTF;PTF(R);PTF
55314.3117972;18.492658615112305;0.22696807980537415;PTF;PTF(R);PTF
55316.2636972;18.53019142150879;0.06692889332771301;PTF;PTF(R);PTF
55316.2648372;18.66871452331543;0.06061360985040665;PTF;PTF(R);PTF
55316.2733972;18.491958618164062;0.06047714501619339;PTF;PTF(R);PTF
55316.3166272;18.528196334838867;0.06281972676515579;PTF;PTF(R);PTF
55317.3623572;18.459033966064453;0.05622437596321106;PTF;PTF(R);PTF
55319.1852772;18.53824234008789;0.04370560869574547;PTF;PTF(R);PTF
55319.2283772;18.476133346557617;0.04533633217215538;PTF;PTF(R);PTF
55320.2948872;18.578392028808594;0.03743092343211174;PTF;PTF(R);PTF
55322.3944372;18.508586883544922;0.04603378474712372;PTF;PTF(R);PTF
55323.3461372;18.616674423217773;0.04010617733001709;PTF;PTF(R);PTF
55323.3894672;18.470590591430664;0.044209323823451996;PTF;PTF(R);PTF
55324.26021;18.75;0.15;CRTS;CRTS(CL);CRTS
55324.26848;18.4;0.13;CRTS;CRTS(CL);CRTS
55324.27681;18.98;0.17;CRTS;CRTS(CL);CRTS
55324.28513;18.69;0.15;CRTS;CRTS(CL);CRTS
55324.3413872;18.96599006652832;0.2076583206653595;PTF;PTF(R);PTF
55331.1796572;18.478721618652344;0.03654232993721962;PTF;PTF(R);PTF
55331.2231272;18.47650718688965;0.03524307161569595;PTF;PTF(R);PTF
55332.1882672;18.52389907836914;0.03603632003068924;PTF;PTF(R);PTF
55332.2322272;18.561174392700195;0.034843169152736664;PTF;PTF(R);PTF
55333.1846672;18.517730712890625;0.21069815754890442;PTF;PTF(R);PTF
55333.2280772;18.51576805114746;0.21071568131446838;PTF;PTF(R);PTF
55336.19145;19.05;0.17;CRTS;CRTS(CL);CRTS
55336.20798;18.78;0.15;CRTS;CRTS(CL);CRTS
55336.21599;18.6;0.14;CRTS;CRTS(CL);CRTS
55336.2520672;18.497106552124023;0.043806321918964386;PTF;PTF(R);PTF
55336.2795472;18.579774856567383;0.047827865928411484;PTF;PTF(R);PTF
55336.3092572;18.54747772216797;0.043600451201200485;PTF;PTF(R);PTF
55336.3388472;18.551855087280273;0.045208800584077835;PTF;PTF(R);PTF
55336.3666372;18.458757400512695;0.04834189638495445;PTF;PTF(R);PTF
55343.1855672;18.575525283813477;0.055247075855731964;PTF;PTF(R);PTF
55343.2285672;18.444177627563477;0.057417504489421844;PTF;PTF(R);PTF
55347.1821072;18.5566349029541;0.03829767182469368;PTF;PTF(R);PTF
55347.2253772;18.488605499267578;0.03719440847635269;PTF;PTF(R);PTF
55348.2090772;18.504241943359375;0.037379126995801926;PTF;PTF(R);PTF
55348.2537072;18.510629653930664;0.03828156366944313;PTF;PTF(R);PTF
55349.2697072;18.535934448242188;0.06373903155326843;PTF;PTF(R);PTF
55349.3164672;18.603193283081055;0.0758424922823906;PTF;PTF(R);PTF
55351.1831372;18.52212905883789;0.03554407134652138;PTF;PTF(R);PTF
55351.2265872;18.566776275634766;0.03536799177527428;PTF;PTF(R);PTF
55352.1835072;18.491287231445312;0.03594139590859413;PTF;PTF(R);PTF
55352.2286072;18.53386878967285;0.03603990003466606;PTF;PTF(R);PTF
55353.2245672;18.58012580871582;0.036477115005254745;PTF;PTF(R);PTF
55355.2382172;18.544343948364258;0.039122145622968674;PTF;PTF(R);PTF
55355.2814872;18.625476837158203;0.04188995063304901;PTF;PTF(R);PTF
55356.2330372;18.546527862548828;0.038378991186618805;PTF;PTF(R);PTF
55356.2775872;18.486352920532227;0.0398799329996109;PTF;PTF(R);PTF
55358.18939;18.53;0.14;CRTS;CRTS(CL);CRTS
55358.19565;18.55;0.14;CRTS;CRTS(CL);CRTS
55358.20196;18.5;0.14;CRTS;CRTS(CL);CRTS
55358.20825;18.53;0.14;CRTS;CRTS(CL);CRTS
55360.2417072;18.580663681030273;0.041893016546964645;PTF;PTF(R);PTF
55360.2979672;18.486902236938477;0.051733486354351044;PTF;PTF(R);PTF
55362.2130272;18.526412963867188;0.03909279778599739;PTF;PTF(R);PTF
55363.2079472;18.56717872619629;0.03903556987643242;PTF;PTF(R);PTF
55368.1991872;18.48537826538086;0.05720365047454834;PTF;PTF(R);PTF
55368.2432072;18.572677612304688;0.05851501598954201;PTF;PTF(R);PTF
55369.2074772;18.662967681884766;0.055020514875650406;PTF;PTF(R);PTF
55369.22029;18.91;0.16;CRTS;CRTS(CL);CRTS
55369.22594;18.31;0.13;CRTS;CRTS(CL);CRTS
55369.23174;18.25;0.13;CRTS;CRTS(CL);CRTS
55369.23742;18.39;0.13;CRTS;CRTS(CL);CRTS
55369.2522072;18.652999877929688;0.06251498311758041;PTF;PTF(R);PTF
55370.2040872;18.467174530029297;0.05374140292406082;PTF;PTF(R);PTF
55370.2524972;18.535297393798828;0.06316495686769485;PTF;PTF(R);PTF
55371.2043472;18.609603881835938;0.05541010946035385;PTF;PTF(R);PTF
55371.2534372;18.617515563964844;0.06125156581401825;PTF;PTF(R);PTF
55372.2067272;18.51068687438965;0.05224324017763138;PTF;PTF(R);PTF
55372.2519772;18.412080764770508;0.07088720053434372;PTF;PTF(R);PTF
55373.2076772;18.75048065185547;0.06781219691038132;PTF;PTF(R);PTF
55373.2505472;18.521196365356445;0.09014821797609329;PTF;PTF(R);PTF
55374.2474572;18.502613067626953;0.0778687447309494;PTF;PTF(R);PTF
55376.2365572;18.559350967407227;0.05567353218793869;PTF;PTF(R);PTF
55377.1880372;18.538721084594727;0.03988797590136528;PTF;PTF(R);PTF
55377.2317472;18.521011352539062;0.046297669410705566;PTF;PTF(R);PTF
55378.1899272;18.57468032836914;0.04477168247103691;PTF;PTF(R);PTF
55378.2356372;18.609220504760742;0.04968199133872986;PTF;PTF(R);PTF
55379.1873572;18.4930419921875;0.03817148879170418;PTF;PTF(R);PTF
55379.2308472;18.537128448486328;0.04609743133187294;PTF;PTF(R);PTF
55380.1811472;18.471689224243164;0.04612940549850464;PTF;PTF(R);PTF
55380.2240272;18.436145782470703;0.05184458568692207;PTF;PTF(R);PTF
55382.1784972;18.546245574951172;0.04335957393050194;PTF;PTF(R);PTF
55382.2247172;18.47095489501953;0.05047328770160675;PTF;PTF(R);PTF
55384.1756572;18.524152755737305;0.04429935663938522;PTF;PTF(R);PTF
55384.2184672;18.534160614013672;0.038332197815179825;PTF;PTF(R);PTF
55542.51016;18.61;0.15;CRTS;CRTS(CL);CRTS
55542.52765;18.5;0.14;CRTS;CRTS(CL);CRTS
55542.53624;18.74;0.17;CRTS;CRTS(CL);CRTS
55576.44206;18.78;0.18;CRTS;CRTS(CL);CRTS
55576.44927;18.91;0.19;CRTS;CRTS(CL);CRTS
55576.4565;18.7;0.17;CRTS;CRTS(CL);CRTS
55615.43932;18.58;0.16;CRTS;CRTS(CL);CRTS
55615.44639;18.46;0.15;CRTS;CRTS(CL);CRTS
55615.45364;19.01;0.19;CRTS;CRTS(CL);CRTS
55615.46078;18.87;0.18;CRTS;CRTS(CL);CRTS
55622.30398;18.64;0.13;CRTS;CRTS(CL);CRTS
55622.31648;18.63;0.13;CRTS;CRTS(CL);CRTS
55622.32899;18.44;0.12;CRTS;CRTS(CL);CRTS
55622.34155;18.5;0.12;CRTS;CRTS(CL);CRTS
55625.4809472;19.353469848632812;0.15552809834480286;PTF;PTF(g);PTF
55626.2025072;19.33939552307129;0.17644701898097992;PTF;PTF(g);PTF
55626.2467872;19.117280960083008;0.1791888028383255;PTF;PTF(g);PTF
55626.2938172;19.229942321777344;0.17187243700027466;PTF;PTF(g);PTF
55626.3955572;19.26875114440918;0.18467895686626434;PTF;PTF(g);PTF
55626.4433372;19.12969398498535;0.17000225186347961;PTF;PTF(g);PTF
55626.4940072;19.203880310058594;0.17759999632835388;PTF;PTF(g);PTF
55628.4908372;19.26690673828125;0.449698269367218;PTF;PTF(g);PTF
55629.4402772;19.059709548950195;0.06263580173254013;PTF;PTF(g);PTF
55629.4846472;19.216737747192383;0.06459926068782806;PTF;PTF(g);PTF
55630.4596572;19.267024993896484;0.08127515017986298;PTF;PTF(g);PTF
55630.5036972;19.131969451904297;0.08463410288095474;PTF;PTF(g);PTF
55631.2043172;19.123668670654297;0.07376857101917267;PTF;PTF(g);PTF
55631.2639372;19.09604263305664;0.061387013643980026;PTF;PTF(g);PTF
55631.44891;18.82;0.14;CRTS;CRTS(CL);CRTS
55631.45663;18.65;0.13;CRTS;CRTS(CL);CRTS
55632.2334572;19.23687171936035;0.12054740637540817;PTF;PTF(g);PTF
55632.2773472;19.153255462646484;0.1109505146741867;PTF;PTF(g);PTF
55633.3234572;18.530611038208008;0.04598172381520271;PTF;PTF(R);PTF
55634.3169872;18.584611892700195;0.08303780108690262;PTF;PTF(R);PTF
55634.3610372;18.55120849609375;0.08207482099533081;PTF;PTF(R);PTF
55635.2842172;18.630643844604492;0.16092965006828308;PTF;PTF(R);PTF
55635.3277272;18.512372970581055;0.16100341081619263;PTF;PTF(R);PTF
55643.3292272;18.563730239868164;0.05430983379483223;PTF;PTF(R);PTF
55643.3815972;18.49477195739746;0.051571618765592575;PTF;PTF(R);PTF
55644.37671;18.85;0.16;CRTS;CRTS(CL);CRTS
55649.1754672;19.214406967163086;0.06399764865636826;PTF;PTF(g);PTF
55649.2190672;19.264537811279297;0.060856834053993225;PTF;PTF(g);PTF
55650.1565272;19.264022827148438;0.150178462266922;PTF;PTF(g);PTF
55650.2057472;19.231401443481445;0.1409740149974823;PTF;PTF(g);PTF
55651.1794472;18.548965454101562;0.04857870563864708;PTF;PTF(R);PTF
55651.2223072;18.563879013061523;0.051322150975465775;PTF;PTF(R);PTF
55652.1977772;18.487548828125;0.04246913641691208;PTF;PTF(R);PTF
55653.1857272;19.38749122619629;0.23924249410629272;PTF;PTF(g);PTF
55653.2298472;19.28914451599121;0.23806364834308624;PTF;PTF(g);PTF
55654.1515772;19.242494583129883;0.06823208928108215;PTF;PTF(g);PTF
55654.1944072;19.27214241027832;0.06348833441734314;PTF;PTF(g);PTF
55655.3298872;19.259521484375;0.05212501063942909;PTF;PTF(g);PTF
55656.31148;18.61;0.13;CRTS;CRTS(CL);CRTS
55656.31773;18.68;0.13;CRTS;CRTS(CL);CRTS
55656.32396;18.76;0.13;CRTS;CRTS(CL);CRTS
55656.3310372;19.13472557067871;0.05152834579348564;PTF;PTF(g);PTF
55657.2927372;19.293636322021484;0.2193971872329712;PTF;PTF(g);PTF
55657.3357472;19.201473236083984;0.2165881097316742;PTF;PTF(g);PTF
55658.3056872;19.26540756225586;0.06712419539690018;PTF;PTF(g);PTF
55662.3725172;19.142776489257812;0.16405126452445984;PTF;PTF(g);PTF
55662.4190472;19.117504119873047;0.16672411561012268;PTF;PTF(g);PTF
55663.2060272;18.567794799804688;0.057359956204891205;PTF;PTF(R);PTF
55663.2492872;18.627750396728516;0.05038534477353096;PTF;PTF(R);PTF
55664.21759;18.55;0.14;CRTS;CRTS(CL);CRTS
55664.23767;18.87;0.16;CRTS;CRTS(CL);CRTS
55671.3669172;18.657535552978516;0.06581275910139084;PTF;PTF(R);PTF
55671.4101672;18.621816635131836;0.08061286062002182;PTF;PTF(R);PTF
55673.3099472;18.581296920776367;0.057569317519664764;PTF;PTF(R);PTF
55674.1302;18.55;0.16;CRTS;CRTS(CL);CRTS
55674.13755;18.45;0.19;CRTS;CRTS(CL);CRTS
55674.14489;18.82;0.2;CRTS;CRTS(CL);CRTS
55674.2867472;18.473346710205078;0.08603993058204651;PTF;PTF(R);PTF
55678.2773872;18.517871856689453;0.03917699679732323;PTF;PTF(R);PTF
55678.3206872;18.511337280273438;0.040533579885959625;PTF;PTF(R);PTF
55679.2109772;18.514923095703125;0.03441491723060608;PTF;PTF(R);PTF
55680.1653372;18.546916961669922;0.052015721797943115;PTF;PTF(R);PTF
55680.2090572;18.521209716796875;0.04916202276945114;PTF;PTF(R);PTF
55682.2119872;18.546716690063477;0.04630623385310173;PTF;PTF(R);PTF
55683.2291072;18.50241470336914;0.04508110135793686;PTF;PTF(R);PTF
55683.2877072;18.606304168701172;0.04836691543459892;PTF;PTF(R);PTF
55685.2908272;19.17099952697754;0.057542961090803146;PTF;PTF(g);PTF
55685.3344972;19.170948028564453;0.06232244521379471;PTF;PTF(g);PTF
55686.2584072;19.315797805786133;0.05832745134830475;PTF;PTF(g);PTF
55686.3020872;19.174442291259766;0.058269254863262177;PTF;PTF(g);PTF
55687.3325072;19.08965301513672;0.059802863746881485;PTF;PTF(g);PTF
55688.2851072;19.383188247680664;0.05259207636117935;PTF;PTF(g);PTF
55688.3283972;19.227754592895508;0.05386160686612129;PTF;PTF(g);PTF
55689.2736572;19.17051124572754;0.06187843531370163;PTF;PTF(g);PTF
55689.3175872;19.28250503540039;0.05913615599274635;PTF;PTF(g);PTF
55692.2898072;18.537731170654297;0.05412093549966812;PTF;PTF(R);PTF
55693.2830472;18.519237518310547;0.06024739146232605;PTF;PTF(R);PTF
55693.3257672;18.434642791748047;0.0663289874792099;PTF;PTF(R);PTF
55696.2205872;18.378177642822266;0.0785803273320198;PTF;PTF(R);PTF
55697.2789872;18.777769088745117;0.09063797444105148;PTF;PTF(R);PTF
55701.22147;18.55;0.14;CRTS;CRTS(CL);CRTS
55701.2289;18.59;0.15;CRTS;CRTS(CL);CRTS
55701.23622;18.81;0.16;CRTS;CRTS(CL);CRTS
55701.2436;18.42;0.14;CRTS;CRTS(CL);CRTS
55702.2126472;18.52794647216797;0.11809221655130386;PTF;PTF(R);PTF
55702.2567772;18.603925704956055;0.118116095662117;PTF;PTF(R);PTF
55703.2596172;18.565793991088867;0.18731282651424408;PTF;PTF(R);PTF
55704.2065872;18.49754524230957;0.03993985056877136;PTF;PTF(R);PTF
55706.1805172;18.528297424316406;0.039438266307115555;PTF;PTF(R);PTF
55707.2089172;18.489961624145508;0.042623572051525116;PTF;PTF(R);PTF
55707.2520472;18.64642906188965;0.04314173012971878;PTF;PTF(R);PTF
55708.1798672;18.466796875;0.04300134256482124;PTF;PTF(R);PTF
55708.2251172;18.51746940612793;0.04152637720108032;PTF;PTF(R);PTF
55709.2441972;18.465656280517578;0.045401837676763535;PTF;PTF(R);PTF
55709.2875472;18.49102210998535;0.05159177631139755;PTF;PTF(R);PTF
55712.3094672;19.42721939086914;0.06954880058765411;PTF;PTF(g);PTF
55713.2149472;19.336387634277344;0.3487529754638672;PTF;PTF(g);PTF
55714.1819272;19.282590866088867;0.07156310975551605;PTF;PTF(g);PTF
55714.2823172;19.303346633911133;0.06810218840837479;PTF;PTF(g);PTF
55715.1929772;19.034072875976562;0.11980776488780975;PTF;PTF(g);PTF
55715.2362772;19.261253356933594;0.10219527781009674;PTF;PTF(g);PTF
55716.2020872;19.270315170288086;0.2124016135931015;PTF;PTF(g);PTF
55716.2454872;19.184598922729492;0.21515634655952454;PTF;PTF(g);PTF
55717.2067272;19.213584899902344;0.10484164953231812;PTF;PTF(g);PTF
55717.2495572;19.153221130371094;0.06612556427717209;PTF;PTF(g);PTF
55719.2583972;19.340530395507812;0.05850009620189667;PTF;PTF(g);PTF
55720.2287672;19.143213272094727;0.0826646164059639;PTF;PTF(g);PTF
55820.0223825;19.7682;0.010051;PS1;PS1(g);PS1
55850.7217061;18.7414;0.008725;PS1;PS1(z);PS1
55893.46165;18.34;0.13;CRTS;CRTS(CL);CRTS
55893.4675;19.05;0.17;CRTS;CRTS(CL);CRTS
55893.47332;18.92;0.16;CRTS;CRTS(CL);CRTS
55935.47907;18.95;0.18;CRTS;CRTS(CL);CRTS
55935.48567;18.47;0.15;CRTS;CRTS(CL);CRTS
55935.49889;18.36;0.14;CRTS;CRTS(CL);CRTS
55943.3255372;18.360191345214844;0.058963049203157425;PTF;PTF(R);PTF
55943.3705172;18.48772430419922;0.0496988445520401;PTF;PTF(R);PTF
55943.3720072;18.496503829956055;0.04762965813279152;PTF;PTF(R);PTF
55946.3166972;18.48780059814453;0.16707856953144073;PTF;PTF(R);PTF
55952.41732;18.78;0.15;CRTS;CRTS(CL);CRTS
55952.42589;18.83;0.15;CRTS;CRTS(CL);CRTS
55952.43449;19.1;0.17;CRTS;CRTS(CL);CRTS
55952.44301;18.52;0.13;CRTS;CRTS(CL);CRTS
55959.34338;18.95;0.16;CRTS;CRTS(CL);CRTS
55959.3566;19.08;0.17;CRTS;CRTS(CL);CRTS
55959.36323;18.77;0.15;CRTS;CRTS(CL);CRTS
55975.2690972;18.483076095581055;0.053019940853118896;PTF;PTF(R);PTF
55975.3149872;18.563047409057617;0.046184416860342026;PTF;PTF(R);PTF
55976.39227;18.64;0.18;CRTS;CRTS(CL);CRTS
55976.39849;18.56;0.18;CRTS;CRTS(CL);CRTS
55976.40473;18.7;0.15;CRTS;CRTS(CL);CRTS
55976.41096;18.62;0.17;CRTS;CRTS(CL);CRTS
55978.3164972;18.40243148803711;0.04309198260307312;PTF;PTF(R);PTF
55981.2932772;18.432491302490234;0.04944118857383728;PTF;PTF(R);PTF
55981.3369872;18.48956298828125;0.04497538134455681;PTF;PTF(R);PTF
55982.46349;19.11;0.18;CRTS;CRTS(CL);CRTS
55982.46912;18.45;0.13;CRTS;CRTS(CL);CRTS
55982.4748;18.78;0.15;CRTS;CRTS(CL);CRTS
55982.48046;18.37;0.13;CRTS;CRTS(CL);CRTS
55986.4922772;18.772048950195312;0.28884202241897583;PTF;PTF(R);PTF
55986.5385672;19.244441986083984;0.29518717527389526;PTF;PTF(R);PTF
55988.31271;19.15;0.18;CRTS;CRTS(CL);CRTS
55988.32978;18.62;0.14;CRTS;CRTS(CL);CRTS
55990.2535672;18.552165985107422;0.07834839820861816;PTF;PTF(R);PTF
55990.3009872;18.468292236328125;0.06347828358411789;PTF;PTF(R);PTF
55999.1747072;18.5501708984375;0.04908114671707153;PTF;PTF(R);PTF
55999.2183872;18.586458206176758;0.04454224929213524;PTF;PTF(R);PTF
55999.3206272;18.563343048095703;0.046104904264211655;PTF;PTF(R);PTF
55999.3723372;18.545969009399414;0.05354242026805878;PTF;PTF(R);PTF
55999.4353172;18.64649200439453;0.05269874632358551;PTF;PTF(R);PTF
55999.4441472;18.51287841796875;0.0550774447619915;PTF;PTF(R);PTF
56000.3319072;18.519304275512695;0.060717400163412094;PTF;PTF(R);PTF
56000.3753372;18.5460262298584;0.0633096992969513;PTF;PTF(R);PTF
56000.4427872;18.49556541442871;0.06461673974990845;PTF;PTF(R);PTF
56001.2852472;18.482337951660156;0.04204510897397995;PTF;PTF(R);PTF
56001.3493072;18.51483154296875;0.04177796468138695;PTF;PTF(R);PTF
56001.3929572;18.60677146911621;0.04498833417892456;PTF;PTF(R);PTF
56001.4941672;18.478696823120117;0.05445195361971855;PTF;PTF(R);PTF
56001.5383772;18.4663143157959;0.06094418093562126;PTF;PTF(R);PTF
56002.2474972;18.590578079223633;0.060755711048841476;PTF;PTF(R);PTF
56002.2692672;18.55257225036621;0.05851738899946213;PTF;PTF(R);PTF
56002.3348472;18.56060028076172;0.05836174637079239;PTF;PTF(R);PTF
56002.3502172;18.765552520751953;0.12408599257469177;PTF;PTF(R);PTF
56003.2064372;18.514802932739258;0.16617311537265778;PTF;PTF(R);PTF
56006.4644572;18.503612518310547;0.06056417524814606;PTF;PTF(R);PTF
56007.3065472;18.483448028564453;0.05497122183442116;PTF;PTF(R);PTF
56007.4751072;18.53213882446289;0.05406501516699791;PTF;PTF(R);PTF
56007.4769372;18.46164321899414;0.05842864140868187;PTF;PTF(R);PTF
56008.1544472;18.64725685119629;0.05213858559727669;PTF;PTF(R);PTF
56008.1991272;18.508485794067383;0.04177398234605789;PTF;PTF(R);PTF
56008.2620072;18.48399543762207;0.037387996912002563;PTF;PTF(R);PTF
56008.2655172;18.528133392333984;0.03804595395922661;PTF;PTF(R);PTF
56009.1800672;18.61015510559082;0.043259575963020325;PTF;PTF(R);PTF
56009.2167872;18.55417251586914;0.03976207971572876;PTF;PTF(R);PTF
56009.5146472;18.552566528320312;0.04727744311094284;PTF;PTF(R);PTF
56014.2039572;18.584877014160156;0.11957719922065735;PTF;PTF(R);PTF
56014.2638772;18.532081604003906;0.10948177427053452;PTF;PTF(R);PTF
56014.28468;18.6;0.12;CRTS;CRTS(CL);CRTS
56014.2934172;18.534366607666016;0.10530812293291092;PTF;PTF(R);PTF
56014.30928;18.67;0.13;CRTS;CRTS(CL);CRTS
56020.0025234;18.9187;0.006433;PS1;PS1(i);PS1
56030.25691;19.08;0.18;CRTS;CRTS(CL);CRTS
56030.2603;18.9;0.17;CRTS;CRTS(CL);CRTS
56030.26371;18.91;0.18;CRTS;CRTS(CL);CRTS
56035.28876;18.64;0.15;CRTS;CRTS(CL);CRTS
56035.29458;18.91;0.16;CRTS;CRTS(CL);CRTS
56035.30043;18.54;0.14;CRTS;CRTS(CL);CRTS
56035.30619;18.69;0.15;CRTS;CRTS(CL);CRTS
56041.26709;18.58;0.14;CRTS;CRTS(CL);CRTS
56041.28402;18.66;0.15;CRTS;CRTS(CL);CRTS
56079.1768372;18.840866088867188;0.09240759909152985;PTF;PTF(R);PTF
56079.1804072;18.6393985748291;0.1136372983455658;PTF;PTF(R);PTF
56079.1850872;18.61722183227539;0.10009855031967163;PTF;PTF(R);PTF
56081.1863272;18.55109214782715;0.0697983130812645;PTF;PTF(R);PTF
56081.2166272;18.559722900390625;0.08321163803339005;PTF;PTF(R);PTF
56081.2473772;18.732624053955078;0.09733927249908447;PTF;PTF(R);PTF
56083.2209772;18.78519630432129;0.08055046200752258;PTF;PTF(R);PTF
56083.2509472;18.513479232788086;0.08630449324846268;PTF;PTF(R);PTF
56083.2881072;18.638914108276367;0.11204038560390472;PTF;PTF(R);PTF
56085.2021772;18.62042236328125;0.04930299520492554;PTF;PTF(R);PTF
56085.2398072;18.68458366394043;0.058814749121665955;PTF;PTF(R);PTF
56085.2710272;18.6832275390625;0.07668037712574005;PTF;PTF(R);PTF
56087.1868572;18.489347457885742;0.043663546442985535;PTF;PTF(R);PTF
56087.1925672;18.5624942779541;0.04393512383103371;PTF;PTF(R);PTF
56087.2320872;18.522228240966797;0.04278883710503578;PTF;PTF(R);PTF
56089.20834;19.39;0.17;CRTS;CRTS(CL);CRTS
56089.21577;19.17;0.16;CRTS;CRTS(CL);CRTS
56089.22323;18.99;0.14;CRTS;CRTS(CL);CRTS
56091.1052809;19.1278;0.006578;PS1;PS1(r);PS1
56092.1838172;18.532590866088867;0.0427272729575634;PTF;PTF(R);PTF
56092.1862172;18.610605239868164;0.040916360914707184;PTF;PTF(R);PTF
56092.1970172;18.482784271240234;0.03936377167701721;PTF;PTF(R);PTF
56094.1928772;18.564634323120117;0.04523848742246628;PTF;PTF(R);PTF
56094.1974772;18.49851417541504;0.0448455847799778;PTF;PTF(R);PTF
56094.2031772;18.44064712524414;0.04450792446732521;PTF;PTF(R);PTF
56094.2113572;18.509597778320312;0.0435035340487957;PTF;PTF(R);PTF
56094.2406772;18.57665252685547;0.04536037892103195;PTF;PTF(R);PTF
56094.2705372;18.61458969116211;0.049875278025865555;PTF;PTF(R);PTF
56096.1826772;18.667757034301758;0.04659118503332138;PTF;PTF(R);PTF
56096.1861072;18.601314544677734;0.044335879385471344;PTF;PTF(R);PTF
56096.1907072;18.60451316833496;0.044825147837400436;PTF;PTF(R);PTF
56096.1966072;18.466970443725586;0.0470697358250618;PTF;PTF(R);PTF
56096.2327472;18.570615768432617;0.04424013942480087;PTF;PTF(R);PTF
56098.1833672;18.524507522583008;0.04887254536151886;PTF;PTF(R);PTF
56098.1868272;18.54796028137207;0.04544805735349655;PTF;PTF(R);PTF
56098.1913672;18.50638771057129;0.04431212693452835;PTF;PTF(R);PTF
56098.1970672;18.45418930053711;0.04528314992785454;PTF;PTF(R);PTF
56098.2051572;18.596782684326172;0.04551295191049576;PTF;PTF(R);PTF
56098.2341772;18.57973289489746;0.04930979013442993;PTF;PTF(R);PTF
56100.1823572;18.6215877532959;0.04672817885875702;PTF;PTF(R);PTF
56100.1864072;18.47601890563965;0.04574964940547943;PTF;PTF(R);PTF
56100.1922072;18.544309616088867;0.04417033493518829;PTF;PTF(R);PTF
56100.1990772;18.591047286987305;0.044341862201690674;PTF;PTF(R);PTF
56100.2282972;18.551843643188477;0.05082647129893303;PTF;PTF(R);PTF
56100.2584172;18.54222869873047;0.05126858130097389;PTF;PTF(R);PTF
56102.1843372;18.610111236572266;0.061227478086948395;PTF;PTF(R);PTF
56102.1890572;18.63169288635254;0.05831334739923477;PTF;PTF(R);PTF
56102.1948872;18.54420280456543;0.05888354405760765;PTF;PTF(R);PTF
56102.2246472;18.476970672607422;0.05953427404165268;PTF;PTF(R);PTF
56102.2590872;18.527446746826172;0.05834424868226051;PTF;PTF(R);PTF
56102.2890572;18.343217849731445;0.07448606193065643;PTF;PTF(R);PTF
56106.1845072;18.572429656982422;0.06391184777021408;PTF;PTF(R);PTF
56106.2131972;18.643402099609375;0.058672647923231125;PTF;PTF(R);PTF
56106.2418672;18.656993865966797;0.07362616062164307;PTF;PTF(R);PTF
56108.1891072;18.654926300048828;0.058834049850702286;PTF;PTF(R);PTF
56108.2191572;18.85441017150879;0.06927412003278732;PTF;PTF(R);PTF
56110.2001872;18.387144088745117;0.0693911463022232;PTF;PTF(R);PTF
56110.2650072;18.69413948059082;0.11786341667175293;PTF;PTF(R);PTF
56111.1924372;18.481853485107422;0.092500701546669;PTF;PTF(R);PTF
56111.2231372;18.447633743286133;0.1026865765452385;PTF;PTF(R);PTF
56111.2524372;18.552003860473633;0.09110348671674728;PTF;PTF(R);PTF
56112.1927072;18.73244857788086;0.08279091864824295;PTF;PTF(R);PTF
56112.2239772;18.799699783325195;0.10712428390979767;PTF;PTF(R);PTF
56112.2540872;18.5026798248291;0.1259794980287552;PTF;PTF(R);PTF
56113.2325772;18.5446720123291;0.09224311262369156;PTF;PTF(R);PTF
56114.1876972;18.543010711669922;0.051046039909124374;PTF;PTF(R);PTF
56114.1911772;18.550331115722656;0.05526392534375191;PTF;PTF(R);PTF
56114.2223372;18.671905517578125;0.08087406307458878;PTF;PTF(R);PTF
56115.1859672;18.586095809936523;0.047727540135383606;PTF;PTF(R);PTF
56115.1930072;18.513099670410156;0.052146606147289276;PTF;PTF(R);PTF
56115.2233772;18.56072425842285;0.079386867582798;PTF;PTF(R);PTF
56117.1810972;18.492216110229492;0.04893447458744049;PTF;PTF(R);PTF
56117.1846972;18.551483154296875;0.04923854395747185;PTF;PTF(R);PTF
56117.2136872;18.60246467590332;0.052182380110025406;PTF;PTF(R);PTF
56123.1735472;18.56055450439453;0.054875027388334274;PTF;PTF(R);PTF
56123.2025772;18.5664005279541;0.050266049802303314;PTF;PTF(R);PTF
56228.5381572;18.48489761352539;0.08631525933742523;PTF;PTF(R);PTF
56231.5329372;18.478153228759766;0.07102277874946594;PTF;PTF(R);PTF
56232.5310172;18.47490882873535;0.10228186845779419;PTF;PTF(R);PTF
56235.5185472;18.619606018066406;0.0785677507519722;PTF;PTF(R);PTF
56236.5365572;18.427474975585938;0.06960132718086243;PTF;PTF(R);PTF
56237.5131372;18.539052963256836;0.05574435740709305;PTF;PTF(R);PTF
56243.4993772;19.082761764526367;0.09547986835241318;PTF;PTF(g);PTF
56243.5274772;19.195037841796875;0.07845671474933624;PTF;PTF(g);PTF
56251.5424272;18.49563217163086;0.044722672551870346;PTF;PTF(R);PTF
56252.4795472;18.53182601928711;0.11491721123456955;PTF;PTF(R);PTF
56252.5098972;18.55886459350586;0.11512720584869385;PTF;PTF(R);PTF
56254.4886672;18.523361206054688;0.05423697084188461;PTF;PTF(R);PTF
56256.4663672;18.525829315185547;0.06682536751031876;PTF;PTF(R);PTF
56258.4582672;18.79976463317871;0.1505456268787384;PTF;PTF(R);PTF
56258.4884372;18.61837387084961;0.1947152465581894;PTF;PTF(R);PTF
56265.4912872;18.333467483520508;0.23660679161548615;PTF;PTF(R);PTF
56270.4566472;18.5026798248291;0.0706145241856575;PTF;PTF(R);PTF
56270.4866672;18.497207641601562;0.06984733790159225;PTF;PTF(R);PTF
56272.4682172;18.491439819335938;0.04881991073489189;PTF;PTF(R);PTF
56272.4976972;18.55246925354004;0.04541853815317154;PTF;PTF(R);PTF
56281.4368072;18.467416763305664;0.06637527048587799;PTF;PTF(R);PTF
56301.4149072;18.666854858398438;0.14780500531196594;PTF;PTF(R);PTF
56301.41714;18.61;0.14;CRTS;CRTS(CL);CRTS
56301.43389;18.57;0.14;CRTS;CRTS(CL);CRTS
56301.44213;18.45;0.13;CRTS;CRTS(CL);CRTS
56301.4464372;18.367225646972656;0.14687581360340118;PTF;PTF(R);PTF
56305.5422272;18.758087158203125;0.20738522708415985;PTF;PTF(R);PTF
56313.50586;18.45;0.14;CRTS;CRTS(CL);CRTS
56313.51093;18.85;0.16;CRTS;CRTS(CL);CRTS
56313.51606;18.49;0.14;CRTS;CRTS(CL);CRTS
56313.52121;18.85;0.16;CRTS;CRTS(CL);CRTS
56327.3353972;18.566207885742188;0.04708132520318031;PTF;PTF(R);PTF
56327.3713572;18.553117752075195;0.044789429754018784;PTF;PTF(R);PTF
56327.4092472;18.484210968017578;0.04452630877494812;PTF;PTF(R);PTF
56328.3324272;18.51737403869629;0.03550547733902931;PTF;PTF(R);PTF
56328.3731872;18.528705596923828;0.03411205857992172;PTF;PTF(R);PTF
56328.4241672;18.50354766845703;0.03416426107287407;PTF;PTF(R);PTF
56329.3316272;18.505767822265625;0.1899469792842865;PTF;PTF(R);PTF
56329.3807172;18.590303421020508;0.19254207611083984;PTF;PTF(R);PTF
56329.4280872;18.52355194091797;0.18746288120746613;PTF;PTF(R);PTF
56330.3315772;18.48611831665039;0.037639111280441284;PTF;PTF(R);PTF
56330.3681072;18.586469650268555;0.035428933799266815;PTF;PTF(R);PTF
56330.4041172;18.471031188964844;0.033682920038700104;PTF;PTF(R);PTF
56335.3996372;18.503999710083008;0.03864603862166405;PTF;PTF(R);PTF
56335.5031872;18.604211807250977;0.0406513437628746;PTF;PTF(R);PTF
56336.4050472;18.49034881591797;0.04004918038845062;PTF;PTF(R);PTF
56336.4877972;18.505390167236328;0.038970403373241425;PTF;PTF(R);PTF
56336.5265072;18.426511764526367;0.042832423001527786;PTF;PTF(R);PTF
56337.4282072;18.555776596069336;0.03677333518862724;PTF;PTF(R);PTF
56337.4975772;18.585628509521484;0.039681773632764816;PTF;PTF(R);PTF
56337.5343372;18.567459106445312;0.041340846568346024;PTF;PTF(R);PTF
56345.3156472;18.517486572265625;0.0909767895936966;PTF;PTF(R);PTF
56345.3518372;18.56061363220215;0.0873204693198204;PTF;PTF(R);PTF
56345.3884872;18.480236053466797;0.08953122049570084;PTF;PTF(R);PTF
56346.43709;19.14;0.18;CRTS;CRTS(CL);CRTS
56346.44335;18.67;0.15;CRTS;CRTS(CL);CRTS
56346.44958;18.45;0.13;CRTS;CRTS(CL);CRTS
56354.3816172;18.731630325317383;0.163213849067688;PTF;PTF(R);PTF
56356.3298372;18.84946060180664;0.24503976106643677;PTF;PTF(R);PTF
56356.3588772;18.46712875366211;0.2339794933795929;PTF;PTF(R);PTF
56356.4589072;18.626888275146484;0.23864419758319855;PTF;PTF(R);PTF
56362.3706372;18.505319595336914;0.037961095571517944;PTF;PTF(R);PTF
56362.4014072;18.506996154785156;0.03936450555920601;PTF;PTF(R);PTF
56362.4315272;18.519084930419922;0.04090780019760132;PTF;PTF(R);PTF
56363.45016;18.67;0.15;CRTS;CRTS(CL);CRTS
56363.45527;18.4;0.13;CRTS;CRTS(CL);CRTS
56363.4604;18.41;0.13;CRTS;CRTS(CL);CRTS
56363.46556;19.05;0.17;CRTS;CRTS(CL);CRTS
56364.3842572;18.5086727142334;0.03636996075510979;PTF;PTF(R);PTF
56364.3968872;18.459672927856445;0.035396184772253036;PTF;PTF(R);PTF
56364.4095872;18.533689498901367;0.040114626288414;PTF;PTF(R);PTF
56364.4222872;18.561742782592773;0.03650821000337601;PTF;PTF(R);PTF
56367.2402372;18.653976440429688;0.4463539123535156;PTF;PTF(R);PTF
56367.2775172;18.487085342407227;0.44486385583877563;PTF;PTF(R);PTF
56367.3066672;18.504150390625;0.44535717368125916;PTF;PTF(R);PTF
56368.2510572;18.497730255126953;0.04013659805059433;PTF;PTF(R);PTF
56368.2809372;18.44521713256836;0.040051378309726715;PTF;PTF(R);PTF
56368.3108272;18.4758358001709;0.03619672358036041;PTF;PTF(R);PTF
56369.2456272;18.52060317993164;0.0907568484544754;PTF;PTF(R);PTF
56369.2752372;18.538705825805664;0.09009742736816406;PTF;PTF(R);PTF
56369.3048972;18.512357711791992;0.08997014164924622;PTF;PTF(R);PTF
56370.2815972;18.583017349243164;0.12949448823928833;PTF;PTF(R);PTF
56370.3109772;18.49266815185547;0.1268502026796341;PTF;PTF(R);PTF
56370.33979;18.78;0.16;CRTS;CRTS(CL);CRTS
56370.3402372;18.47418212890625;0.12549376487731934;PTF;PTF(R);PTF
56370.34528;18.48;0.14;CRTS;CRTS(CL);CRTS
56370.34869;19.0;0.18;CRTS;CRTS(CL);CRTS
56372.2531172;18.462617874145508;0.49141189455986023;PTF;PTF(R);PTF
56372.2825272;18.511201858520508;0.4954351484775543;PTF;PTF(R);PTF
56372.3130972;18.311222076416016;0.5056536197662354;PTF;PTF(R);PTF
56373.4024472;18.525787353515625;0.05510805919766426;PTF;PTF(R);PTF
56373.4397472;18.579227447509766;0.04410802945494652;PTF;PTF(R);PTF
56373.4687472;18.532913208007812;0.04021894186735153;PTF;PTF(R);PTF
56374.4083972;18.613216400146484;0.06351552903652191;PTF;PTF(R);PTF
56374.4384572;18.489341735839844;0.06201617047190666;PTF;PTF(R);PTF
56374.4683572;18.510122299194336;0.04712890088558197;PTF;PTF(R);PTF
56375.4047272;18.564300537109375;0.06494750082492828;PTF;PTF(R);PTF
56375.4342572;18.645355224609375;0.06285259872674942;PTF;PTF(R);PTF
56375.4639772;18.39069366455078;0.06289000809192657;PTF;PTF(R);PTF
56376.4033372;18.557912826538086;0.058556199073791504;PTF;PTF(R);PTF
56376.4338772;18.64413070678711;0.09196534752845764;PTF;PTF(R);PTF
56382.3351872;18.45440101623535;0.043419647961854935;PTF;PTF(R);PTF
56386.2340372;18.527935028076172;0.24031506478786469;PTF;PTF(R);PTF
56387.2632772;18.519243240356445;0.03593984618782997;PTF;PTF(R);PTF
56387.3025272;18.594064712524414;0.03614407405257225;PTF;PTF(R);PTF
56387.3324772;18.5537166595459;0.03578765690326691;PTF;PTF(R);PTF
56388.24693;18.86;0.14;CRTS;CRTS(CL);CRTS
56388.26593;18.46;0.12;CRTS;CRTS(CL);CRTS
56390.2506972;18.569456100463867;0.04519220441579819;PTF;PTF(R);PTF
56390.2800872;18.509401321411133;0.04363542050123215;PTF;PTF(R);PTF
56390.3164972;18.511859893798828;0.045180995017290115;PTF;PTF(R);PTF
56396.2530072;18.52088737487793;0.03760445490479469;PTF;PTF(R);PTF
56396.2829672;18.53575325012207;0.036628369241952896;PTF;PTF(R);PTF
56396.3119272;18.50082778930664;0.03830704092979431;PTF;PTF(R);PTF
56397.20395;18.43;0.13;CRTS;CRTS(CL);CRTS
56397.21125;18.72;0.15;CRTS;CRTS(CL);CRTS
56397.21855;18.66;0.15;CRTS;CRTS(CL);CRTS
56397.22583;18.72;0.15;CRTS;CRTS(CL);CRTS
56400.1782172;18.527021408081055;0.046075206249952316;PTF;PTF(R);PTF
56400.2072672;18.47425651550293;0.03951967507600784;PTF;PTF(R);PTF
56400.2366072;18.582923889160156;0.04432464390993118;PTF;PTF(R);PTF
56401.2448272;18.521587371826172;0.044344156980514526;PTF;PTF(R);PTF
56401.2741972;18.51156997680664;0.044839780777692795;PTF;PTF(R);PTF
56401.3033672;18.567684173583984;0.05433904752135277;PTF;PTF(R);PTF
56402.2446872;18.569597244262695;0.05885220319032669;PTF;PTF(R);PTF
56402.2745672;18.518896102905273;0.05973208323121071;PTF;PTF(R);PTF
56402.3037372;18.48704719543457;0.058020662516355515;PTF;PTF(R);PTF
56403.2530472;18.400188446044922;0.05588191747665405;PTF;PTF(R);PTF
56403.2826472;18.533693313598633;0.05524240434169769;PTF;PTF(R);PTF
56415.27047;19.09;0.18;CRTS;CRTS(CL);CRTS
56416.2304972;18.546510696411133;0.1236518993973732;PTF;PTF(R);PTF
56416.2602872;18.513622283935547;0.12270593643188477;PTF;PTF(R);PTF
56416.2910272;18.486675262451172;0.12071067839860916;PTF;PTF(R);PTF
56417.1974772;18.53017234802246;0.0539110042154789;PTF;PTF(R);PTF
56417.2388872;18.484548568725586;0.052723925560712814;PTF;PTF(R);PTF
56417.2777772;18.460540771484375;0.0524185486137867;PTF;PTF(R);PTF
56424.1823272;18.513343811035156;0.03449441120028496;PTF;PTF(R);PTF
56424.2497372;18.448427200317383;0.03496068716049194;PTF;PTF(R);PTF
56424.2818572;18.542509078979492;0.03556327521800995;PTF;PTF(R);PTF
56425.1950772;18.5361270904541;0.03497261181473732;PTF;PTF(R);PTF
56425.2241672;18.46737289428711;0.034442756325006485;PTF;PTF(R);PTF
56425.2592272;18.522476196289062;0.03651978075504303;PTF;PTF(R);PTF
56427.1906072;18.47461700439453;0.038881342858076096;PTF;PTF(R);PTF
56427.2486272;18.503917694091797;0.038886722177267075;PTF;PTF(R);PTF
56428.1917872;18.50739288330078;0.04008416086435318;PTF;PTF(R);PTF
56428.2527072;18.535608291625977;0.038983650505542755;PTF;PTF(R);PTF
56428.2942972;18.546377182006836;0.04049785062670708;PTF;PTF(R);PTF
56429.2996172;18.546833038330078;0.2665388286113739;PTF;PTF(R);PTF
56429.3514872;18.50318145751953;0.26413923501968384;PTF;PTF(R);PTF
56434.2455072;18.523141860961914;0.06367138773202896;PTF;PTF(R);PTF
56434.2806872;18.650671005249023;0.06804053485393524;PTF;PTF(R);PTF
56434.3216372;18.501754760742188;0.09181301295757294;PTF;PTF(R);PTF
56444.22816;18.86;0.16;CRTS;CRTS(CL);CRTS
56444.23472;18.49;0.14;CRTS;CRTS(CL);CRTS
56444.24123;18.79;0.16;CRTS;CRTS(CL);CRTS
56444.24777;18.73;0.16;CRTS;CRTS(CL);CRTS
56453.2646;18.53;0.15;CRTS;CRTS(CL);CRTS
56453.26968;18.67;0.16;CRTS;CRTS(CL);CRTS
56453.27474;18.74;0.16;CRTS;CRTS(CL);CRTS
56453.27979;18.44;0.14;CRTS;CRTS(CL);CRTS
56464.20589;18.49;0.14;CRTS;CRTS(CL);CRTS
56464.21094;18.32;0.13;CRTS;CRTS(CL);CRTS
56464.21602;18.62;0.15;CRTS;CRTS(CL);CRTS
56464.22104;18.79;0.16;CRTS;CRTS(CL);CRTS
56648.15721234;14.556;0.285;NEOWISE;WISE(W2);NEOWISE
56648.15721234;15.906;0.21;NEOWISE;WISE(W1);NEOWISE
56648.61843117;15.556;0.238;NEOWISE;WISE(W1);NEOWISE
56648.68426503;15.513;0.193;NEOWISE;WISE(W1);NEOWISE
56724.2104972;18.6402530670166;0.08024216443300247;PTF;PTF(R);PTF
56724.2436272;18.476661682128906;0.0835338905453682;PTF;PTF(R);PTF
56729.1974572;18.635156631469727;0.0855114534497261;PTF;PTF(R);PTF
56729.3601272;18.618759155273438;0.06276681274175644;PTF;PTF(R);PTF
56738.4099472;18.506649017333984;0.05267449468374252;PTF;PTF(R);PTF
56738.4913572;18.637752532958984;0.055338382720947266;PTF;PTF(R);PTF
56746.1793272;18.7163143157959;0.36501580476760864;PTF;PTF(R);PTF
56746.2580572;18.61490821838379;0.36353203654289246;PTF;PTF(R);PTF
56748.2065772;18.448196411132812;0.05284390226006508;PTF;PTF(R);PTF
56748.2393172;18.41044044494629;0.05498930439352989;PTF;PTF(R);PTF
56751.2041872;18.532854080200195;0.10550236701965332;PTF;PTF(R);PTF
56751.2685572;18.527250289916992;0.10636162012815475;PTF;PTF(R);PTF
56752.1838572;18.472171783447266;0.045481860637664795;PTF;PTF(R);PTF
56752.2500272;18.416501998901367;0.04518549144268036;PTF;PTF(R);PTF
56768.3009172;18.497594833374023;0.03779461234807968;PTF;PTF(R);PTF
56770.1841472;18.515214920043945;0.050594743341207504;PTF;PTF(R);PTF
56770.2507372;18.41950035095215;0.04912935569882393;PTF;PTF(R);PTF
56777.2437372;18.548891067504883;0.05231291800737381;PTF;PTF(R);PTF
56778.1619872;18.475830078125;0.05543428659439087;PTF;PTF(R);PTF
56778.2304572;18.438688278198242;0.04630294442176819;PTF;PTF(R);PTF
56780.2348772;18.500059127807617;0.039554793387651443;PTF;PTF(R);PTF
56780.2643772;18.566118240356445;0.03941284865140915;PTF;PTF(R);PTF
56781.2342972;18.56755828857422;0.056803617626428604;PTF;PTF(R);PTF
56781.2635072;18.542150497436523;0.05855781212449074;PTF;PTF(R);PTF
56783.2345272;18.557926177978516;0.056109871715307236;PTF;PTF(R);PTF
56792.1831072;18.546510696411133;0.06595009565353394;PTF;PTF(R);PTF
56792.2134372;18.47458267211914;0.06576592475175858;PTF;PTF(R);PTF
56794.2292072;18.590913772583008;0.18739166855812073;PTF;PTF(R);PTF
56794.2608072;18.65705108642578;0.20816637575626373;PTF;PTF(R);PTF
56795.2214572;18.568513870239258;0.3776300549507141;PTF;PTF(R);PTF
56795.2538672;18.425251007080078;0.3860122263431549;PTF;PTF(R);PTF
56797.1861372;18.47127342224121;0.04358939081430435;PTF;PTF(R);PTF
56797.2229972;18.565937042236328;0.04485528543591499;PTF;PTF(R);PTF
56802.1922572;18.4825496673584;0.036899492144584656;PTF;PTF(R);PTF
56802.2238572;18.497150421142578;0.038285523653030396;PTF;PTF(R);PTF
56803.1890672;18.510610580444336;0.040232326835393906;PTF;PTF(R);PTF
56803.2205972;18.537841796875;0.03937578201293945;PTF;PTF(R);PTF
56804.1897972;18.524078369140625;0.03684571757912636;PTF;PTF(R);PTF
56804.2211272;18.566898345947266;0.03982666879892349;PTF;PTF(R);PTF
56805.1892572;18.513551712036133;0.14342209696769714;PTF;PTF(R);PTF
56824.91945955;16.365;0.503;NEOWISE;WISE(W1);NEOWISE
56824.91958691;15.642;0.17;NEOWISE;WISE(W1);NEOWISE
56824.91958691;15.013;0.346;NEOWISE;WISE(W2);NEOWISE
56825.05112669;15.237;0.15;NEOWISE;WISE(W1);NEOWISE
56825.24850001;15.292;0.482;NEOWISE;WISE(W2);NEOWISE
56825.24850001;15.59;0.21;NEOWISE;WISE(W1);NEOWISE
56825.31433359;16.188;0.318;NEOWISE;WISE(W1);NEOWISE
56825.3800398;15.389;0.172;NEOWISE;WISE(W1);NEOWISE
56825.3800398;15.003;0.341;NEOWISE;WISE(W2);NEOWISE
56875.05462000007;20.41;0.11132687028838475;Gaia Alerts;GSA(G);Gaia Alerts
56963.758530000225;20.3;0.10423174293933057;Gaia Alerts;GSA(G);Gaia Alerts
56964.18488000007;20.4;0.11066237839776653;Gaia Alerts;GSA(G);Gaia Alerts
57014.1502885;15.607;0.152;NEOWISE;WISE(W1);NEOWISE
57014.28170149;14.849;0.335;NEOWISE;WISE(W2);NEOWISE
57014.28170149;15.974;0.227;NEOWISE;WISE(W1);NEOWISE
57014.41311459;14.682;0.291;NEOWISE;WISE(W2);NEOWISE
57014.41311459;15.323;0.167;NEOWISE;WISE(W1);NEOWISE
57014.47894845;15.6;0.146;NEOWISE;WISE(W1);NEOWISE
57014.74177459;15.379;0.135;NEOWISE;WISE(W1);NEOWISE
57014.87318769;15.49;0.14;NEOWISE;WISE(W1);NEOWISE
57043.4914972;18.427677154541016;0.03792649134993553;PTF;PTF(R);PTF
57043.5472972;18.53929328918457;0.03915863484144211;PTF;PTF(R);PTF
57045.5584772;18.5051326751709;0.10603015869855881;PTF;PTF(R);PTF
57045.5785572;18.547149658203125;0.10804498940706253;PTF;PTF(R);PTF
57045.96767000016;20.29;0.10360960070404857;Gaia Alerts;GSA(G);Gaia Alerts
57047.5582172;18.544357299804688;0.044859956949949265;PTF;PTF(R);PTF
57047.5785472;18.545473098754883;0.05804687738418579;PTF;PTF(R);PTF
57050.5532272;18.637460708618164;0.23768295347690582;PTF;PTF(R);PTF
57050.5731672;18.32037353515625;0.23824812471866608;PTF;PTF(R);PTF
57056.223129999824;20.4;0.11066237839776653;Gaia Alerts;GSA(G);Gaia Alerts
57183.6033778;14.594;0.298;NEOWISE;WISE(W2);NEOWISE
57183.6033778;15.741;0.174;NEOWISE;WISE(W1);NEOWISE
57184.06268556;15.915;0.395;NEOWISE;WISE(W1);NEOWISE
57184.12826449;15.322;0.176;NEOWISE;WISE(W1);NEOWISE
57184.12839181;15.62;0.165;NEOWISE;WISE(W1);NEOWISE
57184.32512848;15.506;0.218;NEOWISE;WISE(W1);NEOWISE
57184.32512848;15.012;0.361;NEOWISE;WISE(W2);NEOWISE
57184.58757145;15.34;0.125;NEOWISE;WISE(W1);NEOWISE
57184.71885663;15.575;0.228;NEOWISE;WISE(W1);NEOWISE
57335.052850000095;20.15;0.09527961640236521;Gaia Alerts;GSA(G);Gaia Alerts
57335.22901999997;20.14;0.09471090794701623;Gaia Alerts;GSA(G);Gaia Alerts
57335.30303000007;20.14;0.09471090794701623;Gaia Alerts;GSA(G);Gaia Alerts
57353.2344800001;20.45;0.11402497875611697;Gaia Alerts;GSA(G);Gaia Alerts
57375.88372676;15.527;0.175;NEOWISE;WISE(W1);NEOWISE
57375.88372676;15.045;0.337;NEOWISE;WISE(W2);NEOWISE
57376.01475808;15.976;0.218;NEOWISE;WISE(W1);NEOWISE
57376.34265462;15.585;0.154;NEOWISE;WISE(W1);NEOWISE
57376.47381326;15.631;0.163;NEOWISE;WISE(W1);NEOWISE
57376.73613056;16.086;0.277;NEOWISE;WISE(W1);NEOWISE
57376.73613056;14.799;0.313;NEOWISE;WISE(W2);NEOWISE
57384.969750000164;20.24;0.10055415018560425;Gaia Alerts;GSA(G);Gaia Alerts
57542.66185222;15.826;0.245;NEOWISE;WISE(W1);NEOWISE
57542.7928829;15.431;0.143;NEOWISE;WISE(W1);NEOWISE
57543.05494427;15.669;0.174;NEOWISE;WISE(W1);NEOWISE
57543.12052323;14.875;0.314;NEOWISE;WISE(W2);NEOWISE
57543.12052323;15.986;0.204;NEOWISE;WISE(W1);NEOWISE
57543.25142654;15.804;0.198;NEOWISE;WISE(W1);NEOWISE
57543.25155387;15.571;0.201;NEOWISE;WISE(W1);NEOWISE
57543.51361519;15.442;0.498;NEOWISE;WISE(W2);NEOWISE
57543.51361519;15.521;0.192;NEOWISE;WISE(W1);NEOWISE
57548.029039999936;19.96;0.08503544719998031;Gaia Alerts;GSA(G);Gaia Alerts
57552.29279699;15.499;0.268;NEOWISE;WISE(W1);NEOWISE
57733.3502799999;20.49;0.11678847834896382;Gaia Alerts;GSA(G);Gaia Alerts
57740.19853041;15.984;0.351;NEOWISE;WISE(W1);NEOWISE
57740.19853041;14.924;0.39;NEOWISE;WISE(W2);NEOWISE
57740.32943403;15.495;0.19;NEOWISE;WISE(W1);NEOWISE
57743.40796193;15.51;0.17;NEOWISE;WISE(W1);NEOWISE
57743.53899282;15.325;0.137;NEOWISE;WISE(W1);NEOWISE
57743.80092747;15.776;0.194;NEOWISE;WISE(W1);NEOWISE
57903.0345767;15.769;0.376;NEOWISE;WISE(W1);NEOWISE
57903.03470403;14.858;0.325;NEOWISE;WISE(W2);NEOWISE
57903.03470403;15.87;0.181;NEOWISE;WISE(W1);NEOWISE
57903.1656074;15.045;0.407;NEOWISE;WISE(W2);NEOWISE
57903.1656074;15.676;0.166;NEOWISE;WISE(W1);NEOWISE
57903.29651067;15.214;0.387;NEOWISE;WISE(W2);NEOWISE
57903.29651067;15.624;0.159;NEOWISE;WISE(W1);NEOWISE
57903.42741404;15.711;0.191;NEOWISE;WISE(W1);NEOWISE
57903.42741404;15.446;0.462;NEOWISE;WISE(W2);NEOWISE
57903.49299307;15.572;0.142;NEOWISE;WISE(W1);NEOWISE
57903.62389634;15.961;0.215;NEOWISE;WISE(W1);NEOWISE
57903.88583102;15.216;0.114;NEOWISE;WISE(W1);NEOWISE
58084.707280000206;20.13;0.09414559401947246;Gaia Alerts;GSA(G);Gaia Alerts
58107.12056362;15.678;0.188;NEOWISE;WISE(W1);NEOWISE
58107.12056362;15.021;0.346;NEOWISE;WISE(W2);NEOWISE
58107.12069098;15.673;0.176;NEOWISE;WISE(W1);NEOWISE
58107.12069098;15.463;0.515;NEOWISE;WISE(W2);NEOWISE
58107.70975669;14.929;0.363;NEOWISE;WISE(W2);NEOWISE
58107.70975669;15.22;0.143;NEOWISE;WISE(W1);NEOWISE
58107.84066021;15.711;0.322;NEOWISE;WISE(W1);NEOWISE
58107.84066021;14.48;0.377;NEOWISE;WISE(W2);NEOWISE
58107.97156373;15.047;0.365;NEOWISE;WISE(W2);NEOWISE
58107.97156373;15.542;0.179;NEOWISE;WISE(W1);NEOWISE
58266.46050928;15.689;0.176;NEOWISE;WISE(W1);NEOWISE
58266.46050928;14.577;0.284;NEOWISE;WISE(W2);NEOWISE
58266.72231601;15.473;0.161;NEOWISE;WISE(W1);NEOWISE
58266.78776774;15.208;0.118;NEOWISE;WISE(W1);NEOWISE
58266.85321943;14.844;0.342;NEOWISE;WISE(W2);NEOWISE
58266.85321943;15.439;0.131;NEOWISE;WISE(W1);NEOWISE
58267.04957456;15.415;0.161;NEOWISE;WISE(W1);NEOWISE
58267.31125454;15.722;0.188;NEOWISE;WISE(W1);NEOWISE
58329.91537000006;20.35;0.10739894123412462;Gaia Alerts;GSA(G);Gaia Alerts
58460.256810000166;20.14;0.09471090794701623;Gaia Alerts;GSA(G);Gaia Alerts
58471.63022067;15.673;0.181;NEOWISE;WISE(W1);NEOWISE
58471.95735219;15.784;0.189;NEOWISE;WISE(W1);NEOWISE
58471.95735219;14.864;0.331;NEOWISE;WISE(W2);NEOWISE
58471.9574795;15.604;0.158;NEOWISE;WISE(W1);NEOWISE
58472.08825565;15.061;0.405;NEOWISE;WISE(W2);NEOWISE
58472.08825565;15.21;0.238;NEOWISE;WISE(W1);NEOWISE
58476.4639699;18.8817425;0.0473256707;ZTF;ZTF(zr);ZTF
58482.5264815;19.4769325;0.084453769;ZTF;ZTF(zg);ZTF
58492.23858000012;20.32;0.10548725713234375;Gaia Alerts;GSA(G);Gaia Alerts
58492.5372569;19.6517868;0.093930386;ZTF;ZTF(zg);ZTF
58493.475544;18.916193;0.048512131;ZTF;ZTF(zr);ZTF
58493.557338;19.6661434;0.0947309807;ZTF;ZTF(zg);ZTF
58503.474537;19.069088;0.0541784354;ZTF;ZTF(zr);ZTF
58522.4672685;19.4811745;0.0846767202;ZTF;ZTF(zg);ZTF
58540.2891088;18.9279327;0.0489238426;ZTF;ZTF(zr);ZTF
58540.4098264;19.640173;0.0932847857;ZTF;ZTF(zg);ZTF
58558.2204745;18.8188286;0.0452409312;ZTF;ZTF(zr);ZTF
58580.3475;18.8997879;0.0479431041;ZTF;ZTF(zr);ZTF
58582.2644329;18.8887043;0.0475628413;ZTF;ZTF(zr);ZTF
58585.226169;19.7040043;0.0968547389;ZTF;ZTF(zg);ZTF
58593.2793056;18.8726444;0.0470176972;ZTF;ZTF(zr);ZTF
58597.2473611;18.8672523;0.0468362235;ZTF;ZTF(zr);ZTF
58604.83340999996;20.29;0.10360960070404857;Gaia Alerts;GSA(G);Gaia Alerts
58606.2066204;18.8615837;0.0466462411;ZTF;ZTF(zr);ZTF
58630.51818853;15.28;0.131;NEOWISE;WISE(W1);NEOWISE
58630.78024976;16.114;0.284;NEOWISE;WISE(W1);NEOWISE
58631.3690597;15.379;0.125;NEOWISE;WISE(W1);NEOWISE
58631.49932625;15.726;0.171;NEOWISE;WISE(W1);NEOWISE
58790.90762000019;20.36;0.10804383723712296;Gaia Alerts;GSA(G);Gaia Alerts
58791.15780000016;20.2;0.09817479430199844;Gaia Alerts;GSA(G);Gaia Alerts
58833.5639931;19.4202652;0.0815137774;ZTF;ZTF(zg);ZTF
58833.5644444;19.3637314;0.0786544308;ZTF;ZTF(zg);ZTF
58835.48779051;15.226;0.151;NEOWISE;WISE(W1);NEOWISE
58835.74947012;15.683;0.228;NEOWISE;WISE(W1);NEOWISE
58836.01114972;15.478;0.173;NEOWISE;WISE(W1);NEOWISE
58838.69351953;14.956;0.347;NEOWISE;WISE(W2);NEOWISE
58838.69351953;15.577;0.157;NEOWISE;WISE(W1);NEOWISE
58838.75884388;15.653;0.229;NEOWISE;WISE(W1);NEOWISE
58838.82429554;15.818;0.201;NEOWISE;WISE(W1);NEOWISE
58838.82429554;15.362;0.521;NEOWISE;WISE(W2);NEOWISE
58838.88974731;14.608;0.294;NEOWISE;WISE(W2);NEOWISE
58838.88974731;15.467;0.14;NEOWISE;WISE(W1);NEOWISE
58873.99935000017;20.33;0.10612067408888182;Gaia Alerts;GSA(G);Gaia Alerts
58874.07336999988;20.22;0.09935735005868451;Gaia Alerts;GSA(G);Gaia Alerts
58884.33224999998;20.32;0.10548725713234375;Gaia Alerts;GSA(G);Gaia Alerts
58955.2821065;19.0128555;0.0520167314;ZTF;ZTF(zr);ZTF
58955.2825579;18.9807587;0.0508238561;ZTF;ZTF(zr);ZTF
58956.2657986;18.9833851;0.0509203598;ZTF;ZTF(zr);ZTF
58964.2699074;18.9027977;0.0480469614;ZTF;ZTF(zr);ZTF
58964.2703588;18.8863411;0.0474821627;ZTF;ZTF(zr);ZTF
58967.2256944;19.7380733;0.098778896;ZTF;ZTF(zg);ZTF
58969.41006000014;20.33;0.10612067408888182;Gaia Alerts;GSA(G);Gaia Alerts
58969.58619999979;20.21;0.09876430227771087;Gaia Alerts;GSA(G);Gaia Alerts
58977.66559999995;20.36;0.10804383723712296;Gaia Alerts;GSA(G);Gaia Alerts
58977.84175000014;20.32;0.10548725713234375;Gaia Alerts;GSA(G);Gaia Alerts
58977.91575000016;20.33;0.10612067408888182;Gaia Alerts;GSA(G);Gaia Alerts
58994.84732714;14.345;0.364;NEOWISE;WISE(W2);NEOWISE
58994.84732714;15.507;0.154;NEOWISE;WISE(W1);NEOWISE
58994.9781031;15.704;0.218;NEOWISE;WISE(W1);NEOWISE
58995.043432;15.265;0.167;NEOWISE;WISE(W1);NEOWISE
58995.04355941;15.071;0.381;NEOWISE;WISE(W2);NEOWISE
58995.04355941;15.892;0.193;NEOWISE;WISE(W1);NEOWISE
58995.23965962;15.578;0.15;NEOWISE;WISE(W1);NEOWISE
58995.23965962;14.984;0.353;NEOWISE;WISE(W2);NEOWISE
58995.30511123;15.517;0.18;NEOWISE;WISE(W1);NEOWISE
58995.30511123;15.404;0.541;NEOWISE;WISE(W2);NEOWISE
58995.43588722;15.509;0.17;NEOWISE;WISE(W1);NEOWISE
59057.31325000012;20.27;0.1023764344643275;Gaia Alerts;GSA(G);Gaia Alerts
59061.48852000013;20.32;0.10548725713234375;Gaia Alerts;GSA(G);Gaia Alerts
59191.682149999775;20.16;0.09585173976856465;Gaia Alerts;GSA(G);Gaia Alerts
59191.75616999995;20.09;0.09191788016944913;Gaia Alerts;GSA(G);Gaia Alerts
59202.8863739;15.555;0.191;NEOWISE;WISE(W1);NEOWISE
59203.08260178;15.782;0.236;NEOWISE;WISE(W1);NEOWISE
59203.4749301;15.15;0.129;NEOWISE;WISE(W1);NEOWISE
59223.9870000002;20.29;0.10360960070404857;Gaia Alerts;GSA(G);Gaia Alerts
59240.66706999997;20.37;0.10869260563262306;Gaia Alerts;GSA(G);Gaia Alerts
59269.3479514;19.0007725;0.0515642017;ZTF;ZTF(zr);ZTF
59269.3484144;18.9607353;0.0500944704;ZTF;ZTF(zr);ZTF
59304.3412731;18.6999702;0.0415800028;ZTF;ZTF(zr);ZTF
59304.3417361;18.8720379;0.0469972342;ZTF;ZTF(zr);ZTF
59313.228831;18.9544945;0.0498694591;ZTF;ZTF(zr);ZTF
59322.249919;18.9208221;0.0486740097;ZTF;ZTF(zr);ZTF
59322.2503819;18.8417282;0.0459876209;ZTF;ZTF(zr);ZTF
59324.1998958;18.9565639;0.0499439575;ZTF;ZTF(zr);ZTF
59324.2003704;18.9085484;0.0482460521;ZTF;ZTF(zr);ZTF
59361.91075859;15.673;0.189;NEOWISE;WISE(W1);NEOWISE
59362.04153459;15.888;0.219;NEOWISE;WISE(W1);NEOWISE
59362.17218319;16.439;0.305;NEOWISE;WISE(W1);NEOWISE
59362.17218319;15.118;0.374;NEOWISE;WISE(W2);NEOWISE
59362.23763486;15.411;0.142;NEOWISE;WISE(W1);NEOWISE
59362.23763486;14.659;0.316;NEOWISE;WISE(W2);NEOWISE
59362.62970802;15.389;0.136;NEOWISE;WISE(W1);NEOWISE
59520.568469999824;20.33;0.10612067408888182;Gaia Alerts;GSA(G);Gaia Alerts
59529.32407000009;20.32;0.10548725713234375;Gaia Alerts;GSA(G);Gaia Alerts
59529.57426000014;20.39;0.11000185275062217;Gaia Alerts;GSA(G);Gaia Alerts
59566.94499488;14.501;0.321;NEOWISE;WISE(W2);NEOWISE
59566.94499488;15.776;0.204;NEOWISE;WISE(W1);NEOWISE
59567.14096807;15.415;0.181;NEOWISE;WISE(W1);NEOWISE
59567.20629245;15.634;0.234;NEOWISE;WISE(W1);NEOWISE
59567.20629245;14.551;0.404;NEOWISE;WISE(W2);NEOWISE
59567.23158999998;20.15;0.09527961640236521;Gaia Alerts;GSA(G);Gaia Alerts
59574.9818069;15.913;0.385;NEOWISE;WISE(W1);NEOWISE
59604.27795000002;20.32;0.10548725713234375;Gaia Alerts;GSA(G);Gaia Alerts
59613.70931999991;20.27;0.1023764344643275;Gaia Alerts;GSA(G);Gaia Alerts
59622.4580208;18.6226063;0.039382387;ZTF;ZTF(zr);ZTF
59638.432581;17.9713993;0.0331003815;ZTF;ZTF(zg);ZTF
59707.2000231;18.2215042;0.030047873;ZTF;ZTF(zr);ZTF
59708.5484000002;18.7;0.03999447497610978;Gaia Alerts;GSA(G);Gaia Alerts
59708.622409999836;18.67;0.039282579671627946;Gaia Alerts;GSA(G);Gaia Alerts
59726.06012334;15.351;0.152;NEOWISE;WISE(W1);NEOWISE
59726.19013532;15.355;0.171;NEOWISE;WISE(W1);NEOWISE
59726.25584162;14.97;0.305;NEOWISE;WISE(W2);NEOWISE
59726.25584162;15.556;0.139;NEOWISE;WISE(W1);NEOWISE
59726.38636291;15.264;0.115;NEOWISE;WISE(W1);NEOWISE
59726.51637488;15.652;0.16;NEOWISE;WISE(W1);NEOWISE
59726.64727817;15.434;0.131;NEOWISE;WISE(W1);NEOWISE
59726.77780007;15.424;0.169;NEOWISE;WISE(W1);NEOWISE
59726.90832141;15.282;0.126;NEOWISE;WISE(W1);NEOWISE
59726.90832141;15.066;0.405;NEOWISE;WISE(W2);NEOWISE
59760.525890000165;19.17;0.05299074190947552;Gaia Alerts;GSA(G);Gaia Alerts
59760.59988000011;19.11;0.0511210776117741;Gaia Alerts;GSA(G);Gaia Alerts
59933.89246351;14.573;0.258;NEOWISE;WISE(W2);NEOWISE
59933.89246351;15.323;0.145;NEOWISE;WISE(W1);NEOWISE
59934.02273027;15.615;0.167;NEOWISE;WISE(W1);NEOWISE
59934.02273027;14.056;0.287;NEOWISE;WISE(W2);NEOWISE
59934.15248771;15.631;0.186;NEOWISE;WISE(W1);NEOWISE
59934.34846087;15.562;0.189;NEOWISE;WISE(W1);NEOWISE
59934.41353061;15.986;0.253;NEOWISE;WISE(W1);NEOWISE
59934.86952797;15.393;0.176;NEOWISE;WISE(W1);NEOWISE
59934.86952797;15.168;0.415;NEOWISE;WISE(W2);NEOWISE
60090.26851666;15.734;0.21;NEOWISE;WISE(W1);NEOWISE
60090.52764983;15.236;0.489;NEOWISE;WISE(W2);NEOWISE
60090.52764983;15.509;0.148;NEOWISE;WISE(W1);NEOWISE
60090.59310152;15.433;0.133;NEOWISE;WISE(W1);NEOWISE
60090.7878012;15.672;0.161;NEOWISE;WISE(W1);NEOWISE
60090.85274354;15.449;0.126;NEOWISE;WISE(W1);NEOWISE
60091.11187624;15.338;0.139;NEOWISE;WISE(W1);NEOWISE
60091.11187624;14.697;0.296;NEOWISE;WISE(W2);NEOWISE
60093.90286909;14.661;0.483;NEOWISE;WISE(W2);NEOWISE
60093.90286909;15.554;0.281;NEOWISE;WISE(W1);NEOWISE
60093.9029964;15.594;0.182;NEOWISE;WISE(W1);NEOWISE
60093.96781137;16.045;0.257;NEOWISE;WISE(W1);NEOWISE
60093.96781137;14.352;0.423;NEOWISE;WISE(W2);NEOWISE
60094.09769608;14.814;0.534;NEOWISE;WISE(W2);NEOWISE
60094.09769608;15.921;0.231;NEOWISE;WISE(W1);NEOWISE
