MJD;Magnitude;Error;Facility;Filter;Observer
50776.460599999875;14.712;0.098;2MASS;2MASS(K);2MASS
50776.460599999875;15.825;0.08;2MASS;2MASS(J);2MASS
50776.460599999875;15.11;0.1;2MASS;2MASS(H);2MASS
53500.14398574;18.32571;0.13659039;SDSS;SDSS(r);SDSS
53500.14398574;18.320194;0.015972698;SDSS;SDSS(r);SDSS
53500.14481501;17.989798;0.10649599;SDSS;SDSS(i);SDSS
53500.14481501;17.983925;0.016288353;SDSS;SDSS(i);SDSS
53500.14564427;21.090733;1.0993563;SDSS;SDSS(u);SDSS
53500.14564427;20.974411;0.07267415;SDSS;SDSS(u);SDSS
53500.14647354;17.659576;0.022185685;SDSS;SDSS(z);SDSS
53500.14647354;17.677778;0.022933237;SDSS;SDSS(z);SDSS
53500.1473028;19.023474;0.5175961;SDSS;SDSS(g);SDSS
53500.1473028;19.005775;0.02604403;SDSS;SDSS(g);SDSS
53510.17564;17.29;0.06;CRTS;CRTS(CL);CRTS
53510.18155;17.37;0.06;CRTS;CRTS(CL);CRTS
53510.18748;17.38;0.06;CRTS;CRTS(CL);CRTS
53510.19344;17.27;0.06;CRTS;CRTS(CL);CRTS
53684.48669601;18.008343;0.017980495;SDSS;SDSS(r);SDSS
53684.48669601;17.999573;0.017086985;SDSS;SDSS(r);SDSS
53684.48752527;17.767351;0.021048013;SDSS;SDSS(i);SDSS
53684.48752527;17.770178;0.021468425;SDSS;SDSS(i);SDSS
53684.4883545401;20.498829;0.07176439;SDSS;SDSS(u);SDSS
53684.4883545401;20.55781;0.06354944;SDSS;SDSS(u);SDSS
53684.4891838;17.456255;0.02218776;SDSS;SDSS(z);SDSS
53684.4891838;17.451046;0.021466237;SDSS;SDSS(z);SDSS
53684.49001307;18.857964;0.019730244;SDSS;SDSS(g);SDSS
53684.49001307;18.842936;0.01860439;SDSS;SDSS(g);SDSS
53703.50294;17.27;0.06;CRTS;CRTS(CL);CRTS
53703.508;17.3;0.06;CRTS;CRTS(CL);CRTS
53703.51314;17.27;0.06;CRTS;CRTS(CL);CRTS
53703.51827;17.28;0.06;CRTS;CRTS(CL);CRTS
53731.45787;17.32;0.06;CRTS;CRTS(CL);CRTS
53731.47883;17.32;0.06;CRTS;CRTS(CL);CRTS
53741.39392;17.26;0.06;CRTS;CRTS(CL);CRTS
53741.39964;17.26;0.06;CRTS;CRTS(CL);CRTS
53741.40539;17.28;0.06;CRTS;CRTS(CL);CRTS
53741.4105093401;17.978825;0.015438792;SDSS;SDSS(r);SDSS
53741.4105093401;18.714407;0.01633318;SDSS;SDSS(r);SDSS
53741.41113;17.28;0.06;CRTS;CRTS(CL);CRTS
53741.41133861;17.601593;0.19619441;SDSS;SDSS(i);SDSS
53741.41133861;17.594122;0.012257347;SDSS;SDSS(i);SDSS
53741.41216787;20.54215;0.06445104;SDSS;SDSS(u);SDSS
53741.41216787;20.448286;0.07415807;SDSS;SDSS(u);SDSS
53741.41299714;17.420094;0.44412497;SDSS;SDSS(z);SDSS
53741.41299714;17.408524;0.021203449;SDSS;SDSS(z);SDSS
53741.4138264;18.862555;0.83012956;SDSS;SDSS(g);SDSS
53741.4138264;18.855663;0.016705485;SDSS;SDSS(g);SDSS
53757.46152;17.3;0.06;CRTS;CRTS(CL);CRTS
53757.46662;17.36;0.06;CRTS;CRTS(CL);CRTS
53757.47167;17.35;0.06;CRTS;CRTS(CL);CRTS
53757.47674;17.32;0.06;CRTS;CRTS(CL);CRTS
53773.36231;17.26;0.06;CRTS;CRTS(CL);CRTS
53773.36665;17.26;0.06;CRTS;CRTS(CL);CRTS
53773.37107;17.32;0.06;CRTS;CRTS(CL);CRTS
53773.3755;17.3;0.06;CRTS;CRTS(CL);CRTS
53827.20015;17.23;0.06;CRTS;CRTS(CL);CRTS
53827.20609;17.23;0.06;CRTS;CRTS(CL);CRTS
53827.21206;17.26;0.06;CRTS;CRTS(CL);CRTS
53827.21787;17.26;0.06;CRTS;CRTS(CL);CRTS
53828.16338;17.28;0.06;CRTS;CRTS(CL);CRTS
53828.16918;17.32;0.07;CRTS;CRTS(CL);CRTS
53828.17463;17.26;0.07;CRTS;CRTS(CL);CRTS
53828.18014;17.9;0.1;CRTS;CRTS(CL);CRTS
53851.1697;17.33;0.07;CRTS;CRTS(CL);CRTS
54060.46929;17.32;0.06;CRTS;CRTS(CL);CRTS
54060.47938;17.3;0.06;CRTS;CRTS(CL);CRTS
54060.48967;17.28;0.06;CRTS;CRTS(CL);CRTS
54060.49998;17.3;0.06;CRTS;CRTS(CL);CRTS
54060.5103;17.31;0.06;CRTS;CRTS(CL);CRTS
54110.41425;17.31;0.06;CRTS;CRTS(CL);CRTS
54110.41926;17.27;0.06;CRTS;CRTS(CL);CRTS
54110.42427;17.25;0.06;CRTS;CRTS(CL);CRTS
54110.42952;17.28;0.06;CRTS;CRTS(CL);CRTS
54127.34021;17.32;0.06;CRTS;CRTS(CL);CRTS
54127.34983;17.31;0.06;CRTS;CRTS(CL);CRTS
54127.35946;17.29;0.06;CRTS;CRTS(CL);CRTS
54127.36915;17.29;0.06;CRTS;CRTS(CL);CRTS
54137.43082;17.27;0.06;CRTS;CRTS(CL);CRTS
54137.43896;17.31;0.07;CRTS;CRTS(CL);CRTS
54137.44699;17.21;0.06;CRTS;CRTS(CL);CRTS
54137.45502;17.19;0.06;CRTS;CRTS(CL);CRTS
54156.15422;17.25;0.06;CRTS;CRTS(CL);CRTS
54156.15997;17.24;0.06;CRTS;CRTS(CL);CRTS
54156.1658;17.29;0.06;CRTS;CRTS(CL);CRTS
54156.17163;17.25;0.06;CRTS;CRTS(CL);CRTS
54173.24793;17.32;0.06;CRTS;CRTS(CL);CRTS
54173.25596;17.33;0.06;CRTS;CRTS(CL);CRTS
54173.26397;17.26;0.06;CRTS;CRTS(CL);CRTS
54173.27202;17.28;0.06;CRTS;CRTS(CL);CRTS
54201.18213;17.31;0.06;CRTS;CRTS(CL);CRTS
54201.18879;17.34;0.06;CRTS;CRTS(CL);CRTS
54201.19546;17.31;0.06;CRTS;CRTS(CL);CRTS
54201.2021;17.31;0.06;CRTS;CRTS(CL);CRTS
54246.15288;17.27;0.06;CRTS;CRTS(CL);CRTS
54246.15996;17.31;0.06;CRTS;CRTS(CL);CRTS
54246.16682;17.26;0.06;CRTS;CRTS(CL);CRTS
54246.17392;17.37;0.06;CRTS;CRTS(CL);CRTS
54596.13462;17.33;0.06;CRTS;CRTS(CL);CRTS
54596.14192;17.33;0.06;CRTS;CRTS(CL);CRTS
54596.14975;17.28;0.06;CRTS;CRTS(CL);CRTS
54596.15731;17.27;0.06;CRTS;CRTS(CL);CRTS
54778.48399;17.32;0.06;CRTS;CRTS(CL);CRTS
54778.48803;17.29;0.06;CRTS;CRTS(CL);CRTS
54778.49207;17.28;0.06;CRTS;CRTS(CL);CRTS
54778.49603;17.31;0.06;CRTS;CRTS(CL);CRTS
54807.40491;17.24;0.07;CRTS;CRTS(CL);CRTS
54807.41025;17.27;0.07;CRTS;CRTS(CL);CRTS
54807.41558;17.22;0.07;CRTS;CRTS(CL);CRTS
54807.42092;17.22;0.07;CRTS;CRTS(CL);CRTS
54822.38446;17.31;0.06;CRTS;CRTS(CL);CRTS
54822.38954;17.31;0.06;CRTS;CRTS(CL);CRTS
54822.39466;17.28;0.06;CRTS;CRTS(CL);CRTS
54822.39975;17.31;0.06;CRTS;CRTS(CL);CRTS
54884.22474;17.28;0.06;CRTS;CRTS(CL);CRTS
54884.23096;17.3;0.07;CRTS;CRTS(CL);CRTS
54884.23718;17.29;0.06;CRTS;CRTS(CL);CRTS
54890.26228;17.32;0.07;CRTS;CRTS(CL);CRTS
54890.28815;17.32;0.07;CRTS;CRTS(CL);CRTS
54890.29495;17.28;0.06;CRTS;CRTS(CL);CRTS
54890.30208;17.28;0.06;CRTS;CRTS(CL);CRTS
54911.19782;17.37;0.07;CRTS;CRTS(CL);CRTS
54911.20397;17.34;0.07;CRTS;CRTS(CL);CRTS
54911.2102;17.31;0.07;CRTS;CRTS(CL);CRTS
54911.21643;17.31;0.07;CRTS;CRTS(CL);CRTS
54948.18193;17.34;0.07;CRTS;CRTS(CL);CRTS
54948.18746;17.31;0.07;CRTS;CRTS(CL);CRTS
54948.19294;17.33;0.07;CRTS;CRTS(CL);CRTS
54948.19841;17.31;0.07;CRTS;CRTS(CL);CRTS
55150.43879;17.28;0.07;CRTS;CRTS(CL);CRTS
55150.44516;17.45;0.07;CRTS;CRTS(CL);CRTS
55150.45152;17.46;0.07;CRTS;CRTS(CL);CRTS
55150.45802;17.31;0.07;CRTS;CRTS(CL);CRTS
55180.51766;17.3;0.07;CRTS;CRTS(CL);CRTS
55180.52123;17.28;0.07;CRTS;CRTS(CL);CRTS
55180.52478;17.25;0.07;CRTS;CRTS(CL);CRTS
55180.5284;17.24;0.07;CRTS;CRTS(CL);CRTS
55270.21907;17.3;0.07;CRTS;CRTS(CL);CRTS
55270.22742;17.28;0.07;CRTS;CRTS(CL);CRTS
55270.23582;17.34;0.07;CRTS;CRTS(CL);CRTS
55270.24427;17.31;0.07;CRTS;CRTS(CL);CRTS
55297.16535;17.3;0.07;CRTS;CRTS(CL);CRTS
55297.17253;17.33;0.07;CRTS;CRTS(CL);CRTS
55297.17961;17.34;0.07;CRTS;CRTS(CL);CRTS
55297.18678;17.31;0.07;CRTS;CRTS(CL);CRTS
55319.2078872;17.200618743896484;0.04030795022845268;PTF;PTF(R);PTF
55502.47678;17.29;0.06;CRTS;CRTS(CL);CRTS
55502.48371;17.27;0.06;CRTS;CRTS(CL);CRTS
55502.49069;17.32;0.06;CRTS;CRTS(CL);CRTS
55502.49757;17.35;0.06;CRTS;CRTS(CL);CRTS
55530.0507578;18.0477;0.002699;PS1;PS1(r);PS1
55538.46486;17.33;0.06;CRTS;CRTS(CL);CRTS
55538.47066;17.36;0.06;CRTS;CRTS(CL);CRTS
55538.4765;17.3;0.06;CRTS;CRTS(CL);CRTS
55538.48232;17.36;0.06;CRTS;CRTS(CL);CRTS
55561.5465036;18.8752;0.005675;PS1;PS1(g);PS1
55589.32726;17.28;0.06;CRTS;CRTS(CL);CRTS
55589.33471;17.3;0.06;CRTS;CRTS(CL);CRTS
55589.34219;17.29;0.06;CRTS;CRTS(CL);CRTS
55589.34973;17.34;0.06;CRTS;CRTS(CL);CRTS
55598.4376;17.28;0.06;CRTS;CRTS(CL);CRTS
55598.44335;17.29;0.07;CRTS;CRTS(CL);CRTS
55598.44919;17.28;0.06;CRTS;CRTS(CL);CRTS
55598.45502;17.29;0.06;CRTS;CRTS(CL);CRTS
55621.20581;17.31;0.06;CRTS;CRTS(CL);CRTS
55621.21105;17.35;0.06;CRTS;CRTS(CL);CRTS
55621.21634;17.31;0.06;CRTS;CRTS(CL);CRTS
55621.22153;17.3;0.06;CRTS;CRTS(CL);CRTS
55649.19758;17.29;0.06;CRTS;CRTS(CL);CRTS
55649.20273;17.32;0.06;CRTS;CRTS(CL);CRTS
55649.20788;17.37;0.07;CRTS;CRTS(CL);CRTS
55649.21309;17.31;0.06;CRTS;CRTS(CL);CRTS
55705.17815;17.23;0.06;CRTS;CRTS(CL);CRTS
55705.18385;17.31;0.07;CRTS;CRTS(CL);CRTS
55705.1897;17.27;0.07;CRTS;CRTS(CL);CRTS
55705.19554;17.32;0.07;CRTS;CRTS(CL);CRTS
55862.49041;17.33;0.06;CRTS;CRTS(CL);CRTS
55862.49566;17.31;0.06;CRTS;CRTS(CL);CRTS
55862.50076;17.3;0.06;CRTS;CRTS(CL);CRTS
55862.50605;17.32;0.06;CRTS;CRTS(CL);CRTS
55891.40916;17.29;0.06;CRTS;CRTS(CL);CRTS
55891.41671;17.31;0.06;CRTS;CRTS(CL);CRTS
55891.42437;17.35;0.06;CRTS;CRTS(CL);CRTS
55891.43189;17.32;0.06;CRTS;CRTS(CL);CRTS
55931.1316944;17.5795;0.004172;PS1;PS1(z);PS1
55941.3691672;17.25928497314453;0.079944908618927;PTF;PTF(R);PTF
55941.4669272;17.25130271911621;0.09741444885730743;PTF;PTF(R);PTF
55943.3296272;17.260759353637695;0.03003140352666378;PTF;PTF(R);PTF
55944.4565372;17.252965927124023;0.12607915699481964;PTF;PTF(R);PTF
55946.4669872;17.201589584350586;0.1612432301044464;PTF;PTF(R);PTF
55952.3036772;17.26804542541504;0.028456972911953926;PTF;PTF(R);PTF
55952.3365672;17.223588943481445;0.028314217925071716;PTF;PTF(R);PTF
55952.4479372;17.227148056030273;0.028784791007637978;PTF;PTF(R);PTF
55959.2795172;17.238872528076172;0.049720630049705505;PTF;PTF(R);PTF
55959.3201472;17.227148056030273;0.07811057567596436;PTF;PTF(R);PTF
55959.3648572;17.25973129272461;0.04933185875415802;PTF;PTF(R);PTF
55959.4343372;17.261266708374023;0.04893529787659645;PTF;PTF(R);PTF
55961.1542072;17.319089889526367;0.13854581117630005;PTF;PTF(R);PTF
55962.3047472;17.289955139160156;0.043401893228292465;PTF;PTF(R);PTF
55981.23036;17.3;0.06;CRTS;CRTS(CL);CRTS
55981.23884;17.32;0.06;CRTS;CRTS(CL);CRTS
55981.24751;17.3;0.06;CRTS;CRTS(CL);CRTS
55981.2562;17.33;0.06;CRTS;CRTS(CL);CRTS
55988.17763;17.3;0.06;CRTS;CRTS(CL);CRTS
55988.18278;17.32;0.06;CRTS;CRTS(CL);CRTS
55988.18803;17.3;0.06;CRTS;CRTS(CL);CRTS
55988.19327;17.3;0.06;CRTS;CRTS(CL);CRTS
56011.22441;17.34;0.06;CRTS;CRTS(CL);CRTS
56011.23188;17.31;0.06;CRTS;CRTS(CL);CRTS
56011.23939;17.34;0.07;CRTS;CRTS(CL);CRTS
56011.2469;17.35;0.07;CRTS;CRTS(CL);CRTS
56018.1488098;17.8697;0.002154;PS1;PS1(i);PS1
56035.13824;17.32;0.07;CRTS;CRTS(CL);CRTS
56035.14688;17.3;0.07;CRTS;CRTS(CL);CRTS
56035.15545;17.34;0.07;CRTS;CRTS(CL);CRTS
56035.1641;17.34;0.07;CRTS;CRTS(CL);CRTS
56354.1802372;17.271448135375977;0.1509959101676941;PTF;PTF(R);PTF
56354.2102572;17.26515769958496;0.15118475258350372;PTF;PTF(R);PTF
56356.1461872;17.271251678466797;0.2312508225440979;PTF;PTF(R);PTF
56356.2048172;17.198837280273438;0.23129385709762573;PTF;PTF(R);PTF
56357.1516472;17.209230422973633;0.026596954092383385;PTF;PTF(R);PTF
56357.1819772;17.224140167236328;0.026068339124321938;PTF;PTF(R);PTF
56357.2114872;17.245038986206055;0.026061110198497772;PTF;PTF(R);PTF
56362.1416772;17.25244903564453;0.02708672732114792;PTF;PTF(R);PTF
56362.1719272;17.22782325744629;0.027276447042822838;PTF;PTF(R);PTF
56362.2007672;17.253820419311523;0.026459041982889175;PTF;PTF(R);PTF
56363.1441272;17.23814582824707;0.025960130617022514;PTF;PTF(R);PTF
56363.2038272;17.25018882751465;0.02570752426981926;PTF;PTF(R);PTF
56365.1360772;17.261091232299805;0.026389947161078453;PTF;PTF(R);PTF
56365.1475772;17.28059196472168;0.025853434577584267;PTF;PTF(R);PTF
56365.1590772;17.287858963012695;0.025860212743282318;PTF;PTF(R);PTF
56365.1705972;17.275449752807617;0.025607692077755928;PTF;PTF(R);PTF
56372.1488172;17.209257125854492;0.49295419454574585;PTF;PTF(R);PTF
56372.1787972;17.252674102783203;0.4902598261833191;PTF;PTF(R);PTF
56389.16828;17.29;0.07;CRTS;CRTS(CL);CRTS
56389.17351;17.28;0.07;CRTS;CRTS(CL);CRTS
56389.17877;17.29;0.07;CRTS;CRTS(CL);CRTS
56389.18401;17.31;0.07;CRTS;CRTS(CL);CRTS
56573.49622;17.27;0.07;CRTS;CRTS(CL);CRTS
56573.5012;17.3;0.07;CRTS;CRTS(CL);CRTS
56573.50617;17.3;0.07;CRTS;CRTS(CL);CRTS
56573.51114;17.35;0.07;CRTS;CRTS(CL);CRTS
56637.449;17.29;0.07;CRTS;CRTS(CL);CRTS
56637.45463;17.33;0.07;CRTS;CRTS(CL);CRTS
56637.46025;17.33;0.07;CRTS;CRTS(CL);CRTS
56637.46588;17.3;0.07;CRTS;CRTS(CL);CRTS
56708.1497872;17.224828720092773;0.042242713272571564;PTF;PTF(R);PTF
56708.1659572;17.251585006713867;0.042027853429317474;PTF;PTF(R);PTF
56708.1818772;17.277851104736328;0.041633184999227524;PTF;PTF(R);PTF
56708.1981272;17.257278442382812;0.041241127997636795;PTF;PTF(R);PTF
56708.2143772;17.268190383911133;0.041011616587638855;PTF;PTF(R);PTF
56708.2306172;17.259519577026367;0.04103131592273712;PTF;PTF(R);PTF
56708.2457472;17.26465606689453;0.04133088141679764;PTF;PTF(R);PTF
56708.2608872;17.226093292236328;0.04112761840224266;PTF;PTF(R);PTF
56708.2760272;17.23580551147461;0.04179276525974274;PTF;PTF(R);PTF
56708.2912072;17.25731086730957;0.04151648283004761;PTF;PTF(R);PTF
56708.3374172;17.290672302246094;0.04188746586441994;PTF;PTF(R);PTF
56708.4002872;17.2829647064209;0.04362983629107475;PTF;PTF(R);PTF
56708.4183072;17.24895477294922;0.044190410524606705;PTF;PTF(R);PTF
56708.4346372;17.237104415893555;0.044946033507585526;PTF;PTF(R);PTF
56709.1498072;17.269046783447266;0.1861433982849121;PTF;PTF(R);PTF
56709.1593172;17.27727699279785;0.18602463603019714;PTF;PTF(R);PTF
56709.1755172;17.28779411315918;0.18607982993125916;PTF;PTF(R);PTF
56709.1941672;17.229904174804688;0.18636097013950348;PTF;PTF(R);PTF
56709.2243272;17.98343276977539;0.2112513780593872;PTF;PTF(R);PTF
56709.2554272;17.342975616455078;0.19285975396633148;PTF;PTF(R);PTF
56709.2707072;17.246553421020508;0.18926778435707092;PTF;PTF(R);PTF
56709.2861172;17.229536056518555;0.18611255288124084;PTF;PTF(R);PTF
56709.3015172;17.288671493530273;0.18604640662670135;PTF;PTF(R);PTF
56709.3341272;17.276594161987305;0.18742826581001282;PTF;PTF(R);PTF
56709.3647072;17.40116310119629;0.18776491284370422;PTF;PTF(R);PTF
56709.3952272;17.346576690673828;0.18886467814445496;PTF;PTF(R);PTF
56709.4258272;17.34090805053711;0.18807579576969147;PTF;PTF(R);PTF
56709.4545672;17.384387969970703;0.19534580409526825;PTF;PTF(R);PTF
56709.4683972;17.315065383911133;0.19389545917510986;PTF;PTF(R);PTF
56710.1313372;17.286157608032227;0.06214036047458649;PTF;PTF(R);PTF
56710.1460072;17.248748779296875;0.06215911731123924;PTF;PTF(R);PTF
56710.1630572;17.27061653137207;0.06214578077197075;PTF;PTF(R);PTF
56710.1781372;17.25934410095215;0.062104325741529465;PTF;PTF(R);PTF
56710.1938072;17.28091812133789;0.06155630201101303;PTF;PTF(R);PTF
56710.2095272;17.24199867248535;0.0618383064866066;PTF;PTF(R);PTF
56710.2252172;17.237363815307617;0.06152261421084404;PTF;PTF(R);PTF
56710.2409672;17.216934204101562;0.06172661483287811;PTF;PTF(R);PTF
56710.2560972;17.274316787719727;0.0613868311047554;PTF;PTF(R);PTF
56710.2730672;17.254114151000977;0.0615958534181118;PTF;PTF(R);PTF
56710.2885872;17.186290740966797;0.06187112256884575;PTF;PTF(R);PTF
56710.3039372;17.258974075317383;0.06137505918741226;PTF;PTF(R);PTF
56710.3192772;17.212738037109375;0.0617932565510273;PTF;PTF(R);PTF
56710.3346972;17.226730346679688;0.06147126480937004;PTF;PTF(R);PTF
56710.3661672;17.320817947387695;0.06274658441543579;PTF;PTF(R);PTF
56710.3818172;17.25732421875;0.06202869489789009;PTF;PTF(R);PTF
56710.3963572;17.25725746154785;0.06433410942554474;PTF;PTF(R);PTF
56710.4123372;17.256649017333984;0.06238628923892975;PTF;PTF(R);PTF
56710.4430472;17.25993537902832;0.06253279745578766;PTF;PTF(R);PTF
56710.4727072;17.237926483154297;0.06331417709589005;PTF;PTF(R);PTF
56711.1619672;17.306045532226562;0.03969629481434822;PTF;PTF(R);PTF
56711.1743072;17.277563095092773;0.039754629135131836;PTF;PTF(R);PTF
56711.1912072;17.26921272277832;0.039745431393384933;PTF;PTF(R);PTF
56711.2071072;17.23885726928711;0.03989843279123306;PTF;PTF(R);PTF
56711.2232072;17.275922775268555;0.039208002388477325;PTF;PTF(R);PTF
56711.2392372;17.267749786376953;0.039548445492982864;PTF;PTF(R);PTF
56711.2552172;17.28432273864746;0.039363715797662735;PTF;PTF(R);PTF
56711.2706572;17.197628021240234;0.03977958858013153;PTF;PTF(R);PTF
56711.2862972;17.268123626708984;0.03988513723015785;PTF;PTF(R);PTF
56711.3011672;17.212247848510742;0.03954681009054184;PTF;PTF(R);PTF
56711.3149172;17.28617286682129;0.04038691148161888;PTF;PTF(R);PTF
56711.3305172;17.28374481201172;0.039126280695199966;PTF;PTF(R);PTF
56711.3481072;17.219505310058594;0.0397084504365921;PTF;PTF(R);PTF
56711.3791972;17.240758895874023;0.03940189629793167;PTF;PTF(R);PTF
56711.3941372;17.262523651123047;0.03951421007514;PTF;PTF(R);PTF
56711.4097872;17.2479248046875;0.0405108779668808;PTF;PTF(R);PTF
56711.4250772;17.283018112182617;0.03986455872654915;PTF;PTF(R);PTF
56711.4388672;17.333417892456055;0.04636429250240326;PTF;PTF(R);PTF
56711.4587972;17.27161407470703;0.040465474128723145;PTF;PTF(R);PTF
56943.5123672;17.223981857299805;0.04612705856561661;PTF;PTF(R);PTF
56943.5269872;17.248628616333008;0.04642338678240776;PTF;PTF(R);PTF
56984.271310000215;19.24;0.05525861556300781;Gaia Alerts;GSA(G);Gaia Alerts
56985.4909572;17.26606559753418;0.1712007075548172;PTF;PTF(R);PTF
56986.5426872;17.195648193359375;0.043398384004831314;PTF;PTF(R);PTF
56987.4758272;17.208213806152344;0.033064957708120346;PTF;PTF(R);PTF
56987.5188772;17.205604553222656;0.03287055715918541;PTF;PTF(R);PTF
57045.3510972;17.222139358520508;0.100941002368927;PTF;PTF(R);PTF
57045.4816272;17.207401275634766;0.10108863562345505;PTF;PTF(R);PTF
57047.2845972;17.22235679626465;0.0321040041744709;PTF;PTF(R);PTF
57047.3493172;17.20484161376953;0.0320182666182518;PTF;PTF(R);PTF
57047.4151072;17.23725128173828;0.032195474952459335;PTF;PTF(R);PTF
57047.4812572;17.232173919677734;0.03274696320295334;PTF;PTF(R);PTF
57047.5405772;17.276872634887695;0.03456968814134598;PTF;PTF(R);PTF
57050.5357272;17.296119689941406;0.2445210963487625;PTF;PTF(R);PTF
57330.50759000005;19.17;0.05299074190947552;Gaia Alerts;GSA(G);Gaia Alerts
57330.58161000023;19.03;0.0487304026625236;Gaia Alerts;GSA(G);Gaia Alerts
57364.48877000017;19.13;0.05173685200730607;Gaia Alerts;GSA(G);Gaia Alerts
57378.24472999992;19.02;0.04843953885478403;Gaia Alerts;GSA(G);Gaia Alerts
57378.49491999997;19.1;0.0508159442560561;Gaia Alerts;GSA(G);Gaia Alerts
57562.75404000003;19.13;0.05173685200730607;Gaia Alerts;GSA(G);Gaia Alerts
57658.32200000016;19.05;0.049317380395493646;Gaia Alerts;GSA(G);Gaia Alerts
57670.07834000001;19.18;0.05330893422367013;Gaia Alerts;GSA(G);Gaia Alerts
57706.057200000156;19.16;0.05267444883319066;Gaia Alerts;GSA(G);Gaia Alerts
57706.131219999865;19.12;0.051428043194879286;Gaia Alerts;GSA(G);Gaia Alerts
57840.22696000012;19.05;0.049317380395493646;Gaia Alerts;GSA(G);Gaia Alerts
57856.156390000135;19.14;0.05204751511705225;Gaia Alerts;GSA(G);Gaia Alerts
57862.69913061;14.475;0.132;NEOWISE;WISE(W1);NEOWISE
58031.49783999985;19.05;0.049317380395493646;Gaia Alerts;GSA(G);Gaia Alerts
58051.00155999977;19.24;0.05525861556300781;Gaia Alerts;GSA(G);Gaia Alerts
58202.2560532;18.5157166;0.0423441119;ZTF;ZTF(zg);ZTF
58202.2655671;18.501976;0.0419528186;ZTF;ZTF(zg);ZTF
58207.2364815;18.4868889;0.0415283702;ZTF;ZTF(zg);ZTF
58207.2596991;18.6547489;0.0465681478;ZTF;ZTF(zg);ZTF
58210.2314352;18.465723;0.0409419239;ZTF;ZTF(zg);ZTF
58217.1978819;17.712677;0.0253968351;ZTF;ZTF(zr);ZTF
58217.219456;17.6772919;0.0248061493;ZTF;ZTF(zr);ZTF
58227.1642708;17.6517639;0.0243920553;ZTF;ZTF(zr);ZTF
58234.2271759;18.6168289;0.0453669168;ZTF;ZTF(zg);ZTF
58237.2072801;18.5942802;0.0446704514;ZTF;ZTF(zg);ZTF
58243.1511921;17.6834373;0.0249073487;ZTF;ZTF(zr);ZTF
58243.1930903;18.4612198;0.0408185273;ZTF;ZTF(zg);ZTF
58247.186875;18.5914764;0.0445847586;ZTF;ZTF(zg);ZTF
58247.2175;17.7743378;0.0264739264;ZTF;ZTF(zr);ZTF
58406.045129999984;18.91;0.04535237134514455;Gaia Alerts;GSA(G);Gaia Alerts
58425.4814005;17.5610294;0.0229984559;ZTF;ZTF(zr);ZTF
58425.5209722;18.3984451;0.0391463377;ZTF;ZTF(zg);ZTF
58428.5009491;17.7047806;0.0252633207;ZTF;ZTF(zr);ZTF
58428.5435648;18.5622177;0.0437024757;ZTF;ZTF(zg);ZTF
58430.5490278;18.6081276;0.0450966023;ZTF;ZTF(zg);ZTF
58431.4764815;18.3630009;0.0382408835;ZTF;ZTF(zg);ZTF
58431.5246181;17.568552;0.0231094994;ZTF;ZTF(zr);ZTF
58434.4986227;17.4503517;0.0214539543;ZTF;ZTF(zr);ZTF
58434.5396644;18.396122;0.0390861444;ZTF;ZTF(zg);ZTF
58437.4842245;18.5451069;0.0431964435;ZTF;ZTF(zg);ZTF
58439.3921759;17.6503506;0.024369413;ZTF;ZTF(zr);ZTF
58439.4747222;18.6394424;0.0460787043;ZTF;ZTF(zg);ZTF
58440.4606019;18.5769615;0.0441443697;ZTF;ZTF(zg);ZTF
58440.5404398;17.6602898;0.0245292541;ZTF;ZTF(zr);ZTF
58442.3932755;17.7944412;0.0268386602;ZTF;ZTF(zr);ZTF
58443.4622454;17.6942902;0.0250874683;ZTF;ZTF(zr);ZTF
58443.5208333;18.5730152;0.0440255702;ZTF;ZTF(zg);ZTF
58447.460544;17.606575;0.0236830302;ZTF;ZTF(zr);ZTF
58447.5181829;17.6491356;0.0243499801;ZTF;ZTF(zr);ZTF
58448.4641667;17.7172756;0.0254750326;ZTF;ZTF(zr);ZTF
58449.4499769;17.7117348;0.0253808405;ZTF;ZTF(zr);ZTF
58456.71296000015;19.16;0.05267444883319066;Gaia Alerts;GSA(G);Gaia Alerts
58461.5025116;17.7168694;0.0254681055;ZTF;ZTF(zr);ZTF
58464.4995602;18.547657;0.0432714224;ZTF;ZTF(zg);ZTF
58472.4360417;17.7516785;0.0260708965;ZTF;ZTF(zr);ZTF
58472.4431019;17.7102737;0.0253560953;ZTF;ZTF(zr);ZTF
58472.5015972;18.5344772;0.0428857654;ZTF;ZTF(zg);ZTF
58475.5170718;18.6290016;0.0457483828;ZTF;ZTF(zg);ZTF
58476.4395718;17.7474937;0.0259974021;ZTF;ZTF(zr);ZTF
58480.4547917;17.6492958;0.0243525542;ZTF;ZTF(zr);ZTF
58480.4845139;18.4614849;0.0408257619;ZTF;ZTF(zg);ZTF
58481.4352315;17.6602535;0.0245286766;ZTF;ZTF(zr);ZTF
58482.5153704;18.4661179;0.0409527905;ZTF;ZTF(zg);ZTF
58486.4379282;18.372921;0.0384915322;ZTF;ZTF(zg);ZTF
58486.4572917;17.6230145;0.0239374638;ZTF;ZTF(zr);ZTF
58486.4760532;17.7173424;0.0254761688;ZTF;ZTF(zr);ZTF
58491.4391319;18.4806824;0.0413553007;ZTF;ZTF(zg);ZTF
58492.4790972;17.7588825;0.0261981301;ZTF;ZTF(zr);ZTF
58493.471875;17.6334991;0.024101818;ZTF;ZTF(zr);ZTF
58494.4669676;18.523037;0.0425544493;ZTF;ZTF(zg);ZTF
58502.4239815;17.6253376;0.0239737444;ZTF;ZTF(zr);ZTF
58502.5051736;17.5682869;0.0231055599;ZTF;ZTF(zr);ZTF
58503.3049653;17.3406677;0.0200778618;ZTF;ZTF(zr);ZTF
58503.4074537;17.8253117;0.027412124;ZTF;ZTF(zr);ZTF
58503.4240509;17.6929626;0.0250653271;ZTF;ZTF(zr);ZTF
58503.4404745;17.661747;0.0245528053;ZTF;ZTF(zr);ZTF
58503.4568403;17.7850971;0.0266682953;ZTF;ZTF(zr);ZTF
58507.2772454;17.7973156;0.0268913861;ZTF;ZTF(zr);ZTF
58507.4676968;18.4661255;0.0409529917;ZTF;ZTF(zg);ZTF
58510.2745718;17.6899796;0.0250157081;ZTF;ZTF(zr);ZTF
58511.4105903;17.7250519;0.025608046;ZTF;ZTF(zr);ZTF
58513.4116551;17.6280861;0.0240167771;ZTF;ZTF(zr);ZTF
58523.2123032;17.708725;0.025329873;ZTF;ZTF(zr);ZTF
58523.2534375;17.6874466;0.02497367;ZTF;ZTF(zr);ZTF
58523.2563194;17.7423496;0.0259074364;ZTF;ZTF(zr);ZTF
58523.2591898;17.6886196;0.0249931235;ZTF;ZTF(zr);ZTF
58523.2620718;17.6957283;0.0251114648;ZTF;ZTF(zr);ZTF
58523.2649537;17.6904144;0.0250229165;ZTF;ZTF(zr);ZTF
58523.2678356;17.6305923;0.0240560938;ZTF;ZTF(zr);ZTF
58523.2707176;17.6967583;0.0251286775;ZTF;ZTF(zr);ZTF
58523.2736111;17.6822243;0.0248873215;ZTF;ZTF(zr);ZTF
58523.2765046;17.6614456;0.0245479457;ZTF;ZTF(zr);ZTF
58523.2793981;17.621994;0.0239215549;ZTF;ZTF(zr);ZTF
58523.2823032;17.7033768;0.0252396781;ZTF;ZTF(zr);ZTF
58523.2851968;17.6704254;0.0246937871;ZTF;ZTF(zr);ZTF
58523.2881019;17.688036;0.024983434;ZTF;ZTF(zr);ZTF
58523.2910069;17.689785;0.0250124596;ZTF;ZTF(zr);ZTF
58523.293912;17.6966934;0.0251276009;ZTF;ZTF(zr);ZTF
58523.2968287;17.7026806;0.0252279714;ZTF;ZTF(zr);ZTF
58523.2997454;17.6405621;0.0242134612;ZTF;ZTF(zr);ZTF
58523.3055787;17.6693287;0.0246759076;ZTF;ZTF(zr);ZTF
58523.3127431;17.7148895;0.0254344214;ZTF;ZTF(zr);ZTF
58523.3156481;17.7351246;0.0257817991;ZTF;ZTF(zr);ZTF
58523.3185648;17.6865273;0.0249584466;ZTF;ZTF(zr);ZTF
58523.3214931;17.692873;0.0250638388;ZTF;ZTF(zr);ZTF
58523.3244213;17.6747932;0.0247651804;ZTF;ZTF(zr);ZTF
58523.3273727;17.7037582;0.0252460968;ZTF;ZTF(zr);ZTF
58523.3303125;17.6842575;0.0249208976;ZTF;ZTF(zr);ZTF
58523.3333565;17.6708908;0.0247013923;ZTF;ZTF(zr);ZTF
58523.3364236;17.6728325;0.0247331113;ZTF;ZTF(zr);ZTF
58523.3394676;17.675087;0.0247700028;ZTF;ZTF(zr);ZTF
58523.3424769;17.6729813;0.0247355271;ZTF;ZTF(zr);ZTF
58523.345463;17.6680641;0.0246553309;ZTF;ZTF(zr);ZTF
58523.3484491;17.6683483;0.0246599484;ZTF;ZTF(zr);ZTF
58523.3514352;17.7122574;0.0253897142;ZTF;ZTF(zr);ZTF
58523.3544097;17.670454;0.0246942546;ZTF;ZTF(zr);ZTF
58523.3573958;17.687561;0.0249755699;ZTF;ZTF(zr);ZTF
58523.3603704;17.6674175;0.0246447977;ZTF;ZTF(zr);ZTF
58523.3633333;17.7087975;0.0253311004;ZTF;ZTF(zr);ZTF
58523.3662963;17.6784096;0.0248245187;ZTF;ZTF(zr);ZTF
58523.3692477;17.6824627;0.0248912554;ZTF;ZTF(zr);ZTF
58523.3722106;17.6679916;0.0246541463;ZTF;ZTF(zr);ZTF
58523.3751505;17.6853943;0.0249396805;ZTF;ZTF(zr);ZTF
58523.3780903;17.6516666;0.0243904907;ZTF;ZTF(zr);ZTF
58523.3810185;17.6569176;0.0244748536;ZTF;ZTF(zr);ZTF
58523.3839468;17.6794434;0.0248415116;ZTF;ZTF(zr);ZTF
58523.386875;17.6950397;0.0250999574;ZTF;ZTF(zr);ZTF
58523.3897917;17.6871758;0.0249691885;ZTF;ZTF(zr);ZTF
58523.3927083;17.681076;0.0248683989;ZTF;ZTF(zr);ZTF
58523.3956134;17.6958046;0.0251127388;ZTF;ZTF(zr);ZTF
58523.3985185;17.6649399;0.0246045534;ZTF;ZTF(zr);ZTF
58523.4071991;17.7065697;0.0252934676;ZTF;ZTF(zr);ZTF
58524.25375;17.7037163;0.0252453964;ZTF;ZTF(zr);ZTF
58524.2566319;17.6951332;0.0251015332;ZTF;ZTF(zr);ZTF
58524.2595139;17.6658478;0.0246192776;ZTF;ZTF(zr);ZTF
58524.2624074;17.6627731;0.0245694201;ZTF;ZTF(zr);ZTF
58524.2652894;17.6490479;0.0243485887;ZTF;ZTF(zr);ZTF
58524.2681713;17.6238098;0.0239498727;ZTF;ZTF(zr);ZTF
58524.2710648;17.6622486;0.0245609283;ZTF;ZTF(zr);ZTF
58524.2739583;17.6585064;0.024500465;ZTF;ZTF(zr);ZTF
58524.2768519;17.6941414;0.0250849798;ZTF;ZTF(zr);ZTF
58524.2797454;17.6981354;0.0251517128;ZTF;ZTF(zr);ZTF
58524.2826389;17.709137;0.0253368486;ZTF;ZTF(zr);ZTF
58524.285544;17.6863461;0.0249554422;ZTF;ZTF(zr);ZTF
58524.2884491;17.6181793;0.0238622166;ZTF;ZTF(zr);ZTF
58524.2913657;17.6529503;0.0244110767;ZTF;ZTF(zr);ZTF
58524.2942708;17.6688862;0.024668701;ZTF;ZTF(zr);ZTF
58524.2971875;17.6601562;0.0245270971;ZTF;ZTF(zr);ZTF
58524.3001042;17.6331635;0.024096543;ZTF;ZTF(zr);ZTF
58524.3030208;17.6627388;0.0245688595;ZTF;ZTF(zr);ZTF
58524.3059375;17.660181;0.0245275013;ZTF;ZTF(zr);ZTF
58524.3088542;17.6997032;0.0251779743;ZTF;ZTF(zr);ZTF
58524.3117708;17.6804695;0.024858404;ZTF;ZTF(zr);ZTF
58524.3146759;17.6823425;0.024889268;ZTF;ZTF(zr);ZTF
58524.3175926;17.6662998;0.0246266387;ZTF;ZTF(zr);ZTF
58524.3205208;17.7372856;0.0258192904;ZTF;ZTF(zr);ZTF
58524.3234606;17.65835;0.0244979486;ZTF;ZTF(zr);ZTF
58524.326412;17.6716537;0.0247138459;ZTF;ZTF(zr);ZTF
58524.3292593;17.6823883;0.0248900354;ZTF;ZTF(zr);ZTF
58524.3323264;17.6383629;0.0241786167;ZTF;ZTF(zr);ZTF
58524.3353704;17.7003384;0.0251886304;ZTF;ZTF(zr);ZTF
58524.3383912;17.65835;0.0244979486;ZTF;ZTF(zr);ZTF
58524.3414005;17.6931744;0.0250688642;ZTF;ZTF(zr);ZTF
58524.3443634;17.6600914;0.0245260559;ZTF;ZTF(zr);ZTF
58524.3473611;17.6655293;0.0246141106;ZTF;ZTF(zr);ZTF
58524.3503356;17.6962967;0.0251209661;ZTF;ZTF(zr);ZTF
58524.3533218;17.6716461;0.0247137081;ZTF;ZTF(zr);ZTF
58524.3562963;17.6949959;0.025099244;ZTF;ZTF(zr);ZTF
58524.3592593;17.7069931;0.0253006294;ZTF;ZTF(zr);ZTF
58524.3622222;17.729248;0.0256802272;ZTF;ZTF(zr);ZTF
58524.3651852;17.6562862;0.0244647022;ZTF;ZTF(zr);ZTF
58524.3681366;17.6711082;0.0247049313;ZTF;ZTF(zr);ZTF
58524.3710764;17.644413;0.0242746547;ZTF;ZTF(zr);ZTF
58524.3740278;17.683609;0.0249101855;ZTF;ZTF(zr);ZTF
58524.376956;17.6819992;0.0248836074;ZTF;ZTF(zr);ZTF
58524.3798843;17.5864716;0.0233772136;ZTF;ZTF(zr);ZTF
58524.3828125;17.6580601;0.0244932771;ZTF;ZTF(zr);ZTF
58524.3857292;17.6273994;0.0240060184;ZTF;ZTF(zr);ZTF
58524.3886458;17.703228;0.0252371728;ZTF;ZTF(zr);ZTF
58524.3915509;17.6958275;0.0251131188;ZTF;ZTF(zr);ZTF
58524.394456;17.7005997;0.0251930095;ZTF;ZTF(zr);ZTF
58524.3973611;17.6589317;0.0245073326;ZTF;ZTF(zr);ZTF
58524.4002546;17.6663399;0.0246272758;ZTF;ZTF(zr);ZTF
58524.4031481;17.6592922;0.0245131403;ZTF;ZTF(zr);ZTF
58524.4060417;17.6844387;0.0249238908;ZTF;ZTF(zr);ZTF
58524.4089236;17.7237873;0.0255863667;ZTF;ZTF(zr);ZTF
58524.4118171;17.6757221;0.024780415;ZTF;ZTF(zr);ZTF
58524.4146991;17.6580105;0.0244924687;ZTF;ZTF(zr);ZTF
58526.2313889;17.6701927;0.0246899966;ZTF;ZTF(zr);ZTF
58526.2342593;17.6835842;0.0249097701;ZTF;ZTF(zr);ZTF
58526.2371528;17.7090302;0.0253350325;ZTF;ZTF(zr);ZTF
58526.2400347;17.6999245;0.0251816921;ZTF;ZTF(zr);ZTF
58526.2429051;17.6907921;0.0250291992;ZTF;ZTF(zr);ZTF
58526.2457755;17.7189178;0.0255030505;ZTF;ZTF(zr);ZTF
58526.2486574;17.6614933;0.0245487187;ZTF;ZTF(zr);ZTF
58526.2515394;17.6874409;0.0249735713;ZTF;ZTF(zr);ZTF
58526.2544097;17.7053204;0.0252723992;ZTF;ZTF(zr);ZTF
58526.2573032;17.6854992;0.0249414127;ZTF;ZTF(zr);ZTF
58526.2601852;17.7199612;0.0255208649;ZTF;ZTF(zr);ZTF
58526.2630787;17.7098198;0.0253484063;ZTF;ZTF(zr);ZTF
58526.2659838;17.7569828;0.0261644907;ZTF;ZTF(zr);ZTF
58526.2688657;17.713562;0.0254118498;ZTF;ZTF(zr);ZTF
58526.2717593;17.6874638;0.0249739494;ZTF;ZTF(zr);ZTF
58526.2746528;17.7169189;0.0254689567;ZTF;ZTF(zr);ZTF
58526.2775579;17.6963444;0.0251217633;ZTF;ZTF(zr);ZTF
58526.280463;17.7030506;0.0252341852;ZTF;ZTF(zr);ZTF
58526.2833681;17.7498665;0.026039036;ZTF;ZTF(zr);ZTF
58526.2862731;17.6742306;0.0247559659;ZTF;ZTF(zr);ZTF
58526.2891898;17.6959171;0.0251146089;ZTF;ZTF(zr);ZTF
58526.2921065;17.7359791;0.0257966183;ZTF;ZTF(zr);ZTF
58526.2950231;17.7233925;0.025579581;ZTF;ZTF(zr);ZTF
58526.2979398;17.7076263;0.025311321;ZTF;ZTF(zr);ZTF
58526.3008565;17.6843414;0.0249222741;ZTF;ZTF(zr);ZTF
58526.3037731;17.7456799;0.025965618;ZTF;ZTF(zr);ZTF
58526.3066782;17.7520103;0.0260767527;ZTF;ZTF(zr);ZTF
58526.3095949;17.7541218;0.0261139572;ZTF;ZTF(zr);ZTF
58526.3125231;17.7048073;0.0252637602;ZTF;ZTF(zr);ZTF
58526.3154514;17.7057877;0.0252802763;ZTF;ZTF(zr);ZTF
58526.3184028;17.6818695;0.0248814635;ZTF;ZTF(zr);ZTF
58526.3213542;17.708168;0.0253204629;ZTF;ZTF(zr);ZTF
58526.324294;17.6915684;0.0250421055;ZTF;ZTF(zr);ZTF
58526.3273611;17.7100582;0.0253524408;ZTF;ZTF(zr);ZTF
58526.3304167;17.6947613;0.025095325;ZTF;ZTF(zr);ZTF
58526.3334375;17.693285;0.0250706915;ZTF;ZTF(zr);ZTF
58526.3364352;17.6887054;0.0249945465;ZTF;ZTF(zr);ZTF
58526.3394097;17.7370682;0.0258155018;ZTF;ZTF(zr);ZTF
58526.3423958;17.7178345;0.0254845619;ZTF;ZTF(zr);ZTF
58526.3453704;17.6558914;0.0244583301;ZTF;ZTF(zr);ZTF
58526.3483565;17.7425594;0.0259111002;ZTF;ZTF(zr);ZTF
58526.3513426;17.7300701;0.0256944131;ZTF;ZTF(zr);ZTF
58526.3543171;17.6925087;0.025057761;ZTF;ZTF(zr);ZTF
58526.3572801;17.7151279;0.0254384764;ZTF;ZTF(zr);ZTF
58526.3602315;17.7026234;0.0252270084;ZTF;ZTF(zr);ZTF
58526.3631829;17.6838036;0.024913393;ZTF;ZTF(zr);ZTF
58526.3661343;17.6429939;0.024252072;ZTF;ZTF(zr);ZTF
58526.3690741;17.6695499;0.0246795211;ZTF;ZTF(zr);ZTF
58526.3720023;17.6664391;0.024628887;ZTF;ZTF(zr);ZTF
58526.3749306;17.6444645;0.0242754724;ZTF;ZTF(zr);ZTF
58526.3778588;17.622551;0.0239302348;ZTF;ZTF(zr);ZTF
58526.3807755;17.673027;0.0247362852;ZTF;ZTF(zr);ZTF
58526.3836806;17.6676865;0.0246491823;ZTF;ZTF(zr);ZTF
58526.3865972;17.636694;0.0241522249;ZTF;ZTF(zr);ZTF
58526.3894907;17.7067833;0.0252970867;ZTF;ZTF(zr);ZTF
58526.3923958;17.6299286;0.0240456685;ZTF;ZTF(zr);ZTF
58526.3952894;17.696785;0.0251291152;ZTF;ZTF(zr);ZTF
58526.4157523;18.4392529;0.0402232111;ZTF;ZTF(zg);ZTF
58541.2544097;18.4829311;0.0414179191;ZTF;ZTF(zg);ZTF
58556.2103935;17.6164246;0.0238349941;ZTF;ZTF(zr);ZTF
58556.2685301;18.4760551;0.0412268974;ZTF;ZTF(zg);ZTF
58558.2602199;17.3398933;0.0232403912;ZTF;ZTF(zi);ZTF
58559.1496296;18.6285744;0.0457349382;ZTF;ZTF(zg);ZTF
58559.1693403;17.7973843;0.0268926322;ZTF;ZTF(zr);ZTF
58562.2317014;18.5750866;0.0440878607;ZTF;ZTF(zg);ZTF
58562.3382407;17.6430969;0.0242537204;ZTF;ZTF(zr);ZTF
58568.2122801;18.6348305;0.0459324419;ZTF;ZTF(zg);ZTF
58572.2111458;17.6308346;0.0240598973;ZTF;ZTF(zr);ZTF
58584.153287;17.6687431;0.0246663727;ZTF;ZTF(zr);ZTF
58584.2261343;18.530674;0.0427752472;ZTF;ZTF(zg);ZTF
58589.1480903;18.547554;0.0432683751;ZTF;ZTF(zg);ZTF
58598.2130324;18.5011635;0.041929815;ZTF;ZTF(zg);ZTF
58605.1649653;17.6174717;0.0238512456;ZTF;ZTF(zr);ZTF
58608.1912037;18.5604362;0.0436494686;ZTF;ZTF(zg);ZTF
58608.2177546;17.6871033;0.0249679834;ZTF;ZTF(zr);ZTF
58616.983109999914;19.2;0.05395106225151279;Gaia Alerts;GSA(G);Gaia Alerts
58617.2333565;17.8325882;0.0275496952;ZTF;ZTF(zr);ZTF
58641.55144000007;19.3;0.05727960309858304;Gaia Alerts;GSA(G);Gaia Alerts
58751.5116551;17.6481781;0.0243346822;ZTF;ZTF(zr);ZTF
58751.5165278;17.7097397;0.025347054;ZTF;ZTF(zr);ZTF
58751.521412;17.8220654;0.0273510516;ZTF;ZTF(zr);ZTF
58751.5262847;17.7072144;0.0253043547;ZTF;ZTF(zr);ZTF
58757.5245949;17.6998291;0.0251800939;ZTF;ZTF(zr);ZTF
58757.5296296;17.7342682;0.0257669743;ZTF;ZTF(zr);ZTF
58758.5036806;18.524416;0.0425942242;ZTF;ZTF(zg);ZTF
58758.5258681;17.7033234;0.0252387784;ZTF;ZTF(zr);ZTF
58761.5043519;17.678133;0.0248199739;ZTF;ZTF(zr);ZTF
58761.5206944;17.6758385;0.0247823093;ZTF;ZTF(zr);ZTF
58761.5256019;17.6828194;0.0248971358;ZTF;ZTF(zr);ZTF
58761.5305208;17.7699642;0.0263954923;ZTF;ZTF(zr);ZTF
58761.5354514;17.8686638;0.0282455347;ZTF;ZTF(zr);ZTF
58764.4953125;17.6830597;0.0249011107;ZTF;ZTF(zr);ZTF
58764.5192477;18.5544777;0.04347267;ZTF;ZTF(zg);ZTF
58767.4877199;18.5746956;0.0440760888;ZTF;ZTF(zg);ZTF
58770.4964236;17.7461967;0.025974676;ZTF;ZTF(zr);ZTF
58770.5387616;18.7074547;0.0483018942;ZTF;ZTF(zg);ZTF
58781.5053356;17.5900879;0.0234317835;ZTF;ZTF(zr);ZTF
58784.496875;18.2924862;0.0365190916;ZTF;ZTF(zg);ZTF
58784.5273495;17.5342617;0.0226097703;ZTF;ZTF(zr);ZTF
58787.528588;17.64921;0.0243511796;ZTF;ZTF(zr);ZTF
58790.5115046;17.7040539;0.0252510738;ZTF;ZTF(zr);ZTF
58793.5208796;17.7360439;0.0257977359;ZTF;ZTF(zr);ZTF
58798.5312963;17.7250443;0.0256079249;ZTF;ZTF(zr);ZTF
58798.5441204;18.6747608;0.0472175181;ZTF;ZTF(zg);ZTF
58803.62678000005;19.16;0.05267444883319066;Gaia Alerts;GSA(G);Gaia Alerts
58804.480625;18.4382839;0.0401971973;ZTF;ZTF(zg);ZTF
58804.5450231;17.730772;0.025706524;ZTF;ZTF(zr);ZTF
58814.5184722;18.4532051;0.0406000428;ZTF;ZTF(zg);ZTF
58827.4513889;17.7244205;0.025597224;ZTF;ZTF(zr);ZTF
58827.5468866;18.5045147;0.0420247577;ZTF;ZTF(zg);ZTF
58830.4289352;17.7567215;0.0261598751;ZTF;ZTF(zr);ZTF
58830.4442477;17.7578697;0.0261801854;ZTF;ZTF(zr);ZTF
58835.4793171;17.6296425;0.0240411758;ZTF;ZTF(zr);ZTF
58835.5083102;18.4718895;0.0411116928;ZTF;ZTF(zg);ZTF
58849.4270486;17.7453957;0.0259606559;ZTF;ZTF(zr);ZTF
58849.4634491;18.5792656;0.0442139246;ZTF;ZTF(zg);ZTF
58852.4373611;17.6458893;0.0242981594;ZTF;ZTF(zr);ZTF
58852.4791435;18.6047611;0.0449925438;ZTF;ZTF(zg);ZTF
58854.433125;17.5562954;0.0229289904;ZTF;ZTF(zr);ZTF
58855.4612731;18.5632038;0.0437318534;ZTF;ZTF(zg);ZTF
58862.3552431;17.7390594;0.0258501209;ZTF;ZTF(zr);ZTF
58862.458287;18.5148048;0.0423180014;ZTF;ZTF(zg);ZTF
58866.3730903;17.6715813;0.0247126594;ZTF;ZTF(zr);ZTF
58871.3110995;17.673336;0.0247413367;ZTF;ZTF(zr);ZTF
58871.4007292;18.5183563;0.0424197949;ZTF;ZTF(zg);ZTF
58874.2715856;17.7113857;0.0253749173;ZTF;ZTF(zr);ZTF
58874.3557292;18.5963593;0.0447341166;ZTF;ZTF(zg);ZTF
58877.328125;17.7027626;0.0252293535;ZTF;ZTF(zr);ZTF
58880.3288657;17.6767654;0.0247975234;ZTF;ZTF(zr);ZTF
58880.4216435;18.5245857;0.0425991081;ZTF;ZTF(zg);ZTF
58883.2679398;17.6637878;0.0245858561;ZTF;ZTF(zr);ZTF
58883.419919;18.4217453;0.0397566035;ZTF;ZTF(zg);ZTF
58886.2310185;18.5961113;0.0447265171;ZTF;ZTF(zg);ZTF
58886.2531481;17.7604256;0.0262254812;ZTF;ZTF(zr);ZTF
58891.2315741;18.663002;0.0468346402;ZTF;ZTF(zg);ZTF
58891.2820255;17.7674255;0.0263500884;ZTF;ZTF(zr);ZTF
58894.2913194;17.6915054;0.0250410754;ZTF;ZTF(zr);ZTF
58894.2974653;18.5553589;0.0434987508;ZTF;ZTF(zg);ZTF
58898.255625;18.6154423;0.0453237109;ZTF;ZTF(zg);ZTF
58899.2703704;17.6931133;0.0250678286;ZTF;ZTF(zr);ZTF
58903.2280903;17.7020664;0.0252176523;ZTF;ZTF(zr);ZTF
58903.2734144;18.6051826;0.0450055785;ZTF;ZTF(zg);ZTF
58903.3006481;18.5793438;0.044216264;ZTF;ZTF(zg);ZTF
58906.2305787;17.672657;0.024730226;ZTF;ZTF(zr);ZTF
58906.2916667;18.5459328;0.0432207063;ZTF;ZTF(zg);ZTF
58909.252581;18.3211346;0.0372060947;ZTF;ZTF(zg);ZTF
58909.2978819;17.5668106;0.0230837204;ZTF;ZTF(zr);ZTF
58912.2065509;17.6838608;0.024914341;ZTF;ZTF(zr);ZTF
58912.2321296;18.5592079;0.0436129309;ZTF;ZTF(zg);ZTF
58913.2248843;17.7161026;0.0254550502;ZTF;ZTF(zr);ZTF
58939.1990046;17.7504616;0.0260495115;ZTF;ZTF(zr);ZTF
58940.1701852;18.6252937;0.0456317887;ZTF;ZTF(zg);ZTF
58954.1830556;18.5936241;0.0446503945;ZTF;ZTF(zg);ZTF
58954.56029575;14.417;0.335;NEOWISE;WISE(W2);NEOWISE
58954.56029575;14.348;0.139;NEOWISE;WISE(W1);NEOWISE
58961.05086999992;19.13;0.05173685200730607;Gaia Alerts;GSA(G);Gaia Alerts
58962.1716898;17.71418;0.0254223403;ZTF;ZTF(zr);ZTF
58962.2086343;18.580368;0.0442472547;ZTF;ZTF(zg);ZTF
58965.1742477;17.6744385;0.024759382;ZTF;ZTF(zr);ZTF
58965.2082755;18.5756264;0.0441041216;ZTF;ZTF(zg);ZTF
58968.2124421;18.580143;0.0442404412;ZTF;ZTF(zg);ZTF
58972.1623148;17.7033539;0.0252392981;ZTF;ZTF(zr);ZTF
58972.2290046;18.6038322;0.0449638925;ZTF;ZTF(zg);ZTF
58975.1529514;17.7614517;0.0262436997;ZTF;ZTF(zr);ZTF
58978.2323611;17.7613735;0.0262423027;ZTF;ZTF(zr);ZTF
58981.1716435;18.592205;0.0446069986;ZTF;ZTF(zg);ZTF
58987.1865162;17.6475296;0.0243243258;ZTF;ZTF(zr);ZTF
58987.2023148;18.5369225;0.0429569855;ZTF;ZTF(zg);ZTF
59013.12710999977;19.11;0.0511210776117741;Gaia Alerts;GSA(G);Gaia Alerts
59013.20110999979;19.05;0.049317380395493646;Gaia Alerts;GSA(G);Gaia Alerts
59117.5125579;17.7340546;0.0257632546;ZTF;ZTF(zr);ZTF
59117.5172569;17.6968708;0.0251305513;ZTF;ZTF(zr);ZTF
59117.5219676;17.745676;0.0259655565;ZTF;ZTF(zr);ZTF
59117.5266667;17.7554245;0.0261369552;ZTF;ZTF(zr);ZTF
59121.5144213;17.7048874;0.0252651069;ZTF;ZTF(zr);ZTF
59121.5191551;17.7544174;0.0261191744;ZTF;ZTF(zr);ZTF
59121.5238889;17.737484;0.0258227289;ZTF;ZTF(zr);ZTF
59121.5286227;17.7354832;0.0257880203;ZTF;ZTF(zr);ZTF
59123.5108449;17.6910534;0.025033541;ZTF;ZTF(zr);ZTF
59123.5155556;17.7509727;0.0260584839;ZTF;ZTF(zr);ZTF
59123.5202662;17.7234497;0.0255805608;ZTF;ZTF(zr);ZTF
59123.5249769;17.7782345;0.0265440959;ZTF;ZTF(zr);ZTF
59123.5296991;17.6863251;0.0249550864;ZTF;ZTF(zr);ZTF
59125.5128935;17.7267532;0.0256372951;ZTF;ZTF(zr);ZTF
59125.5176042;17.7227097;0.0255678948;ZTF;ZTF(zr);ZTF
59125.5223264;17.7342072;0.0257658958;ZTF;ZTF(zr);ZTF
59125.5270486;17.7289963;0.0256758928;ZTF;ZTF(zr);ZTF
59125.5317824;17.861618;0.0281077996;ZTF;ZTF(zr);ZTF
59136.5059259;17.7263584;0.025630489;ZTF;ZTF(zr);ZTF
59139.5060532;17.7284012;0.0256656446;ZTF;ZTF(zr);ZTF
59141.4730903;18.5498886;0.0433371514;ZTF;ZTF(zg);ZTF
59141.5113194;17.6902733;0.0250205807;ZTF;ZTF(zr);ZTF
59143.488206;17.6470852;0.024317231;ZTF;ZTF(zr);ZTF
59143.519919;18.6135368;0.0452644378;ZTF;ZTF(zg);ZTF
59145.4771875;18.6019249;0.0449051112;ZTF;ZTF(zg);ZTF
59145.5080093;17.7063389;0.025289584;ZTF;ZTF(zr);ZTF
59149.5039468;18.5540428;0.0434597991;ZTF;ZTF(zg);ZTF
59150.4342593;18.2251816;0.0349700861;ZTF;ZTF(zg);ZTF
59150.5285185;17.7372284;0.0258182995;ZTF;ZTF(zr);ZTF
59151.4519676;17.5385113;0.0226708185;ZTF;ZTF(zr);ZTF
59151.4765046;18.3079853;0.0368886553;ZTF;ZTF(zg);ZTF
59152.4837963;17.7101669;0.0253542792;ZTF;ZTF(zr);ZTF
59152.5392824;18.6193066;0.0454442725;ZTF;ZTF(zg);ZTF
59155.4971991;17.756218;0.0261509605;ZTF;ZTF(zr);ZTF
59155.5084722;18.5920181;0.0446012877;ZTF;ZTF(zg);ZTF
59156.4866667;18.5891495;0.0445137993;ZTF;ZTF(zg);ZTF
59156.5373611;17.7441292;0.0259385165;ZTF;ZTF(zr);ZTF
59158.4856944;18.4602318;0.0407915041;ZTF;ZTF(zg);ZTF
59165.4963194;17.6979008;0.0251477808;ZTF;ZTF(zr);ZTF
59165.5230556;18.6092987;0.0451328605;ZTF;ZTF(zg);ZTF
59168.4855093;18.5733089;0.0440343879;ZTF;ZTF(zg);ZTF
59168.5249653;17.6759281;0.0247837771;ZTF;ZTF(zr);ZTF
59170.4819329;18.5627594;0.0437185988;ZTF;ZTF(zg);ZTF
59170.5271296;17.6782074;0.0248211864;ZTF;ZTF(zr);ZTF
59173.5076389;17.7369633;0.0258136801;ZTF;ZTF(zr);ZTF
59174.5259838;18.5658722;0.0438115112;ZTF;ZTF(zg);ZTF
59176.5024306;18.5180283;0.0424103849;ZTF;ZTF(zg);ZTF
59176.5414699;17.6849251;0.0249319319;ZTF;ZTF(zr);ZTF
59179.3988079;17.3661251;0.0236474779;ZTF;ZTF(zi);ZTF
59179.4828241;18.465004;0.040922191;ZTF;ZTF(zg);ZTF
59181.4839352;17.7262688;0.025628956;ZTF;ZTF(zr);ZTF
59181.5232523;18.5097218;0.0421728268;ZTF;ZTF(zg);ZTF
59184.3935417;17.386013;0.0239631124;ZTF;ZTF(zi);ZTF
59185.4713194;17.7142143;0.0254229289;ZTF;ZTF(zr);ZTF
59185.4857292;18.5675755;0.0438624099;ZTF;ZTF(zg);ZTF
59187.4773958;17.5683784;0.0231069215;ZTF;ZTF(zr);ZTF
59188.03607999999;18.87;0.044279223877870796;Gaia Alerts;GSA(G);Gaia Alerts
59192.37375;17.6546936;0.0244390853;ZTF;ZTF(zr);ZTF
59193.4143287;17.7000904;0.025184473;ZTF;ZTF(zr);ZTF
59194.4419444;18.5119591;0.042236656;ZTF;ZTF(zg);ZTF
59194.4781944;17.6852837;0.0249378458;ZTF;ZTF(zr);ZTF
59196.4830208;17.5309486;0.0225623511;ZTF;ZTF(zr);ZTF
59199.4057523;17.6421032;0.0242379233;ZTF;ZTF(zr);ZTF
59199.4810069;17.2859421;0.0224352609;ZTF;ZTF(zi);ZTF
59199.5284606;18.4398365;0.0402388647;ZTF;ZTF(zg);ZTF
59201.4771528;17.6719818;0.024719201;ZTF;ZTF(zr);ZTF
59201.4864931;18.4726677;0.0411331877;ZTF;ZTF(zg);ZTF
59202.4406481;17.3239174;0.0229975171;ZTF;ZTF(zi);ZTF
59203.3819213;18.52421;0.0425882712;ZTF;ZTF(zg);ZTF
59203.4795139;17.6913242;0.0250380617;ZTF;ZTF(zr);ZTF
59218.3390394;18.593214;0.0446378551;ZTF;ZTF(zg);ZTF
59218.4443056;17.6889267;0.0249982085;ZTF;ZTF(zr);ZTF
59218.5072106;17.3497772;0.0233925506;ZTF;ZTF(zi);ZTF
59221.2760648;17.3713989;0.0237305854;ZTF;ZTF(zi);ZTF
59222.398912;18.5990753;0.0448174439;ZTF;ZTF(zg);ZTF
59222.4507407;17.7047844;0.0252633821;ZTF;ZTF(zr);ZTF
59224.369838;17.6952629;0.0251037013;ZTF;ZTF(zr);ZTF
59224.3784375;17.2577095;0.0220306851;ZTF;ZTF(zi);ZTF
59224.436956;18.3961563;0.0390870422;ZTF;ZTF(zg);ZTF
59226.4220486;17.6227608;0.0239335056;ZTF;ZTF(zr);ZTF
59226.4475463;18.4604683;0.0407979563;ZTF;ZTF(zg);ZTF
59227.3994329;17.3973961;0.0241465364;ZTF;ZTF(zi);ZTF
59228.4228819;18.6194038;0.0454472899;ZTF;ZTF(zg);ZTF
59230.3784028;17.3385582;0.0232199449;ZTF;ZTF(zi);ZTF
59230.4009375;18.6122169;0.0452233851;ZTF;ZTF(zg);ZTF
59230.424213;17.7471962;0.0259921756;ZTF;ZTF(zr);ZTF
59232.380081;18.6199036;0.0454628989;ZTF;ZTF(zg);ZTF
59232.4012384;17.5941467;0.0234932732;ZTF;ZTF(zr);ZTF
59233.3788773;17.2603645;0.0220682491;ZTF;ZTF(zi);ZTF
59248.2569444;18.4348488;0.0401051641;ZTF;ZTF(zg);ZTF
59248.2853588;18.5923004;0.0446099155;ZTF;ZTF(zg);ZTF
59248.3282407;17.3290825;0.0230756234;ZTF;ZTF(zi);ZTF
59248.3646991;17.6644554;0.0245966818;ZTF;ZTF(zr);ZTF
59248.3846644;17.746088;0.0259727761;ZTF;ZTF(zr);ZTF
59248.4366088;17.7321739;0.0257307384;ZTF;ZTF(zr);ZTF
59248.4666319;18.5511894;0.0433755107;ZTF;ZTF(zg);ZTF
59249.3335532;17.6170273;0.0238443483;ZTF;ZTF(zr);ZTF
59249.3864005;17.6281128;0.024017185;ZTF;ZTF(zr);ZTF
59249.428206;18.3873901;0.038860973;ZTF;ZTF(zg);ZTF
59250.2347801;17.6785202;0.0248263404;ZTF;ZTF(zr);ZTF
59250.2994097;18.4670315;0.0409778878;ZTF;ZTF(zg);ZTF
59250.3003472;18.4869385;0.0415297374;ZTF;ZTF(zg);ZTF
59250.3392477;17.6771317;0.0248035286;ZTF;ZTF(zr);ZTF
59250.3752083;18.5055351;0.0420537256;ZTF;ZTF(zg);ZTF
59250.4464352;17.6791649;0.0248369426;ZTF;ZTF(zr);ZTF
59251.2875694;18.5555534;0.0435045436;ZTF;ZTF(zg);ZTF
59251.3236111;17.6793594;0.0248401389;ZTF;ZTF(zr);ZTF
59251.3701505;18.4843483;0.041457396;ZTF;ZTF(zg);ZTF
59251.3867708;17.3273773;0.0230498016;ZTF;ZTF(zi);ZTF
59251.4560532;17.7081795;0.025320664;ZTF;ZTF(zr);ZTF
59252.2150463;17.7364845;0.0258053858;ZTF;ZTF(zr);ZTF
59252.264919;18.5620136;0.0436964072;ZTF;ZTF(zg);ZTF
59252.2978704;17.6626549;0.0245675091;ZTF;ZTF(zr);ZTF
59252.3154167;17.6880035;0.0249828994;ZTF;ZTF(zr);ZTF
59252.3585417;18.5978222;0.0447789766;ZTF;ZTF(zg);ZTF
59252.3594792;18.5889778;0.0445085689;ZTF;ZTF(zg);ZTF
59253.3272454;17.6222382;0.023925364;ZTF;ZTF(zr);ZTF
59253.3957639;18.6088238;0.0451181605;ZTF;ZTF(zg);ZTF
59253.52125;17.6371498;0.0241594408;ZTF;ZTF(zr);ZTF
59254.2250463;18.5437126;0.0431555547;ZTF;ZTF(zg);ZTF
59254.2575116;17.6954632;0.0251070447;ZTF;ZTF(zr);ZTF
59254.3420602;17.3258553;0.0230267793;ZTF;ZTF(zi);ZTF
59254.3546181;18.5177383;0.04240207;ZTF;ZTF(zg);ZTF
59254.3741667;18.5333767;0.0428537279;ZTF;ZTF(zg);ZTF
59254.3827778;17.6624775;0.0245646331;ZTF;ZTF(zr);ZTF
59254.3837153;17.6510582;0.0243807491;ZTF;ZTF(zr);ZTF
59255.373125;18.5371704;0.0429642163;ZTF;ZTF(zg);ZTF
59256.2490162;17.6798153;0.0248476304;ZTF;ZTF(zr);ZTF
59256.2499537;17.6718292;0.0247167069;ZTF;ZTF(zr);ZTF
59256.2779745;18.6120377;0.0452178344;ZTF;ZTF(zg);ZTF
59256.3158565;18.4656258;0.0409392715;ZTF;ZTF(zg);ZTF
59256.3596065;18.6518688;0.0464755744;ZTF;ZTF(zg);ZTF
59256.4019676;17.6586914;0.0245034453;ZTF;ZTF(zr);ZTF
59257.2556134;17.7032127;0.0252369102;ZTF;ZTF(zr);ZTF
59257.367338;18.4737186;0.0411622413;ZTF;ZTF(zg);ZTF
59257.4047685;17.5120811;0.0222951416;ZTF;ZTF(zr);ZTF
59258.3382523;17.7206402;0.0255324785;ZTF;ZTF(zr);ZTF
59258.3725694;18.5670395;0.0438463949;ZTF;ZTF(zg);ZTF
59258.3735069;18.5962849;0.0447318554;ZTF;ZTF(zg);ZTF
59260.2567593;17.7709293;0.0264127608;ZTF;ZTF(zr);ZTF
59260.3158565;17.4770317;0.0254876148;ZTF;ZTF(zi);ZTF
59260.3627662;18.5512657;0.0433777608;ZTF;ZTF(zg);ZTF
59260.3834375;17.7776279;0.0265331548;ZTF;ZTF(zr);ZTF
59262.2125926;17.7113495;0.0253743101;ZTF;ZTF(zr);ZTF
59262.232662;17.6574688;0.0244837441;ZTF;ZTF(zr);ZTF
59262.2336111;17.6738052;0.0247490238;ZTF;ZTF(zr);ZTF
59262.3124537;18.5235901;0.0425703935;ZTF;ZTF(zg);ZTF
59262.3326042;18.5516701;0.0433896892;ZTF;ZTF(zg);ZTF
59263.216169;17.5681343;0.0231033005;ZTF;ZTF(zr);ZTF
59263.3855671;17.5136681;0.0223174281;ZTF;ZTF(zr);ZTF
59264.1845255;17.6964264;0.0251231361;ZTF;ZTF(zr);ZTF
59264.2527199;18.5317879;0.0428075939;ZTF;ZTF(zg);ZTF
59264.30875;17.6857719;0.0249459334;ZTF;ZTF(zr);ZTF
59264.3163889;18.6417007;0.0461505093;ZTF;ZTF(zg);ZTF
59264.3428009;18.5569878;0.0435470454;ZTF;ZTF(zg);ZTF
59264.3844329;17.3494625;0.0233876798;ZTF;ZTF(zi);ZTF
59265.1893171;18.5605736;0.0436535478;ZTF;ZTF(zg);ZTF
59265.2125694;17.66465;0.0245998539;ZTF;ZTF(zr);ZTF
59265.2953241;17.7156048;0.0254465882;ZTF;ZTF(zr);ZTF
59265.3802662;18.5006886;0.0419163927;ZTF;ZTF(zg);ZTF
59266.2772801;18.4678078;0.0409992225;ZTF;ZTF(zg);ZTF
59266.3179745;17.5932846;0.0234801974;ZTF;ZTF(zr);ZTF
59267.3376968;17.2887993;0.0224768408;ZTF;ZTF(zi);ZTF
59268.2118171;18.6948128;0.0478791036;ZTF;ZTF(zg);ZTF
59268.3164352;17.709816;0.0253483448;ZTF;ZTF(zr);ZTF
59273.2526042;17.5474014;0.0227993242;ZTF;ZTF(zr);ZTF
59273.3020023;18.5831337;0.0443309918;ZTF;ZTF(zg);ZTF
59274.3103009;17.2008209;0.0212491006;ZTF;ZTF(zi);ZTF
59275.2080324;18.570467;0.0439490452;ZTF;ZTF(zg);ZTF
59275.2758912;17.7055016;0.0252754521;ZTF;ZTF(zr);ZTF
59275.3095602;18.5927353;0.0446232073;ZTF;ZTF(zg);ZTF
59275.3234838;17.70755;0.0253100302;ZTF;ZTF(zr);ZTF
59276.2732639;17.6802578;0.0248549115;ZTF;ZTF(zr);ZTF
59278.2533218;18.5119572;0.0422365852;ZTF;ZTF(zg);ZTF
59278.2542593;18.497179;0.0418172814;ZTF;ZTF(zg);ZTF
59278.2772454;17.638031;0.0241733734;ZTF;ZTF(zr);ZTF
59278.2791319;17.6880569;0.0249837898;ZTF;ZTF(zr);ZTF
59278.363206;17.3006878;0.0226511005;ZTF;ZTF(zi);ZTF
59281.2500579;17.6792278;0.0248379614;ZTF;ZTF(zr);ZTF
59281.2957176;17.3334713;0.023142308;ZTF;ZTF(zi);ZTF
59281.3352662;18.3417988;0.0377121978;ZTF;ZTF(zg);ZTF
59290.2754861;17.2688904;0.0221895576;ZTF;ZTF(zi);ZTF
59291.2336574;17.6597157;0.0245199725;ZTF;ZTF(zr);ZTF
59293.2120718;17.7180729;0.0254886281;ZTF;ZTF(zr);ZTF
59293.2795139;18.5394421;0.0430305153;ZTF;ZTF(zg);ZTF
59296.233831;17.6424026;0.0242426749;ZTF;ZTF(zr);ZTF
59296.2663773;17.2439747;0.0218379218;ZTF;ZTF(zi);ZTF
59301.2494444;18.3620834;0.0382177979;ZTF;ZTF(zg);ZTF
59301.2804167;17.6562157;0.0244635474;ZTF;ZTF(zr);ZTF
59302.278831;17.3549614;0.0234729555;ZTF;ZTF(zi);ZTF
59303.2389815;17.7335815;0.0257550869;ZTF;ZTF(zr);ZTF
59303.2569329;18.4941502;0.0417319685;ZTF;ZTF(zg);ZTF
59305.2887037;18.5897522;0.0445321798;ZTF;ZTF(zg);ZTF
59307.1555787;18.5318909;0.0428105667;ZTF;ZTF(zg);ZTF
59307.1913194;17.2836571;0.0224021114;ZTF;ZTF(zi);ZTF
59307.2116782;17.6808376;0.0248644706;ZTF;ZTF(zr);ZTF
59309.2133565;17.6905689;0.0250254944;ZTF;ZTF(zr);ZTF
59310.2754861;17.3910522;0.0240440592;ZTF;ZTF(zi);ZTF
59311.1909375;18.6416359;0.0461484641;ZTF;ZTF(zg);ZTF
59313.1706481;17.3732872;0.0237604473;ZTF;ZTF(zi);ZTF
59313.208287;17.6854706;0.0249409415;ZTF;ZTF(zr);ZTF
59315.1918634;18.5360661;0.042932;ZTF;ZTF(zg);ZTF
59316.2587847;17.3371124;0.0231978372;ZTF;ZTF(zi);ZTF
59317.1711343;18.5711746;0.0439702868;ZTF;ZTF(zg);ZTF
59320.1708796;18.6034012;0.0449505858;ZTF;ZTF(zg);ZTF
59322.1930208;18.4351673;0.0401136838;ZTF;ZTF(zg);ZTF
59322.2365509;17.6670685;0.0246391166;ZTF;ZTF(zr);ZTF
59323.2417824;17.3989925;0.0241724178;ZTF;ZTF(zi);ZTF
59324.2135301;17.6682129;0.0246577337;ZTF;ZTF(zr);ZTF
59328.1724306;17.7304077;0.0257002302;ZTF;ZTF(zr);ZTF
59328.2128704;18.7349663;0.0492373481;ZTF;ZTF(zg);ZTF
59334.2908333;17.7364292;0.0258044135;ZTF;ZTF(zr);ZTF
59336.2293403;18.481163;0.0413686633;ZTF;ZTF(zg);ZTF
59338.1746991;18.621027;0.0454980545;ZTF;ZTF(zg);ZTF
59340.1841435;18.5781422;0.0441799685;ZTF;ZTF(zg);ZTF
59342.1876042;17.33675;0.0231922995;ZTF;ZTF(zi);ZTF
59342.2132755;18.4885464;0.041574724;ZTF;ZTF(zg);ZTF
59342.2659606;17.6863098;0.0249548312;ZTF;ZTF(zr);ZTF
59344.1781944;18.5590458;0.0436081178;ZTF;ZTF(zg);ZTF
59344.1954282;17.7489204;0.0260224342;ZTF;ZTF(zr);ZTF
59346.206956;17.6897926;0.0250125956;ZTF;ZTF(zr);ZTF
59348.1780556;17.6939545;0.0250818618;ZTF;ZTF(zr);ZTF
59348.2163773;18.6360073;0.0459696986;ZTF;ZTF(zg);ZTF
59350.216794;17.6574898;0.02448407;ZTF;ZTF(zr);ZTF
59355.208044;17.6795578;0.0248433948;ZTF;ZTF(zr);ZTF
59358.229294;17.4583931;0.0215607267;ZTF;ZTF(zr);ZTF
59372.97649999987;19.29;0.05693771051094231;Gaia Alerts;GSA(G);Gaia Alerts
59478.5170486;17.7487431;0.0260193143;ZTF;ZTF(zr);ZTF
59478.519456;17.738266;0.0258363169;ZTF;ZTF(zr);ZTF
59478.5218634;17.8140221;0.0272005126;ZTF;ZTF(zr);ZTF
59478.5242593;17.8350601;0.0275966488;ZTF;ZTF(zr);ZTF
59478.5266551;17.7562523;0.0261515714;ZTF;ZTF(zr);ZTF
59479.5180903;17.7499847;0.0260411333;ZTF;ZTF(zr);ZTF
59479.5205208;17.7548676;0.0261271261;ZTF;ZTF(zr);ZTF
59479.5229514;17.750845;0.0260562375;ZTF;ZTF(zr);ZTF
59479.5253935;17.7645035;0.0262979791;ZTF;ZTF(zr);ZTF
59479.5278356;17.8134155;0.0271892026;ZTF;ZTF(zr);ZTF
59480.5186227;17.7637882;0.026285246;ZTF;ZTF(zr);ZTF
59480.5210648;17.7430515;0.0259196926;ZTF;ZTF(zr);ZTF
59480.5235069;17.7295399;0.0256852619;ZTF;ZTF(zr);ZTF
59480.5259491;17.8306198;0.0275123939;ZTF;ZTF(zr);ZTF
59480.5283912;17.7945366;0.0268404074;ZTF;ZTF(zr);ZTF
59483.5207407;17.772686;0.0264442712;ZTF;ZTF(zr);ZTF
59483.5231134;17.7295494;0.0256854277;ZTF;ZTF(zr);ZTF
59483.5254861;17.7453194;0.0259593222;ZTF;ZTF(zr);ZTF
59483.5278472;17.7442398;0.0259404331;ZTF;ZTF(zr);ZTF
59483.5302083;17.7555389;0.0261389762;ZTF;ZTF(zr);ZTF
59484.5256019;17.7573452;0.0261709038;ZTF;ZTF(zr);ZTF
59484.5280093;17.771637;0.0264254548;ZTF;ZTF(zr);ZTF
59484.5304051;17.6983032;0.0251545273;ZTF;ZTF(zr);ZTF
59489.511088;17.7548313;0.0261264723;ZTF;ZTF(zr);ZTF
59489.513588;17.7308426;0.0257077385;ZTF;ZTF(zr);ZTF
59489.516088;17.7406063;0.0258770324;ZTF;ZTF(zr);ZTF
59489.5185995;17.6913681;0.0250387769;ZTF;ZTF(zr);ZTF
59489.5210995;17.7095699;0.0253441688;ZTF;ZTF(zr);ZTF
59500.4641667;18.4778824;0.0412775278;ZTF;ZTF(zg);ZTF
59512.4873495;18.4731598;0.0411467887;ZTF;ZTF(zg);ZTF
59512.76917000022;19.07;0.04991142851656193;Gaia Alerts;GSA(G);Gaia Alerts
59512.84317999985;19.13;0.05173685200730607;Gaia Alerts;GSA(G);Gaia Alerts
59518.5211343;17.6753502;0.0247743204;ZTF;ZTF(zr);ZTF
59522.4844792;17.7167568;0.0254661962;ZTF;ZTF(zr);ZTF
59522.5065162;18.5726833;0.0440155715;ZTF;ZTF(zg);ZTF
59523.4787731;17.3393269;0.023231715;ZTF;ZTF(zi);ZTF
59524.4787384;17.6477814;0.0243283417;ZTF;ZTF(zr);ZTF
59524.5403241;18.5348721;0.0428972505;ZTF;ZTF(zg);ZTF
59526.4642361;18.5092258;0.0421587005;ZTF;ZTF(zg);ZTF
59526.5059954;17.6757889;0.0247815121;ZTF;ZTF(zr);ZTF
59528.4968634;17.6983395;0.0251551233;ZTF;ZTF(zr);ZTF
59528.528125;18.5226727;0.0425439365;ZTF;ZTF(zg);ZTF
59529.4859722;17.6732445;0.0247398335;ZTF;ZTF(zr);ZTF
59530.463669;17.5179405;0.0223776065;ZTF;ZTF(zr);ZTF
59530.4848032;18.3491898;0.0378954075;ZTF;ZTF(zg);ZTF
59530.5224769;17.2039204;0.0212905519;ZTF;ZTF(zi);ZTF
59531.455706;17.7533569;0.0261004623;ZTF;ZTF(zr);ZTF
59531.4966551;18.6210232;0.0454979427;ZTF;ZTF(zg);ZTF
59532.4643981;17.6847038;0.0249282662;ZTF;ZTF(zr);ZTF
59537.4662963;18.5987301;0.0448068641;ZTF;ZTF(zg);ZTF
59538.3810417;18.4219131;0.0397610553;ZTF;ZTF(zg);ZTF
59540.479537;17.3649063;0.0236283224;ZTF;ZTF(zi);ZTF
59542.33138999995;19.41;0.061178665582113406;Gaia Alerts;GSA(G);Gaia Alerts
59550.4001389;17.7619667;0.0262528509;ZTF;ZTF(zr);ZTF
59550.4428241;18.6017036;0.0448982865;ZTF;ZTF(zg);ZTF
59562.509800000116;19.05;0.049317380395493646;Gaia Alerts;GSA(G);Gaia Alerts
59562.583819999825;18.91;0.04535237134514455;Gaia Alerts;GSA(G);Gaia Alerts
59600.3818287;17.3762779;0.023807859;ZTF;ZTF(zi);ZTF
59622.3336111;17.6642799;0.0245938394;ZTF;ZTF(zr);ZTF
59622.3403356;18.5403709;0.043057695;ZTF;ZTF(zg);ZTF
59623.2059259;17.3962593;0.0241281185;ZTF;ZTF(zi);ZTF
59624.2589931;18.544775;0.043186713;ZTF;ZTF(zg);ZTF
59624.3682986;17.7312088;0.0257140566;ZTF;ZTF(zr);ZTF
59628.2068287;18.5887222;0.0445007943;ZTF;ZTF(zg);ZTF
59628.3289699;17.398674;0.0241672546;ZTF;ZTF(zi);ZTF
59628.4025463;17.6216564;0.0239162985;ZTF;ZTF(zr);ZTF
59636.2327662;18.5913658;0.0445813723;ZTF;ZTF(zg);ZTF
59636.3220718;17.6584854;0.0245001186;ZTF;ZTF(zr);ZTF
59636.3639236;17.311203;0.0228069387;ZTF;ZTF(zi);ZTF
59638.328044;17.5751762;0.0232079383;ZTF;ZTF(zr);ZTF
59639.2122454;17.3375168;0.0232040118;ZTF;ZTF(zi);ZTF
59640.3018634;18.5020752;0.0419556275;ZTF;ZTF(zg);ZTF
59640.3253241;17.6922188;0.0250529405;ZTF;ZTF(zr);ZTF
59671.3235648;17.6935501;0.0250751209;ZTF;ZTF(zr);ZTF
59674.2254861;17.7754784;0.0264944416;ZTF;ZTF(zr);ZTF
59674.3624884;18.3995686;0.0391754732;ZTF;ZTF(zg);ZTF
59675.1739815;17.1928902;0.0211436171;ZTF;ZTF(zi);ZTF
59676.1873843;17.6789551;0.0248334929;ZTF;ZTF(zr);ZTF
59676.2255671;18.4527283;0.04058709;ZTF;ZTF(zg);ZTF
59678.1876157;18.6104469;0.0451684818;ZTF;ZTF(zg);ZTF
59678.2144792;17.7397385;0.0258619227;ZTF;ZTF(zr);ZTF
59678.2896875;17.3104782;0.0227961484;ZTF;ZTF(zi);ZTF
59683.2422569;17.7603779;0.0262246355;ZTF;ZTF(zr);ZTF
59683.2711111;18.5849686;0.0443866514;ZTF;ZTF(zg);ZTF
59685.2485995;17.7569656;0.0261641983;ZTF;ZTF(zr);ZTF
59685.2805208;17.3514633;0.0234186687;ZTF;ZTF(zi);ZTF
59685.3201157;18.4360027;0.0401360467;ZTF;ZTF(zg);ZTF
59688.1735532;18.6462345;0.046295099;ZTF;ZTF(zg);ZTF
59690.2682176;18.5005074;0.0419112705;ZTF;ZTF(zg);ZTF
59694.1704282;17.6186161;0.0238690116;ZTF;ZTF(zr);ZTF
59694.1957407;17.3691845;0.023695631;ZTF;ZTF(zi);ZTF
59694.2584722;18.5271111;0.0426720493;ZTF;ZTF(zg);ZTF
59696.1640509;17.6922569;0.0250535738;ZTF;ZTF(zr);ZTF
59696.1859606;18.5065994;0.0420839712;ZTF;ZTF(zg);ZTF
59699.2010185;18.507019;0.0420958996;ZTF;ZTF(zg);ZTF
59701.1924769;17.6818352;0.0248809159;ZTF;ZTF(zr);ZTF
59701.2353009;17.3327484;0.023131296;ZTF;ZTF(zi);ZTF
59703.1730671;18.5571251;0.0435511097;ZTF;ZTF(zg);ZTF
59703.2847569;17.6531105;0.0244136602;ZTF;ZTF(zr);ZTF
59710.176713;18.547348;0.0432623066;ZTF;ZTF(zg);ZTF
59710.2125347;17.7772846;0.0265269652;ZTF;ZTF(zr);ZTF
59712.1874769;18.7335949;0.0491902307;ZTF;ZTF(zg);ZTF
59712.1963079;17.7747688;0.0264816843;ZTF;ZTF(zr);ZTF
59714.1742361;17.8371544;0.0276365094;ZTF;ZTF(zr);ZTF
59714.2365856;18.5955219;0.0447084755;ZTF;ZTF(zg);ZTF
59717.2472222;17.7523041;0.0260819141;ZTF;ZTF(zr);ZTF
59719.2264815;17.6495075;0.0243559275;ZTF;ZTF(zr);ZTF
59725.181088;17.3375893;0.0232051238;ZTF;ZTF(zi);ZTF
59729.34363000002;19.04;0.049023013013616855;Gaia Alerts;GSA(G);Gaia Alerts
59747.52186000021;19.27;0.056260035257954394;Gaia Alerts;GSA(G);Gaia Alerts
59747.595869999845;19.32;0.05796955946535215;Gaia Alerts;GSA(G);Gaia Alerts
59844.5167708;17.8136864;0.0271942429;ZTF;ZTF(zr);ZTF
59844.519213;17.71138;0.0253748372;ZTF;ZTF(zr);ZTF
59844.5216551;17.7315636;0.025720194;ZTF;ZTF(zr);ZTF
59844.5240972;17.7578087;0.0261791088;ZTF;ZTF(zr);ZTF
59844.5265394;17.8044968;0.0270236805;ZTF;ZTF(zr);ZTF
59846.5194213;17.7203445;0.0255274251;ZTF;ZTF(zr);ZTF
59846.5218634;17.7490692;0.0260250475;ZTF;ZTF(zr);ZTF
59846.5243056;17.7725334;0.026441535;ZTF;ZTF(zr);ZTF
59846.5267477;17.8246708;0.0274000671;ZTF;ZTF(zr);ZTF
59846.5291898;17.8418941;0.0277269967;ZTF;ZTF(zr);ZTF
59847.5196412;17.7236347;0.0255837515;ZTF;ZTF(zr);ZTF
59847.5220833;17.7800636;0.0265771374;ZTF;ZTF(zr);ZTF
59847.5245255;17.7527657;0.0260900408;ZTF;ZTF(zr);ZTF
59847.5269676;17.7094727;0.0253425352;ZTF;ZTF(zr);ZTF
59848.5198148;17.7409706;0.0258833896;ZTF;ZTF(zr);ZTF
59848.5221875;17.7507896;0.0260552764;ZTF;ZTF(zr);ZTF
59848.5245718;17.7077827;0.0253139567;ZTF;ZTF(zr);ZTF
59848.5269444;17.8214493;0.0273394752;ZTF;ZTF(zr);ZTF
59848.5293171;17.8238678;0.0273849405;ZTF;ZTF(zr);ZTF
59849.518669;17.7082882;0.0253224988;ZTF;ZTF(zr);ZTF
59849.5210995;17.7475014;0.0259975251;ZTF;ZTF(zr);ZTF
59849.5235185;17.7368336;0.0258114506;ZTF;ZTF(zr);ZTF
59849.5259491;17.7660675;0.0263258554;ZTF;ZTF(zr);ZTF
59849.5283796;17.7468071;0.0259853695;ZTF;ZTF(zr);ZTF
59854.513206;17.7076797;0.0253122281;ZTF;ZTF(zr);ZTF
59854.517581;17.6873989;0.0249728803;ZTF;ZTF(zr);ZTF
59854.5219676;17.6809273;0.0248659439;ZTF;ZTF(zr);ZTF
59854.5263542;17.7729187;0.0264484454;ZTF;ZTF(zr);ZTF
59854.5307407;17.8277588;0.0274582915;ZTF;ZTF(zr);ZTF
59855.5116435;17.6530151;0.0244121309;ZTF;ZTF(zr);ZTF
59855.5141551;17.6883507;0.0249886531;ZTF;ZTF(zr);ZTF
59855.5166551;17.6652012;0.0246087909;ZTF;ZTF(zr);ZTF
59855.5191667;17.6983795;0.0251558032;ZTF;ZTF(zr);ZTF
59855.5216782;17.7507401;0.0260543916;ZTF;ZTF(zr);ZTF
59856.5123148;17.67132;0.0247083977;ZTF;ZTF(zr);ZTF
59856.5148495;17.6693306;0.0246759467;ZTF;ZTF(zr);ZTF
59856.5173843;17.746315;0.0259767417;ZTF;ZTF(zr);ZTF
59856.5199074;17.596302;0.0235260185;ZTF;ZTF(zr);ZTF
59856.5243866;17.7156715;0.0254477244;ZTF;ZTF(zr);ZTF
59857.5127315;17.7377167;0.0258267652;ZTF;ZTF(zr);ZTF
59857.5152546;17.7235336;0.0255820118;ZTF;ZTF(zr);ZTF
59857.5177894;17.7329979;0.0257449802;ZTF;ZTF(zr);ZTF
59857.5203125;17.6701698;0.0246896278;ZTF;ZTF(zr);ZTF
59857.5228472;17.7458935;0.0259693749;ZTF;ZTF(zr);ZTF
59866.4627778;18.5625839;0.0437133797;ZTF;ZTF(zg);ZTF
59866.5023958;17.7639256;0.0262876842;ZTF;ZTF(zr);ZTF
59873.4709606;17.7808075;0.026590582;ZTF;ZTF(zr);ZTF
59873.5047685;17.3814583;0.023890283;ZTF;ZTF(zi);ZTF
59876.4952894;17.6847477;0.0249289963;ZTF;ZTF(zr);ZTF
59876.5093519;18.3784676;0.0386326127;ZTF;ZTF(zg);ZTF
59877.4654514;17.3658142;0.0236425884;ZTF;ZTF(zi);ZTF
59878.4545139;18.46982;0.0410546213;ZTF;ZTF(zg);ZTF
59878.5199653;17.6931038;0.0250676703;ZTF;ZTF(zr);ZTF
59880.5186111;17.3723145;0.0237450581;ZTF;ZTF(zi);ZTF
59881.4644329;18.5948391;0.0446875617;ZTF;ZTF(zg);ZTF
59881.4939583;17.6976013;0.0251427721;ZTF;ZTF(zr);ZTF
59883.4472917;17.6841812;0.0249196365;ZTF;ZTF(zr);ZTF
59883.4783681;17.3817921;0.0238956064;ZTF;ZTF(zi);ZTF
59883.5229282;18.5433807;0.0431457944;ZTF;ZTF(zg);ZTF
59888.5179282;17.7101822;0.0253545418;ZTF;ZTF(zr);ZTF
59889.4337963;17.2885895;0.022473786;ZTF;ZTF(zi);ZTF
59893.4261574;18.448164;0.0404633656;ZTF;ZTF(zg);ZTF
59893.4746412;17.6658592;0.024619475;ZTF;ZTF(zr);ZTF
59897.4834722;18.4810486;0.0413654819;ZTF;ZTF(zg);ZTF
59897.5301389;17.3169193;0.0228923298;ZTF;ZTF(zi);ZTF
59901.4726042;18.5652542;0.0437930338;ZTF;ZTF(zg);ZTF
59903.4026852;17.3674088;0.0236676726;ZTF;ZTF(zi);ZTF
59903.5031944;18.5688972;0.0439019874;ZTF;ZTF(zg);ZTF
59906.4011458;17.3373108;0.0232008789;ZTF;ZTF(zi);ZTF
59908.461169;18.2601585;0.035763856;ZTF;ZTF(zg);ZTF
59910.4656597;17.6660957;0.0246233083;ZTF;ZTF(zr);ZTF
59910.4930093;18.5880737;0.0444810502;ZTF;ZTF(zg);ZTF
59913.3814352;17.2818947;0.022376569;ZTF;ZTF(zi);ZTF
59914.4239815;17.6510048;0.0243798904;ZTF;ZTF(zr);ZTF
59914.4810069;18.5028648;0.0419779792;ZTF;ZTF(zg);ZTF
59922.799099999946;19.1;0.0508159442560561;Gaia Alerts;GSA(G);Gaia Alerts
59922.873110000044;19.15;0.05236004365857506;Gaia Alerts;GSA(G);Gaia Alerts
59923.3617477;17.7894344;0.0267471857;ZTF;ZTF(zr);ZTF
59923.4204514;18.542963;0.043133568;ZTF;ZTF(zg);ZTF
59930.4526968;18.5484562;0.0432949327;ZTF;ZTF(zg);ZTF
59930.4632292;17.633297;0.024098644;ZTF;ZTF(zr);ZTF
59932.4170255;17.3914356;0.0240502395;ZTF;ZTF(zi);ZTF
59935.3797222;18.5810833;0.0442688949;ZTF;ZTF(zg);ZTF
59935.4041204;17.2976723;0.0226067007;ZTF;ZTF(zi);ZTF
59935.422037;17.6841908;0.024919793;ZTF;ZTF(zr);ZTF
59935.62904000003;18.91;0.04535237134514455;Gaia Alerts;GSA(G);Gaia Alerts
59937.4239005;17.4832897;0.0218965858;ZTF;ZTF(zr);ZTF
59937.4851042;18.5048141;0.0420332476;ZTF;ZTF(zg);ZTF
59957.4218519;17.658905;0.0245068874;ZTF;ZTF(zr);ZTF
59965.3617708;18.4196777;0.0397019759;ZTF;ZTF(zg);ZTF
59966.3127315;17.3777237;0.0238308068;ZTF;ZTF(zi);ZTF
59968.3082986;17.6440754;0.0242692661;ZTF;ZTF(zr);ZTF
59968.3386111;18.4557037;0.0406679995;ZTF;ZTF(zg);ZTF
59969.3376736;17.3738861;0.023769917;ZTF;ZTF(zi);ZTF
59972.3367361;17.6762962;0.0247898158;ZTF;ZTF(zr);ZTF
59979.295625;18.5132961;0.0422748663;ZTF;ZTF(zg);ZTF
59979.3957986;17.2891464;0.0224818923;ZTF;ZTF(zi);ZTF
59979.4020833;17.8073082;0.0270757079;ZTF;ZTF(zr);ZTF
59983.3715972;17.4403782;0.0213226862;ZTF;ZTF(zr);ZTF
59983.4017014;18.3086224;0.0369039699;ZTF;ZTF(zg);ZTF
59984.358912;17.2929916;0.0225380603;ZTF;ZTF(zi);ZTF
59985.2326042;17.5904274;0.0234369244;ZTF;ZTF(zr);ZTF
59985.2954745;18.4345093;0.0400960818;ZTF;ZTF(zg);ZTF
59993.3402662;17.3482971;0.023369683;ZTF;ZTF(zi);ZTF
59994.285787;17.7168655;0.0254680421;ZTF;ZTF(zr);ZTF
60013.2434144;17.688076;0.0249841046;ZTF;ZTF(zr);ZTF
60013.2967245;18.5240784;0.0425844528;ZTF;ZTF(zg);ZTF
60017.2158796;18.5830898;0.0443296582;ZTF;ZTF(zg);ZTF
60027.115199999884;19.26;0.05592422830409016;Gaia Alerts;GSA(G);Gaia Alerts
60027.36534000002;19.03;0.0487304026625236;Gaia Alerts;GSA(G);Gaia Alerts
60027.43934000004;19.1;0.0508159442560561;Gaia Alerts;GSA(G);Gaia Alerts
60027.61549000023;19.02;0.04843953885478403;Gaia Alerts;GSA(G);Gaia Alerts
60027.689489999786;18.95;0.046451527522274924;Gaia Alerts;GSA(G);Gaia Alerts
60027.865639999975;19.03;0.0487304026625236;Gaia Alerts;GSA(G);Gaia Alerts
60027.93964;18.96;0.04673045396315109;Gaia Alerts;GSA(G);Gaia Alerts
60028.11578000011;19.11;0.0511210776117741;Gaia Alerts;GSA(G);Gaia Alerts
60028.18978000013;18.92;0.045624697707685145;Gaia Alerts;GSA(G);Gaia Alerts
60028.4399199998;18.92;0.045624697707685145;Gaia Alerts;GSA(G);Gaia Alerts
60029.690630000085;18.89;0.04481258533251559;Gaia Alerts;GSA(G);Gaia Alerts
60029.94077999983;18.82;0.0429734281153681;Gaia Alerts;GSA(G);Gaia Alerts
60030.19090999989;18.89;0.04481258533251559;Gaia Alerts;GSA(G);Gaia Alerts
60030.36706000008;18.98;0.04729334149186521;Gaia Alerts;GSA(G);Gaia Alerts
60030.61720000021;19.02;0.04843953885478403;Gaia Alerts;GSA(G);Gaia Alerts
60030.69119999977;19.03;0.0487304026625236;Gaia Alerts;GSA(G);Gaia Alerts
60030.86734999996;19.06;0.049613515358556924;Gaia Alerts;GSA(G);Gaia Alerts
60030.94134999998;19.09;0.05051263219145952;Gaia Alerts;GSA(G);Gaia Alerts
60031.11750000017;19.16;0.05267444883319066;Gaia Alerts;GSA(G);Gaia Alerts
60031.2270023;18.566494;0.0438300706;ZTF;ZTF(zg);ZTF
60031.2621065;17.6962814;0.0251207072;ZTF;ZTF(zr);ZTF
60042.1682176;17.6243744;0.0239586961;ZTF;ZTF(zr);ZTF
60044.1734491;17.6900444;0.0250167772;ZTF;ZTF(zr);ZTF
60046.1573727;17.7326775;0.0257394332;ZTF;ZTF(zr);ZTF
60046.1936574;18.5467587;0.0432449877;ZTF;ZTF(zg);ZTF
60050.2076273;17.5871792;0.0233878661;ZTF;ZTF(zr);ZTF
60050.7170834;14.666;0.163;NEOWISE;WISE(W1);NEOWISE
60050.7170834;14.51;0.484;NEOWISE;WISE(W2);NEOWISE
60052.225162;18.6327629;0.0458670706;ZTF;ZTF(zg);ZTF
60052.2918056;17.6653099;0.0246105511;ZTF;ZTF(zr);ZTF
60054.1730093;18.6180649;0.0454054847;ZTF;ZTF(zg);ZTF
60056.1853819;17.7749577;0.0264850687;ZTF;ZTF(zr);ZTF
60056.2045486;18.545229;0.0432000495;ZTF;ZTF(zg);ZTF
60058.1772917;18.4978218;0.0418354049;ZTF;ZTF(zg);ZTF
60058.2246296;17.6744843;0.0247601233;ZTF;ZTF(zr);ZTF
60060.1724653;17.7050591;0.0252679996;ZTF;ZTF(zr);ZTF
60060.2030208;18.6138306;0.0452735536;ZTF;ZTF(zg);ZTF
60065.2284722;17.8294411;0.0274900813;ZTF;ZTF(zr);ZTF
60072.08882999979;19.3;0.05727960309858304;Gaia Alerts;GSA(G);Gaia Alerts
60072.1628200002;19.12;0.051428043194879286;Gaia Alerts;GSA(G);Gaia Alerts
60073.1845833;17.7213326;0.0255443007;ZTF;ZTF(zr);ZTF
60077.1693519;17.6574669;0.0244837049;ZTF;ZTF(zr);ZTF
60079.2027083;17.6721611;0.0247221235;ZTF;ZTF(zr);ZTF
60081.1864005;17.7284508;0.0256665088;ZTF;ZTF(zr);ZTF
60097.1834259;17.7570095;0.0261649545;ZTF;ZTF(zr);ZTF
60111.55987;18.86;0.04401492842868153;Gaia Alerts;GSA(G);Gaia Alerts
60111.81002000021;19.01;0.04815041116556679;Gaia Alerts;GSA(G);Gaia Alerts
60111.88402999984;18.94;0.0461742659477296;Gaia Alerts;GSA(G);Gaia Alerts
60119.8139200001;18.94;0.0461742659477296;Gaia Alerts;GSA(G);Gaia Alerts
60120.06406999985;18.8;0.042461956394631385;Gaia Alerts;GSA(G);Gaia Alerts
60211.51893519983;17.207185784962622;0.04534363526052718;ZTF;ZTF(zr);ZTF
60211.5189352;17.2432613;0.0189737342;ZTF;ZTF(zr);ZTF
60211.52137729991;17.22224620392074;0.04330024442257734;ZTF;ZTF(zr);ZTF
60211.5213773;17.2550087;0.0191013366;ZTF;ZTF(zr);ZTF
60211.5238194;17.21731574734189;0.04276893716592819;ZTF;ZTF(zr);ZTF
60211.5238194;17.2319012;0.0188517608;ZTF;ZTF(zr);ZTF
60211.5262616;17.2095795;0.0186160542;ZTF;ZTF(zr);ZTF
60211.5262616002;17.204429064569013;0.043100057909052344;ZTF;ZTF(zr);ZTF
60211.52871529991;17.252977774128265;0.05124825360033271;ZTF;ZTF(zr);ZTF
60211.5287153;17.343544;0.0201120898;ZTF;ZTF(zr);ZTF
60212.5196412;17.223999;0.0187677164;ZTF;ZTF(zr);ZTF
60212.51964120008;17.22018824144531;0.04532085220899073;ZTF;ZTF(zr);ZTF
60212.5220718;17.2522087;0.0190707874;ZTF;ZTF(zr);ZTF
60212.522071800195;17.227204910934415;0.04572855389563694;ZTF;ZTF(zr);ZTF
60212.5245254999;17.246680543725322;0.04546851269409831;ZTF;ZTF(zr);ZTF
60212.5245255;17.2505035;0.0190522149;ZTF;ZTF(zr);ZTF
60212.52696759999;17.232222867488197;0.05144023427743872;ZTF;ZTF(zr);ZTF
60212.5269676;17.2706795;0.0192738641;ZTF;ZTF(zr);ZTF
60212.5294097;17.3045826;0.0196564123;ZTF;ZTF(zr);ZTF
60213.51781249978;17.22813592167807;0.04421528500835677;ZTF;ZTF(zr);ZTF
60213.5178125;17.2649651;0.0192106459;ZTF;ZTF(zr);ZTF
60213.5201852;17.2710419;0.0192778874;ZTF;ZTF(zr);ZTF
60213.52018520003;17.2135103190515;0.04376252381626197;ZTF;ZTF(zr);ZTF
60213.52256939979;17.247180123378843;0.04452841228121859;ZTF;ZTF(zr);ZTF
60213.5225694;17.2651024;0.0192121584;ZTF;ZTF(zr);ZTF
60213.5249421;17.2555027;0.019106729;ZTF;ZTF(zr);ZTF
60213.52494210005;17.222107372739703;0.04387685666241343;ZTF;ZTF(zr);ZTF
60213.5273032;17.2723045;0.0192919075;ZTF;ZTF(zr);ZTF
60213.527303200215;17.235141387540295;0.04468735935495682;ZTF;ZTF(zr);ZTF
60214.5188194;17.2939281;0.0195348207;ZTF;ZTF(zr);ZTF
60214.51881940011;17.274759925629322;0.04557273928637348;ZTF;ZTF(zr);ZTF
60214.52125;17.2785339;0.0193613581;ZTF;ZTF(zr);ZTF
60214.52125000022;17.231503778008815;0.0421013359334179;ZTF;ZTF(zr);ZTF
60214.52368059987;17.2337266600791;0.046187316915541544;ZTF;ZTF(zr);ZTF
60214.5236806;17.2490692;0.0190366302;ZTF;ZTF(zr);ZTF
60214.52609949978;17.26522401490064;0.04526353799853482;ZTF;ZTF(zr);ZTF
60214.5260995;17.2830315;0.019411765;ZTF;ZTF(zr);ZTF
60214.52854169998;17.20424972042676;0.04590252318429707;ZTF;ZTF(zr);ZTF
60214.5285417;17.2288246;0.0188189596;ZTF;ZTF(zr);ZTF
60215.70622000005;17.9;0.024774220576332863;Gaia Alerts;GSA(G);Gaia Alerts
60215.88237999985;17.86;0.024188002231478458;Gaia Alerts;GSA(G);Gaia Alerts
60215.956400000025;17.91;0.024922981780526238;Gaia Alerts;GSA(G);Gaia Alerts
60220.5103241;17.9983406;0.0309450775;ZTF;ZTF(zr);ZTF
60220.5128241;17.8630505;0.0281357393;ZTF;ZTF(zr);ZTF
60220.5153356;17.6085129;0.0237128045;ZTF;ZTF(zr);ZTF
60220.5178472;17.8272057;0.0274478476;ZTF;ZTF(zr);ZTF
60220.5203472;17.8467846;0.0278207678;ZTF;ZTF(zr);ZTF
60221.5113889;17.1416702;0.0179304667;ZTF;ZTF(zr);ZTF
60221.513912;17.1458702;0.0179715361;ZTF;ZTF(zr);ZTF
60221.51391200023;17.271494823944792;0.05762577786843005;ZTF;ZTF(zr);ZTF
60221.51644679997;17.174776599008197;0.05510385363897603;ZTF;ZTF(zr);ZTF
60221.5164468;17.1288261;0.0178059805;ZTF;ZTF(zr);ZTF
60221.518969899975;17.1851658186699;0.062058800239775065;ZTF;ZTF(zr);ZTF
60221.5189699;17.111702;0.0176424943;ZTF;ZTF(zr);ZTF
60221.5214931;17.2286453;0.0188170429;ZTF;ZTF(zr);ZTF
60222.5165741;17.3073578;0.0196882971;ZTF;ZTF(zr);ZTF
60222.516574100126;17.273620965916134;0.04488243101520078;ZTF;ZTF(zr);ZTF
60222.5190972;17.255867;0.0191107187;ZTF;ZTF(zr);ZTF
60222.51909720013;17.249805176863422;0.045945486753574745;ZTF;ZTF(zr);ZTF
60222.521620399784;17.227756462883637;0.04645379385010467;ZTF;ZTF(zr);ZTF
60222.5216204;17.2636032;0.0191956237;ZTF;ZTF(zr);ZTF
60222.524155099876;17.264483628008453;0.045854442441364766;ZTF;ZTF(zr);ZTF
60222.5241551;17.2967224;0.01956659;ZTF;ZTF(zr);ZTF
60222.52668979997;17.24950668359775;0.05181720248729363;ZTF;ZTF(zr);ZTF
60222.5266898;17.2578735;0.0191326756;ZTF;ZTF(zr);ZTF
60223.5126389;17.2626572;0.0191852134;ZTF;ZTF(zr);ZTF
60223.51516199997;17.262286344810814;0.04683493603735741;ZTF;ZTF(zr);ZTF
60223.515162;17.26791;0.0192431808;ZTF;ZTF(zr);ZTF
60223.5176968;17.3302784;0.0199549776;ZTF;ZTF(zr);ZTF
60223.517696800176;17.29804940747767;0.047924710448132506;ZTF;ZTF(zr);ZTF
60223.5202199;17.2924004;0.0195174832;ZTF;ZTF(zr);ZTF
60223.52021990018;17.279350886587444;0.05038473655004333;ZTF;ZTF(zr);ZTF
60223.522754599806;17.260145459859107;0.04542184561455767;ZTF;ZTF(zr);ZTF
60223.5227546;17.3052254;0.0196637865;ZTF;ZTF(zr);ZTF
60228.388650000095;18.0;0.026302679918953815;Gaia Alerts;GSA(G);Gaia Alerts
60228.462660000194;18.09;0.027758756035343456;Gaia Alerts;GSA(G);Gaia Alerts
60231.47206019983;17.359833258487164;0.047765101270531615;ZTF;ZTF(zr);ZTF
60231.4720602;17.3759651;0.0205047652;ZTF;ZTF(zr);ZTF
60233.500150499865;17.335912063345443;0.04548589143350375;ZTF;ZTF(zr);ZTF
60233.5001505;17.3494301;0.0201824643;ZTF;ZTF(zr);ZTF
60239.49726849981;17.729445098918355;0.046227000030342816;ZTF;ZTF(zg);ZTF
60239.4972685;17.7590504;0.0264037978;ZTF;ZTF(zg);ZTF
60244.48182869982;17.36211601125013;0.051443637889304394;ZTF;ZTF(zr);ZTF
60244.4818287;17.4255695;0.0211300887;ZTF;ZTF(zr);ZTF
60244.507685199846;17.79593420277053;0.05166637037362599;ZTF;ZTF(zg);ZTF
60244.5076852;17.8124084;0.0272165835;ZTF;ZTF(zg);ZTF
60246.47030089982;17.846323711407315;0.08469434492179102;ZTF;ZTF(zg);ZTF
60246.4703009;17.8542137;0.0278806426;ZTF;ZTF(zg);ZTF
60246.519571799785;17.40317917290829;0.05272696124551813;ZTF;ZTF(zr);ZTF
60246.5195718;17.455658;0.0215243082;ZTF;ZTF(zr);ZTF
60248.4611343;17.2554512;0.0191061683;ZTF;ZTF(zr);ZTF
60248.4611343001;17.307290542310966;0.0535922874553187;ZTF;ZTF(zr);ZTF
60248.51254629996;17.72316529362232;0.07188786051029983;ZTF;ZTF(zg);ZTF
60248.5125463;17.7377491;0.0260898825;ZTF;ZTF(zg);ZTF
60250.4371528;17.4584484;0.0215614568;ZTF;ZTF(zr);ZTF
60250.44008099986;17.872849522558713;0.05865841393616065;ZTF;ZTF(zg);ZTF
60250.440081;17.9144287;0.0288810767;ZTF;ZTF(zg);ZTF
60252.4837731;17.9354515;0.0292429943;ZTF;ZTF(zg);ZTF
60252.48377310019;17.89236879379074;0.0542128582265464;ZTF;ZTF(zg);ZTF
60252.506018499844;17.409669543090047;0.051437463871423984;ZTF;ZTF(zr);ZTF
60252.5060185;17.4490623;0.0214369223;ZTF;ZTF(zr);ZTF
60256.476794;17.9078827;0.0287697427;ZTF;ZTF(zg);ZTF
60256.4823264;17.4325333;0.0212203152;ZTF;ZTF(zr);ZTF
60256.4823264;17.460552659197795;0.04799377221687813;ZTF;ZTF(zr);ZTF
60258.4792824;17.4327812;0.0212235376;ZTF;ZTF(zr);ZTF
60258.479282400105;17.42859634672416;0.04676515941669027;ZTF;ZTF(zr);ZTF
60261.4752894;18.0825691;0.0319708437;ZTF;ZTF(zg);ZTF
60261.4752894002;18.022329377078766;0.053983905784017135;ZTF;ZTF(zg);ZTF
60261.523032399826;17.404327550181645;0.045262539706580666;ZTF;ZTF(zr);ZTF
60263.868149999995;18.48;0.0350590383932613;Gaia Alerts;GSA(G);Gaia Alerts
60287.3595139;17.4140358;0.0209819917;ZTF;ZTF(zr);ZTF
60287.4234144;18.1364422;0.033060506;ZTF;ZTF(zg);ZTF
60289.4417940001;18.130856310765807;0.07598679130776971;ZTF;ZTF(zg);ZTF
60291.3811458;17.51049962096846;0.050198748364100786;ZTF;ZTF(zr);ZTF
60291.3811458;17.5295258;0.0225420222;ZTF;ZTF(zr);ZTF
60291.4404977;18.1683235;0.0337297507;ZTF;ZTF(zg);ZTF
60291.440497700125;18.14473301356633;0.05100671820786765;ZTF;ZTF(zg);ZTF
60296.49770830013;18.146049280058342;0.05758765347177041;ZTF;ZTF(zg);ZTF
60311.2927199;17.6755028;0.0247768201;ZTF;ZTF(zr);ZTF
60311.4530671;18.3481865;0.0378704891;ZTF;ZTF(zg);ZTF
60315.30241899984;17.536971965971826;0.0534331639943313;ZTF;ZTF(zr);ZTF
60315.302419;17.5642757;0.0230462886;ZTF;ZTF(zr);ZTF
60315.379537;17.5688915;0.0231145322;ZTF;ZTF(zr);ZTF
60322.421412;17.5703468;0.0231360961;ZTF;ZTF(zr);ZTF
60324.416909699794;18.29190014509617;0.05536887137676547;ZTF;ZTF(zg);ZTF
60324.4169097;18.2987328;0.036667455;ZTF;ZTF(zg);ZTF
60324.4425694;17.5519638;0.0228657145;ZTF;ZTF(zr);ZTF
60326.4003472;17.5612221;0.0230012983;ZTF;ZTF(zr);ZTF
60341.2540162;18.2935791;0.0365449972;ZTF;ZTF(zg);ZTF
60341.25401620008;18.255354420814456;0.05387760267326669;ZTF;ZTF(zg);ZTF
60341.3158333;17.6280136;0.0240156371;ZTF;ZTF(zr);ZTF
60352.2578935;18.2853203;0.036349874;ZTF;ZTF(zg);ZTF
60352.3597685;17.6014576;0.023604624;ZTF;ZTF(zr);ZTF
60354.3652083;17.5561981;0.0229275785;ZTF;ZTF(zr);ZTF
60357.3333449;17.6075249;0.0236976258;ZTF;ZTF(zr);ZTF
60357.3796528;18.374012;0.0385192521;ZTF;ZTF(zg);ZTF
60374.2534606;17.6014347;0.0236042794;ZTF;ZTF(zr);ZTF
60388.2276042;17.6175232;0.0238520391;ZTF;ZTF(zr);ZTF
60388.2703125;18.2734108;0.0360709168;ZTF;ZTF(zg);ZTF
60397.2758102;17.6836834;0.0249114055;ZTF;ZTF(zr);ZTF
60397.3294444;18.2827129;0.0362885408;ZTF;ZTF(zg);ZTF
60403.2494907;17.6315823;0.0240716469;ZTF;ZTF(zr);ZTF
60403.289919;18.3649101;0.0382889435;ZTF;ZTF(zg);ZTF
60407.2796412;18.4173183;0.0396397412;ZTF;ZTF(zg);ZTF
60416.2083796;17.6298599;0.0240446012;ZTF;ZTF(zr);ZTF
60416.2568634;18.3992405;0.0391669683;ZTF;ZTF(zg);ZTF
60420.2110301;18.4038658;0.0392872356;ZTF;ZTF(zg);ZTF
60420.2586806;17.647213;0.024319265;ZTF;ZTF(zr);ZTF
60422.1925926;18.557148;0.0435517877;ZTF;ZTF(zg);ZTF
60422.2757639;17.73386;0.0257598907;ZTF;ZTF(zr);ZTF
60429.2077546;17.5759449;0.0232193843;ZTF;ZTF(zr);ZTF
60433.1731019;17.5972977;0.0235411655;ZTF;ZTF(zr);ZTF
60433.194537;18.4730721;0.0411443524;ZTF;ZTF(zg);ZTF
60448.2348727;17.6672592;0.0246422179;ZTF;ZTF(zr);ZTF
