MJD;Magnitude;Error;Facility;Filter;Observer
53674.28132;20.92;0.15;CRTS;CRTS(CL);CRTS
53674.28665;21.35;0.17;CRTS;CRTS(CL);CRTS
53674.292;21.39;0.18;CRTS;CRTS(CL);CRTS
53674.29734;21.05;0.15;CRTS;CRTS(CL);CRTS
53675.27322;21.02;0.21;CRTS;CRTS(CL);CRTS
53675.28144;21.05;0.22;CRTS;CRTS(CL);CRTS
53675.28961;20.74;0.19;CRTS;CRTS(CL);CRTS
53675.29779;21.43;0.26;CRTS;CRTS(CL);CRTS
53704.20467;21.19;0.24;CRTS;CRTS(CL);CRTS
53704.21154;21.49;0.28;CRTS;CRTS(CL);CRTS
53704.21825;21.59;0.3;CRTS;CRTS(CL);CRTS
53704.22498;21.11;0.24;CRTS;CRTS(CL);CRTS
54025.26597;21.33;0.26;CRTS;CRTS(CL);CRTS
54025.28224;22.08;0.4;CRTS;CRTS(CL);CRTS
54055.29961;21.37;0.27;CRTS;CRTS(CL);CRTS
54055.30518;21.57;0.3;CRTS;CRTS(CL);CRTS
54055.31076;21.24;0.25;CRTS;CRTS(CL);CRTS
54055.31635;21.01;0.23;CRTS;CRTS(CL);CRTS
54095.10235;20.96;0.22;CRTS;CRTS(CL);CRTS
54095.10905;21.21;0.25;CRTS;CRTS(CL);CRTS
54095.11578;20.69;0.19;CRTS;CRTS(CL);CRTS
54095.12248;21.36;0.27;CRTS;CRTS(CL);CRTS
54148.11263;20.82;0.21;CRTS;CRTS(CL);CRTS
54148.11711;20.95;0.22;CRTS;CRTS(CL);CRTS
54357.40234;21.24;0.23;CRTS;CRTS(CL);CRTS
54357.40791;21.12;0.22;CRTS;CRTS(CL);CRTS
54357.41351;21.3;0.24;CRTS;CRTS(CL);CRTS
54357.41927;20.72;0.18;CRTS;CRTS(CL);CRTS
54382.36621;21.12;0.22;CRTS;CRTS(CL);CRTS
54382.373;20.79;0.19;CRTS;CRTS(CL);CRTS
54382.37981;20.88;0.2;CRTS;CRTS(CL);CRTS
54382.38659;21.16;0.23;CRTS;CRTS(CL);CRTS
54413.23685;21.44;0.26;CRTS;CRTS(CL);CRTS
54413.24286;21.41;0.25;CRTS;CRTS(CL);CRTS
54413.24891;21.03;0.21;CRTS;CRTS(CL);CRTS
54413.25494;20.79;0.19;CRTS;CRTS(CL);CRTS
54762.34095;21.41;0.26;CRTS;CRTS(CL);CRTS
54762.34807;20.58;0.17;CRTS;CRTS(CL);CRTS
54762.35525;21.09;0.22;CRTS;CRTS(CL);CRTS
54762.36232;21.24;0.24;CRTS;CRTS(CL);CRTS
54779.1275;20.55;0.17;CRTS;CRTS(CL);CRTS
54779.1329;21.55;0.28;CRTS;CRTS(CL);CRTS
54779.13842;21.73;0.31;CRTS;CRTS(CL);CRTS
54779.13842;21.33;0.25;CRTS;CRTS(CL);CRTS
54779.14381;19.79;0.12;CRTS;CRTS(CL);CRTS
54831.13813;21.31;0.24;CRTS;CRTS(CL);CRTS
54831.14641;20.9;0.2;CRTS;CRTS(CL);CRTS
54831.15473;20.99;0.21;CRTS;CRTS(CL);CRTS
54831.1631;20.83;0.19;CRTS;CRTS(CL);CRTS
55126.26468;21.13;0.24;CRTS;CRTS(CL);CRTS
55126.27097;21.0;0.23;CRTS;CRTS(CL);CRTS
55126.27728;20.94;0.22;CRTS;CRTS(CL);CRTS
55126.28338;20.75;0.2;CRTS;CRTS(CL);CRTS
55154.24036;21.28;0.26;CRTS;CRTS(CL);CRTS
55154.24556;21.18;0.25;CRTS;CRTS(CL);CRTS
55154.25079;21.23;0.26;CRTS;CRTS(CL);CRTS
55154.256;21.2;0.25;CRTS;CRTS(CL);CRTS
55209.13849;20.95;0.22;CRTS;CRTS(CL);CRTS
55209.14306;20.81;0.22;CRTS;CRTS(CL);CRTS
55209.14767;21.22;0.26;CRTS;CRTS(CL);CRTS
55209.15226;20.91;0.22;CRTS;CRTS(CL);CRTS
55214.9647496;16.656;0.393;ALLWISE;WISE(W1);ALLWISE
55215.1632704;16.809;0.453;ALLWISE;WISE(W1);ALLWISE
55215.295575;16.102;0.257;ALLWISE;WISE(W1);ALLWISE
55215.3616638;16.192;0.268;ALLWISE;WISE(W1);ALLWISE
55215.4278798;16.768;0.442;ALLWISE;WISE(W1);ALLWISE
55215.5601845;15.23;0.478;ALLWISE;WISE(W2);ALLWISE
55402.684696;15.025;0.319;ALLWISE;WISE(W2);ALLWISE
55402.6848233;16.868;0.475;ALLWISE;WISE(W1);ALLWISE
55402.8169998;16.998;0.542;ALLWISE;WISE(W1);ALLWISE
55403.0155192;16.535;0.367;ALLWISE;WISE(W1);ALLWISE
55403.0816074;15.452;0.52;ALLWISE;WISE(W2);ALLWISE
55403.147823;15.872;0.206;ALLWISE;WISE(W1);ALLWISE
55403.2139112;16.505;0.397;ALLWISE;WISE(W1);ALLWISE
55403.4123032;15.365;0.448;ALLWISE;WISE(W2);ALLWISE
55403.4124305;16.53;0.347;ALLWISE;WISE(W1);ALLWISE
55403.5446069;15.987;0.22;ALLWISE;WISE(W1);ALLWISE
55403.5447343;16.166;0.248;ALLWISE;WISE(W1);ALLWISE
55426.3849572;21.127243041992188;0.26022040843963623;PTF;PTF(R);PTF
55429.4335372;21.01913070678711;0.22410176694393158;PTF;PTF(R);PTF
55429.4774872;21.18489646911621;0.15492451190948486;PTF;PTF(R);PTF
55447.4458472;21.31336784362793;0.15243089199066162;PTF;PTF(R);PTF
55447.4892072;21.230213165283203;0.1491614431142807;PTF;PTF(R);PTF
55468.43379;22.02;0.37;CRTS;CRTS(CL);CRTS
55468.43959;20.75;0.19;CRTS;CRTS(CL);CRTS
55468.44539;21.26;0.25;CRTS;CRTS(CL);CRTS
55468.45126;21.34;0.26;CRTS;CRTS(CL);CRTS
55471.3021972;20.932748794555664;0.2171630859375;PTF;PTF(R);PTF
55482.4067072;21.64342498779297;0.20117779076099396;PTF;PTF(R);PTF
55486.4507872;20.770578384399414;0.19603319466114044;PTF;PTF(R);PTF
55486.4983972;20.978899002075195;0.20316049456596375;PTF;PTF(R);PTF
55499.26936;21.11;0.19;CRTS;CRTS(CL);CRTS
55499.27573;20.99;0.18;CRTS;CRTS(CL);CRTS
55499.28177;21.1;0.18;CRTS;CRTS(CL);CRTS
55499.28782;21.03;0.18;CRTS;CRTS(CL);CRTS
55580.3588771;15.551;0.536;ALLWISE;WISE(W2);ALLWISE
55580.3588771;16.859;0.471;ALLWISE;WISE(W1);ALLWISE
55580.4911815;16.303;0.288;ALLWISE;WISE(W1);ALLWISE
55580.6233585;16.896;0.489;ALLWISE;WISE(W1);ALLWISE
55580.8217514;16.731;0.428;ALLWISE;WISE(W1);ALLWISE
55580.8879673;16.916;0.536;ALLWISE;WISE(W1);ALLWISE
55581.2185372;16.894;0.488;ALLWISE;WISE(W1);ALLWISE
55856.26032;20.87;0.21;CRTS;CRTS(CL);CRTS
55856.26847;20.81;0.2;CRTS;CRTS(CL);CRTS
55856.27667;20.74;0.2;CRTS;CRTS(CL);CRTS
55856.28487;21.61;0.31;CRTS;CRTS(CL);CRTS
55881.3927239;21.6126;0.062926;PS1;PS1(r);PS1
55980.09963;20.75;0.2;CRTS;CRTS(CL);CRTS
55980.10996;21.18;0.25;CRTS;CRTS(CL);CRTS
55980.11519;21.82;0.35;CRTS;CRTS(CL);CRTS
56070.1425494;22.6509;0.11933;PS1;PS1(g);PS1
56162.3604335;20.3138;0.032672;PS1;PS1(z);PS1
56235.27828;20.98;0.23;CRTS;CRTS(CL);CRTS
56235.28533;20.82;0.22;CRTS;CRTS(CL);CRTS
56235.29238;21.35;0.28;CRTS;CRTS(CL);CRTS
56235.30032;21.08;0.24;CRTS;CRTS(CL);CRTS
56244.23713;21.1;0.26;CRTS;CRTS(CL);CRTS
56244.24294;20.67;0.2;CRTS;CRTS(CL);CRTS
56244.2488;21.14;0.25;CRTS;CRTS(CL);CRTS
56244.25465;20.67;0.2;CRTS;CRTS(CL);CRTS
56267.20215;21.32;0.3;CRTS;CRTS(CL);CRTS
56267.2074;21.02;0.27;CRTS;CRTS(CL);CRTS
56267.21266;20.69;0.21;CRTS;CRTS(CL);CRTS
56267.21795;20.98;0.24;CRTS;CRTS(CL);CRTS
56330.0695713;20.799;0.018583;PS1;PS1(i);PS1
56537.3117572;20.92047691345215;0.19508016109466553;PTF;PTF(R);PTF
56537.3781872;21.132150650024414;0.14246495068073273;PTF;PTF(R);PTF
56540.4324072;20.7623291015625;0.15126702189445496;PTF;PTF(R);PTF
56540.4845672;20.9322452545166;0.13189217448234558;PTF;PTF(R);PTF
56545.3787872;20.728246688842773;0.18137067556381226;PTF;PTF(R);PTF
56576.4159172;21.335609436035156;0.16556595265865326;PTF;PTF(R);PTF
56576.4554272;21.049236297607422;0.20395642518997192;PTF;PTF(R);PTF
56589.28244;21.05;0.24;CRTS;CRTS(CL);CRTS
56589.28782;21.26;0.27;CRTS;CRTS(CL);CRTS
56589.2932;20.7;0.2;CRTS;CRTS(CL);CRTS
56589.29861;21.06;0.24;CRTS;CRTS(CL);CRTS
56600.20475;21.2;0.26;CRTS;CRTS(CL);CRTS
56600.20949;21.0;0.24;CRTS;CRTS(CL);CRTS
56600.21416;21.46;0.3;CRTS;CRTS(CL);CRTS
56600.21886;20.76;0.21;CRTS;CRTS(CL);CRTS
56600.2944072;21.47315788269043;0.19256606698036194;PTF;PTF(R);PTF
56600.3191672;21.449506759643555;0.202039897441864;PTF;PTF(R);PTF
56658.10924;20.55;0.19;CRTS;CRTS(CL);CRTS
56658.11565;20.61;0.2;CRTS;CRTS(CL);CRTS
56658.12202;20.67;0.2;CRTS;CRTS(CL);CRTS
56658.12843;20.57;0.19;CRTS;CRTS(CL);CRTS
56678.50048799;16.327;0.338;NEOWISE;WISE(W1);NEOWISE
56678.69811674;15.875;0.207;NEOWISE;WISE(W1);NEOWISE
56678.76395052;16.033;0.294;NEOWISE;WISE(W1);NEOWISE
56678.82991168;16.014;0.254;NEOWISE;WISE(W1);NEOWISE
56679.09337421;15.712;0.184;NEOWISE;WISE(W1);NEOWISE
56868.2388228;14.641;0.424;NEOWISE;WISE(W2);NEOWISE
56868.2388228;15.937;0.222;NEOWISE;WISE(W1);NEOWISE
57040.59984109;15.874;0.273;NEOWISE;WISE(W1);NEOWISE
57040.86266725;16.064;0.232;NEOWISE;WISE(W1);NEOWISE
57040.92837377;16.203;0.273;NEOWISE;WISE(W1);NEOWISE
57041.05978678;16.201;0.264;NEOWISE;WISE(W1);NEOWISE
57041.05978678;14.954;0.437;NEOWISE;WISE(W2);NEOWISE
57041.19119979;16.132;0.262;NEOWISE;WISE(W1);NEOWISE
57229.49359793;15.891;0.223;NEOWISE;WISE(W1);NEOWISE
57229.75591356;16.182;0.312;NEOWISE;WISE(W1);NEOWISE
57229.82161985;14.859;0.515;NEOWISE;WISE(W2);NEOWISE
57229.88719876;16.388;0.313;NEOWISE;WISE(W1);NEOWISE
57250.584365;18.289;0.745;ATLAS;ATLAS(c);ATLAS
57250.607153;19.326;0.779;ATLAS;ATLAS(c);ATLAS
57277.505291;20.853;0.895;ATLAS;ATLAS(c);ATLAS
57277.523609;20.225;0.5;ATLAS;ATLAS(c);ATLAS
57277.542622;20.159;0.5;ATLAS;ATLAS(c);ATLAS
57313.514248;19.595;0.333;ATLAS;ATLAS(c);ATLAS
57319.385124;19.212;0.84;ATLAS;ATLAS(o);ATLAS
57319.410661;19.419;0.818;ATLAS;ATLAS(o);ATLAS
57334.437747;20.635;0.923;ATLAS;ATLAS(c);ATLAS
57341.387044;20.829;0.913;ATLAS;ATLAS(c);ATLAS
57341.436858;20.772;0.957;ATLAS;ATLAS(c);ATLAS
57342.46027;20.645;0.778;ATLAS;ATLAS(c);ATLAS
57343.407989;20.509;0.656;ATLAS;ATLAS(c);ATLAS
57343.458759;20.026;0.629;ATLAS;ATLAS(c);ATLAS
57366.327708;19.973;0.635;ATLAS;ATLAS(o);ATLAS
57400.329677;20.219;0.56;ATLAS;ATLAS(c);ATLAS
57401.327728;20.57;0.79;ATLAS;ATLAS(c);ATLAS
57401.55490111;16.233;0.285;NEOWISE;WISE(W1);NEOWISE
57401.81709104;16.205;0.272;NEOWISE;WISE(W1);NEOWISE
57408.295132;19.513;0.903;ATLAS;ATLAS(o);ATLAS
57428.287516;20.163;0.595;ATLAS;ATLAS(c);ATLAS
57434.252157;19.532;0.842;ATLAS;ATLAS(c);ATLAS
57593.79383597;15.994;0.46;NEOWISE;WISE(W1);NEOWISE
57593.99031814;14.722;0.471;NEOWISE;WISE(W2);NEOWISE
57593.99031814;16.119;0.364;NEOWISE;WISE(W1);NEOWISE
57594.05589713;16.057;0.281;NEOWISE;WISE(W1);NEOWISE
57594.18692766;16.213;0.351;NEOWISE;WISE(W1);NEOWISE
57596.34874101;15.806;0.323;NEOWISE;WISE(W1);NEOWISE
57597.20050382;13.905;0.299;NEOWISE;WISE(W2);NEOWISE
57597.20050382;16.236;0.391;NEOWISE;WISE(W1);NEOWISE
57597.3315344;15.667;0.222;NEOWISE;WISE(W1);NEOWISE
57607.629768;19.436;0.385;ATLAS;ATLAS(c);ATLAS
57619.5648;18.688;0.296;ATLAS;ATLAS(o);ATLAS
57619.605151;19.757;0.839;ATLAS;ATLAS(o);ATLAS
57630.584095;20.668;0.722;ATLAS;ATLAS(c);ATLAS
57670.462664;19.693;0.341;ATLAS;ATLAS(o);ATLAS
57670.503973;19.863;0.467;ATLAS;ATLAS(o);ATLAS
57672.476975;20.098;0.703;ATLAS;ATLAS(o);ATLAS
57676.421204;17.413;0.589;ATLAS;ATLAS(o);ATLAS
57680.489923;16.8;0.574;ATLAS;ATLAS(o);ATLAS
57688.471225;20.591;0.844;ATLAS;ATLAS(c);ATLAS
57700.430738;20.152;0.927;ATLAS;ATLAS(o);ATLAS
57712.461066;17.919;0.461;ATLAS;ATLAS(o);ATLAS
57712.476657;17.553;0.423;ATLAS;ATLAS(o);ATLAS
57716.39998;20.722;0.833;ATLAS;ATLAS(c);ATLAS
57736.386714;19.343;0.755;ATLAS;ATLAS(o);ATLAS
57744.346272;20.674;0.794;ATLAS;ATLAS(c);ATLAS
57744.359398;20.479;0.711;ATLAS;ATLAS(c);ATLAS
57756.318963;20.166;0.5;ATLAS;ATLAS(c);ATLAS
57764.00939356;16.603;0.461;NEOWISE;WISE(W1);NEOWISE
57764.14042488;16.491;0.517;NEOWISE;WISE(W1);NEOWISE
57768.27721;16.857;0.553;ATLAS;ATLAS(o);ATLAS
57780.308301;19.866;0.431;ATLAS;ATLAS(c);ATLAS
57804.223916;19.362;0.585;ATLAS;ATLAS(c);ATLAS
57808.231445;20.04;0.824;ATLAS;ATLAS(c);ATLAS
57808.268222;18.733;0.645;ATLAS;ATLAS(c);ATLAS
57941.591722;19.618;0.32;ATLAS;ATLAS(o);ATLAS
57941.600064;19.913;0.429;ATLAS;ATLAS(o);ATLAS
57943.593573;19.585;0.649;ATLAS;ATLAS(o);ATLAS
57960.48162407;15.955;0.229;NEOWISE;WISE(W1);NEOWISE
57963.630391;18.241;0.61;ATLAS;ATLAS(o);ATLAS
57972.558882;18.903;0.558;ATLAS;ATLAS(o);ATLAS
57972.567264;18.581;0.829;ATLAS;ATLAS(o);ATLAS
57976.604102;19.663;0.462;ATLAS;ATLAS(o);ATLAS
57976.621821;19.887;0.52;ATLAS;ATLAS(o);ATLAS
57988.621702;20.032;0.534;ATLAS;ATLAS(o);ATLAS
57991.609444;21.733;0.952;ATLAS;ATLAS(c);ATLAS
57993.583652;20.622;0.685;ATLAS;ATLAS(o);ATLAS
57993.589595;20.933;0.95;ATLAS;ATLAS(o);ATLAS
57995.605749;19.903;0.635;ATLAS;ATLAS(o);ATLAS
57997.568635;20.484;0.528;ATLAS;ATLAS(o);ATLAS
57999.566889;20.017;0.576;ATLAS;ATLAS(o);ATLAS
57999.58365;20.461;0.412;ATLAS;ATLAS(o);ATLAS
57999.588192;21.152;0.621;ATLAS;ATLAS(o);ATLAS
58001.560322;19.689;0.616;ATLAS;ATLAS(o);ATLAS
58007.563846;19.652;0.373;ATLAS;ATLAS(o);ATLAS
58009.525905;19.918;0.347;ATLAS;ATLAS(o);ATLAS
58009.540669;20.069;0.467;ATLAS;ATLAS(o);ATLAS
58009.548623;20.9;0.817;ATLAS;ATLAS(o);ATLAS
58013.520173;20.234;0.402;ATLAS;ATLAS(o);ATLAS
58013.534052;20.739;0.626;ATLAS;ATLAS(o);ATLAS
58013.535291;20.849;0.663;ATLAS;ATLAS(o);ATLAS
58019.53003;21.415;0.835;ATLAS;ATLAS(c);ATLAS
58021.498494;20.113;0.353;ATLAS;ATLAS(o);ATLAS
58021.502511;20.21;0.425;ATLAS;ATLAS(o);ATLAS
58021.525341;20.578;0.571;ATLAS;ATLAS(o);ATLAS
58023.522174;21.007;0.59;ATLAS;ATLAS(o);ATLAS
58025.523646;19.659;0.347;ATLAS;ATLAS(o);ATLAS
58027.498769;20.695;0.724;ATLAS;ATLAS(o);ATLAS
58027.504312;20.79;0.507;ATLAS;ATLAS(o);ATLAS
58027.51827;20.241;0.402;ATLAS;ATLAS(o);ATLAS
58027.526484;20.171;0.345;ATLAS;ATLAS(o);ATLAS
58045.456719;20.4;0.464;ATLAS;ATLAS(o);ATLAS
58045.461099;19.571;0.248;ATLAS;ATLAS(o);ATLAS
58045.462086;20.961;0.859;ATLAS;ATLAS(o);ATLAS
58045.474376;20.42;0.563;ATLAS;ATLAS(o);ATLAS
58049.47429;20.535;0.554;ATLAS;ATLAS(o);ATLAS
58049.493186;20.44;0.686;ATLAS;ATLAS(o);ATLAS
58053.442562;20.258;0.48;ATLAS;ATLAS(o);ATLAS
58053.458111;20.03;0.418;ATLAS;ATLAS(o);ATLAS
58053.465731;20.603;0.643;ATLAS;ATLAS(o);ATLAS
58055.442101;20.21;0.336;ATLAS;ATLAS(o);ATLAS
58055.445986;20.21;0.382;ATLAS;ATLAS(o);ATLAS
58055.459478;19.953;0.276;ATLAS;ATLAS(o);ATLAS
58059.440018;19.406;0.375;ATLAS;ATLAS(o);ATLAS
58065.433994;17.636;0.726;ATLAS;ATLAS(o);ATLAS
58067.418253;20.266;0.405;ATLAS;ATLAS(o);ATLAS
58067.422938;20.25;0.394;ATLAS;ATLAS(o);ATLAS
58067.423394;20.757;0.665;ATLAS;ATLAS(o);ATLAS
58067.435119;20.562;0.592;ATLAS;ATLAS(o);ATLAS
58071.430008;21.225;0.63;ATLAS;ATLAS(c);ATLAS
58073.393137;20.859;0.74;ATLAS;ATLAS(o);ATLAS
58073.409193;20.668;0.747;ATLAS;ATLAS(o);ATLAS
58075.415513;20.741;0.494;ATLAS;ATLAS(c);ATLAS
58077.409955;20.71;0.684;ATLAS;ATLAS(o);ATLAS
58081.378446;20.78;0.713;ATLAS;ATLAS(o);ATLAS
58081.393313;20.852;0.722;ATLAS;ATLAS(o);ATLAS
58081.400453;20.917;0.843;ATLAS;ATLAS(o);ATLAS
58093.375577;20.093;0.587;ATLAS;ATLAS(o);ATLAS
58093.381178;19.903;0.522;ATLAS;ATLAS(o);ATLAS
58097.37145;20.31;0.433;ATLAS;ATLAS(o);ATLAS
58097.38392;20.681;0.673;ATLAS;ATLAS(o);ATLAS
58097.390269;20.519;0.588;ATLAS;ATLAS(o);ATLAS
58099.352554;19.949;0.398;ATLAS;ATLAS(o);ATLAS
58099.381964;20.669;0.712;ATLAS;ATLAS(o);ATLAS
58101.343979;20.926;0.803;ATLAS;ATLAS(o);ATLAS
58101.358497;20.082;0.373;ATLAS;ATLAS(o);ATLAS
58101.362123;20.699;0.628;ATLAS;ATLAS(o);ATLAS
58111.401764;20.412;0.372;ATLAS;ATLAS(o);ATLAS
58111.425666;20.776;0.572;ATLAS;ATLAS(o);ATLAS
58117.325596;19.343;0.753;ATLAS;ATLAS(o);ATLAS
58119.361841;19.918;0.586;ATLAS;ATLAS(o);ATLAS
58120.334882;19.33;0.648;ATLAS;ATLAS(o);ATLAS
58121.194884;18.64;0.637;ATLAS;ATLAS(o);ATLAS
58121.195343;19.136;0.971;ATLAS;ATLAS(o);ATLAS
58121.207182;19.831;0.369;ATLAS;ATLAS(o);ATLAS
58123.361012;20.009;0.5;ATLAS;ATLAS(o);ATLAS
58123.372601;19.632;0.374;ATLAS;ATLAS(o);ATLAS
58124.17495661;16.408;0.42;NEOWISE;WISE(W1);NEOWISE
58124.56766726;16.113;0.251;NEOWISE;WISE(W1);NEOWISE
58124.89492617;15.951;0.245;NEOWISE;WISE(W1);NEOWISE
58124.89505348;15.914;0.205;NEOWISE;WISE(W1);NEOWISE
58129.341676;20.632;0.875;ATLAS;ATLAS(o);ATLAS
58131.313964;20.404;0.449;ATLAS;ATLAS(o);ATLAS
58131.333758;21.019;0.821;ATLAS;ATLAS(o);ATLAS
58131.344071;20.523;0.476;ATLAS;ATLAS(o);ATLAS
58132.311253;20.216;0.517;ATLAS;ATLAS(o);ATLAS
58133.301935;21.102;0.922;ATLAS;ATLAS(o);ATLAS
58133.321321;20.414;0.604;ATLAS;ATLAS(o);ATLAS
58133.331645;20.198;0.548;ATLAS;ATLAS(o);ATLAS
58134.345948;21.133;0.722;ATLAS;ATLAS(c);ATLAS
58136.287952;20.283;0.492;ATLAS;ATLAS(o);ATLAS
58137.32252;20.518;0.663;ATLAS;ATLAS(o);ATLAS
58148.228422;19.452;0.518;ATLAS;ATLAS(o);ATLAS
58149.225649;19.973;0.694;ATLAS;ATLAS(o);ATLAS
58149.228453;20.031;0.679;ATLAS;ATLAS(o);ATLAS
58153.224972;20.885;0.857;ATLAS;ATLAS(o);ATLAS
58160.215277;18.825;0.822;ATLAS;ATLAS(o);ATLAS
58160.225353;19.559;0.384;ATLAS;ATLAS(o);ATLAS
58161.233398;19.956;0.494;ATLAS;ATLAS(o);ATLAS
58164.234165;19.956;0.46;ATLAS;ATLAS(o);ATLAS
58167.270188;19.762;0.713;ATLAS;ATLAS(c);ATLAS
58167.280172;19.257;0.45;ATLAS;ATLAS(c);ATLAS
58298.619592;19.65;0.926;ATLAS;ATLAS(o);ATLAS
58324.79460278;15.981;0.23;NEOWISE;WISE(W1);NEOWISE
58324.92537873;16.053;0.34;NEOWISE;WISE(W1);NEOWISE
58324.92550604;16.258;0.344;NEOWISE;WISE(W1);NEOWISE
58325.64521635;16.102;0.411;NEOWISE;WISE(W1);NEOWISE
58338.4964815;21.155014;0.230491877;ZTF;ZTF(zr);ZTF
58345.4642824;20.4602566;0.177862823;ZTF;ZTF(zr);ZTF
58345.4780787;21.102726;0.226462603;ZTF;ZTF(zr);ZTF
58350.408044;21.2430229;0.237273693;ZTF;ZTF(zr);ZTF
58351.496713;21.2534027;0.238073587;ZTF;ZTF(zr);ZTF
58351.4990394;21.0989609;0.226172447;ZTF;ZTF(zr);ZTF
58352.4988657;21.5781994;0.263101935;ZTF;ZTF(zr);ZTF
58353.439919;21.125042;0.228182197;ZTF;ZTF(zr);ZTF
58354.460162;21.0931969;0.225728273;ZTF;ZTF(zr);ZTF
58357.3741667;20.5286865;0.182624817;ZTF;ZTF(zr);ZTF
58362.630586;20.039;0.607;ATLAS;ATLAS(o);ATLAS
58363.616374;21.089;0.949;ATLAS;ATLAS(o);ATLAS
58363.632358;19.639;0.406;ATLAS;ATLAS(o);ATLAS
58363.64405;17.845;0.325;ATLAS;ATLAS(o);ATLAS
58364.636973;19.805;0.85;ATLAS;ATLAS(o);ATLAS
58365.610325;20.806;0.8;ATLAS;ATLAS(o);ATLAS
58365.619689;20.227;0.462;ATLAS;ATLAS(o);ATLAS
58365.633383;20.388;0.679;ATLAS;ATLAS(o);ATLAS
58366.3784491;21.0160751;0.219785452;ZTF;ZTF(zr);ZTF
58367.3940625;21.3146;0.242789268;ZTF;ZTF(zr);ZTF
58367.600816;20.318;0.313;ATLAS;ATLAS(o);ATLAS
58367.618341;21.055;0.627;ATLAS;ATLAS(o);ATLAS
58367.623156;20.735;0.517;ATLAS;ATLAS(o);ATLAS
58367.636057;20.75;0.562;ATLAS;ATLAS(o);ATLAS
58368.4322569;21.1333008;0.228818655;ZTF;ZTF(zr);ZTF
58369.435544;21.1109257;0.227094412;ZTF;ZTF(zr);ZTF
58369.622233;20.717;0.667;ATLAS;ATLAS(o);ATLAS
58369.62578;20.834;0.8;ATLAS;ATLAS(o);ATLAS
58370.4206481;21.0652542;0.223575115;ZTF;ZTF(zr);ZTF
58371.587933;19.989;0.226;ATLAS;ATLAS(o);ATLAS
58371.590834;21.288;0.777;ATLAS;ATLAS(o);ATLAS
58372.3916898;20.7588882;0.199966908;ZTF;ZTF(zr);ZTF
58372.605883;20.726;0.734;ATLAS;ATLAS(o);ATLAS
58372.62692;20.964;0.829;ATLAS;ATLAS(o);ATLAS
58373.4472569;21.0333366;0.221115589;ZTF;ZTF(zr);ZTF
58375.412338;20.9445763;0.214275837;ZTF;ZTF(zr);ZTF
58376.580059;20.419;0.622;ATLAS;ATLAS(o);ATLAS
58376.590396;20.383;0.551;ATLAS;ATLAS(o);ATLAS
58376.600524;20.269;0.54;ATLAS;ATLAS(o);ATLAS
58377.4073611;21.1030006;0.226483822;ZTF;ZTF(zr);ZTF
58377.55966;20.05;0.411;ATLAS;ATLAS(o);ATLAS
58377.577558;19.964;0.382;ATLAS;ATLAS(o);ATLAS
58378.4009028;21.1317291;0.228697538;ZTF;ZTF(zr);ZTF
58378.569511;20.991;0.622;ATLAS;ATLAS(o);ATLAS
58378.579558;20.958;0.743;ATLAS;ATLAS(o);ATLAS
58378.58971;21.415;0.856;ATLAS;ATLAS(o);ATLAS
58378.599812;20.091;0.336;ATLAS;ATLAS(o);ATLAS
58379.561563;20.654;0.56;ATLAS;ATLAS(o);ATLAS
58379.564084;21.18;0.815;ATLAS;ATLAS(o);ATLAS
58379.586988;20.371;0.421;ATLAS;ATLAS(o);ATLAS
58379.602706;21.045;0.746;ATLAS;ATLAS(o);ATLAS
58380.4354514;21.045681;0.22206676;ZTF;ZTF(zr);ZTF
58380.596851;20.69;0.688;ATLAS;ATLAS(o);ATLAS
58382.3602778;20.686533;0.19439137;ZTF;ZTF(zr);ZTF
58382.596927;20.6;0.486;ATLAS;ATLAS(o);ATLAS
58382.607462;21.193;0.897;ATLAS;ATLAS(o);ATLAS
58383.4031134;20.6817551;0.194023132;ZTF;ZTF(zr);ZTF
58383.591525;19.933;0.609;ATLAS;ATLAS(o);ATLAS
58383.601719;20.996;0.829;ATLAS;ATLAS(o);ATLAS
58390.558926;19.841;0.875;ATLAS;ATLAS(o);ATLAS
58390.568982;19.238;0.645;ATLAS;ATLAS(o);ATLAS
58391.557416;20.388;0.557;ATLAS;ATLAS(o);ATLAS
58391.561979;20.217;0.507;ATLAS;ATLAS(o);ATLAS
58392.572379;20.599;0.774;ATLAS;ATLAS(o);ATLAS
58392.582357;20.02;0.6;ATLAS;ATLAS(o);ATLAS
58393.560662;20.767;0.887;ATLAS;ATLAS(o);ATLAS
58393.565671;20.431;0.613;ATLAS;ATLAS(o);ATLAS
58394.536675;20.59;0.56;ATLAS;ATLAS(o);ATLAS
58394.547407;21.301;0.88;ATLAS;ATLAS(o);ATLAS
58396.53063;19.968;0.984;ATLAS;ATLAS(o);ATLAS
58397.4029051;20.8569164;0.207520843;ZTF;ZTF(zr);ZTF
58397.529521;20.554;0.58;ATLAS;ATLAS(o);ATLAS
58399.525472;20.275;0.386;ATLAS;ATLAS(c);ATLAS
58399.546243;21.214;0.843;ATLAS;ATLAS(c);ATLAS
58401.560845;19.827;0.364;ATLAS;ATLAS(o);ATLAS
58402.534189;21.008;0.561;ATLAS;ATLAS(c);ATLAS
58402.554996;21.03;0.521;ATLAS;ATLAS(c);ATLAS
58403.569264;21.047;0.72;ATLAS;ATLAS(c);ATLAS
58406.507992;20.72;0.42;ATLAS;ATLAS(o);ATLAS
58406.518054;21.036;0.775;ATLAS;ATLAS(o);ATLAS
58407.507011;20.581;0.5;ATLAS;ATLAS(o);ATLAS
58407.510158;20.766;0.573;ATLAS;ATLAS(o);ATLAS
58407.525559;20.784;0.624;ATLAS;ATLAS(o);ATLAS
58407.531384;20.383;0.446;ATLAS;ATLAS(o);ATLAS
58409.506608;20.055;0.425;ATLAS;ATLAS(o);ATLAS
58410.47889;18.118;0.917;ATLAS;ATLAS(o);ATLAS
58410.488978;18.017;0.768;ATLAS;ATLAS(o);ATLAS
58413.480956;19.025;0.412;ATLAS;ATLAS(o);ATLAS
58413.501573;19.504;0.668;ATLAS;ATLAS(o);ATLAS
58423.478178;20.21;0.366;ATLAS;ATLAS(o);ATLAS
58423.484758;20.468;0.49;ATLAS;ATLAS(o);ATLAS
58423.49847;20.963;0.889;ATLAS;ATLAS(o);ATLAS
58424.482502;20.599;0.579;ATLAS;ATLAS(o);ATLAS
58424.492544;20.849;0.939;ATLAS;ATLAS(o);ATLAS
58424.502529;20.299;0.662;ATLAS;ATLAS(o);ATLAS
58425.459252;20.644;0.697;ATLAS;ATLAS(t);ATLAS
58425.469322;18.067;0.401;ATLAS;ATLAS(t);ATLAS
58426.2693866;20.8901558;0.21273613;ZTF;ZTF(zr);ZTF
58427.477904;21.356;0.77;ATLAS;ATLAS(c);ATLAS
58427.497055;20.92;0.518;ATLAS;ATLAS(c);ATLAS
58428.48936;20.144;0.446;ATLAS;ATLAS(o);ATLAS
58430.473828;21.161;0.75;ATLAS;ATLAS(c);ATLAS
58430.504051;20.913;0.614;ATLAS;ATLAS(c);ATLAS
58432.452548;20.396;0.65;ATLAS;ATLAS(o);ATLAS
58432.487239;20.898;0.961;ATLAS;ATLAS(o);ATLAS
58434.456016;21.43;0.867;ATLAS;ATLAS(c);ATLAS
58434.466208;21.381;0.705;ATLAS;ATLAS(c);ATLAS
58436.43543;19.717;0.306;ATLAS;ATLAS(o);ATLAS
58436.455559;20.762;0.714;ATLAS;ATLAS(o);ATLAS
58437.450048;18.794;0.51;ATLAS;ATLAS(o);ATLAS
58448.411213;19.946;0.59;ATLAS;ATLAS(o);ATLAS
58449.397969;19.94;0.417;ATLAS;ATLAS(o);ATLAS
58450.443839;20.903;0.915;ATLAS;ATLAS(o);ATLAS
58451.401099;21.188;0.858;ATLAS;ATLAS(o);ATLAS
58451.410982;20.658;0.486;ATLAS;ATLAS(o);ATLAS
58451.421041;20.231;0.334;ATLAS;ATLAS(o);ATLAS
58452.400876;20.448;0.471;ATLAS;ATLAS(o);ATLAS
58452.409884;20.347;0.469;ATLAS;ATLAS(o);ATLAS
58452.418937;21.097;0.959;ATLAS;ATLAS(o);ATLAS
58454.418212;19.846;0.204;ATLAS;ATLAS(c);ATLAS
58454.427345;20.982;0.602;ATLAS;ATLAS(c);ATLAS
58455.377291;21.487;0.829;ATLAS;ATLAS(c);ATLAS
58455.397992;21.136;0.637;ATLAS;ATLAS(c);ATLAS
58456.392618;20.589;0.521;ATLAS;ATLAS(o);ATLAS
58458.368307;20.923;0.568;ATLAS;ATLAS(c);ATLAS
58458.39435;21.172;0.667;ATLAS;ATLAS(c);ATLAS
58460.357625;20.748;0.784;ATLAS;ATLAS(o);ATLAS
58460.365848;20.284;0.461;ATLAS;ATLAS(o);ATLAS
58460.38222;20.509;0.563;ATLAS;ATLAS(o);ATLAS
58462.383248;20.316;0.415;ATLAS;ATLAS(c);ATLAS
58464.335848;19.993;0.355;ATLAS;ATLAS(o);ATLAS
58468.317264;19.887;0.382;ATLAS;ATLAS(o);ATLAS
58468.325454;20.376;0.743;ATLAS;ATLAS(o);ATLAS
58472.1189931;20.4622173;0.177979469;ZTF;ZTF(zr);ZTF
58472.335525;19.144;0.393;ATLAS;ATLAS(o);ATLAS
58472.351639;20.067;0.976;ATLAS;ATLAS(o);ATLAS
58473.379646;19.329;0.542;ATLAS;ATLAS(o);ATLAS
58474.417164;19.741;0.88;ATLAS;ATLAS(o);ATLAS
58478.332863;20.641;0.75;ATLAS;ATLAS(o);ATLAS
58478.34089;20.334;0.473;ATLAS;ATLAS(o);ATLAS
58480.33561;19.729;0.682;ATLAS;ATLAS(o);ATLAS
58485.27602213;16.792;0.426;NEOWISE;WISE(W1);NEOWISE
58485.27602213;13.586;0.162;NEOWISE;WISE(W2);NEOWISE
58485.6031535;16.066;0.285;NEOWISE;WISE(W1);NEOWISE
58486.1227662;21.1021137;0.226415396;ZTF;ZTF(zr);ZTF
58486.331075;20.984;0.744;ATLAS;ATLAS(c);ATLAS
58486.356468;21.132;0.787;ATLAS;ATLAS(c);ATLAS
58489.299196;20.622;0.871;ATLAS;ATLAS(o);ATLAS
58489.316727;19.289;0.256;ATLAS;ATLAS(o);ATLAS
58489.325543;20.64;0.9;ATLAS;ATLAS(o);ATLAS
58490.1620602;20.8449173;0.206596255;ZTF;ZTF(zr);ZTF
58490.1639005;20.94907;0.21462214;ZTF;ZTF(zr);ZTF
58494.295537;20.333;0.595;ATLAS;ATLAS(c);ATLAS
58496.273533;19.898;0.339;ATLAS;ATLAS(o);ATLAS
58496.281522;20.571;0.739;ATLAS;ATLAS(o);ATLAS
58501.301752;19.064;0.367;ATLAS;ATLAS(o);ATLAS
58504.244996;20.776;0.855;ATLAS;ATLAS(o);ATLAS
58504.294775;19.913;0.584;ATLAS;ATLAS(o);ATLAS
58505.225956;20.487;0.98;ATLAS;ATLAS(o);ATLAS
58506.25249;20.435;0.497;ATLAS;ATLAS(o);ATLAS
58506.257611;20.147;0.421;ATLAS;ATLAS(o);ATLAS
58506.269205;20.854;0.859;ATLAS;ATLAS(o);ATLAS
58508.233842;20.939;0.817;ATLAS;ATLAS(o);ATLAS
58508.246374;20.759;0.857;ATLAS;ATLAS(o);ATLAS
58510.1142014;20.7689877;0.200745225;ZTF;ZTF(zr);ZTF
58510.214527;20.449;0.56;ATLAS;ATLAS(o);ATLAS
58512.208088;19.218;0.903;ATLAS;ATLAS(o);ATLAS
58512.226754;19.924;0.448;ATLAS;ATLAS(o);ATLAS
58516.222815;20.294;0.622;ATLAS;ATLAS(o);ATLAS
58516.224194;19.791;0.401;ATLAS;ATLAS(o);ATLAS
58518.268665;20.52;0.476;ATLAS;ATLAS(c);ATLAS
58518.277257;20.729;0.583;ATLAS;ATLAS(c);ATLAS
58528.224269;19.472;0.442;ATLAS;ATLAS(o);ATLAS
58528.232458;19.482;0.465;ATLAS;ATLAS(o);ATLAS
58532.222807;19.722;0.775;ATLAS;ATLAS(o);ATLAS
58536.24961;20.045;0.585;ATLAS;ATLAS(o);ATLAS
58544.269595;17.298;0.816;ATLAS;ATLAS(o);ATLAS
58670.599109;19.731;0.296;ATLAS;ATLAS(o);ATLAS
58677.520927;19.816;0.806;ATLAS;ATLAS(o);ATLAS
58677.534877;19.925;0.73;ATLAS;ATLAS(o);ATLAS
58678.576776;20.534;0.799;ATLAS;ATLAS(o);ATLAS
58678.582331;20.895;0.774;ATLAS;ATLAS(o);ATLAS
58678.585558;20.244;0.408;ATLAS;ATLAS(o);ATLAS
58678.596451;21.199;0.793;ATLAS;ATLAS(o);ATLAS
58690.622368;20.682;0.739;ATLAS;ATLAS(o);ATLAS
58690.628599;20.861;0.931;ATLAS;ATLAS(o);ATLAS
58690.631699;20.014;0.787;ATLAS;ATLAS(o);ATLAS
58691.84125618;15.667;0.171;NEOWISE;WISE(W1);NEOWISE
58691.84125618;15.406;0.521;NEOWISE;WISE(W2);NEOWISE
58691.97215931;15.836;0.346;NEOWISE;WISE(W1);NEOWISE
58692.56084147;16.031;0.247;NEOWISE;WISE(W1);NEOWISE
58692.56084147;15.027;0.477;NEOWISE;WISE(W2);NEOWISE
58693.4755324;21.1831131;0.232657075;ZTF;ZTF(zr);ZTF
58693.523256;20.253;0.492;ATLAS;ATLAS(o);ATLAS
58693.526498;20.386;0.58;ATLAS;ATLAS(o);ATLAS
58693.548839;20.7;0.747;ATLAS;ATLAS(o);ATLAS
58694.4139931;20.9851894;0.217405438;ZTF;ZTF(zr);ZTF
58694.471099;20.397;0.447;ATLAS;ATLAS(c);ATLAS
58694.4867;20.56;0.479;ATLAS;ATLAS(c);ATLAS
58695.4657176;20.8567085;0.207504869;ZTF;ZTF(zr);ZTF
58696.4660069;21.1950741;0.233578801;ZTF;ZTF(zr);ZTF
58699.551478;20.523;0.534;ATLAS;ATLAS(c);ATLAS
58699.571001;21.385;0.886;ATLAS;ATLAS(c);ATLAS
58701.509156;20.499;0.5;ATLAS;ATLAS(o);ATLAS
58701.531306;20.378;0.518;ATLAS;ATLAS(o);ATLAS
58703.4398843;20.8695374;0.208493471;ZTF;ZTF(zr);ZTF
58703.440787;20.9974289;0.218348503;ZTF;ZTF(zr);ZTF
58703.462953;21.003;0.847;ATLAS;ATLAS(c);ATLAS
58703.466249;20.717;0.637;ATLAS;ATLAS(c);ATLAS
58703.471506;20.981;0.736;ATLAS;ATLAS(c);ATLAS
58703.483978;21.204;0.861;ATLAS;ATLAS(c);ATLAS
58704.4824769;21.0297279;0.220837474;ZTF;ZTF(zr);ZTF
58706.483588;21.0866089;0.22522068;ZTF;ZTF(zr);ZTF
58706.571112;20.207;0.5;ATLAS;ATLAS(c);ATLAS
58706.58917;20.068;0.816;ATLAS;ATLAS(c);ATLAS
58707.4999884;21.3791275;0.247761726;ZTF;ZTF(zr);ZTF
58709.491751;18.849;0.525;ATLAS;ATLAS(o);ATLAS
58712.4219444;20.5630074;0.184872627;ZTF;ZTF(zr);ZTF
58712.610521;18.298;0.587;ATLAS;ATLAS(o);ATLAS
58712.622292;17.614;0.735;ATLAS;ATLAS(o);ATLAS
58719.447753;19.951;0.399;ATLAS;ATLAS(o);ATLAS
58719.456057;19.424;0.205;ATLAS;ATLAS(o);ATLAS
58719.459429;20.735;0.632;ATLAS;ATLAS(o);ATLAS
58719.47543;19.995;0.318;ATLAS;ATLAS(o);ATLAS
58726.57519;21.091;0.625;ATLAS;ATLAS(c);ATLAS
58730.4204282;21.0941982;0.225805521;ZTF;ZTF(zr);ZTF
58736.523143;20.66;0.61;ATLAS;ATLAS(o);ATLAS
58736.534847;20.361;0.448;ATLAS;ATLAS(o);ATLAS
58738.535971;18.474;0.591;ATLAS;ATLAS(o);ATLAS
58738.540471;18.595;0.877;ATLAS;ATLAS(o);ATLAS
58748.3548495;20.8676472;0.208347797;ZTF;ZTF(zr);ZTF
58749.374375;21.0647564;0.227280736;ZTF;ZTF(zr);ZTF
58749.3748264;20.6520805;0.192903757;ZTF;ZTF(zr);ZTF
58750.524452;21.503;0.945;ATLAS;ATLAS(c);ATLAS
58750.53691;21.256;0.744;ATLAS;ATLAS(c);ATLAS
58751.3810995;20.5593529;0.195483088;ZTF;ZTF(zi);ZTF
58752.570742;20.404;0.283;ATLAS;ATLAS(o);ATLAS
58752.580506;21.231;0.531;ATLAS;ATLAS(o);ATLAS
58752.591224;20.794;0.419;ATLAS;ATLAS(o);ATLAS
58755.570332;21.106;0.594;ATLAS;ATLAS(c);ATLAS
58756.41557;21.12;0.747;ATLAS;ATLAS(o);ATLAS
58757.3503935;20.5958614;0.197531462;ZTF;ZTF(zi);ZTF
58757.530145;21.019;0.673;ATLAS;ATLAS(o);ATLAS
58757.539006;20.729;0.529;ATLAS;ATLAS(o);ATLAS
58757.55714;20.323;0.337;ATLAS;ATLAS(o);ATLAS
58757.560753;20.743;0.531;ATLAS;ATLAS(o);ATLAS
58759.3594676;21.1925278;0.233382583;ZTF;ZTF(zr);ZTF
58759.3880671;21.1069031;0.230791688;ZTF;ZTF(zr);ZTF
58759.3885301;21.325386;0.248991847;ZTF;ZTF(zr);ZTF
58761.3280787;20.2066345;0.19091332;ZTF;ZTF(zi);ZTF
58762.457986;21.044;0.887;ATLAS;ATLAS(c);ATLAS
58762.600283;21.184;0.702;ATLAS;ATLAS(o);ATLAS
58762.612675;21.149;0.947;ATLAS;ATLAS(o);ATLAS
58762.621641;21.171;0.711;ATLAS;ATLAS(c);ATLAS
58762.631125;20.85;0.785;ATLAS;ATLAS(o);ATLAS
58762.636306;20.601;0.558;ATLAS;ATLAS(o);ATLAS
58763.322963;21.2470856;0.242469192;ZTF;ZTF(zr);ZTF
58763.3606019;21.0591888;0.223107696;ZTF;ZTF(zr);ZTF
58763.370539;19.34;0.307;ATLAS;ATLAS(o);ATLAS
58764.428011;20.811;0.665;ATLAS;ATLAS(o);ATLAS
58764.433996;20.469;0.564;ATLAS;ATLAS(o);ATLAS
58765.3590972;20.9318371;0.21620822;ZTF;ZTF(zr);ZTF
58765.3595486;20.9953842;0.221501827;ZTF;ZTF(zr);ZTF
58773.497336;20.47;0.819;ATLAS;ATLAS(o);ATLAS
58774.463026;20.477;0.494;ATLAS;ATLAS(o);ATLAS
58774.474998;19.563;0.279;ATLAS;ATLAS(o);ATLAS
58775.31125;20.764883;0.202300549;ZTF;ZTF(zr);ZTF
58775.441607;20.516;0.776;ATLAS;ATLAS(o);ATLAS
58775.447836;19.988;0.49;ATLAS;ATLAS(o);ATLAS
58778.1983565;20.6119118;0.188641191;ZTF;ZTF(zr);ZTF
58778.4232176;20.0459442;0.146228716;ZTF;ZTF(zr);ZTF
58779.2540394;20.9540024;0.215002179;ZTF;ZTF(zr);ZTF
58779.258669;21.1155186;0.227448344;ZTF;ZTF(zr);ZTF
58779.2633218;21.0877686;0.225309968;ZTF;ZTF(zr);ZTF
58779.2863542;20.7466278;0.199022174;ZTF;ZTF(zr);ZTF
58779.3347569;20.9587193;0.215365648;ZTF;ZTF(zr);ZTF
58779.3435301;20.8019714;0.203286886;ZTF;ZTF(zr);ZTF
58779.346713;20.9497623;0.214675426;ZTF;ZTF(zr);ZTF
58779.3531597;20.8718262;0.208669782;ZTF;ZTF(zr);ZTF
58779.3592014;20.9341412;0.213471651;ZTF;ZTF(zr);ZTF
58779.3638889;20.929903;0.213145137;ZTF;ZTF(zr);ZTF
58779.3647917;20.9885674;0.217665672;ZTF;ZTF(zr);ZTF
58779.399645;20.925;0.697;ATLAS;ATLAS(c);ATLAS
58779.419658;20.932;0.733;ATLAS;ATLAS(c);ATLAS
58779.4238542;21.0816879;0.224841475;ZTF;ZTF(zr);ZTF
58779.4247569;20.9188747;0.212295294;ZTF;ZTF(zr);ZTF
58779.4562963;20.8735771;0.208804727;ZTF;ZTF(zr);ZTF
58780.453686;21.335;0.655;ATLAS;ATLAS(o);ATLAS
58780.460884;20.634;0.429;ATLAS;ATLAS(o);ATLAS
58780.47112;20.566;0.531;ATLAS;ATLAS(o);ATLAS
58781.2693171;20.3644199;0.171604022;ZTF;ZTF(zr);ZTF
58781.2744676;19.9444275;0.137620896;ZTF;ZTF(zr);ZTF
58781.436195;21.244;0.874;ATLAS;ATLAS(o);ATLAS
58781.443216;19.816;0.269;ATLAS;ATLAS(o);ATLAS
58781.453642;20.841;0.535;ATLAS;ATLAS(o);ATLAS
58783.394407;21.126;0.948;ATLAS;ATLAS(c);ATLAS
58783.413005;21.218;0.857;ATLAS;ATLAS(c);ATLAS
58784.425422;20.177;0.335;ATLAS;ATLAS(o);ATLAS
58784.440571;20.597;0.476;ATLAS;ATLAS(o);ATLAS
58784.447062;20.32;0.374;ATLAS;ATLAS(o);ATLAS
58788.284213;20.8940163;0.213057637;ZTF;ZTF(zr);ZTF
58788.440994;20.294;0.752;ATLAS;ATLAS(o);ATLAS
58788.46249;19.866;0.686;ATLAS;ATLAS(o);ATLAS
58789.340806;21.244;0.8;ATLAS;ATLAS(o);ATLAS
58789.346466;20.752;0.581;ATLAS;ATLAS(o);ATLAS
58789.361689;21.024;0.802;ATLAS;ATLAS(o);ATLAS
58791.297949;20.988;0.68;ATLAS;ATLAS(o);ATLAS
58794.487977;20.427;0.609;ATLAS;ATLAS(o);ATLAS
58795.505196;18.947;0.426;ATLAS;ATLAS(o);ATLAS
58801.333924;19.742;0.398;ATLAS;ATLAS(o);ATLAS
58801.343801;20.12;0.573;ATLAS;ATLAS(o);ATLAS
58801.347912;20.494;0.709;ATLAS;ATLAS(o);ATLAS
58802.484788;18.961;0.622;ATLAS;ATLAS(o);ATLAS
58807.45689;21.217;0.95;ATLAS;ATLAS(o);ATLAS
58807.460802;20.471;0.405;ATLAS;ATLAS(o);ATLAS
58807.477254;20.821;0.566;ATLAS;ATLAS(o);ATLAS
58808.400174;20.441;0.437;ATLAS;ATLAS(o);ATLAS
58808.403054;21.088;0.744;ATLAS;ATLAS(o);ATLAS
58808.408635;20.772;0.56;ATLAS;ATLAS(o);ATLAS
58812.350867;21.356;0.946;ATLAS;ATLAS(o);ATLAS
58812.362334;19.967;0.27;ATLAS;ATLAS(o);ATLAS
58812.378271;20.025;0.314;ATLAS;ATLAS(o);ATLAS
58813.344555;20.151;0.323;ATLAS;ATLAS(o);ATLAS
58813.350913;19.977;0.231;ATLAS;ATLAS(o);ATLAS
58813.363846;20.94;0.529;ATLAS;ATLAS(o);ATLAS
58815.375156;20.846;0.565;ATLAS;ATLAS(c);ATLAS
58816.379772;21.179;0.894;ATLAS;ATLAS(o);ATLAS
58816.382994;21.13;0.94;ATLAS;ATLAS(o);ATLAS
58816.388634;20.704;0.617;ATLAS;ATLAS(o);ATLAS
58820.402242;20.793;0.513;ATLAS;ATLAS(o);ATLAS
58820.405976;20.682;0.489;ATLAS;ATLAS(o);ATLAS
58820.411582;20.52;0.334;ATLAS;ATLAS(o);ATLAS
58820.421354;19.76;0.366;ATLAS;ATLAS(o);ATLAS
58822.349695;18.264;0.744;ATLAS;ATLAS(o);ATLAS
58822.360164;19.33;0.867;ATLAS;ATLAS(o);ATLAS
58829.394488;19.204;0.402;ATLAS;ATLAS(o);ATLAS
58830.337152;19.672;0.742;ATLAS;ATLAS(o);ATLAS
58830.357181;19.628;0.701;ATLAS;ATLAS(o);ATLAS
58832.364001;19.307;0.609;ATLAS;ATLAS(o);ATLAS
58833.377327;21.398;0.924;ATLAS;ATLAS(o);ATLAS
58833.383913;21.037;0.601;ATLAS;ATLAS(o);ATLAS
58836.328959;20.357;0.376;ATLAS;ATLAS(o);ATLAS
58836.335031;21.169;0.72;ATLAS;ATLAS(o);ATLAS
58836.347634;20.354;0.316;ATLAS;ATLAS(o);ATLAS
58841.340148;20.486;0.333;ATLAS;ATLAS(o);ATLAS
58841.344305;21.307;0.673;ATLAS;ATLAS(o);ATLAS
58841.366221;20.26;0.287;ATLAS;ATLAS(o);ATLAS
58844.306063;20.312;0.394;ATLAS;ATLAS(o);ATLAS
58844.30929;20.366;0.373;ATLAS;ATLAS(o);ATLAS
58844.314855;20.646;0.461;ATLAS;ATLAS(o);ATLAS
58844.330206;20.687;0.398;ATLAS;ATLAS(o);ATLAS
58845.264031;21.366;0.908;ATLAS;ATLAS(o);ATLAS
58845.267282;20.094;0.258;ATLAS;ATLAS(o);ATLAS
58845.272969;20.522;0.404;ATLAS;ATLAS(o);ATLAS
58849.84871374;15.648;0.191;NEOWISE;WISE(W1);NEOWISE
58850.29262;20.228;0.424;ATLAS;ATLAS(o);ATLAS
58850.308579;20.445;0.546;ATLAS;ATLAS(o);ATLAS
58868.248699;20.811;0.626;ATLAS;ATLAS(o);ATLAS
58868.267309;20.292;0.406;ATLAS;ATLAS(o);ATLAS
58870.250556;21.409;0.88;ATLAS;ATLAS(c);ATLAS
58870.270634;20.715;0.5;ATLAS;ATLAS(c);ATLAS
58871.1003472;20.7090569;0.196127057;ZTF;ZTF(zr);ZTF
58871.1057523;20.6964874;0.195158482;ZTF;ZTF(zr);ZTF
58872.1125231;20.4331112;0.176196635;ZTF;ZTF(zr);ZTF
58873.1511227;21.2713127;0.239453673;ZTF;ZTF(zr);ZTF
58873.286856;20.836;0.765;ATLAS;ATLAS(o);ATLAS
58873.290169;21.25;0.853;ATLAS;ATLAS(o);ATLAS
58873.296664;21.303;0.954;ATLAS;ATLAS(o);ATLAS
58874.29922;21.253;0.875;ATLAS;ATLAS(c);ATLAS
58875.119294;20.8455963;0.206648588;ZTF;ZTF(zr);ZTF
58877.218818;20.343;0.525;ATLAS;ATLAS(o);ATLAS
58884.246719;19.932;0.382;ATLAS;ATLAS(o);ATLAS
58884.249501;20.029;0.412;ATLAS;ATLAS(o);ATLAS
58884.27088;19.602;0.294;ATLAS;ATLAS(o);ATLAS
58885.251508;20.193;0.519;ATLAS;ATLAS(o);ATLAS
58885.25597;20.021;0.371;ATLAS;ATLAS(o);ATLAS
58887.1228819;20.5057182;0.180458069;ZTF;ZTF(zr);ZTF
58889.283556;19.7;0.678;ATLAS;ATLAS(o);ATLAS
58891.1091088;20.9281807;0.213012338;ZTF;ZTF(zr);ZTF
58893.217246;19.36;0.463;ATLAS;ATLAS(o);ATLAS
58899.252797;19.974;0.456;ATLAS;ATLAS(c);ATLAS
58899.255573;20.556;0.81;ATLAS;ATLAS(c);ATLAS
58899.261681;19.668;0.339;ATLAS;ATLAS(c);ATLAS
58905.252626;20.393;0.63;ATLAS;ATLAS(o);ATLAS
59036.611438;20.77;0.944;ATLAS;ATLAS(o);ATLAS
59036.619761;19.151;0.285;ATLAS;ATLAS(o);ATLAS
59041.603657;20.259;0.505;ATLAS;ATLAS(o);ATLAS
59051.625431;20.156;0.987;ATLAS;ATLAS(c);ATLAS
59053.4695602;21.0338268;0.221153378;ZTF;ZTF(zr);ZTF
59053.581362;20.146;0.256;ATLAS;ATLAS(o);ATLAS
59053.584564;20.644;0.392;ATLAS;ATLAS(o);ATLAS
59056.15027366;15.925;0.238;NEOWISE;WISE(W1);NEOWISE
59056.41182531;15.885;0.249;NEOWISE;WISE(W1);NEOWISE
59056.4844097;20.8905067;0.210109234;ZTF;ZTF(zr);ZTF
59056.86960486;16.087;0.252;NEOWISE;WISE(W1);NEOWISE
59058.560818;21.154;0.823;ATLAS;ATLAS(c);ATLAS
59058.570487;20.448;0.406;ATLAS;ATLAS(c);ATLAS
59059.4640162;20.862751;0.2079705;ZTF;ZTF(zr);ZTF
59061.3949074;20.5022583;0.180191398;ZTF;ZTF(zr);ZTF
59061.46774310013;20.829168352998945;0.25427637386988805;ZTF;ZTF(zg);ZTF
59061.554572;19.645;0.2;ATLAS;ATLAS(o);ATLAS
59061.557827;20.385;0.359;ATLAS;ATLAS(o);ATLAS
59061.563374;20.4;0.398;ATLAS;ATLAS(o);ATLAS
59061.575244;20.591;0.44;ATLAS;ATLAS(o);ATLAS
59062.4832407;20.0602589;0.147439197;ZTF;ZTF(zr);ZTF
59062.545957;19.877;0.425;ATLAS;ATLAS(o);ATLAS
59063.46472219983;20.30530242124312;0.31874491179832243;ZTF;ZTF(zg);ZTF
59063.591505;18.886;0.463;ATLAS;ATLAS(o);ATLAS
59063.59906;19.708;0.289;ATLAS;ATLAS(o);ATLAS
59063.614346;20.626;0.605;ATLAS;ATLAS(o);ATLAS
59064.4036227;19.8311729;0.128099024;ZTF;ZTF(zr);ZTF
59064.4407407;19.7884922;0.124565668;ZTF;ZTF(zr);ZTF
59064.575415;19.718;0.264;ATLAS;ATLAS(o);ATLAS
59064.580946;19.718;0.302;ATLAS;ATLAS(o);ATLAS
59064.584663;19.77;0.351;ATLAS;ATLAS(o);ATLAS
59065.4333218;19.8775654;0.131978512;ZTF;ZTF(zr);ZTF
59065.4539005;20.3649654;0.171642452;ZTF;ZTF(zr);ZTF
59065.594092;19.918;0.419;ATLAS;ATLAS(o);ATLAS
59065.601803;19.865;0.401;ATLAS;ATLAS(o);ATLAS
59065.603721;19.639;0.257;ATLAS;ATLAS(o);ATLAS
59065.625535;20.26;0.604;ATLAS;ATLAS(o);ATLAS
59067.4437384;19.7215233;0.119106576;ZTF;ZTF(zr);ZTF
59067.443738400005;19.786990534205636;0.19425051527995857;ZTF;ZTF(zr);ZTF
59067.474108799826;19.6870693713397;0.23182523133490673;ZTF;ZTF(zg);ZTF
59067.47978009982;19.7890243092394;0.2528686015445638;ZTF;ZTF(zg);ZTF
59068.48982639983;19.88038034292479;0.22599601245318368;ZTF;ZTF(zg);ZTF
59068.52528;19.604;0.383;ATLAS;ATLAS(o);ATLAS
59068.528047;19.895;0.417;ATLAS;ATLAS(o);ATLAS
59068.532193;19.391;0.232;ATLAS;ATLAS(o);ATLAS
59068.542927;20.463;0.671;ATLAS;ATLAS(o);ATLAS
59073.42424769979;19.309589924343975;0.12393930637389854;ZTF;ZTF(zg);ZTF
59073.460833299905;19.67593916568647;0.16012585068276602;ZTF;ZTF(zr);ZTF
59073.4608333;19.7363205;0.12030293;ZTF;ZTF(zr);ZTF
59073.545085;21.097;0.911;ATLAS;ATLAS(o);ATLAS
59073.575334;19.786;0.262;ATLAS;ATLAS(o);ATLAS
59073.581987;19.211;0.173;ATLAS;ATLAS(o);ATLAS
59073.585215;19.87;0.277;ATLAS;ATLAS(o);ATLAS
59074.557905;19.175;0.148;ATLAS;ATLAS(o);ATLAS
59074.562165;19.73;0.266;ATLAS;ATLAS(o);ATLAS
59074.569514;19.876;0.269;ATLAS;ATLAS(o);ATLAS
59074.580188;19.719;0.217;ATLAS;ATLAS(o);ATLAS
59075.45679400023;19.390464416132655;0.15900654302081726;ZTF;ZTF(zg);ZTF
59075.47767359996;19.547873439578556;0.14109949055052057;ZTF;ZTF(zr);ZTF
59075.4776736;19.5416546;0.1050971;ZTF;ZTF(zr);ZTF
59076.4165856;19.585860658997838;0.1268597426597675;ZTF;ZTF(zr);ZTF
59076.4165856;19.6241817;0.111395076;ZTF;ZTF(zr);ZTF
59076.4270139;19.627346;0.111641079;ZTF;ZTF(zr);ZTF
59076.42701390013;19.63435922098272;0.1588239126871012;ZTF;ZTF(zr);ZTF
59076.461967600044;19.356995540695724;0.11507387540277379;ZTF;ZTF(zg);ZTF
59076.47318289988;19.31613428676191;0.11037197569363134;ZTF;ZTF(zg);ZTF
59077.485115699936;19.547531548837185;0.1140185395824063;ZTF;ZTF(zr);ZTF
59077.4851157;19.5922432;0.108930081;ZTF;ZTF(zr);ZTF
59077.569303;19.549;0.149;ATLAS;ATLAS(o);ATLAS
59077.571141;19.832;0.207;ATLAS;ATLAS(o);ATLAS
59077.573903;19.71;0.192;ATLAS;ATLAS(o);ATLAS
59077.592364;19.553;0.177;ATLAS;ATLAS(o);ATLAS
59078.511904;19.615;0.183;ATLAS;ATLAS(c);ATLAS
59078.523835;19.632;0.183;ATLAS;ATLAS(c);ATLAS
59078.531681;19.277;0.148;ATLAS;ATLAS(c);ATLAS
59078.534508;19.445;0.164;ATLAS;ATLAS(c);ATLAS
59079.45783559978;19.58032971895719;0.10528543653056709;ZTF;ZTF(zr);ZTF
59079.4578356;19.582159;0.108158961;ZTF;ZTF(zr);ZTF
59080.44846059987;19.280601645426223;0.11991548967869921;ZTF;ZTF(zg);ZTF
59080.537108;19.845;0.253;ATLAS;ATLAS(o);ATLAS
59080.544014;19.623;0.165;ATLAS;ATLAS(o);ATLAS
59080.546327;19.395;0.155;ATLAS;ATLAS(o);ATLAS
59080.554652;19.771;0.187;ATLAS;ATLAS(o);ATLAS
59082.380347200204;19.38746849056477;0.13261362814444597;ZTF;ZTF(zg);ZTF
59082.45745369978;19.271109464663716;0.1203108164171478;ZTF;ZTF(zg);ZTF
59082.48231479991;19.703037098301778;0.2092394453536853;ZTF;ZTF(zr);ZTF
59082.4823148;19.6623592;0.114385217;ZTF;ZTF(zr);ZTF
59083.47943289997;19.51083889028968;0.1665882666099599;ZTF;ZTF(zr);ZTF
59083.4794329;19.5677242;0.107061192;ZTF;ZTF(zr);ZTF
59083.516023;19.294;0.139;ATLAS;ATLAS(c);ATLAS
59083.518308;19.496;0.166;ATLAS;ATLAS(c);ATLAS
59083.53293;19.575;0.189;ATLAS;ATLAS(c);ATLAS
59083.53613;19.625;0.199;ATLAS;ATLAS(c);ATLAS
59084.468553;19.505;0.192;ATLAS;ATLAS(o);ATLAS
59084.482978;19.591;0.171;ATLAS;ATLAS(o);ATLAS
59084.491827;19.857;0.213;ATLAS;ATLAS(o);ATLAS
59084.504921;19.586;0.153;ATLAS;ATLAS(o);ATLAS
59084.5135764;19.6775017;0.115583748;ZTF;ZTF(zr);ZTF
59085.40837959992;19.372960888664362;0.11340083760821258;ZTF;ZTF(zg);ZTF
59085.44123840006;19.299552917656083;0.10409575967444987;ZTF;ZTF(zg);ZTF
59085.49076389987;19.53643119322614;0.1152938905517491;ZTF;ZTF(zr);ZTF
59085.4907639;19.5784321;0.107874781;ZTF;ZTF(zr);ZTF
59086.3951273;19.5892353;0.108699724;ZTF;ZTF(zr);ZTF
59086.39512730017;19.582748580494457;0.12444422172981306;ZTF;ZTF(zr);ZTF
59086.4534259;19.5489197;0.105642095;ZTF;ZTF(zr);ZTF
59086.45342590008;19.49635702511118;0.10159625047130767;ZTF;ZTF(zr);ZTF
59086.485069400165;19.28787847137265;0.09085613849012512;ZTF;ZTF(zg);ZTF
59086.504236099776;19.374569882657852;0.13527738814979376;ZTF;ZTF(zg);ZTF
59087.4534144;19.5110741;0.102824219;ZTF;ZTF(zr);ZTF
59087.45341440011;19.50304081684346;0.12162116477911646;ZTF;ZTF(zr);ZTF
59087.4567477;19.5968647;0.109284654;ZTF;ZTF(zr);ZTF
59087.47274310002;19.448004919575624;0.13170154492475614;ZTF;ZTF(zg);ZTF
59087.556433;19.292;0.157;ATLAS;ATLAS(c);ATLAS
59087.558262;19.563;0.205;ATLAS;ATLAS(c);ATLAS
59087.580603;19.576;0.193;ATLAS;ATLAS(c);ATLAS
59087.607559;19.529;0.163;ATLAS;ATLAS(c);ATLAS
59088.51469910005;19.250326662638866;0.14684496871087008;ZTF;ZTF(zg);ZTF
59089.36520829983;19.452374406383793;0.14458930749446391;ZTF;ZTF(zg);ZTF
59089.41232640017;19.40033587173357;0.13828805194127228;ZTF;ZTF(zg);ZTF
59089.44131939998;19.635060617774865;0.10363584187327726;ZTF;ZTF(zr);ZTF
59089.4413194;19.6323948;0.112034433;ZTF;ZTF(zr);ZTF
59089.4765046;19.6269588;0.111611038;ZTF;ZTF(zr);ZTF
59089.47650460014;19.5887456987275;0.11670687660025743;ZTF;ZTF(zr);ZTF
59089.495614;19.736;0.229;ATLAS;ATLAS(o);ATLAS
59089.497918;19.495;0.199;ATLAS;ATLAS(o);ATLAS
59089.531074;19.537;0.125;ATLAS;ATLAS(o);ATLAS
59089.559719;19.628;0.165;ATLAS;ATLAS(o);ATLAS
59090.38644680008;19.465857402291604;0.14980232276598734;ZTF;ZTF(zg);ZTF
59090.463768;19.482;0.265;ATLAS;ATLAS(o);ATLAS
59090.466996;19.214;0.226;ATLAS;ATLAS(o);ATLAS
59090.4693287;19.6389961;0.112549827;ZTF;ZTF(zr);ZTF
59090.4693287001;19.61927156887021;0.10385631558818165;ZTF;ZTF(zr);ZTF
59090.477672;19.437;0.214;ATLAS;ATLAS(o);ATLAS
59090.496625;19.498;0.214;ATLAS;ATLAS(o);ATLAS
59092.36714120023;19.43907284983365;0.18419257521342644;ZTF;ZTF(zg);ZTF
59092.454628;19.7;0.456;ATLAS;ATLAS(o);ATLAS
59092.462012;19.988;0.494;ATLAS;ATLAS(o);ATLAS
59092.474046;20.149;0.577;ATLAS;ATLAS(o);ATLAS
59092.476348;20.197;0.702;ATLAS;ATLAS(o);ATLAS
59093.3953241;19.6255093;0.111498319;ZTF;ZTF(zr);ZTF
59093.43690969981;19.255878493575032;0.14722578864636615;ZTF;ZTF(zg);ZTF
59093.481422;19.691;0.392;ATLAS;ATLAS(o);ATLAS
59093.484192;19.476;0.295;ATLAS;ATLAS(o);ATLAS
59093.491149;19.254;0.234;ATLAS;ATLAS(o);ATLAS
59093.499498;19.447;0.324;ATLAS;ATLAS(o);ATLAS
59094.454135;19.913;0.617;ATLAS;ATLAS(o);ATLAS
59094.45694;20.322;0.801;ATLAS;ATLAS(o);ATLAS
59094.459702;19.651;0.463;ATLAS;ATLAS(o);ATLAS
59094.464771;20.106;0.717;ATLAS;ATLAS(o);ATLAS
59094.496134299785;19.512653196993337;0.2464551779124013;ZTF;ZTF(zg);ZTF
59095.4365741;19.5724411;0.107419133;ZTF;ZTF(zr);ZTF
59095.4413426;19.6684723;0.114868239;ZTF;ZTF(zr);ZTF
59096.3854282;19.8020706;0.125685588;ZTF;ZTF(zr);ZTF
59101.559739;20.325;0.311;ATLAS;ATLAS(o);ATLAS
59101.595193;19.348;0.172;ATLAS;ATLAS(o);ATLAS
59101.606749;20.05;0.312;ATLAS;ATLAS(o);ATLAS
59101.632082;19.568;0.258;ATLAS;ATLAS(o);ATLAS
59103.547959;19.574;0.197;ATLAS;ATLAS(o);ATLAS
59103.559179;20.239;0.37;ATLAS;ATLAS(o);ATLAS
59103.563586;19.752;0.227;ATLAS;ATLAS(o);ATLAS
59103.569704;20.137;0.325;ATLAS;ATLAS(o);ATLAS
59105.497053;19.822;0.238;ATLAS;ATLAS(o);ATLAS
59105.499359;19.345;0.209;ATLAS;ATLAS(o);ATLAS
59105.504105;20.314;0.426;ATLAS;ATLAS(o);ATLAS
59105.524746;19.983;0.299;ATLAS;ATLAS(o);ATLAS
59106.3790394;20.0116539;0.143322691;ZTF;ZTF(zr);ZTF
59106.468733;19.875;0.236;ATLAS;ATLAS(c);ATLAS
59106.475344;20.032;0.225;ATLAS;ATLAS(c);ATLAS
59106.47903;19.712;0.171;ATLAS;ATLAS(c);ATLAS
59106.507472;20.243;0.256;ATLAS;ATLAS(c);ATLAS
59106.51468749996;19.72443529272404;0.2532521249389411;ZTF;ZTF(zg);ZTF
59107.38849540008;19.902664171110704;0.20282062162663955;ZTF;ZTF(zg);ZTF
59109.3958681;19.8570099;0.130255103;ZTF;ZTF(zr);ZTF
59109.4184722;20.051342;0.146685392;ZTF;ZTF(zr);ZTF
59109.465264;19.648;0.182;ATLAS;ATLAS(o);ATLAS
59109.468039;19.799;0.211;ATLAS;ATLAS(o);ATLAS
59109.492491;19.844;0.279;ATLAS;ATLAS(o);ATLAS
59109.524107;19.806;0.24;ATLAS;ATLAS(o);ATLAS
59110.473496;19.786;0.195;ATLAS;ATLAS(c);ATLAS
59110.475368;20.873;0.578;ATLAS;ATLAS(c);ATLAS
59110.478147;19.678;0.159;ATLAS;ATLAS(c);ATLAS
59110.483217;20.048;0.255;ATLAS;ATLAS(c);ATLAS
59111.372152800206;19.91349975596354;0.15288388924022442;ZTF;ZTF(zg);ZTF
59111.4099653;19.9415264;0.137375176;ZTF;ZTF(zr);ZTF
59111.4099653;19.898611914479137;0.15362802677689516;ZTF;ZTF(zr);ZTF
59112.32906250004;19.948069847611244;0.12791724175590585;ZTF;ZTF(zg);ZTF
59112.3633912;20.0553246;0.147022083;ZTF;ZTF(zr);ZTF
59112.36339120008;20.068719148544965;0.1369905242060749;ZTF;ZTF(zr);ZTF
59112.3775116;19.9685726;0.139667511;ZTF;ZTF(zr);ZTF
59112.37751160003;19.974940175398324;0.1228414358555743;ZTF;ZTF(zr);ZTF
59112.474298;19.905;0.243;ATLAS;ATLAS(o);ATLAS
59112.477525;19.88;0.267;ATLAS;ATLAS(o);ATLAS
59112.480315;19.868;0.315;ATLAS;ATLAS(o);ATLAS
59112.490294;20.685;0.583;ATLAS;ATLAS(o);ATLAS
59113.3440162;20.0353603;0.145332396;ZTF;ZTF(zr);ZTF
59113.527391;20.872;0.735;ATLAS;ATLAS(o);ATLAS
59113.533578;20.382;0.46;ATLAS;ATLAS(o);ATLAS
59113.537125;20.771;0.706;ATLAS;ATLAS(o);ATLAS
59115.3398032;20.0693283;0.148204997;ZTF;ZTF(zr);ZTF
59115.339803200215;20.009724913466307;0.13916455994162744;ZTF;ZTF(zr);ZTF
59115.381018499844;20.097631395366196;0.13897217240420529;ZTF;ZTF(zr);ZTF
59115.3810185;20.1353073;0.153735578;ZTF;ZTF(zr);ZTF
59115.4202430998;20.02195369287613;0.16162230030414737;ZTF;ZTF(zg);ZTF
59115.575143;20.466;0.362;ATLAS;ATLAS(c);ATLAS
59115.580014;19.974;0.273;ATLAS;ATLAS(c);ATLAS
59115.615002;19.892;0.232;ATLAS;ATLAS(c);ATLAS
59115.622001;19.757;0.207;ATLAS;ATLAS(c);ATLAS
59116.371134299785;20.062426589611036;0.15730860246008027;ZTF;ZTF(zr);ZTF
59116.3711343;20.0507698;0.146637008;ZTF;ZTF(zr);ZTF
59117.31157410005;20.10160605682216;0.1860297944344106;ZTF;ZTF(zg);ZTF
59117.3862847;20.2226257;0.160870582;ZTF;ZTF(zr);ZTF
59117.448801;20.396;0.333;ATLAS;ATLAS(o);ATLAS
59117.450645;19.98;0.293;ATLAS;ATLAS(o);ATLAS
59117.478337;20.391;0.397;ATLAS;ATLAS(o);ATLAS
59117.490907;19.787;0.223;ATLAS;ATLAS(o);ATLAS
59118.2865856;20.0462914;0.146257982;ZTF;ZTF(zr);ZTF
59118.3513194;20.0501041;0.146580547;ZTF;ZTF(zr);ZTF
59119.477489;18.119;0.398;ATLAS;ATLAS(o);ATLAS
59119.486078;20.136;0.545;ATLAS;ATLAS(o);ATLAS
59119.491119;19.268;0.183;ATLAS;ATLAS(o);ATLAS
59120.398433;19.785;0.412;ATLAS;ATLAS(o);ATLAS
59120.400741;19.969;0.374;ATLAS;ATLAS(o);ATLAS
59120.423771;20.359;0.512;ATLAS;ATLAS(o);ATLAS
59120.426585;20.033;0.384;ATLAS;ATLAS(o);ATLAS
59121.602106;19.956;0.321;ATLAS;ATLAS(o);ATLAS
59121.632695;20.288;0.524;ATLAS;ATLAS(o);ATLAS
59121.638155;19.873;0.518;ATLAS;ATLAS(o);ATLAS
59128.545068;20.032;0.354;ATLAS;ATLAS(o);ATLAS
59128.548836;20.477;0.527;ATLAS;ATLAS(o);ATLAS
59128.556225;20.229;0.389;ATLAS;ATLAS(o);ATLAS
59129.505003;20.364;0.463;ATLAS;ATLAS(o);ATLAS
59129.507889;19.708;0.248;ATLAS;ATLAS(o);ATLAS
59129.538078;20.758;0.719;ATLAS;ATLAS(o);ATLAS
59130.2764352;20.3390179;0.169788867;ZTF;ZTF(zr);ZTF
59130.3507639;20.1530132;0.137178421;ZTF;ZTF(zi);ZTF
59130.3521644;20.2042847;0.190808579;ZTF;ZTF(zi);ZTF
59130.497501;20.274;0.407;ATLAS;ATLAS(o);ATLAS
59130.538573;20.162;0.367;ATLAS;ATLAS(o);ATLAS
59131.537103;20.4;0.483;ATLAS;ATLAS(o);ATLAS
59131.554827;19.767;0.212;ATLAS;ATLAS(o);ATLAS
59131.573694;20.378;0.53;ATLAS;ATLAS(o);ATLAS
59131.588689;20.954;0.742;ATLAS;ATLAS(o);ATLAS
59132.37968;20.9;0.641;ATLAS;ATLAS(o);ATLAS
59132.393504;20.287;0.503;ATLAS;ATLAS(o);ATLAS
59132.415249;20.098;0.277;ATLAS;ATLAS(o);ATLAS
59132.420581;19.659;0.207;ATLAS;ATLAS(o);ATLAS
59134.3308333;20.3431301;0.170086354;ZTF;ZTF(zr);ZTF
59135.3715625;20.0428696;0.129589185;ZTF;ZTF(zi);ZTF
59135.3739005;20.0473175;0.181713924;ZTF;ZTF(zi);ZTF
59136.3283333;20.2185783;0.160546571;ZTF;ZTF(zr);ZTF
59136.465514;19.848;0.237;ATLAS;ATLAS(o);ATLAS
59136.468739;20.438;0.368;ATLAS;ATLAS(o);ATLAS
59136.500989;21.248;0.809;ATLAS;ATLAS(o);ATLAS
59136.508354;21.048;0.685;ATLAS;ATLAS(o);ATLAS
59137.478535;20.289;0.392;ATLAS;ATLAS(o);ATLAS
59137.490703;20.269;0.365;ATLAS;ATLAS(o);ATLAS
59137.517958;20.408;0.368;ATLAS;ATLAS(o);ATLAS
59137.533156;20.105;0.301;ATLAS;ATLAS(o);ATLAS
59138.3234028;20.5904083;0.186984181;ZTF;ZTF(zr);ZTF
59140.3487153;20.202055;0.19070825;ZTF;ZTF(zi);ZTF
59140.357081;20.967;0.659;ATLAS;ATLAS(o);ATLAS
59140.3592014;20.7331982;0.197987318;ZTF;ZTF(zr);ZTF
59140.360305;20.38;0.376;ATLAS;ATLAS(o);ATLAS
59140.380194;19.778;0.194;ATLAS;ATLAS(o);ATLAS
59140.405373;20.029;0.253;ATLAS;ATLAS(o);ATLAS
59141.287963;20.4051094;0.194865778;ZTF;ZTF(zi);ZTF
59142.2866782;20.5044422;0.180359721;ZTF;ZTF(zr);ZTF
59142.33831;20.887;0.557;ATLAS;ATLAS(c);ATLAS
59142.350825;20.834;0.559;ATLAS;ATLAS(c);ATLAS
59144.2383333;20.6483231;0.1914469;ZTF;ZTF(zr);ZTF
59145.45688;21.372;0.705;ATLAS;ATLAS(o);ATLAS
59145.463054;20.358;0.267;ATLAS;ATLAS(o);ATLAS
59145.477955;20.045;0.172;ATLAS;ATLAS(o);ATLAS
59145.488645;20.655;0.426;ATLAS;ATLAS(o);ATLAS
59146.453633;20.677;0.471;ATLAS;ATLAS(c);ATLAS
59146.470714;21.241;0.963;ATLAS;ATLAS(c);ATLAS
59147.2707755;20.2582588;0.192920551;ZTF;ZTF(zi);ZTF
59147.451666;20.121;0.401;ATLAS;ATLAS(o);ATLAS
59147.454885;19.995;0.351;ATLAS;ATLAS(o);ATLAS
59147.464812;21.035;0.824;ATLAS;ATLAS(o);ATLAS
59147.473465;19.674;0.232;ATLAS;ATLAS(o);ATLAS
59148.320323;18.618;0.425;ATLAS;ATLAS(o);ATLAS
59156.422931;20.697;0.809;ATLAS;ATLAS(o);ATLAS
59156.427544;20.32;0.489;ATLAS;ATLAS(o);ATLAS
59156.444124;20.876;0.935;ATLAS;ATLAS(o);ATLAS
59157.434516;20.572;0.507;ATLAS;ATLAS(o);ATLAS
59157.438664;20.135;0.336;ATLAS;ATLAS(o);ATLAS
59158.364403;20.526;0.651;ATLAS;ATLAS(o);ATLAS
59158.366235;20.57;0.704;ATLAS;ATLAS(o);ATLAS
59158.376033;21.016;0.876;ATLAS;ATLAS(o);ATLAS
59160.425112;20.102;0.31;ATLAS;ATLAS(o);ATLAS
59160.443346;18.929;0.576;ATLAS;ATLAS(o);ATLAS
59163.439748;20.519;0.476;ATLAS;ATLAS(c);ATLAS
59163.456024;21.37;0.9;ATLAS;ATLAS(c);ATLAS
59164.2813889;20.4888439;0.179511577;ZTF;ZTF(zr);ZTF
59164.548688;20.03;0.448;ATLAS;ATLAS(o);ATLAS
59168.2877778;20.8903389;0.210096359;ZTF;ZTF(zr);ZTF
59169.380248;20.117;0.565;ATLAS;ATLAS(o);ATLAS
59169.399145;20.959;0.804;ATLAS;ATLAS(o);ATLAS
59170.266956;20.7172203;0.196756124;ZTF;ZTF(zr);ZTF
59170.422388;20.938;0.58;ATLAS;ATLAS(c);ATLAS
59170.433401;20.747;0.484;ATLAS;ATLAS(c);ATLAS
59172.1526505;20.6737556;0.193406701;ZTF;ZTF(zr);ZTF
59183.404902;20.171;0.954;ATLAS;ATLAS(o);ATLAS
59183.408179;19.523;0.759;ATLAS;ATLAS(o);ATLAS
59185.477341;20.09;0.769;ATLAS;ATLAS(o);ATLAS
59185.481025;20.095;0.739;ATLAS;ATLAS(o);ATLAS
59186.374585;20.56;0.716;ATLAS;ATLAS(o);ATLAS
59186.377788;20.062;0.369;ATLAS;ATLAS(o);ATLAS
59187.433513;20.209;0.541;ATLAS;ATLAS(o);ATLAS
59187.436733;20.622;0.89;ATLAS;ATLAS(o);ATLAS
59189.317418;20.728;0.513;ATLAS;ATLAS(o);ATLAS
59189.321133;20.292;0.311;ATLAS;ATLAS(o);ATLAS
59189.333884;20.156;0.289;ATLAS;ATLAS(o);ATLAS
59190.339194;20.74;0.5;ATLAS;ATLAS(c);ATLAS
59190.365938;20.964;0.577;ATLAS;ATLAS(c);ATLAS
59190.379715;21.385;0.904;ATLAS;ATLAS(c);ATLAS
59193.359637;21.214;0.945;ATLAS;ATLAS(o);ATLAS
59193.365327;20.437;0.361;ATLAS;ATLAS(o);ATLAS
59193.385093;20.885;0.555;ATLAS;ATLAS(o);ATLAS
59193.39015;20.92;0.517;ATLAS;ATLAS(o);ATLAS
59194.146088;20.9166546;0.212124228;ZTF;ZTF(zr);ZTF
59194.344511;20.879;0.425;ATLAS;ATLAS(c);ATLAS
59194.352821;21.341;0.7;ATLAS;ATLAS(c);ATLAS
59195.1944676;20.6210747;0.189347267;ZTF;ZTF(zr);ZTF
59195.367892;21.093;0.629;ATLAS;ATLAS(c);ATLAS
59195.374344;20.5;0.337;ATLAS;ATLAS(c);ATLAS
59195.387734;20.86;0.456;ATLAS;ATLAS(c);ATLAS
59197.311394;21.43;0.855;ATLAS;ATLAS(c);ATLAS
59197.344192;21.074;0.545;ATLAS;ATLAS(c);ATLAS
59198.315715;20.324;0.344;ATLAS;ATLAS(c);ATLAS
59200.322757;20.91;0.465;ATLAS;ATLAS(c);ATLAS
59200.339357;21.314;0.678;ATLAS;ATLAS(c);ATLAS
59202.2875231;20.1883698;0.158104658;ZTF;ZTF(zr);ZTF
59203.2582176;19.7531452;0.158033609;ZTF;ZTF(zi);ZTF
59204.300004;20.27;0.288;ATLAS;ATLAS(o);ATLAS
59204.332068;20.913;0.594;ATLAS;ATLAS(o);ATLAS
59204.347596;20.213;0.357;ATLAS;ATLAS(o);ATLAS
59212.257923;20.188;0.59;ATLAS;ATLAS(o);ATLAS
59212.280176;20.606;0.985;ATLAS;ATLAS(o);ATLAS
59212.286176;19.738;0.398;ATLAS;ATLAS(o);ATLAS
59216.25966804;15.859;0.24;NEOWISE;WISE(W1);NEOWISE
59216.338089;19.479;0.181;ATLAS;ATLAS(o);ATLAS
59216.341776;20.223;0.528;ATLAS;ATLAS(o);ATLAS
59217.374447;20.206;0.467;ATLAS;ATLAS(o);ATLAS
59217.399624;20.271;0.681;ATLAS;ATLAS(o);ATLAS
59220.124294;20.6984024;0.195305943;ZTF;ZTF(zr);ZTF
59220.1814699;20.5462494;0.194747925;ZTF;ZTF(zi);ZTF
59220.276116;21.147;0.593;ATLAS;ATLAS(c);ATLAS
59220.279801;20.53;0.431;ATLAS;ATLAS(c);ATLAS
59222.317558;20.134;0.299;ATLAS;ATLAS(c);ATLAS
59222.328589;19.804;0.217;ATLAS;ATLAS(c);ATLAS
59223.2252199;20.4433556;0.194227442;ZTF;ZTF(zi);ZTF
59226.307308;20.674;0.512;ATLAS;ATLAS(c);ATLAS
59226.310542;21.061;0.77;ATLAS;ATLAS(c);ATLAS
59226.327533;20.464;0.483;ATLAS;ATLAS(c);ATLAS
59230.1449306;21.1498184;0.230091453;ZTF;ZTF(zr);ZTF
59230.256834;20.918;0.606;ATLAS;ATLAS(c);ATLAS
59230.259646;21.048;0.688;ATLAS;ATLAS(c);ATLAS
59232.1628125;21.1184788;0.227676511;ZTF;ZTF(zr);ZTF
59232.2444329;20.4579258;0.193835661;ZTF;ZTF(zi);ZTF
59232.255591;20.512;0.345;ATLAS;ATLAS(o);ATLAS
59232.259274;19.666;0.289;ATLAS;ATLAS(o);ATLAS
59232.275086;19.713;0.382;ATLAS;ATLAS(o);ATLAS
59242.289232;19.404;0.626;ATLAS;ATLAS(o);ATLAS
59242.306225;19.758;0.68;ATLAS;ATLAS(o);ATLAS
59244.232678;20.784;0.616;ATLAS;ATLAS(o);ATLAS
59244.239604;21.192;0.961;ATLAS;ATLAS(o);ATLAS
59244.249437;20.679;0.685;ATLAS;ATLAS(o);ATLAS
59246.231869;20.31;0.418;ATLAS;ATLAS(o);ATLAS
59246.237398;20.045;0.379;ATLAS;ATLAS(o);ATLAS
59246.254382;20.137;0.413;ATLAS;ATLAS(o);ATLAS
59248.1494097;20.7047729;0.195796847;ZTF;ZTF(zr);ZTF
59248.264215;20.84;0.632;ATLAS;ATLAS(c);ATLAS
59248.269767;21.572;0.939;ATLAS;ATLAS(c);ATLAS
59248.27996;20.952;0.684;ATLAS;ATLAS(c);ATLAS
59251.304718;20.5;0.51;ATLAS;ATLAS(c);ATLAS
59252.286436;20.664;0.5;ATLAS;ATLAS(c);ATLAS
59254.1535417;20.744915;0.198890209;ZTF;ZTF(zr);ZTF
59255.244242;20.11;0.291;ATLAS;ATLAS(c);ATLAS
59256.1645023;20.8045769;0.203487635;ZTF;ZTF(zr);ZTF
59257.27048;20.645;0.505;ATLAS;ATLAS(c);ATLAS
59257.274176;21.234;0.835;ATLAS;ATLAS(c);ATLAS
59258.229999;21.025;0.794;ATLAS;ATLAS(c);ATLAS
59258.242984;20.395;0.421;ATLAS;ATLAS(c);ATLAS
59266.239614;17.26;0.745;ATLAS;ATLAS(o);ATLAS
59280.234835;20.799;0.633;ATLAS;ATLAS(o);ATLAS
59383.580544;20.413;0.787;ATLAS;ATLAS(o);ATLAS
59383.603136;20.357;0.681;ATLAS;ATLAS(o);ATLAS
59388.595628;20.532;0.872;ATLAS;ATLAS(o);ATLAS
59404.519766;19.706;0.392;ATLAS;ATLAS(o);ATLAS
59404.545611;20.596;0.543;ATLAS;ATLAS(o);ATLAS
59409.582579;20.445;0.464;ATLAS;ATLAS(o);ATLAS
59409.606616;21.335;0.954;ATLAS;ATLAS(o);ATLAS
59409.616616;20.171;0.373;ATLAS;ATLAS(o);ATLAS
59413.54411;20.359;0.614;ATLAS;ATLAS(o);ATLAS
59413.553848;20.63;0.633;ATLAS;ATLAS(o);ATLAS
59413.569684;20.499;0.555;ATLAS;ATLAS(o);ATLAS
59415.622481;20.561;0.629;ATLAS;ATLAS(c);ATLAS
59420.89319694;14.34;0.341;NEOWISE;WISE(W2);NEOWISE
59424.599204;18.734;0.696;ATLAS;ATLAS(o);ATLAS
59424.615909;19.96;0.983;ATLAS;ATLAS(o);ATLAS
59428.588468;20.486;0.395;ATLAS;ATLAS(o);ATLAS
59428.613699;20.0;0.283;ATLAS;ATLAS(o);ATLAS
59428.623651;20.655;0.703;ATLAS;ATLAS(o);ATLAS
59432.542905;21.4;0.789;ATLAS;ATLAS(c);ATLAS
59434.4769097;20.8297577;0.205428004;ZTF;ZTF(zr);ZTF
59434.580896;20.971;0.774;ATLAS;ATLAS(o);ATLAS
59435.4402894;20.6111908;0.198391438;ZTF;ZTF(zi);ZTF
59435.614058;21.063;0.703;ATLAS;ATLAS(o);ATLAS
59435.62504;21.011;0.866;ATLAS;ATLAS(o);ATLAS
59436.56069;21.546;0.817;ATLAS;ATLAS(c);ATLAS
59436.574995;21.474;0.712;ATLAS;ATLAS(c);ATLAS
59438.549855;20.875;0.701;ATLAS;ATLAS(o);ATLAS
59438.55407;20.688;0.527;ATLAS;ATLAS(o);ATLAS
59438.561463;20.698;0.5;ATLAS;ATLAS(o);ATLAS
59438.5734;20.59;0.461;ATLAS;ATLAS(o);ATLAS
59440.533584;21.256;0.593;ATLAS;ATLAS(c);ATLAS
59440.563948;20.975;0.675;ATLAS;ATLAS(c);ATLAS
59442.4280208;21.3330536;0.244211316;ZTF;ZTF(zr);ZTF
59442.533005;21.392;0.971;ATLAS;ATLAS(o);ATLAS
59442.550553;20.433;0.396;ATLAS;ATLAS(o);ATLAS
59442.559262;20.323;0.352;ATLAS;ATLAS(o);ATLAS
59442.563881;20.479;0.366;ATLAS;ATLAS(o);ATLAS
59443.4308681;20.2910824;0.19387874;ZTF;ZTF(zi);ZTF
59444.48603;20.627;0.695;ATLAS;ATLAS(o);ATLAS
59444.49559;19.881;0.291;ATLAS;ATLAS(o);ATLAS
59445.600548;21.248;0.594;ATLAS;ATLAS(o);ATLAS
59445.602435;20.982;0.702;ATLAS;ATLAS(o);ATLAS
59445.614719;20.696;0.418;ATLAS;ATLAS(o);ATLAS
59448.531257;20.226;0.612;ATLAS;ATLAS(o);ATLAS
59448.538168;20.763;0.853;ATLAS;ATLAS(o);ATLAS
59450.542065;19.705;0.382;ATLAS;ATLAS(o);ATLAS
59450.547105;19.93;0.694;ATLAS;ATLAS(o);ATLAS
59455.510567;20.221;0.605;ATLAS;ATLAS(o);ATLAS
59455.513311;19.746;0.39;ATLAS;ATLAS(o);ATLAS
59455.53223;20.646;0.742;ATLAS;ATLAS(o);ATLAS
59457.573372;21.058;0.643;ATLAS;ATLAS(o);ATLAS
59457.600289;20.924;0.613;ATLAS;ATLAS(o);ATLAS
59457.60561;20.298;0.408;ATLAS;ATLAS(o);ATLAS
59459.3812269;20.9949188;0.218155146;ZTF;ZTF(zr);ZTF
59459.3882755;21.0101948;0.219332337;ZTF;ZTF(zr);ZTF
59459.4048032;20.4366951;0.19437854;ZTF;ZTF(zi);ZTF
59461.4646065;21.3276863;0.243797779;ZTF;ZTF(zr);ZTF
59461.4655556;21.3524818;0.245708466;ZTF;ZTF(zr);ZTF
59461.546178;20.989;0.596;ATLAS;ATLAS(o);ATLAS
59461.548192;21.274;0.646;ATLAS;ATLAS(o);ATLAS
59461.550957;20.706;0.384;ATLAS;ATLAS(o);ATLAS
59461.556026;20.946;0.569;ATLAS;ATLAS(o);ATLAS
59462.4486574;20.6695862;0.201667786;ZTF;ZTF(zi);ZTF
59462.490255;20.585;0.4;ATLAS;ATLAS(c);ATLAS
59464.48348;20.702;0.498;ATLAS;ATLAS(o);ATLAS
59464.485349;20.947;0.572;ATLAS;ATLAS(o);ATLAS
59464.507057;20.126;0.288;ATLAS;ATLAS(o);ATLAS
59465.4689236;21.0188503;0.219999313;ZTF;ZTF(zr);ZTF
59466.488252;21.313;0.953;ATLAS;ATLAS(c);ATLAS
59466.49919;21.427;0.987;ATLAS;ATLAS(c);ATLAS
59468.4070486;20.4645309;0.193629533;ZTF;ZTF(zi);ZTF
59470.477688;20.845;0.64;ATLAS;ATLAS(c);ATLAS
59471.4215046;20.8546906;0.2073493;ZTF;ZTF(zr);ZTF
59474.463633;20.428;0.698;ATLAS;ATLAS(o);ATLAS
59476.3855208;19.9644814;0.175647974;ZTF;ZTF(zi);ZTF
59484.480049;20.062;0.49;ATLAS;ATLAS(o);ATLAS
59485.466895;20.418;0.517;ATLAS;ATLAS(o);ATLAS
59485.471526;20.963;0.9;ATLAS;ATLAS(o);ATLAS
59486.453197;20.118;0.412;ATLAS;ATLAS(o);ATLAS
59486.455048;20.655;0.637;ATLAS;ATLAS(o);ATLAS
59486.457791;20.73;0.713;ATLAS;ATLAS(o);ATLAS
59487.506417;20.324;0.36;ATLAS;ATLAS(o);ATLAS
59487.515486;20.456;0.449;ATLAS;ATLAS(o);ATLAS
59487.521673;20.717;0.665;ATLAS;ATLAS(o);ATLAS
59487.537219;20.541;0.534;ATLAS;ATLAS(o);ATLAS
59488.467383;20.444;0.602;ATLAS;ATLAS(o);ATLAS
59488.471078;20.566;0.6;ATLAS;ATLAS(o);ATLAS
59488.477213;20.297;0.5;ATLAS;ATLAS(o);ATLAS
59490.457784;20.923;0.57;ATLAS;ATLAS(o);ATLAS
59490.464244;20.96;0.627;ATLAS;ATLAS(o);ATLAS
59490.468384;20.978;0.653;ATLAS;ATLAS(o);ATLAS
59492.436685;18.805;0.503;ATLAS;ATLAS(o);ATLAS
59492.461892;18.502;0.578;ATLAS;ATLAS(o);ATLAS
59493.431271;20.204;0.945;ATLAS;ATLAS(o);ATLAS
59493.475803;20.675;0.593;ATLAS;ATLAS(o);ATLAS
59494.374624;20.404;0.478;ATLAS;ATLAS(o);ATLAS
59494.417914;19.865;0.303;ATLAS;ATLAS(o);ATLAS
59496.378575;20.29;0.552;ATLAS;ATLAS(o);ATLAS
59497.4014352;20.1118641;0.185903788;ZTF;ZTF(zi);ZTF
59497.4306829;20.5162983;0.181273341;ZTF;ZTF(zr);ZTF
59497.527128;20.482;0.581;ATLAS;ATLAS(o);ATLAS
59497.554838;16.343;0.017;ATLAS;ATLAS(o);ATLAS
59497.561433;20.509;0.75;ATLAS;ATLAS(o);ATLAS
59500.40364;20.185;0.429;ATLAS;ATLAS(o);ATLAS
59500.405942;20.575;0.641;ATLAS;ATLAS(o);ATLAS
59500.413777;20.266;0.453;ATLAS;ATLAS(o);ATLAS
59501.501705;20.181;0.429;ATLAS;ATLAS(o);ATLAS
59503.526758;19.183;0.345;ATLAS;ATLAS(o);ATLAS
59504.403702;16.53;0.589;ATLAS;ATLAS(o);ATLAS
59505.462453;19.224;0.395;ATLAS;ATLAS(o);ATLAS
59511.445848;20.087;0.955;ATLAS;ATLAS(o);ATLAS
59512.3120023;20.4355297;0.153714776;ZTF;ZTF(zi);ZTF
59512.466813;20.376;0.739;ATLAS;ATLAS(o);ATLAS
59512.470034;20.048;0.539;ATLAS;ATLAS(o);ATLAS
59512.487709;19.698;0.404;ATLAS;ATLAS(o);ATLAS
59515.537406;20.285;0.412;ATLAS;ATLAS(o);ATLAS
59516.450882;20.288;0.45;ATLAS;ATLAS(o);ATLAS
59517.454146;20.078;0.354;ATLAS;ATLAS(o);ATLAS
59517.460141;20.657;0.628;ATLAS;ATLAS(o);ATLAS
59518.421551;20.947;0.444;ATLAS;ATLAS(c);ATLAS
59518.424369;21.246;0.753;ATLAS;ATLAS(c);ATLAS
59518.429961;21.492;0.789;ATLAS;ATLAS(c);ATLAS
59519.447531;20.858;0.504;ATLAS;ATLAS(c);ATLAS
59519.465722;21.176;0.693;ATLAS;ATLAS(c);ATLAS
59520.429775;21.255;0.952;ATLAS;ATLAS(o);ATLAS
59520.446429;20.761;0.653;ATLAS;ATLAS(o);ATLAS
59521.419874;20.751;0.776;ATLAS;ATLAS(o);ATLAS
59522.2753125;20.7929535;0.208589435;ZTF;ZTF(zi);ZTF
59523.2697685;21.0710812;0.224024057;ZTF;ZTF(zr);ZTF
59524.2817824;20.3640041;0.150152907;ZTF;ZTF(zi);ZTF
59525.2705324;21.1028786;0.226474404;ZTF;ZTF(zr);ZTF
59525.464201;20.756;0.75;ATLAS;ATLAS(o);ATLAS
59526.340492;20.586;0.421;ATLAS;ATLAS(c);ATLAS
59526.345994;21.112;0.728;ATLAS;ATLAS(c);ATLAS
59528.447235;20.561;0.587;ATLAS;ATLAS(o);ATLAS
59529.408345;20.315;0.426;ATLAS;ATLAS(o);ATLAS
59529.414637;20.946;0.793;ATLAS;ATLAS(o);ATLAS
59529.432413;20.753;0.646;ATLAS;ATLAS(o);ATLAS
59529.447593;20.815;0.677;ATLAS;ATLAS(o);ATLAS
59530.418453;21.106;0.983;ATLAS;ATLAS(o);ATLAS
59530.423957;21.079;0.875;ATLAS;ATLAS(o);ATLAS
59532.2831366;20.1281948;0.135497928;ZTF;ZTF(zi);ZTF
59532.316579;19.501;0.338;ATLAS;ATLAS(o);ATLAS
59532.3226852;20.1251545;0.186695635;ZTF;ZTF(zi);ZTF
59537.3494444;21.02248;0.220278978;ZTF;ZTF(zr);ZTF
59538.452011;19.121;0.724;ATLAS;ATLAS(o);ATLAS
59539.482385;19.367;0.714;ATLAS;ATLAS(o);ATLAS
59539.498964;19.371;0.639;ATLAS;ATLAS(o);ATLAS
59540.375369;18.746;0.858;ATLAS;ATLAS(o);ATLAS
59541.429228;19.585;0.446;ATLAS;ATLAS(o);ATLAS
59541.441568;20.552;0.88;ATLAS;ATLAS(o);ATLAS
59542.353628;20.808;0.893;ATLAS;ATLAS(o);ATLAS
59542.361714;20.626;0.591;ATLAS;ATLAS(o);ATLAS
59542.397226;20.862;0.788;ATLAS;ATLAS(o);ATLAS
59543.346689;21.101;0.915;ATLAS;ATLAS(o);ATLAS
59543.363085;20.354;0.443;ATLAS;ATLAS(o);ATLAS
59543.366299;21.086;0.861;ATLAS;ATLAS(o);ATLAS
59545.36708;20.175;0.465;ATLAS;ATLAS(o);ATLAS
59546.377974;20.485;0.379;ATLAS;ATLAS(o);ATLAS
59546.380849;20.441;0.414;ATLAS;ATLAS(o);ATLAS
59546.387824;20.88;0.599;ATLAS;ATLAS(o);ATLAS
59546.399775;20.697;0.531;ATLAS;ATLAS(o);ATLAS
59550.2078704;20.1835251;0.189837322;ZTF;ZTF(zi);ZTF
59550.2439468;20.5999737;0.162672639;ZTF;ZTF(zi);ZTF
59551.328948;20.884;0.714;ATLAS;ATLAS(o);ATLAS
59557.317612;19.912;0.415;ATLAS;ATLAS(o);ATLAS
59569.418646;19.281;0.472;ATLAS;ATLAS(o);ATLAS
59569.428348;19.964;0.984;ATLAS;ATLAS(o);ATLAS
59573.265929;20.841;0.725;ATLAS;ATLAS(o);ATLAS
59573.271531;20.099;0.372;ATLAS;ATLAS(o);ATLAS
59573.278493;20.786;0.769;ATLAS;ATLAS(o);ATLAS
59573.286397;20.933;0.859;ATLAS;ATLAS(o);ATLAS
59580.57029049;14.569;0.361;NEOWISE;WISE(W2);NEOWISE
59580.70093929;15.793;0.203;NEOWISE;WISE(W1);NEOWISE
59580.83158806;15.868;0.38;NEOWISE;WISE(W1);NEOWISE
59581.0276886;16.164;0.235;NEOWISE;WISE(W1);NEOWISE
59581.805569;20.905;0.847;ATLAS;ATLAS(o);ATLAS
59581.809029;19.788;0.295;ATLAS;ATLAS(o);ATLAS
59582.815101;20.033;0.409;ATLAS;ATLAS(o);ATLAS
59582.818772;19.277;0.484;ATLAS;ATLAS(o);ATLAS
59584.282619;20.358;0.496;ATLAS;ATLAS(o);ATLAS
59586.284352;20.619;0.508;ATLAS;ATLAS(o);ATLAS
59586.28764;21.069;0.909;ATLAS;ATLAS(o);ATLAS
59586.29776;20.481;0.545;ATLAS;ATLAS(o);ATLAS
59586.303716;20.502;0.497;ATLAS;ATLAS(o);ATLAS
59588.245524;19.866;0.449;ATLAS;ATLAS(o);ATLAS
59593.31646;19.715;0.682;ATLAS;ATLAS(o);ATLAS
59593.320258;19.764;0.633;ATLAS;ATLAS(o);ATLAS
59596.275572;19.568;0.458;ATLAS;ATLAS(o);ATLAS
59597.302294;19.249;0.38;ATLAS;ATLAS(o);ATLAS
59597.314528;20.094;0.911;ATLAS;ATLAS(o);ATLAS
59597.810199;19.426;0.533;ATLAS;ATLAS(o);ATLAS
59600.281666;20.736;0.826;ATLAS;ATLAS(o);ATLAS
59600.284437;20.695;0.784;ATLAS;ATLAS(o);ATLAS
59602.793063;19.105;0.473;ATLAS;ATLAS(c);ATLAS
59603.338878;20.858;0.72;ATLAS;ATLAS(o);ATLAS
59603.342082;20.38;0.415;ATLAS;ATLAS(o);ATLAS
59603.348488;20.405;0.5;ATLAS;ATLAS(o);ATLAS
59604.24462;20.96;0.944;ATLAS;ATLAS(o);ATLAS
59604.265459;20.106;0.422;ATLAS;ATLAS(o);ATLAS
59605.046698;20.55;0.828;ATLAS;ATLAS(o);ATLAS
59606.215626;20.082;0.409;ATLAS;ATLAS(o);ATLAS
59606.222963;20.408;0.491;ATLAS;ATLAS(o);ATLAS
59766.5914;20.201;0.408;ATLAS;ATLAS(c);ATLAS
59766.611224;20.017;0.419;ATLAS;ATLAS(c);ATLAS
59766.621078;19.869;0.979;ATLAS;ATLAS(c);ATLAS
59773.130635;19.972;0.923;ATLAS;ATLAS(o);ATLAS
59774.604936;19.925;0.729;ATLAS;ATLAS(o);ATLAS
59778.590926;20.142;0.615;ATLAS;ATLAS(o);ATLAS
59778.606955;19.717;0.484;ATLAS;ATLAS(o);ATLAS
59783.606143;20.612;0.825;ATLAS;ATLAS(o);ATLAS
59787.4339236;20.8409081;0.206287265;ZTF;ZTF(zr);ZTF
59787.4712616;20.5541916;0.195193529;ZTF;ZTF(zi);ZTF
59787.74077281;15.831;0.248;NEOWISE;WISE(W1);NEOWISE
59788.19727861;16.141;0.353;NEOWISE;WISE(W1);NEOWISE
59788.32779983;15.992;0.231;NEOWISE;WISE(W1);NEOWISE
59791.415525;20.92;0.542;ATLAS;ATLAS(c);ATLAS
59791.41913;20.956;0.634;ATLAS;ATLAS(c);ATLAS
59791.432251;20.175;0.391;ATLAS;ATLAS(c);ATLAS
59793.4005671;20.8455315;0.206643581;ZTF;ZTF(zr);ZTF
59796.588092;21.034;0.777;ATLAS;ATLAS(c);ATLAS
59797.170001;21.18;0.684;ATLAS;ATLAS(c);ATLAS
59797.172727;21.14;0.66;ATLAS;ATLAS(c);ATLAS
59797.178171;20.456;0.535;ATLAS;ATLAS(c);ATLAS
59799.292038;20.1;0.928;ATLAS;ATLAS(o);ATLAS
59799.324213;20.526;0.86;ATLAS;ATLAS(o);ATLAS
59800.4534954;21.1205368;0.227835059;ZTF;ZTF(zr);ZTF
59802.4705208;20.8118973;0.204051733;ZTF;ZTF(zr);ZTF
59803.280439;19.238;0.513;ATLAS;ATLAS(o);ATLAS
59803.283179;19.825;0.807;ATLAS;ATLAS(o);ATLAS
59805.627725;19.378;0.401;ATLAS;ATLAS(o);ATLAS
59810.575013;20.148;0.51;ATLAS;ATLAS(o);ATLAS
59811.606857;20.153;0.528;ATLAS;ATLAS(o);ATLAS
59812.567856;20.339;0.529;ATLAS;ATLAS(o);ATLAS
59812.572929;20.15;0.413;ATLAS;ATLAS(o);ATLAS
59812.578815;20.52;0.581;ATLAS;ATLAS(o);ATLAS
59813.076918;19.915;0.322;ATLAS;ATLAS(o);ATLAS
59813.098207;20.369;0.394;ATLAS;ATLAS(o);ATLAS
59813.4419329;20.8468304;0.206743598;ZTF;ZTF(zr);ZTF
59814.501406;20.03;0.428;ATLAS;ATLAS(o);ATLAS
59814.507332;20.342;0.566;ATLAS;ATLAS(o);ATLAS
59814.523796;20.593;0.723;ATLAS;ATLAS(o);ATLAS
59817.3624074;20.2832336;0.193673879;ZTF;ZTF(zi);ZTF
59817.4639005;21.0343609;0.221194506;ZTF;ZTF(zr);ZTF
59818.4773032;20.8762512;0.180227637;ZTF;ZTF(zi);ZTF
59818.554893;20.534;0.619;ATLAS;ATLAS(o);ATLAS
59818.575;21.017;0.986;ATLAS;ATLAS(o);ATLAS
59820.45718;20.331;0.419;ATLAS;ATLAS(c);ATLAS
59821.4038889;20.5183907;0.157488704;ZTF;ZTF(zi);ZTF
59822.4152662;20.2911911;0.14601393;ZTF;ZTF(zi);ZTF
59822.458273;20.719;0.791;ATLAS;ATLAS(o);ATLAS
59823.312288;21.546;0.924;ATLAS;ATLAS(c);ATLAS
59823.3920139;19.8490295;0.166291416;ZTF;ZTF(zi);ZTF
59824.3803819;21.0869274;0.225245237;ZTF;ZTF(zr);ZTF
59824.530441;21.404;0.973;ATLAS;ATLAS(c);ATLAS
59825.101889;20.414;0.528;ATLAS;ATLAS(o);ATLAS
59825.105492;20.097;0.45;ATLAS;ATLAS(o);ATLAS
59825.140994;20.766;0.839;ATLAS;ATLAS(o);ATLAS
59825.146512;19.966;0.332;ATLAS;ATLAS(o);ATLAS
59825.162049;19.803;0.606;ATLAS;ATLAS(o);ATLAS
59826.4367708;20.8882542;0.209935665;ZTF;ZTF(zr);ZTF
59826.506501;20.749;0.68;ATLAS;ATLAS(o);ATLAS
59826.538322;19.782;0.341;ATLAS;ATLAS(o);ATLAS
59827.4790394;20.1072807;0.134066463;ZTF;ZTF(zi);ZTF
59829.014692;20.053;0.428;ATLAS;ATLAS(o);ATLAS
59829.032035;21.17;0.991;ATLAS;ATLAS(o);ATLAS
59829.3660532;20.6005306;0.162707925;ZTF;ZTF(zi);ZTF
59830.484781;19.913;0.551;ATLAS;ATLAS(o);ATLAS
59832.436867;20.21;0.85;ATLAS;ATLAS(o);ATLAS
59832.444549;19.08;0.341;ATLAS;ATLAS(o);ATLAS
59838.505736;20.978;0.93;ATLAS;ATLAS(o);ATLAS
59838.512665;20.507;0.601;ATLAS;ATLAS(o);ATLAS
59840.505587;20.807;0.606;ATLAS;ATLAS(o);ATLAS
59840.513289;20.408;0.495;ATLAS;ATLAS(o);ATLAS
59840.54891;20.832;0.731;ATLAS;ATLAS(o);ATLAS
59840.568952;20.049;0.246;ATLAS;ATLAS(o);ATLAS
59840.583545;20.062;0.289;ATLAS;ATLAS(o);ATLAS
59840.607226;20.921;0.692;ATLAS;ATLAS(o);ATLAS
59842.3524537;20.331625;0.194675803;ZTF;ZTF(zi);ZTF
59842.404119;21.125;0.807;ATLAS;ATLAS(c);ATLAS
59842.413822;20.542;0.479;ATLAS;ATLAS(c);ATLAS
59843.254818;20.117;0.403;ATLAS;ATLAS(o);ATLAS
59843.259323;20.329;0.591;ATLAS;ATLAS(o);ATLAS
59843.262032;19.679;0.363;ATLAS;ATLAS(o);ATLAS
59843.414456;21.2550507;0.238200545;ZTF;ZTF(zr);ZTF
59843.4252662;20.6150169;0.163628459;ZTF;ZTF(zi);ZTF
59844.472419;20.432;0.502;ATLAS;ATLAS(o);ATLAS
59844.477851;19.822;0.256;ATLAS;ATLAS(o);ATLAS
59845.3436458;20.2223511;0.191584736;ZTF;ZTF(zi);ZTF
59846.3525;20.2694073;0.144694641;ZTF;ZTF(zi);ZTF
59846.548092;18.089;0.414;ATLAS;ATLAS(c);ATLAS
59847.3873495;20.2949257;0.146236643;ZTF;ZTF(zi);ZTF
59848.2741435;20.4824104;0.19297944;ZTF;ZTF(zi);ZTF
59848.46175;20.042;0.317;ATLAS;ATLAS(o);ATLAS
59848.471259;20.715;0.633;ATLAS;ATLAS(o);ATLAS
59848.481306;20.942;0.701;ATLAS;ATLAS(o);ATLAS
59849.075182;21.391;0.756;ATLAS;ATLAS(c);ATLAS
59849.3857292;20.4791851;0.155582279;ZTF;ZTF(zi);ZTF
59850.3389583;20.8281021;0.20530045;ZTF;ZTF(zr);ZTF
59850.431472;20.47;0.354;ATLAS;ATLAS(c);ATLAS
59850.444043;21.245;0.816;ATLAS;ATLAS(c);ATLAS
59850.463789;20.238;0.471;ATLAS;ATLAS(o);ATLAS
59850.485182;20.724;0.613;ATLAS;ATLAS(o);ATLAS
59850.48699;20.097;0.379;ATLAS;ATLAS(o);ATLAS
59850.504018;20.152;0.364;ATLAS;ATLAS(o);ATLAS
59851.270796;20.441;0.416;ATLAS;ATLAS(o);ATLAS
59851.342338;20.5749512;0.161082625;ZTF;ZTF(zi);ZTF
59852.332581;20.7780476;0.201443315;ZTF;ZTF(zr);ZTF
59852.3749421;20.6365299;0.164995432;ZTF;ZTF(zi);ZTF
59852.958785;20.834;0.972;ATLAS;ATLAS(c);ATLAS
59852.964195;20.754;0.707;ATLAS;ATLAS(c);ATLAS
59853.3941551;20.4458885;0.154180884;ZTF;ZTF(zi);ZTF
59853.4031944;20.5902596;0.197217107;ZTF;ZTF(zi);ZTF
59853.512557;20.662;0.5;ATLAS;ATLAS(o);ATLAS
59853.515726;21.097;0.6;ATLAS;ATLAS(o);ATLAS
59853.558689;20.842;0.616;ATLAS;ATLAS(o);ATLAS
59854.3423495;20.8659916;0.208220243;ZTF;ZTF(zr);ZTF
59854.436257;20.509;0.642;ATLAS;ATLAS(o);ATLAS
59854.465503;20.752;0.669;ATLAS;ATLAS(o);ATLAS
59854.468667;19.905;0.313;ATLAS;ATLAS(o);ATLAS
59854.547454;21.538;0.983;ATLAS;ATLAS(c);ATLAS
59855.270788;20.582;0.502;ATLAS;ATLAS(o);ATLAS
59855.298164;19.922;0.317;ATLAS;ATLAS(o);ATLAS
59855.32657;21.231;0.919;ATLAS;ATLAS(o);ATLAS
59855.329695;20.378;0.491;ATLAS;ATLAS(o);ATLAS
59856.3952778;21.0059624;0.219006181;ZTF;ZTF(zr);ZTF
59856.521323;20.545;0.396;ATLAS;ATLAS(c);ATLAS
59856.526755;21.022;0.67;ATLAS;ATLAS(c);ATLAS
59856.559844;21.117;0.718;ATLAS;ATLAS(c);ATLAS
59856.936441;20.532;0.691;ATLAS;ATLAS(o);ATLAS
59856.941416;20.753;0.795;ATLAS;ATLAS(o);ATLAS
59856.946844;20.329;0.614;ATLAS;ATLAS(o);ATLAS
59857.3217245;20.7947655;0.175049901;ZTF;ZTF(zi);ZTF
59858.404492;20.82;0.762;ATLAS;ATLAS(o);ATLAS
59858.406338;20.483;0.65;ATLAS;ATLAS(o);ATLAS
59858.414193;19.981;0.401;ATLAS;ATLAS(o);ATLAS
59859.154049;19.022;0.613;ATLAS;ATLAS(o);ATLAS
59859.158525;19.284;0.518;ATLAS;ATLAS(o);ATLAS
59859.3509375;20.3916817;0.151597843;ZTF;ZTF(zi);ZTF
59859.551407;20.377;0.718;ATLAS;ATLAS(o);ATLAS
59860.420057;19.11;0.342;ATLAS;ATLAS(o);ATLAS
59860.525118;19.184;0.631;ATLAS;ATLAS(o);ATLAS
59866.504492;19.646;0.389;ATLAS;ATLAS(o);ATLAS
59866.518415;20.08;0.477;ATLAS;ATLAS(o);ATLAS
59866.55642;20.256;0.779;ATLAS;ATLAS(o);ATLAS
59868.499921;19.589;0.192;ATLAS;ATLAS(o);ATLAS
59868.505347;21.018;0.878;ATLAS;ATLAS(o);ATLAS
59870.3847569;21.0557442;0.222842216;ZTF;ZTF(zr);ZTF
59870.426613;20.625;0.515;ATLAS;ATLAS(o);ATLAS
59871.362674;20.609;0.554;ATLAS;ATLAS(o);ATLAS
59871.364518;20.545;0.473;ATLAS;ATLAS(o);ATLAS
59871.390533;20.803;0.602;ATLAS;ATLAS(o);ATLAS
59872.3674769;21.0203457;0.22011447;ZTF;ZTF(zr);ZTF
59872.404956;21.27;0.744;ATLAS;ATLAS(c);ATLAS
59872.434588;20.174;0.306;ATLAS;ATLAS(c);ATLAS
59872.470508;20.213;0.405;ATLAS;ATLAS(o);ATLAS
59872.484222;20.897;0.755;ATLAS;ATLAS(o);ATLAS
59872.92884;19.955;0.653;ATLAS;ATLAS(o);ATLAS
59874.3153935;20.8656693;0.208195329;ZTF;ZTF(zr);ZTF
59874.3311921;21.0570145;0.226635814;ZTF;ZTF(zr);ZTF
59874.482879;20.738;0.593;ATLAS;ATLAS(o);ATLAS
59874.487117;21.328;0.95;ATLAS;ATLAS(o);ATLAS
59874.508886;19.832;0.281;ATLAS;ATLAS(o);ATLAS
59874.509349;20.654;0.613;ATLAS;ATLAS(o);ATLAS
59875.17817;20.956;0.63;ATLAS;ATLAS(c);ATLAS
59875.179971;21.051;0.868;ATLAS;ATLAS(c);ATLAS
59875.183595;21.086;0.798;ATLAS;ATLAS(c);ATLAS
59875.448981;19.991;0.282;ATLAS;ATLAS(o);ATLAS
59875.463641;20.671;0.639;ATLAS;ATLAS(o);ATLAS
59876.3312847;20.6080666;0.189237356;ZTF;ZTF(zr);ZTF
59876.394102;20.676;0.559;ATLAS;ATLAS(o);ATLAS
59876.439989;20.456;0.437;ATLAS;ATLAS(o);ATLAS
59876.447836;21.485;0.928;ATLAS;ATLAS(o);ATLAS
59876.476571;20.981;0.767;ATLAS;ATLAS(c);ATLAS
59876.911765;20.107;0.629;ATLAS;ATLAS(o);ATLAS
59876.954956;20.223;0.512;ATLAS;ATLAS(o);ATLAS
59877.3337384;20.3080978;0.147014022;ZTF;ZTF(zi);ZTF
59877.3516898;21.0470963;0.222175837;ZTF;ZTF(zr);ZTF
59878.471412;20.297;0.486;ATLAS;ATLAS(o);ATLAS
59878.4747;20.634;0.651;ATLAS;ATLAS(o);ATLAS
59878.499774;20.979;0.956;ATLAS;ATLAS(o);ATLAS
59880.3042014;20.2384205;0.142764211;ZTF;ZTF(zi);ZTF
59880.883015;20.837;0.884;ATLAS;ATLAS(o);ATLAS
59881.306713;20.8768826;0.211630344;ZTF;ZTF(zr);ZTF
59882.41896;20.663;0.484;ATLAS;ATLAS(o);ATLAS
59882.424095;21.102;0.692;ATLAS;ATLAS(o);ATLAS
59882.426909;20.675;0.462;ATLAS;ATLAS(o);ATLAS
59882.438475;21.334;0.939;ATLAS;ATLAS(o);ATLAS
59883.2875347;20.7156219;0.170021057;ZTF;ZTF(zi);ZTF
59884.428514;20.645;0.538;ATLAS;ATLAS(c);ATLAS
59885.419912;20.276;0.496;ATLAS;ATLAS(o);ATLAS
59885.448782;20.86;0.931;ATLAS;ATLAS(o);ATLAS
59885.45956;20.675;0.653;ATLAS;ATLAS(o);ATLAS
59886.322529;20.63;0.753;ATLAS;ATLAS(o);ATLAS
59886.329924;19.943;0.435;ATLAS;ATLAS(o);ATLAS
59886.359132;20.382;0.548;ATLAS;ATLAS(o);ATLAS
59886.43455;20.727;0.864;ATLAS;ATLAS(o);ATLAS
59886.463177;20.771;0.863;ATLAS;ATLAS(o);ATLAS
59886.491944;19.878;0.351;ATLAS;ATLAS(o);ATLAS
59887.135283;20.016;0.708;ATLAS;ATLAS(o);ATLAS
59887.14431;19.697;0.452;ATLAS;ATLAS(o);ATLAS
59893.439299;20.147;0.913;ATLAS;ATLAS(o);ATLAS
59893.457013;19.635;0.554;ATLAS;ATLAS(o);ATLAS
59894.386782;20.489;0.803;ATLAS;ATLAS(o);ATLAS
59894.39833;20.375;0.657;ATLAS;ATLAS(o);ATLAS
59894.401562;20.531;0.743;ATLAS;ATLAS(o);ATLAS
59895.395342;20.368;0.555;ATLAS;ATLAS(o);ATLAS
59895.435761;20.521;0.691;ATLAS;ATLAS(o);ATLAS
59896.2881597;20.3768654;0.17247206;ZTF;ZTF(zr);ZTF
59896.433545;20.374;0.607;ATLAS;ATLAS(o);ATLAS
59896.457624;20.52;0.737;ATLAS;ATLAS(o);ATLAS
59896.484437;20.359;0.577;ATLAS;ATLAS(o);ATLAS
59896.487674;20.511;0.561;ATLAS;ATLAS(o);ATLAS
59896.519493;19.731;0.459;ATLAS;ATLAS(o);ATLAS
59896.905721;21.142;0.793;ATLAS;ATLAS(c);ATLAS
59896.908443;20.612;0.458;ATLAS;ATLAS(c);ATLAS
59896.914751;20.934;0.657;ATLAS;ATLAS(c);ATLAS
59897.303724;21.083;0.984;ATLAS;ATLAS(o);ATLAS
59897.305533;20.1;0.329;ATLAS;ATLAS(o);ATLAS
59897.30915;21.186;0.912;ATLAS;ATLAS(o);ATLAS
59897.329985;20.636;0.617;ATLAS;ATLAS(o);ATLAS
59898.4252;20.14;0.35;ATLAS;ATLAS(o);ATLAS
59898.431723;20.766;0.698;ATLAS;ATLAS(o);ATLAS
59899.131653;20.612;0.563;ATLAS;ATLAS(o);ATLAS
59899.134355;19.852;0.302;ATLAS;ATLAS(o);ATLAS
59899.400665;21.366;0.809;ATLAS;ATLAS(c);ATLAS
59899.418833;20.546;0.412;ATLAS;ATLAS(c);ATLAS
59900.449421;20.438;0.428;ATLAS;ATLAS(c);ATLAS
59900.453143;21.225;0.955;ATLAS;ATLAS(c);ATLAS
59900.900259;20.449;0.704;ATLAS;ATLAS(c);ATLAS
59900.90567;20.231;0.577;ATLAS;ATLAS(c);ATLAS
59900.915699;20.473;0.534;ATLAS;ATLAS(c);ATLAS
59901.445625;20.2;0.383;ATLAS;ATLAS(o);ATLAS
59901.460623;20.485;0.509;ATLAS;ATLAS(o);ATLAS
59902.2383218;20.1124001;0.185936257;ZTF;ZTF(zi);ZTF
59902.332177;20.343;0.369;ATLAS;ATLAS(o);ATLAS
59902.333615;20.713;0.477;ATLAS;ATLAS(c);ATLAS
59902.335794;20.02;0.317;ATLAS;ATLAS(o);ATLAS
59902.352715;20.886;0.509;ATLAS;ATLAS(c);ATLAS
59903.118092;20.213;0.525;ATLAS;ATLAS(o);ATLAS
59903.121248;20.503;0.592;ATLAS;ATLAS(o);ATLAS
59903.126661;20.427;0.677;ATLAS;ATLAS(o);ATLAS
59904.2176736;20.7922268;0.202535987;ZTF;ZTF(zr);ZTF
59906.389884;20.932;0.602;ATLAS;ATLAS(c);ATLAS
59906.423259;20.396;0.415;ATLAS;ATLAS(c);ATLAS
59907.120799;20.402;0.553;ATLAS;ATLAS(o);ATLAS
59907.140228;19.604;0.363;ATLAS;ATLAS(o);ATLAS
59907.429941;21.403;0.922;ATLAS;ATLAS(c);ATLAS
59908.350153;20.473;0.505;ATLAS;ATLAS(o);ATLAS
59908.357141;20.232;0.401;ATLAS;ATLAS(o);ATLAS
59908.396732;20.793;0.578;ATLAS;ATLAS(c);ATLAS
59908.897513;20.964;0.707;ATLAS;ATLAS(c);ATLAS
59908.934621;20.753;0.476;ATLAS;ATLAS(c);ATLAS
59908.937838;21.022;0.738;ATLAS;ATLAS(c);ATLAS
59909.2498611;21.2414932;0.237155795;ZTF;ZTF(zr);ZTF
59911.149766;20.501;0.696;ATLAS;ATLAS(o);ATLAS
59911.152928;20.9;0.828;ATLAS;ATLAS(o);ATLAS
59911.158341;19.936;0.517;ATLAS;ATLAS(o);ATLAS
59912.851281;19.779;0.428;ATLAS;ATLAS(o);ATLAS
59915.115485;19.341;0.479;ATLAS;ATLAS(o);ATLAS
59923.121909;19.819;0.586;ATLAS;ATLAS(o);ATLAS
59923.2080671;20.5788307;0.18680191;ZTF;ZTF(zr);ZTF
59927.094172;21.03;0.583;ATLAS;ATLAS(c);ATLAS
59927.103639;21.357;0.983;ATLAS;ATLAS(c);ATLAS
59928.1714931;20.846756;0.206737876;ZTF;ZTF(zr);ZTF
59933.1794792;20.9488373;0.217624426;ZTF;ZTF(zr);ZTF
59934.2481944;21.1606236;0.230924129;ZTF;ZTF(zr);ZTF
59935.066811;21.262;0.906;ATLAS;ATLAS(c);ATLAS
59939.055085;21.098;0.918;ATLAS;ATLAS(c);ATLAS
59939.058244;21.053;0.953;ATLAS;ATLAS(c);ATLAS
59940.806702;20.734;0.592;ATLAS;ATLAS(o);ATLAS
59940.809859;20.058;0.341;ATLAS;ATLAS(o);ATLAS
59940.83578;21.269;0.94;ATLAS;ATLAS(o);ATLAS
59947.73526546;16.55;0.413;NEOWISE;WISE(W1);NEOWISE
59948.19113584;14.722;0.395;NEOWISE;WISE(W2);NEOWISE
59948.19113584;16.605;0.408;NEOWISE;WISE(W1);NEOWISE
59948.85736;19.757;0.782;ATLAS;ATLAS(o);ATLAS
59951.097253;16.273;0.579;ATLAS;ATLAS(o);ATLAS
59952.843559;20.138;0.896;ATLAS;ATLAS(o);ATLAS
59955.065019;20.636;0.813;ATLAS;ATLAS(o);ATLAS
59955.068223;20.758;0.853;ATLAS;ATLAS(o);ATLAS
59955.076345;20.332;0.595;ATLAS;ATLAS(o);ATLAS
59957.297409;20.972;0.888;ATLAS;ATLAS(o);ATLAS
59957.303026;20.706;0.601;ATLAS;ATLAS(o);ATLAS
59957.334316;20.594;0.486;ATLAS;ATLAS(o);ATLAS
59959.05399;19.887;0.442;ATLAS;ATLAS(o);ATLAS
59960.254857;20.282;0.393;ATLAS;ATLAS(o);ATLAS
59960.266697;20.634;0.5;ATLAS;ATLAS(o);ATLAS
59963.051122;19.34;0.264;ATLAS;ATLAS(o);ATLAS
59963.066527;20.345;0.604;ATLAS;ATLAS(o);ATLAS
59964.298584;20.332;0.413;ATLAS;ATLAS(o);ATLAS
59965.306962;19.545;0.307;ATLAS;ATLAS(o);ATLAS
59965.312409;19.967;0.33;ATLAS;ATLAS(o);ATLAS
59965.334363;17.668;0.427;ATLAS;ATLAS(o);ATLAS
59966.228541;20.363;0.509;ATLAS;ATLAS(o);ATLAS
59966.25921;20.72;0.663;ATLAS;ATLAS(o);ATLAS
59968.240242;20.009;0.329;ATLAS;ATLAS(o);ATLAS
59968.243459;20.0;0.348;ATLAS;ATLAS(o);ATLAS
59968.249344;20.115;0.316;ATLAS;ATLAS(o);ATLAS
59980.793344;19.266;0.607;ATLAS;ATLAS(o);ATLAS
59980.802386;19.28;0.55;ATLAS;ATLAS(o);ATLAS
59983.032172;19.464;0.672;ATLAS;ATLAS(o);ATLAS
59983.055221;19.282;0.408;ATLAS;ATLAS(o);ATLAS
59991.173206;19.6982822;0.117239766;ZTF;ZTF(zr);ZTF
60123.593311;20.246;0.47;ATLAS;ATLAS(c);ATLAS
60123.614504;19.512;0.402;ATLAS;ATLAS(c);ATLAS
60126.387721;19.849;0.608;ATLAS;ATLAS(o);ATLAS
60128.128505;19.45;0.675;ATLAS;ATLAS(o);ATLAS
60128.135807;19.335;0.509;ATLAS;ATLAS(o);ATLAS
60129.391593;19.835;0.76;ATLAS;ATLAS(o);ATLAS
60129.420943;19.666;0.604;ATLAS;ATLAS(o);ATLAS
60131.158164;18.184;0.654;ATLAS;ATLAS(o);ATLAS
60132.378483;19.406;0.455;ATLAS;ATLAS(o);ATLAS
60139.598614;19.86;0.361;ATLAS;ATLAS(c);ATLAS
60139.618315;20.026;0.634;ATLAS;ATLAS(c);ATLAS
60143.193587;19.812;0.714;ATLAS;ATLAS(c);ATLAS
60146.373569;18.718;0.665;ATLAS;ATLAS(o);ATLAS
60151.47472066;15.996;0.281;NEOWISE;WISE(W1);NEOWISE
60151.60435045;16.012;0.262;NEOWISE;WISE(W1);NEOWISE
60152.05818229;15.864;0.237;NEOWISE;WISE(W1);NEOWISE
60152.18781219;15.875;0.264;NEOWISE;WISE(W1);NEOWISE
60152.44719919;16.568;0.419;NEOWISE;WISE(W1);NEOWISE
60153.34242;20.763;0.939;ATLAS;ATLAS(o);ATLAS
60153.352045;20.926;0.942;ATLAS;ATLAS(o);ATLAS
60156.320681;19.84;0.714;ATLAS;ATLAS(o);ATLAS
60156.331039;19.948;0.84;ATLAS;ATLAS(o);ATLAS
60156.346096;19.259;0.423;ATLAS;ATLAS(o);ATLAS
60158.076472;19.338;0.493;ATLAS;ATLAS(o);ATLAS
60158.099978;19.296;0.479;ATLAS;ATLAS(o);ATLAS
60161.058439;19.173;0.622;ATLAS;ATLAS(o);ATLAS
60161.068411;19.421;0.675;ATLAS;ATLAS(o);ATLAS
60167.101239;20.013;0.682;ATLAS;ATLAS(o);ATLAS
60167.103043;19.104;0.275;ATLAS;ATLAS(o);ATLAS
60167.105346;20.221;0.928;ATLAS;ATLAS(o);ATLAS
60167.12743;19.5;0.434;ATLAS;ATLAS(o);ATLAS
60167.133009;19.65;0.376;ATLAS;ATLAS(o);ATLAS
60167.151265;19.955;0.636;ATLAS;ATLAS(o);ATLAS
60168.374672;20.651;0.531;ATLAS;ATLAS(c);ATLAS
60168.37919;20.439;0.429;ATLAS;ATLAS(c);ATLAS
60169.037128;19.576;0.266;ATLAS;ATLAS(o);ATLAS
60169.062006;19.831;0.292;ATLAS;ATLAS(o);ATLAS
60169.4222917;20.8059807;0.203595877;ZTF;ZTF(zr);ZTF
60171.311569;20.422;0.44;ATLAS;ATLAS(c);ATLAS
60173.109081;20.609;0.652;ATLAS;ATLAS(o);ATLAS
60173.126061;20.886;0.7;ATLAS;ATLAS(o);ATLAS
60177.411098;20.496;0.494;ATLAS;ATLAS(c);ATLAS
60177.415247;20.609;0.456;ATLAS;ATLAS(c);ATLAS
60183.351526;19.759;0.361;ATLAS;ATLAS(o);ATLAS
60183.356567;20.7;0.877;ATLAS;ATLAS(o);ATLAS
60185.023251;19.347;0.471;ATLAS;ATLAS(o);ATLAS
60185.028228;19.881;0.685;ATLAS;ATLAS(o);ATLAS
60194.077974;19.694;0.365;ATLAS;ATLAS(o);ATLAS
60194.087152;19.619;0.308;ATLAS;ATLAS(o);ATLAS
60194.097348;20.221;0.577;ATLAS;ATLAS(o);ATLAS
60204.224235;20.324;0.57;ATLAS;ATLAS(o);ATLAS
60204.232844;20.525;0.638;ATLAS;ATLAS(o);ATLAS
60206.006638;21.321;0.986;ATLAS;ATLAS(c);ATLAS
60206.028514;21.019;0.752;ATLAS;ATLAS(c);ATLAS
60207.270692;19.345;0.385;ATLAS;ATLAS(o);ATLAS
60212.159108;19.829;0.695;ATLAS;ATLAS(o);ATLAS
60212.186537;20.021;0.667;ATLAS;ATLAS(o);ATLAS
60213.223423;19.997;0.642;ATLAS;ATLAS(o);ATLAS
60214.937258;18.937;0.353;ATLAS;ATLAS(o);ATLAS
60221.016654;19.798;0.656;ATLAS;ATLAS(o);ATLAS
60222.191395;20.319;0.372;ATLAS;ATLAS(c);ATLAS
60222.195793;20.366;0.387;ATLAS;ATLAS(c);ATLAS
60224.25883;20.259;0.589;ATLAS;ATLAS(o);ATLAS
60224.294205;20.66;0.847;ATLAS;ATLAS(o);ATLAS
60224.3796296;20.4975853;0.179992482;ZTF;ZTF(zr);ZTF
60225.205185;20.423;0.518;ATLAS;ATLAS(o);ATLAS
60225.245042;20.293;0.529;ATLAS;ATLAS(o);ATLAS
60228.20792;20.542;0.616;ATLAS;ATLAS(o);ATLAS
60231.190181;20.324;0.368;ATLAS;ATLAS(o);ATLAS
60231.207179;20.011;0.362;ATLAS;ATLAS(o);ATLAS
60231.209929;20.371;0.524;ATLAS;ATLAS(o);ATLAS
60232.992547;20.374;0.588;ATLAS;ATLAS(o);ATLAS
60233.024083;20.669;0.744;ATLAS;ATLAS(o);ATLAS
60235.962234;20.336;0.748;ATLAS;ATLAS(o);ATLAS
60240.236308;19.953;0.473;ATLAS;ATLAS(o);ATLAS
60240.275258;20.129;0.52;ATLAS;ATLAS(o);ATLAS
60240.303484;19.807;0.369;ATLAS;ATLAS(o);ATLAS
60242.159968;19.831;0.5;ATLAS;ATLAS(o);ATLAS
60242.161789;20.07;0.58;ATLAS;ATLAS(o);ATLAS
60243.118109;19.548;0.674;ATLAS;ATLAS(o);ATLAS
60243.123146;19.662;0.701;ATLAS;ATLAS(o);ATLAS
60248.203646;18.527;0.671;ATLAS;ATLAS(o);ATLAS
60252.17494;20.951;0.6;ATLAS;ATLAS(c);ATLAS
60254.187924;19.573;0.232;ATLAS;ATLAS(o);ATLAS
60254.191119;20.167;0.425;ATLAS;ATLAS(o);ATLAS
60254.198164;20.274;0.476;ATLAS;ATLAS(o);ATLAS
60257.038449;20.505;0.553;ATLAS;ATLAS(c);ATLAS
60258.2551968;20.5415306;0.183217645;ZTF;ZTF(zr);ZTF
60259.892162;20.717;0.558;ATLAS;ATLAS(c);ATLAS
60259.895392;20.706;0.603;ATLAS;ATLAS(c);ATLAS
60261.106475;20.593;0.634;ATLAS;ATLAS(o);ATLAS
60261.137096;20.552;0.571;ATLAS;ATLAS(o);ATLAS
60264.14085;19.248;0.319;ATLAS;ATLAS(o);ATLAS
60264.160987;19.614;0.33;ATLAS;ATLAS(o);ATLAS
60265.873369;21.212;0.973;ATLAS;ATLAS(c);ATLAS
60265.876569;20.911;0.758;ATLAS;ATLAS(c);ATLAS
60265.882063;18.04;0.063;ATLAS;ATLAS(c);ATLAS
60266.149616;20.502;0.743;ATLAS;ATLAS(o);ATLAS
60266.152802;20.053;0.605;ATLAS;ATLAS(o);ATLAS
60270.139372;20.155;0.635;ATLAS;ATLAS(o);ATLAS
60270.175443;20.007;0.549;ATLAS;ATLAS(o);ATLAS
60277.883725;20.339;0.84;ATLAS;ATLAS(o);ATLAS
60277.89373;19.241;0.275;ATLAS;ATLAS(o);ATLAS
60280.838325;20.79;0.783;ATLAS;ATLAS(o);ATLAS
60280.848339;20.355;0.534;ATLAS;ATLAS(o);ATLAS
60280.858478;20.739;0.757;ATLAS;ATLAS(o);ATLAS
60285.355368;19.83;0.267;ATLAS;ATLAS(c);ATLAS
60286.821787;20.55;0.661;ATLAS;ATLAS(o);ATLAS
60286.827883;20.181;0.432;ATLAS;ATLAS(o);ATLAS
60286.838432;20.47;0.648;ATLAS;ATLAS(o);ATLAS
60288.35875;19.939;0.533;ATLAS;ATLAS(c);ATLAS
60290.352963;20.635;0.621;ATLAS;ATLAS(o);ATLAS
60290.373385;20.624;0.527;ATLAS;ATLAS(o);ATLAS
60292.83801;20.695;0.986;ATLAS;ATLAS(o);ATLAS
60292.851204;20.224;0.557;ATLAS;ATLAS(o);ATLAS
60294.343067;20.007;0.411;ATLAS;ATLAS(o);ATLAS
60295.102705;21.065;0.944;ATLAS;ATLAS(o);ATLAS
60295.127626;20.429;0.614;ATLAS;ATLAS(o);ATLAS
60296.828022;19.721;0.402;ATLAS;ATLAS(o);ATLAS
60296.837586;20.366;0.739;ATLAS;ATLAS(o);ATLAS
60303.118519;19.935;0.926;ATLAS;ATLAS(o);ATLAS
60303.138544;19.93;0.793;ATLAS;ATLAS(o);ATLAS
60304.327337;19.634;0.506;ATLAS;ATLAS(o);ATLAS
60304.33609;19.595;0.421;ATLAS;ATLAS(o);ATLAS
60306.333462;19.921;0.546;ATLAS;ATLAS(o);ATLAS
60307.141107;19.92;0.826;ATLAS;ATLAS(o);ATLAS
60307.161686;18.908;0.87;ATLAS;ATLAS(o);ATLAS
60308.331112;19.861;0.402;ATLAS;ATLAS(o);ATLAS
60310.314904;20.291;0.484;ATLAS;ATLAS(o);ATLAS
60310.324214;20.363;0.517;ATLAS;ATLAS(o);ATLAS
60310.335401;20.495;0.58;ATLAS;ATLAS(o);ATLAS
60311.056957;20.467;0.503;ATLAS;ATLAS(o);ATLAS
60311.060113;20.356;0.553;ATLAS;ATLAS(o);ATLAS
60311.065586;19.333;0.256;ATLAS;ATLAS(o);ATLAS
60311.69920579;16.409;0.417;NEOWISE;WISE(W1);NEOWISE
60311.95732002;14.678;0.292;NEOWISE;WISE(W2);NEOWISE
60311.95732002;16.719;0.499;NEOWISE;WISE(W1);NEOWISE
60312.0218805;15.529;0.194;NEOWISE;WISE(W1);NEOWISE
60312.27999469;13.235;0.175;NEOWISE;WISE(W2);NEOWISE
60312.308404;20.611;0.781;ATLAS;ATLAS(o);ATLAS
60312.311252;19.849;0.304;ATLAS;ATLAS(o);ATLAS
60312.31724;20.757;0.816;ATLAS;ATLAS(o);ATLAS
60312.327311;20.933;0.862;ATLAS;ATLAS(o);ATLAS
60312.53810898;16.368;0.325;NEOWISE;WISE(W1);NEOWISE
60312.855711;20.206;0.79;ATLAS;ATLAS(c);ATLAS
60314.328257;20.353;0.534;ATLAS;ATLAS(o);ATLAS
60314.337992;21.133;0.906;ATLAS;ATLAS(o);ATLAS
60314.375249;20.91;0.871;ATLAS;ATLAS(o);ATLAS
60316.264036;20.664;0.73;ATLAS;ATLAS(o);ATLAS
60316.285807;19.941;0.313;ATLAS;ATLAS(o);ATLAS
60319.038782;20.356;0.983;ATLAS;ATLAS(o);ATLAS
60320.803697;20.746;0.651;ATLAS;ATLAS(c);ATLAS
60320.810094;20.331;0.432;ATLAS;ATLAS(c);ATLAS
60322.285423;20.345;0.506;ATLAS;ATLAS(o);ATLAS
60322.295357;20.894;0.784;ATLAS;ATLAS(o);ATLAS
60323.057532;20.796;0.976;ATLAS;ATLAS(o);ATLAS
60324.336975;20.074;0.551;ATLAS;ATLAS(o);ATLAS
60325.248044;20.3284168;0.16901505;ZTF;ZTF(zr);ZTF
60325.316338;20.765;0.878;ATLAS;ATLAS(o);ATLAS
60326.257594;20.336;0.707;ATLAS;ATLAS(o);ATLAS
60326.260965;20.017;0.574;ATLAS;ATLAS(o);ATLAS
60326.28002;19.709;0.48;ATLAS;ATLAS(o);ATLAS
60330.307292;19.848;0.615;ATLAS;ATLAS(o);ATLAS
60330.337051;20.019;0.703;ATLAS;ATLAS(o);ATLAS
60331.034523;18.805;0.472;ATLAS;ATLAS(o);ATLAS
60332.276118;19.925;0.599;ATLAS;ATLAS(o);ATLAS
60332.279281;19.528;0.345;ATLAS;ATLAS(o);ATLAS
60332.289401;19.615;0.566;ATLAS;ATLAS(o);ATLAS
60332.811086;19.821;0.739;ATLAS;ATLAS(o);ATLAS
60334.297132;19.654;0.685;ATLAS;ATLAS(o);ATLAS
60334.314386;19.663;0.687;ATLAS;ATLAS(o);ATLAS
60335.076351;19.598;0.861;ATLAS;ATLAS(o);ATLAS
60336.293239;19.965;0.603;ATLAS;ATLAS(o);ATLAS
60336.310827;19.726;0.522;ATLAS;ATLAS(o);ATLAS
60339.053729;19.932;0.522;ATLAS;ATLAS(o);ATLAS
60340.268508;20.658;0.655;ATLAS;ATLAS(c);ATLAS
60342.229166;20.405;0.566;ATLAS;ATLAS(o);ATLAS
60343.028394;19.287;0.761;ATLAS;ATLAS(o);ATLAS
60343.036998;19.276;0.407;ATLAS;ATLAS(o);ATLAS
60343.047495;19.698;0.546;ATLAS;ATLAS(o);ATLAS
60348.258809;20.048;0.385;ATLAS;ATLAS(c);ATLAS
60356.228438;19.653;0.81;ATLAS;ATLAS(o);ATLAS
60361.269184;19.774;0.536;ATLAS;ATLAS(o);ATLAS
60362.250485;19.243;0.412;ATLAS;ATLAS(o);ATLAS
60364.251376;19.086;0.489;ATLAS;ATLAS(o);ATLAS
60364.261287;19.463;0.609;ATLAS;ATLAS(o);ATLAS
60368.250174;20.314;0.713;ATLAS;ATLAS(o);ATLAS
60368.269793;19.492;0.483;ATLAS;ATLAS(o);ATLAS
60372.255055;19.151;0.97;ATLAS;ATLAS(o);ATLAS
60372.257846;19.496;0.8;ATLAS;ATLAS(o);ATLAS
60485.16087;19.486;0.734;ATLAS;ATLAS(o);ATLAS
60485.6122;18.582;0.566;ATLAS;ATLAS(o);ATLAS
60493.157166;20.561;0.765;ATLAS;ATLAS(o);ATLAS
60493.180739;20.18;0.564;ATLAS;ATLAS(o);ATLAS
60495.388195;19.75;0.701;ATLAS;ATLAS(o);ATLAS
60499.353011;20.676;0.729;ATLAS;ATLAS(o);ATLAS
60499.368794;20.577;0.713;ATLAS;ATLAS(o);ATLAS
60499.386085;20.419;0.559;ATLAS;ATLAS(o);ATLAS
60500.597673;19.867;0.366;ATLAS;ATLAS(o);ATLAS
60500.619555;19.832;0.663;ATLAS;ATLAS(o);ATLAS
60503.374453;20.558;0.802;ATLAS;ATLAS(o);ATLAS
60503.377613;20.561;0.879;ATLAS;ATLAS(o);ATLAS
60503.396895;20.264;0.541;ATLAS;ATLAS(o);ATLAS
60507.362448;20.622;0.745;ATLAS;ATLAS(o);ATLAS
60507.365602;20.948;0.885;ATLAS;ATLAS(o);ATLAS
60508.575172;20.597;0.685;ATLAS;ATLAS(o);ATLAS
60508.578335;20.564;0.769;ATLAS;ATLAS(o);ATLAS
60508.584966;19.756;0.347;ATLAS;ATLAS(o);ATLAS
60508.603404;20.212;0.484;ATLAS;ATLAS(o);ATLAS
60513.100492;19.244;0.449;ATLAS;ATLAS(o);ATLAS
60513.10917;19.985;0.969;ATLAS;ATLAS(o);ATLAS
60513.115533;18.997;0.436;ATLAS;ATLAS(o);ATLAS
60514.572447;20.341;0.965;ATLAS;ATLAS(o);ATLAS
60517.095539;19.437;0.645;ATLAS;ATLAS(o);ATLAS
60517.099191;19.559;0.893;ATLAS;ATLAS(o);ATLAS
60517.113792;18.851;0.528;ATLAS;ATLAS(o);ATLAS
60520.566654;20.753;0.975;ATLAS;ATLAS(o);ATLAS
60520.569817;21.106;0.924;ATLAS;ATLAS(o);ATLAS
60525.124755;20.142;0.597;ATLAS;ATLAS(o);ATLAS
60528.570235;20.587;0.629;ATLAS;ATLAS(o);ATLAS
60528.578923;19.786;0.285;ATLAS;ATLAS(o);ATLAS
60528.596317;21.209;0.854;ATLAS;ATLAS(o);ATLAS
60529.110612;19.627;0.329;ATLAS;ATLAS(o);ATLAS
60529.114241;19.581;0.307;ATLAS;ATLAS(o);ATLAS
60532.565341;20.687;0.483;ATLAS;ATLAS(c);ATLAS
60534.465837;20.402;0.727;ATLAS;ATLAS(o);ATLAS
60534.479228;20.411;0.605;ATLAS;ATLAS(o);ATLAS
60537.104777;20.413;0.453;ATLAS;ATLAS(o);ATLAS
60537.107933;20.447;0.526;ATLAS;ATLAS(o);ATLAS
60537.156065;19.851;0.309;ATLAS;ATLAS(o);ATLAS
60538.524389;19.656;0.311;ATLAS;ATLAS(o);ATLAS
60540.528223;20.472;0.98;ATLAS;ATLAS(o);ATLAS
60541.029678;19.995;0.859;ATLAS;ATLAS(o);ATLAS
60541.043962;19.447;0.51;ATLAS;ATLAS(o);ATLAS
60548.288733;19.606;0.396;ATLAS;ATLAS(o);ATLAS
60551.539683;19.77;0.416;ATLAS;ATLAS(o);ATLAS
60553.53863;19.786;0.303;ATLAS;ATLAS(o);ATLAS
60553.566585;20.304;0.458;ATLAS;ATLAS(o);ATLAS
60553.573777;20.603;0.552;ATLAS;ATLAS(o);ATLAS
60553.586303;21.052;0.826;ATLAS;ATLAS(o);ATLAS
60555.230978;20.315;0.548;ATLAS;ATLAS(o);ATLAS
60555.258243;19.813;0.331;ATLAS;ATLAS(o);ATLAS
60556.528597;20.095;0.406;ATLAS;ATLAS(o);ATLAS
60556.533891;20.21;0.437;ATLAS;ATLAS(o);ATLAS
60557.139487;20.382;0.646;ATLAS;ATLAS(c);ATLAS
60557.143927;19.958;0.504;ATLAS;ATLAS(c);ATLAS
60557.151765;20.693;0.919;ATLAS;ATLAS(c);ATLAS
60558.482868;20.415;0.404;ATLAS;ATLAS(o);ATLAS
60558.484714;21.058;0.759;ATLAS;ATLAS(o);ATLAS
60558.487561;20.916;0.681;ATLAS;ATLAS(o);ATLAS
60558.509984;21.052;0.821;ATLAS;ATLAS(o);ATLAS
60559.225117;20.266;0.489;ATLAS;ATLAS(o);ATLAS
60559.249958;20.527;0.764;ATLAS;ATLAS(o);ATLAS
60559.252697;20.319;0.556;ATLAS;ATLAS(o);ATLAS
60560.45253;19.815;0.324;ATLAS;ATLAS(o);ATLAS
60560.457956;19.774;0.256;ATLAS;ATLAS(o);ATLAS
60560.463383;20.431;0.524;ATLAS;ATLAS(o);ATLAS
60561.078684;20.406;0.408;ATLAS;ATLAS(c);ATLAS
60561.123022;21.146;0.899;ATLAS;ATLAS(c);ATLAS
60562.453357;20.949;0.808;ATLAS;ATLAS(o);ATLAS
60562.478733;20.835;0.701;ATLAS;ATLAS(o);ATLAS
60562.507397;20.821;0.556;ATLAS;ATLAS(o);ATLAS
60562.510766;20.908;0.617;ATLAS;ATLAS(o);ATLAS
60564.468193;19.609;0.235;ATLAS;ATLAS(o);ATLAS
60564.478586;21.087;0.934;ATLAS;ATLAS(o);ATLAS
60567.256928;20.393;0.709;ATLAS;ATLAS(o);ATLAS
60567.258751;20.26;0.824;ATLAS;ATLAS(o);ATLAS
60568.491632;20.578;0.805;ATLAS;ATLAS(o);ATLAS
60568.498565;19.887;0.37;ATLAS;ATLAS(o);ATLAS
60575.37552;19.574;0.666;ATLAS;ATLAS(o);ATLAS
60575.393648;17.95;0.835;ATLAS;ATLAS(o);ATLAS
60580.40612;20.799;0.583;ATLAS;ATLAS(c);ATLAS
60581.081805;16.625;0.463;ATLAS;ATLAS(o);ATLAS
60582.570547;20.52;0.436;ATLAS;ATLAS(o);ATLAS
60582.573817;20.486;0.485;ATLAS;ATLAS(o);ATLAS
60582.608918;20.772;0.783;ATLAS;ATLAS(o);ATLAS
60582.631866;20.18;0.549;ATLAS;ATLAS(o);ATLAS
60583.309586;20.553;0.5;ATLAS;ATLAS(c);ATLAS
60584.392427;20.842;0.847;ATLAS;ATLAS(c);ATLAS
60584.394236;19.689;0.275;ATLAS;ATLAS(c);ATLAS
60584.396989;20.982;0.97;ATLAS;ATLAS(c);ATLAS
60584.991355;20.329;0.667;ATLAS;ATLAS(o);ATLAS
60586.444604;21.207;0.912;ATLAS;ATLAS(o);ATLAS
60586.449688;20.842;0.651;ATLAS;ATLAS(o);ATLAS
60587.280034;21.03;0.838;ATLAS;ATLAS(c);ATLAS
60588.442073;20.74;0.722;ATLAS;ATLAS(c);ATLAS
60588.470688;20.505;0.507;ATLAS;ATLAS(c);ATLAS
60588.957582;19.915;0.671;ATLAS;ATLAS(o);ATLAS
60588.984027;19.632;0.403;ATLAS;ATLAS(o);ATLAS
60592.468605;20.803;0.655;ATLAS;ATLAS(c);ATLAS
60592.902582;20.406;0.888;ATLAS;ATLAS(o);ATLAS
60592.908072;20.296;0.807;ATLAS;ATLAS(o);ATLAS
60596.349975;19.684;0.422;ATLAS;ATLAS(o);ATLAS
60596.352247;19.283;0.293;ATLAS;ATLAS(o);ATLAS
60596.355452;20.379;0.851;ATLAS;ATLAS(o);ATLAS
60596.360897;19.741;0.466;ATLAS;ATLAS(o);ATLAS
60598.387537;20.427;0.828;ATLAS;ATLAS(o);ATLAS
