MJD;Magnitude;Error;Facility;Filter;Observer
53556.51391;17.49;0.21;CRTS;CRTS(CL);CRTS
53556.52028;18.25;0.31;CRTS;CRTS(CL);CRTS
53556.52664;18.35;0.33;CRTS;CRTS(CL);CRTS
53556.533;17.89;0.26;CRTS;CRTS(CL);CRTS
53576.50748;17.85;0.22;CRTS;CRTS(CL);CRTS
53576.51403;18.31;0.29;CRTS;CRTS(CL);CRTS
53588.43368;17.98;0.2;CRTS;CRTS(CL);CRTS
53588.44188;18.3;0.23;CRTS;CRTS(CL);CRTS
53588.44991;18.11;0.21;CRTS;CRTS(CL);CRTS
53588.45786;18.11;0.21;CRTS;CRTS(CL);CRTS
53605.40855;18.04;0.24;CRTS;CRTS(CL);CRTS
53605.41532;18.41;0.3;CRTS;CRTS(CL);CRTS
53605.42199;18.01;0.24;CRTS;CRTS(CL);CRTS
53605.42865;18.39;0.3;CRTS;CRTS(CL);CRTS
53613.42529;18.58;0.46;CRTS;CRTS(CL);CRTS
53613.43386;18.1;0.35;CRTS;CRTS(CL);CRTS
53613.44247;17.98;0.33;CRTS;CRTS(CL);CRTS
53613.45104;18.79;0.58;CRTS;CRTS(CL);CRTS
53772.70066;18.19;0.31;CRTS;CRTS(CL);CRTS
53772.70935;18.16;0.3;CRTS;CRTS(CL);CRTS
53772.71803;18.14;0.3;CRTS;CRTS(CL);CRTS
53772.72644;18.12;0.29;CRTS;CRTS(CL);CRTS
53804.68366;18.0;0.24;CRTS;CRTS(CL);CRTS
53804.68968;18.02;0.24;CRTS;CRTS(CL);CRTS
53804.69618;18.44;0.3;CRTS;CRTS(CL);CRTS
53804.70241;18.07;0.25;CRTS;CRTS(CL);CRTS
53820.65649;18.09;0.24;CRTS;CRTS(CL);CRTS
53820.66773;18.03;0.23;CRTS;CRTS(CL);CRTS
53820.67899;17.74;0.34;CRTS;CRTS(CL);CRTS
53820.68977;18.63;0.81;CRTS;CRTS(CL);CRTS
53831.59628;17.85;0.22;CRTS;CRTS(CL);CRTS
53831.60409;18.16;0.25;CRTS;CRTS(CL);CRTS
53831.61209;18.38;0.28;CRTS;CRTS(CL);CRTS
53831.62012;17.81;0.21;CRTS;CRTS(CL);CRTS
53854.69502;18.3;0.28;CRTS;CRTS(CL);CRTS
53854.70233;18.05;0.24;CRTS;CRTS(CL);CRTS
53854.70961;18.21;0.27;CRTS;CRTS(CL);CRTS
53854.71689;18.15;0.26;CRTS;CRTS(CL);CRTS
53863.55931;18.27;0.27;CRTS;CRTS(CL);CRTS
53863.57122;18.39;0.29;CRTS;CRTS(CL);CRTS
53863.58283;18.33;0.28;CRTS;CRTS(CL);CRTS
53863.59446;17.99;0.23;CRTS;CRTS(CL);CRTS
53872.59726;18.22;0.27;CRTS;CRTS(CL);CRTS
53872.60694;18.32;0.28;CRTS;CRTS(CL);CRTS
53872.61663;17.9;0.23;CRTS;CRTS(CL);CRTS
53872.62629;18.4;0.29;CRTS;CRTS(CL);CRTS
53877.58309;17.98;0.19;CRTS;CRTS(CL);CRTS
53877.59396;18.3;0.22;CRTS;CRTS(CL);CRTS
53877.60491;18.04;0.19;CRTS;CRTS(CL);CRTS
53877.61585;18.26;0.22;CRTS;CRTS(CL);CRTS
53900.51484;17.92;0.24;CRTS;CRTS(CL);CRTS
53900.52525;17.94;0.25;CRTS;CRTS(CL);CRTS
53900.55561;18.14;0.28;CRTS;CRTS(CL);CRTS
53900.5662;18.2;0.28;CRTS;CRTS(CL);CRTS
53913.49613;18.31;0.3;CRTS;CRTS(CL);CRTS
53913.50467;17.97;0.25;CRTS;CRTS(CL);CRTS
53913.51325;17.83;0.23;CRTS;CRTS(CL);CRTS
53913.5218;18.13;0.28;CRTS;CRTS(CL);CRTS
53919.42765;18.51;0.34;CRTS;CRTS(CL);CRTS
53919.43619;17.92;0.25;CRTS;CRTS(CL);CRTS
53919.4447;18.07;0.27;CRTS;CRTS(CL);CRTS
53919.45323;18.33;0.32;CRTS;CRTS(CL);CRTS
53928.426;17.54;0.21;CRTS;CRTS(CL);CRTS
53928.43448;18.27;0.3;CRTS;CRTS(CL);CRTS
53928.44301;18.14;0.28;CRTS;CRTS(CL);CRTS
53946.39251;18.06;0.18;CRTS;CRTS(CL);CRTS
53946.4037;18.14;0.19;CRTS;CRTS(CL);CRTS
53946.41486;18.02;0.18;CRTS;CRTS(CL);CRTS
53946.42604;18.08;0.19;CRTS;CRTS(CL);CRTS
53962.44341;17.97;0.21;CRTS;CRTS(CL);CRTS
53962.45214;18.13;0.23;CRTS;CRTS(CL);CRTS
53962.46089;18.09;0.22;CRTS;CRTS(CL);CRTS
53962.46965;18.16;0.23;CRTS;CRTS(CL);CRTS
54000.3811;18.51;0.37;CRTS;CRTS(CL);CRTS
54000.38496;18.04;0.29;CRTS;CRTS(CL);CRTS
54000.38884;18.27;0.33;CRTS;CRTS(CL);CRTS
54000.39271;18.54;0.38;CRTS;CRTS(CL);CRTS
54119.73002;18.15;0.31;CRTS;CRTS(CL);CRTS
54119.73864;18.23;0.32;CRTS;CRTS(CL);CRTS
54119.74732;18.02;0.28;CRTS;CRTS(CL);CRTS
54119.75607;18.19;0.31;CRTS;CRTS(CL);CRTS
54155.74453;17.98;0.28;CRTS;CRTS(CL);CRTS
54155.7535;17.93;0.27;CRTS;CRTS(CL);CRTS
54155.76161;17.88;0.27;CRTS;CRTS(CL);CRTS
54155.76964;18.16;0.31;CRTS;CRTS(CL);CRTS
54174.63431;18.1;0.23;CRTS;CRTS(CL);CRTS
54174.64715;18.01;0.22;CRTS;CRTS(CL);CRTS
54174.6603;18.13;0.24;CRTS;CRTS(CL);CRTS
54174.67369;18.11;0.23;CRTS;CRTS(CL);CRTS
54187.68977;18.0;0.28;CRTS;CRTS(CL);CRTS
54187.70112;17.89;0.27;CRTS;CRTS(CL);CRTS
54206.6472;17.89;0.26;CRTS;CRTS(CL);CRTS
54206.65718;18.18;0.31;CRTS;CRTS(CL);CRTS
54206.6673;18.15;0.3;CRTS;CRTS(CL);CRTS
54206.67748;18.52;0.37;CRTS;CRTS(CL);CRTS
54231.61126;18.02;0.29;CRTS;CRTS(CL);CRTS
54231.62323;17.28;0.2;CRTS;CRTS(CL);CRTS
54231.63527;17.89;0.27;CRTS;CRTS(CL);CRTS
54231.64727;18.06;0.29;CRTS;CRTS(CL);CRTS
54236.57242;18.07;0.3;CRTS;CRTS(CL);CRTS
54236.58097;17.28;0.2;CRTS;CRTS(CL);CRTS
54236.58953;18.21;0.33;CRTS;CRTS(CL);CRTS
54236.59806;18.39;0.36;CRTS;CRTS(CL);CRTS
54256.6395;18.61;0.33;CRTS;CRTS(CL);CRTS
54256.65307;18.85;0.38;CRTS;CRTS(CL);CRTS
54256.66669;18.04;0.25;CRTS;CRTS(CL);CRTS
54262.49961;18.01;0.17;CRTS;CRTS(CL);CRTS
54262.51031;18.17;0.17;CRTS;CRTS(CL);CRTS
54262.52099;18.06;0.17;CRTS;CRTS(CL);CRTS
54262.53176;18.1;0.17;CRTS;CRTS(CL);CRTS
54262.54246;18.03;0.17;CRTS;CRTS(CL);CRTS
54265.50393;17.99;0.14;CRTS;CRTS(CL);CRTS
54265.51464;18.04;0.15;CRTS;CRTS(CL);CRTS
54265.52534;18.1;0.15;CRTS;CRTS(CL);CRTS
54265.53605;18.04;0.15;CRTS;CRTS(CL);CRTS
54298.49702;18.03;0.21;CRTS;CRTS(CL);CRTS
54301.42762;18.07;0.19;CRTS;CRTS(CL);CRTS
54301.4356;17.55;0.15;CRTS;CRTS(CL);CRTS
54301.44356;17.83;0.17;CRTS;CRTS(CL);CRTS
54301.4515;17.92;0.17;CRTS;CRTS(CL);CRTS
54324.4249;18.11;0.19;CRTS;CRTS(CL);CRTS
54324.43822;18.44;0.22;CRTS;CRTS(CL);CRTS
54324.45164;18.16;0.19;CRTS;CRTS(CL);CRTS
54324.46485;18.16;0.2;CRTS;CRTS(CL);CRTS
54344.39564;18.3;0.25;CRTS;CRTS(CL);CRTS
54344.40546;17.99;0.21;CRTS;CRTS(CL);CRTS
54344.41527;18.34;0.26;CRTS;CRTS(CL);CRTS
54344.42508;18.38;0.26;CRTS;CRTS(CL);CRTS
54491.68551;18.29;0.27;CRTS;CRTS(CL);CRTS
54491.69621;17.72;0.2;CRTS;CRTS(CL);CRTS
54491.70697;18.27;0.26;CRTS;CRTS(CL);CRTS
54491.71768;17.96;0.22;CRTS;CRTS(CL);CRTS
54535.69133;18.28;0.31;CRTS;CRTS(CL);CRTS
54535.7054;17.81;0.24;CRTS;CRTS(CL);CRTS
54535.7161;18.2;0.3;CRTS;CRTS(CL);CRTS
54535.72605;18.14;0.29;CRTS;CRTS(CL);CRTS
54596.59235;18.15;0.19;CRTS;CRTS(CL);CRTS
54596.60452;18.17;0.19;CRTS;CRTS(CL);CRTS
54596.61682;17.94;0.17;CRTS;CRTS(CL);CRTS
54596.62909;18.09;0.19;CRTS;CRTS(CL);CRTS
54614.6471;18.06;0.17;CRTS;CRTS(CL);CRTS
54614.65901;17.03;0.11;CRTS;CRTS(CL);CRTS
54614.67093;18.0;0.16;CRTS;CRTS(CL);CRTS
54614.68286;17.64;0.14;CRTS;CRTS(CL);CRTS
54643.50272;17.97;0.19;CRTS;CRTS(CL);CRTS
54643.5136;18.1;0.19;CRTS;CRTS(CL);CRTS
54643.52464;18.0;0.18;CRTS;CRTS(CL);CRTS
54643.53559;18.09;0.19;CRTS;CRTS(CL);CRTS
54650.4609;18.02;0.16;CRTS;CRTS(CL);CRTS
54650.46889;18.04;0.16;CRTS;CRTS(CL);CRTS
54650.47703;18.01;0.16;CRTS;CRTS(CL);CRTS
54650.48504;18.12;0.17;CRTS;CRTS(CL);CRTS
54681.44258;18.07;0.19;CRTS;CRTS(CL);CRTS
54681.45048;17.98;0.18;CRTS;CRTS(CL);CRTS
54681.45837;17.87;0.17;CRTS;CRTS(CL);CRTS
54681.46628;18.03;0.19;CRTS;CRTS(CL);CRTS
54681.47417;18.07;0.19;CRTS;CRTS(CL);CRTS
54860.71324;18.42;0.29;CRTS;CRTS(CL);CRTS
54860.72251;18.21;0.26;CRTS;CRTS(CL);CRTS
54860.73184;18.18;0.25;CRTS;CRTS(CL);CRTS
54860.74119;18.02;0.23;CRTS;CRTS(CL);CRTS
54892.68183;18.08;0.25;CRTS;CRTS(CL);CRTS
54892.6887;18.04;0.32;CRTS;CRTS(CL);CRTS
54892.69574;17.93;0.23;CRTS;CRTS(CL);CRTS
54892.70286;18.12;0.25;CRTS;CRTS(CL);CRTS
54906.78289;19.05;0.42;CRTS;CRTS(CL);CRTS
54906.78973;17.92;0.23;CRTS;CRTS(CL);CRTS
54906.79664;18.14;0.26;CRTS;CRTS(CL);CRTS
54906.80343;16.09;0.1;CRTS;CRTS(CL);CRTS
54919.73594;18.2;0.26;CRTS;CRTS(CL);CRTS
54919.74465;18.19;0.26;CRTS;CRTS(CL);CRTS
54919.75318;18.14;0.25;CRTS;CRTS(CL);CRTS
54919.76163;18.15;0.25;CRTS;CRTS(CL);CRTS
54928.5592;18.09;0.18;CRTS;CRTS(CL);CRTS
54928.56713;18.87;0.26;CRTS;CRTS(CL);CRTS
54928.57508;17.99;0.17;CRTS;CRTS(CL);CRTS
54928.58301;18.43;0.21;CRTS;CRTS(CL);CRTS
54937.65056;18.27;0.27;CRTS;CRTS(CL);CRTS
54937.66076;18.02;0.24;CRTS;CRTS(CL);CRTS
54937.70511;17.7;0.21;CRTS;CRTS(CL);CRTS
54937.71533;18.11;0.25;CRTS;CRTS(CL);CRTS
54937.72553;18.08;0.25;CRTS;CRTS(CL);CRTS
54937.73578;18.25;0.27;CRTS;CRTS(CL);CRTS
54947.61482;18.01;0.24;CRTS;CRTS(CL);CRTS
54947.62333;18.21;0.26;CRTS;CRTS(CL);CRTS
54947.63179;17.88;0.22;CRTS;CRTS(CL);CRTS
54947.64022;18.16;0.25;CRTS;CRTS(CL);CRTS
54955.59773;18.29;0.22;CRTS;CRTS(CL);CRTS
54955.60849;17.94;0.19;CRTS;CRTS(CL);CRTS
54955.61929;18.47;0.24;CRTS;CRTS(CL);CRTS
54955.63004;18.2;0.21;CRTS;CRTS(CL);CRTS
54964.61248;17.89;0.23;CRTS;CRTS(CL);CRTS
54964.62009;18.64;0.35;CRTS;CRTS(CL);CRTS
54964.6277;18.92;0.41;CRTS;CRTS(CL);CRTS
54964.63535;18.09;0.26;CRTS;CRTS(CL);CRTS
54993.52872;18.77;0.25;CRTS;CRTS(CL);CRTS
54993.54052;18.27;0.19;CRTS;CRTS(CL);CRTS
54993.55228;18.52;0.22;CRTS;CRTS(CL);CRTS
54993.56411;18.25;0.19;CRTS;CRTS(CL);CRTS
55005.51173;18.13;0.18;CRTS;CRTS(CL);CRTS
55005.5216;18.02;0.17;CRTS;CRTS(CL);CRTS
55005.53149;17.98;0.17;CRTS;CRTS(CL);CRTS
55005.54134;18.19;0.19;CRTS;CRTS(CL);CRTS
55022.49012;18.02;0.18;CRTS;CRTS(CL);CRTS
55022.50386;18.33;0.2;CRTS;CRTS(CL);CRTS
55022.51761;18.33;0.21;CRTS;CRTS(CL);CRTS
55220.72234;18.52;0.54;CRTS;CRTS(CL);CRTS
55220.73226;17.93;0.25;CRTS;CRTS(CL);CRTS
55220.74223;18.19;0.44;CRTS;CRTS(CL);CRTS
55220.75218;18.35;0.31;CRTS;CRTS(CL);CRTS
55272.67051;18.01;0.26;CRTS;CRTS(CL);CRTS
55272.68279;17.96;0.26;CRTS;CRTS(CL);CRTS
55272.69512;18.02;0.26;CRTS;CRTS(CL);CRTS
55272.70725;17.52;0.2;CRTS;CRTS(CL);CRTS
55306.66361;17.79;0.15;CRTS;CRTS(CL);CRTS
55306.66854;18.01;0.16;CRTS;CRTS(CL);CRTS
55306.67346;18.15;0.24;CRTS;CRTS(CL);CRTS
55320.53429;18.2;0.3;CRTS;CRTS(CL);CRTS
55320.54395;18.05;0.28;CRTS;CRTS(CL);CRTS
55320.55352;18.23;0.3;CRTS;CRTS(CL);CRTS
55320.56314;18.05;0.27;CRTS;CRTS(CL);CRTS
55325.63;18.08;0.22;CRTS;CRTS(CL);CRTS
55325.64184;18.04;0.21;CRTS;CRTS(CL);CRTS
55353.51504;17.98;0.24;CRTS;CRTS(CL);CRTS
55353.52753;18.46;0.31;CRTS;CRTS(CL);CRTS
55353.53992;17.92;0.24;CRTS;CRTS(CL);CRTS
55353.55236;17.56;0.23;CRTS;CRTS(CL);CRTS
55360.6222;18.25;0.2;CRTS;CRTS(CL);CRTS
55381.53748;17.84;0.2;CRTS;CRTS(CL);CRTS
55381.54831;18.17;0.22;CRTS;CRTS(CL);CRTS
55381.55937;18.06;0.21;CRTS;CRTS(CL);CRTS
55381.57033;18.17;0.23;CRTS;CRTS(CL);CRTS
55416.43113;17.84;0.19;CRTS;CRTS(CL);CRTS
55416.43838;18.15;0.22;CRTS;CRTS(CL);CRTS
55416.44563;18.09;0.21;CRTS;CRTS(CL);CRTS
55416.45287;18.11;0.21;CRTS;CRTS(CL);CRTS
55634.73547;18.05;0.21;CRTS;CRTS(CL);CRTS
55654.6066;17.91;0.15;CRTS;CRTS(CL);CRTS
55654.63267;18.03;0.16;CRTS;CRTS(CL);CRTS
55675.66613;18.32;0.21;CRTS;CRTS(CL);CRTS
55718.51117;18.26;0.2;CRTS;CRTS(CL);CRTS
55718.5253;18.31;0.21;CRTS;CRTS(CL);CRTS
55718.53949;18.01;0.2;CRTS;CRTS(CL);CRTS
55718.5656;17.62;0.21;CRTS;CRTS(CL);CRTS
55737.56983;17.97;0.17;CRTS;CRTS(CL);CRTS
55737.57832;18.05;0.18;CRTS;CRTS(CL);CRTS
55737.58689;17.9;0.17;CRTS;CRTS(CL);CRTS
55737.59539;18.24;0.2;CRTS;CRTS(CL);CRTS
55773.45978;18.19;0.21;CRTS;CRTS(CL);CRTS
55773.46864;18.12;0.2;CRTS;CRTS(CL);CRTS
55773.47756;17.99;0.19;CRTS;CRTS(CL);CRTS
55773.48652;18.23;0.21;CRTS;CRTS(CL);CRTS
55845.1892091;19.6903;0.021622;PS1;PS1(z);PS1
55902.1898038;20.4782;0.018284;PS1;PS1(g);PS1
55978.74155;18.05;0.2;CRTS;CRTS(CL);CRTS
55978.75437;17.7;0.23;CRTS;CRTS(CL);CRTS
55978.76719;17.93;0.19;CRTS;CRTS(CL);CRTS
55993.9555919;19.9862;0.017772;PS1;PS1(i);PS1
56028.70572;17.57;0.12;CRTS;CRTS(CL);CRTS
56028.71966;18.2;0.15;CRTS;CRTS(CL);CRTS
56028.73379;17.93;0.14;CRTS;CRTS(CL);CRTS
56028.74812;18.35;0.16;CRTS;CRTS(CL);CRTS
56068.57029;18.28;0.19;CRTS;CRTS(CL);CRTS
56068.58098;18.02;0.17;CRTS;CRTS(CL);CRTS
56068.59173;17.93;0.16;CRTS;CRTS(CL);CRTS
56068.6024;17.94;0.16;CRTS;CRTS(CL);CRTS
56092.58747;18.37;0.24;CRTS;CRTS(CL);CRTS
56092.59618;18.23;0.22;CRTS;CRTS(CL);CRTS
56092.60488;18.1;0.21;CRTS;CRTS(CL);CRTS
56092.61357;18.11;0.22;CRTS;CRTS(CL);CRTS
56116.44682;17.97;0.16;CRTS;CRTS(CL);CRTS
56116.45529;17.96;0.15;CRTS;CRTS(CL);CRTS
56116.46372;18.01;0.16;CRTS;CRTS(CL);CRTS
56116.47234;18.04;0.16;CRTS;CRTS(CL);CRTS
56148.42677;17.93;0.15;CRTS;CRTS(CL);CRTS
56148.43695;18.11;0.16;CRTS;CRTS(CL);CRTS
56148.4469;17.98;0.15;CRTS;CRTS(CL);CRTS
56148.45687;17.97;0.15;CRTS;CRTS(CL);CRTS
56181.39657;18.06;0.19;CRTS;CRTS(CL);CRTS
56181.40371;18.25;0.21;CRTS;CRTS(CL);CRTS
56181.41087;18.19;0.21;CRTS;CRTS(CL);CRTS
56181.41808;17.64;0.16;CRTS;CRTS(CL);CRTS
56242.2614177;20.1054;0.015668;PS1;PS1(r);PS1
56364.75788;17.89;0.22;CRTS;CRTS(CL);CRTS
56364.76357;18.07;0.24;CRTS;CRTS(CL);CRTS
56364.76932;18.48;0.39;CRTS;CRTS(CL);CRTS
56364.77502;17.39;0.28;CRTS;CRTS(CL);CRTS
56386.75452;18.32;0.18;CRTS;CRTS(CL);CRTS
56386.76728;17.96;0.16;CRTS;CRTS(CL);CRTS
56386.78021;17.85;0.15;CRTS;CRTS(CL);CRTS
56386.79307;18.22;0.18;CRTS;CRTS(CL);CRTS
56400.61671;18.04;0.15;CRTS;CRTS(CL);CRTS
56400.62962;17.9;0.14;CRTS;CRTS(CL);CRTS
56400.64253;17.95;0.15;CRTS;CRTS(CL);CRTS
56400.65548;17.79;0.14;CRTS;CRTS(CL);CRTS
56411.68782;18.01;0.16;CRTS;CRTS(CL);CRTS
56411.70928;17.81;0.15;CRTS;CRTS(CL);CRTS
56411.72013;18.18;0.17;CRTS;CRTS(CL);CRTS
56415.49606;18.1;0.21;CRTS;CRTS(CL);CRTS
56415.50208;18.0;0.2;CRTS;CRTS(CL);CRTS
56415.50843;18.04;0.24;CRTS;CRTS(CL);CRTS
56415.51442;17.92;0.22;CRTS;CRTS(CL);CRTS
56432.52493;17.79;0.14;CRTS;CRTS(CL);CRTS
56432.53233;18.11;0.17;CRTS;CRTS(CL);CRTS
56432.53946;17.71;0.14;CRTS;CRTS(CL);CRTS
56432.54673;17.59;0.13;CRTS;CRTS(CL);CRTS
56443.56841;18.12;0.19;CRTS;CRTS(CL);CRTS
56443.57688;18.21;0.2;CRTS;CRTS(CL);CRTS
56443.58676;17.97;0.21;CRTS;CRTS(CL);CRTS
56443.59681;17.96;0.21;CRTS;CRTS(CL);CRTS
56474.4987;18.1;0.16;CRTS;CRTS(CL);CRTS
56474.51076;17.81;0.14;CRTS;CRTS(CL);CRTS
56474.52284;18.02;0.15;CRTS;CRTS(CL);CRTS
56474.53489;18.02;0.15;CRTS;CRTS(CL);CRTS
56695.7960481;14.749;0.357;NEOWISE;WISE(W2);NEOWISE
56876.82062846;15.919;0.221;NEOWISE;WISE(W1);NEOWISE
57057.97933163;16.859;0.496;NEOWISE;WISE(W1);NEOWISE
57057.97933163;14.566;0.381;NEOWISE;WISE(W2);NEOWISE
57065.00788619;16.033;0.248;NEOWISE;WISE(W1);NEOWISE
57235.16535046;16.359;0.339;NEOWISE;WISE(W1);NEOWISE
57424.53566172;15.998;0.221;NEOWISE;WISE(W1);NEOWISE
57424.53566172;14.804;0.296;NEOWISE;WISE(W2);NEOWISE
57424.73227235;15.721;0.201;NEOWISE;WISE(W1);NEOWISE
57424.79785167;16.459;0.438;NEOWISE;WISE(W1);NEOWISE
57424.79785167;14.982;0.435;NEOWISE;WISE(W2);NEOWISE
57594.02024222;16.277;0.366;NEOWISE;WISE(W1);NEOWISE
57594.02024222;15.296;0.485;NEOWISE;WISE(W2);NEOWISE
57594.08582117;15.134;0.354;NEOWISE;WISE(W2);NEOWISE
57594.08582117;15.508;0.167;NEOWISE;WISE(W1);NEOWISE
57594.21672444;16.043;0.369;NEOWISE;WISE(W1);NEOWISE
57594.74084662;16.088;0.247;NEOWISE;WISE(W1);NEOWISE
57788.86716774;15.482;0.533;NEOWISE;WISE(W2);NEOWISE
57788.86716774;16.488;0.373;NEOWISE;WISE(W1);NEOWISE
57954.3574416;14.694;0.254;NEOWISE;WISE(W2);NEOWISE
57954.68482689;15.832;0.258;NEOWISE;WISE(W1);NEOWISE
57955.20856764;16.066;0.313;NEOWISE;WISE(W1);NEOWISE
58153.40343275;15.879;0.365;NEOWISE;WISE(W1);NEOWISE
58153.53433678;15.713;0.318;NEOWISE;WISE(W1);NEOWISE
58216.3672917;19.8699913;0.124820419;ZTF;ZTF(zr);ZTF
58247.2713773;19.9627609;0.13255921;ZTF;ZTF(zr);ZTF
58247.295787;20.5437889;0.184903979;ZTF;ZTF(zg);ZTF
58274.271713;20.528513;0.183826685;ZTF;ZTF(zg);ZTF
58274.3137616;19.9914856;0.134988457;ZTF;ZTF(zr);ZTF
58277.2095023;20.5215092;0.183332801;ZTF;ZTF(zg);ZTF
58277.2720023;20.080637;0.142590076;ZTF;ZTF(zr);ZTF
58280.2523495;20.4834404;0.181258231;ZTF;ZTF(zg);ZTF
58284.188669;19.8652897;0.124433391;ZTF;ZTF(zr);ZTF
58288.1896991;20.2494812;0.168734789;ZTF;ZTF(zg);ZTF
58288.2318981;19.8721752;0.125000387;ZTF;ZTF(zr);ZTF
58314.61687292;14.715;0.314;NEOWISE;WISE(W2);NEOWISE
58315.33658604;16.236;0.453;NEOWISE;WISE(W1);NEOWISE
58315.33671341;16.105;0.248;NEOWISE;WISE(W1);NEOWISE
58315.59839256;15.863;0.308;NEOWISE;WISE(W1);NEOWISE
58540.4592824;20.6164188;0.190025806;ZTF;ZTF(zg);ZTF
58582.3551968;20.2007027;0.165373325;ZTF;ZTF(zg);ZTF
58608.2928125;20.7263756;0.197780132;ZTF;ZTF(zg);ZTF
58608.3350463;19.7870369;0.11807882;ZTF;ZTF(zr);ZTF
58617.3131944;20.0515442;0.140101999;ZTF;ZTF(zr);ZTF
58634.272037;19.9460907;0.13115567;ZTF;ZTF(zr);ZTF
58640.251169;20.0069065;0.136297554;ZTF;ZTF(zr);ZTF
58643.2510764;19.9421539;0.130824924;ZTF;ZTF(zr);ZTF
58650.2309606;19.8923874;0.126671448;ZTF;ZTF(zr);ZTF
58662.2319792;19.9128876;0.128376007;ZTF;ZTF(zr);ZTF
58670.1717593;19.8138313;0.120235369;ZTF;ZTF(zr);ZTF
58673.1895833;20.2670441;0.158431113;ZTF;ZTF(zr);ZTF
58681.66608455;14.453;0.334;NEOWISE;WISE(W2);NEOWISE
58681.66608455;16.4;0.344;NEOWISE;WISE(W1);NEOWISE
58883.89623435;15.74;0.201;NEOWISE;WISE(W1);NEOWISE
58884.15778675;15.325;0.492;NEOWISE;WISE(W2);NEOWISE
58884.15778675;16.192;0.268;NEOWISE;WISE(W1);NEOWISE
58884.61569432;15.902;0.316;NEOWISE;WISE(W1);NEOWISE
58884.74647049;11.436;0.036;NEOWISE;WISE(W2);NEOWISE
58884.87724671;16.399;0.431;NEOWISE;WISE(W1);NEOWISE
58964.3376389;20.506382;0.182265997;ZTF;ZTF(zg);ZTF
58964.4002894;20.009697;0.136534706;ZTF;ZTF(zr);ZTF
58970.2930324;20.3750057;0.17636019;ZTF;ZTF(zg);ZTF
58970.3573843;20.1004009;0.144281864;ZTF;ZTF(zr);ZTF
58993.2928009;19.8646393;0.124379843;ZTF;ZTF(zr);ZTF
58997.2515278;20.0078812;0.136380434;ZTF;ZTF(zr);ZTF
59018.1984144;20.0594711;0.154844642;ZTF;ZTF(zg);ZTF
59021.2114931;20.3390999;0.174358219;ZTF;ZTF(zg);ZTF
59021.2315509;19.9363613;0.130338863;ZTF;ZTF(zr);ZTF
59024.1926505;20.3368664;0.174228415;ZTF;ZTF(zg);ZTF
59024.2108681;20.1072655;0.144869775;ZTF;ZTF(zr);ZTF
59037.1849074;19.6849403;0.11006771;ZTF;ZTF(zr);ZTF
59046.30566668;15.804;0.302;NEOWISE;WISE(W1);NEOWISE
59248.13594045;16.024;0.257;NEOWISE;WISE(W1);NEOWISE
59255.5275347;20.4019814;0.177751124;ZTF;ZTF(zg);ZTF
59269.5041551;19.9071751;0.127900079;ZTF;ZTF(zr);ZTF
59275.4598032;19.4852371;0.110130958;ZTF;ZTF(zg);ZTF
59282.5010995;20.1417732;0.147822887;ZTF;ZTF(zr);ZTF
59292.4610764;19.8240814;0.121065788;ZTF;ZTF(zr);ZTF
59308.4185648;19.875885;0.125306368;ZTF;ZTF(zr);ZTF
59310.3981366;19.626133;0.105614319;ZTF;ZTF(zr);ZTF
59312.3775347;19.4642487;0.0940199047;ZTF;ZTF(zr);ZTF
59312.41996529978;19.560944980510115;0.1727884472884189;ZTF;ZTF(zg);ZTF
59312.4199653;19.6194687;0.120118737;ZTF;ZTF(zg);ZTF
59314.3773958;19.3708534;0.102065571;ZTF;ZTF(zg);ZTF
59314.4431829;19.3803902;0.0884150565;ZTF;ZTF(zr);ZTF
59314.44318290008;19.384767031659297;0.1440267280195024;ZTF;ZTF(zr);ZTF
59316.35532409977;19.34939301083288;0.1227986029679107;ZTF;ZTF(zg);ZTF
59316.3553241;19.376255;0.102436393;ZTF;ZTF(zg);ZTF
59319.3985648;19.0145321;0.0799556673;ZTF;ZTF(zg);ZTF
59319.398564800154;19.113012414246505;0.1926132978652951;ZTF;ZTF(zg);ZTF
59322.3339815;18.7626915;0.0671436265;ZTF;ZTF(zg);ZTF
59322.33398150001;18.76102704865934;0.10945179172425772;ZTF;ZTF(zg);ZTF
59324.35761569999;18.767948918286564;0.1151840665383307;ZTF;ZTF(zg);ZTF
59324.3576157;18.7681484;0.067397438;ZTF;ZTF(zg);ZTF
59328.39758099988;18.661816365410676;0.13310809542509686;ZTF;ZTF(zr);ZTF
59328.397581;18.6650715;0.0515425354;ZTF;ZTF(zr);ZTF
59334.33442129986;18.781066690448583;0.1302893207423288;ZTF;ZTF(zr);ZTF
59334.3344213;18.7748928;0.0560197905;ZTF;ZTF(zr);ZTF
59336.3758449;18.8041115;0.0572771281;ZTF;ZTF(zr);ZTF
59336.37584490003;18.828767727405822;0.15544524572238413;ZTF;ZTF(zr);ZTF
59336.3975347;19.0415134;0.0814648643;ZTF;ZTF(zg);ZTF
59336.39753470011;19.117219266947117;0.1711847484966228;ZTF;ZTF(zg);ZTF
59339.3139236;18.8772774;0.0605523363;ZTF;ZTF(zr);ZTF
59339.31392360013;18.80390501547954;0.09438743418148783;ZTF;ZTF(zr);ZTF
59341.27414349979;18.83250697022011;0.07072652125914504;ZTF;ZTF(zr);ZTF
59341.2741435;18.867485;0.0601033531;ZTF;ZTF(zr);ZTF
59343.2727083;18.9590263;0.0769353285;ZTF;ZTF(zg);ZTF
59343.272708300035;18.97158245963092;0.10749612133498512;ZTF;ZTF(zg);ZTF
59343.3138194;18.9337234;0.0632061586;ZTF;ZTF(zr);ZTF
59343.313819400035;18.961469837012473;0.1143412346169884;ZTF;ZTF(zr);ZTF
59346.3771296;18.9545841;0.0642155781;ZTF;ZTF(zr);ZTF
59348.33600689983;19.258591676281103;0.11058845970311532;ZTF;ZTF(zg);ZTF
59348.3360069;19.2592258;0.0946350768;ZTF;ZTF(zg);ZTF
59353.2939236;19.0110054;0.0670247674;ZTF;ZTF(zr);ZTF
59353.29392360011;18.999561244071153;0.11267462819328479;ZTF;ZTF(zr);ZTF
59353.33517359989;19.15263804142152;0.20301391663845997;ZTF;ZTF(zg);ZTF
59353.3351736;19.1202927;0.086026445;ZTF;ZTF(zg);ZTF
59356.272962999996;19.010223493885853;0.13013065064478685;ZTF;ZTF(zr);ZTF
59356.272963;18.9777527;0.0653550774;ZTF;ZTF(zr);ZTF
59363.3140741;19.1668777;0.0754038841;ZTF;ZTF(zr);ZTF
59368.29375;19.1456871;0.0742102712;ZTF;ZTF(zr);ZTF
59368.293750000186;19.170140178061985;0.0969658632991537;ZTF;ZTF(zr);ZTF
59370.2120602;19.4754391;0.109423123;ZTF;ZTF(zg);ZTF
59370.21206020005;19.449958626477976;0.13843615248433247;ZTF;ZTF(zg);ZTF
59370.2524306;19.1464653;0.0742537528;ZTF;ZTF(zr);ZTF
59370.252430600114;19.192612527656546;0.11886132800475195;ZTF;ZTF(zr);ZTF
59373.23403939977;19.108078632478325;0.1025165219247903;ZTF;ZTF(zr);ZTF
59373.2340394;19.1250744;0.0730658025;ZTF;ZTF(zr);ZTF
59373.25239579985;19.444233841172135;0.21093259138678985;ZTF;ZTF(zg);ZTF
59373.2523958;19.4328194;0.106380403;ZTF;ZTF(zg);ZTF
59377.2299537;19.331152;0.0852542445;ZTF;ZTF(zr);ZTF
59377.22995370021;19.266978769066554;0.11534961550264611;ZTF;ZTF(zr);ZTF
59377.2935417;19.6957989;0.126009196;ZTF;ZTF(zg);ZTF
59379.1890625;19.5253849;0.113062873;ZTF;ZTF(zg);ZTF
59379.2304051;19.2884865;0.0825933069;ZTF;ZTF(zr);ZTF
59379.230405100156;19.241159209280617;0.09932921119643454;ZTF;ZTF(zr);ZTF
59393.2100116;19.5231266;0.0981206149;ZTF;ZTF(zr);ZTF
59397.1885185;19.66535;0.108570464;ZTF;ZTF(zr);ZTF
59397.231169;19.7541904;0.130595177;ZTF;ZTF(zg);ZTF
59400.1885185;19.6491623;0.107343562;ZTF;ZTF(zr);ZTF
59410.72795256;16.18;0.285;NEOWISE;WISE(W1);NEOWISE
59410.85860109;14.396;0.371;NEOWISE;WISE(W2);NEOWISE
59410.85860109;16.962;0.5;NEOWISE;WISE(W1);NEOWISE
59414.32206028;15.473;0.29;NEOWISE;WISE(W1);NEOWISE
59623.5014699;20.1393604;0.160920173;ZTF;ZTF(zg);ZTF
59641.461088;20.4250431;0.178855509;ZTF;ZTF(zg);ZTF
59673.3762269;19.8923969;0.126672238;ZTF;ZTF(zr);ZTF
59675.3983218;19.9238472;0.129291087;ZTF;ZTF(zr);ZTF
59700.2929861;19.928339;0.129666835;ZTF;ZTF(zr);ZTF
59702.2968403;20.3185272;0.173140973;ZTF;ZTF(zg);ZTF
59702.3352778;20.0323753;0.138465852;ZTF;ZTF(zr);ZTF
59707.2722454;19.7429771;0.114580132;ZTF;ZTF(zr);ZTF
59707.3139931;19.7997723;0.119101167;ZTF;ZTF(zr);ZTF
59709.3140625;19.8930168;0.126723632;ZTF;ZTF(zr);ZTF
59712.2904745;19.5780373;0.116981231;ZTF;ZTF(zg);ZTF
59712.3354861;19.8043995;0.11947386;ZTF;ZTF(zr);ZTF
59721.2991435;20.030098;0.138271719;ZTF;ZTF(zr);ZTF
59725.2719907;20.2459068;0.16849485;ZTF;ZTF(zg);ZTF
59730.2721065;20.0074959;0.136347622;ZTF;ZTF(zr);ZTF
59732.2518981;20.4251652;0.178861111;ZTF;ZTF(zg);ZTF
59734.2103588;20.1380234;0.147502169;ZTF;ZTF(zr);ZTF
59738.2702315;20.0634785;0.141122133;ZTF;ZTF(zr);ZTF
59750.1889352;19.9038486;0.12762332;ZTF;ZTF(zr);ZTF
59750.2316088;20.2364082;0.167851895;ZTF;ZTF(zg);ZTF
59756.1884722;19.9138031;0.128452361;ZTF;ZTF(zr);ZTF
59765.1887037;20.115242;0.145552561;ZTF;ZTF(zr);ZTF
59777.07267477;15.359;0.51;NEOWISE;WISE(W2);NEOWISE
59777.07267477;15.865;0.33;NEOWISE;WISE(W1);NEOWISE
59778.05113821;16.188;0.29;NEOWISE;WISE(W1);NEOWISE
59980.06400677;14.18;0.32;NEOWISE;WISE(W2);NEOWISE
59996.5229745;20.468668;0.180707663;ZTF;ZTF(zg);ZTF
60032.376169;20.0755787;0.142157108;ZTF;ZTF(zr);ZTF
60044.3780671;19.8321152;0.121718727;ZTF;ZTF(zr);ZTF
60046.3557176;20.0226936;0.137640893;ZTF;ZTF(zr);ZTF
60051.3780671;19.9590302;0.132244632;ZTF;ZTF(zr);ZTF
60055.3563079;19.9046879;0.127693146;ZTF;ZTF(zr);ZTF
60059.4214583;19.8328209;0.121776149;ZTF;ZTF(zr);ZTF
60061.3143403;19.9539604;0.131817579;ZTF;ZTF(zr);ZTF
60063.3776736;19.8427906;0.122589067;ZTF;ZTF(zr);ZTF
60078.2947801;20.009016;0.136476919;ZTF;ZTF(zr);ZTF
60078.3146528;20.5036011;0.182069898;ZTF;ZTF(zg);ZTF
60082.3239931;20.0146465;0.136955678;ZTF;ZTF(zr);ZTF
60084.2769444;19.9516888;0.131626457;ZTF;ZTF(zr);ZTF
60086.2743403;20.7948074;0.202605963;ZTF;ZTF(zg);ZTF
60086.3150116;19.9738693;0.133497059;ZTF;ZTF(zr);ZTF
60088.2568403;19.8754997;0.125274584;ZTF;ZTF(zr);ZTF
60093.3214005;20.2421532;0.156347811;ZTF;ZTF(zr);ZTF
60103.2293519;20.0265923;0.137972996;ZTF;ZTF(zr);ZTF
60112.2517361;19.5418377;0.0994519442;ZTF;ZTF(zr);ZTF
60114.2303704;19.9335003;0.130099013;ZTF;ZTF(zr);ZTF
60116.2099306;19.9415131;0.13077116;ZTF;ZTF(zr);ZTF
60118.2310185;19.746809;0.130012259;ZTF;ZTF(zg);ZTF
60120.1883912;20.1248531;0.146375269;ZTF;ZTF(zr);ZTF
60141.77820113;15.682;0.229;NEOWISE;WISE(W1);NEOWISE
60141.97264593;15.753;0.303;NEOWISE;WISE(W1);NEOWISE
60351.500706;19.8255291;0.121183276;ZTF;ZTF(zr);ZTF
60353.5224537;20.0748596;0.1420957;ZTF;ZTF(zr);ZTF
60355.5021065;20.4019241;0.177748263;ZTF;ZTF(zg);ZTF
60403.4232407;19.9477787;0.146039471;ZTF;ZTF(zg);ZTF
60403.4829861;19.9117718;0.128282994;ZTF;ZTF(zr);ZTF
60407.3911343;20.207222;0.15339902;ZTF;ZTF(zr);ZTF
60407.4427083;19.8455353;0.137862921;ZTF;ZTF(zg);ZTF
60413.3354398;20.2769756;0.170543998;ZTF;ZTF(zg);ZTF
60413.3976273;19.9215164;0.12909618;ZTF;ZTF(zr);ZTF
60417.3565046;19.9049015;0.127710879;ZTF;ZTF(zr);ZTF
60430.3791204;19.3467331;0.0862439871;ZTF;ZTF(zr);ZTF
60432.3356944;20.1012592;0.144355342;ZTF;ZTF(zr);ZTF
60434.3353472;19.9229164;0.129213244;ZTF;ZTF(zr);ZTF
60444.2801389;20.0893364;0.143334731;ZTF;ZTF(zr);ZTF
60444.3269792;20.144104;0.161272168;ZTF;ZTF(zg);ZTF
60446.3092361;19.878727;0.125540987;ZTF;ZTF(zr);ZTF
60457.3135069;19.9741631;0.133521944;ZTF;ZTF(zr);ZTF
60459.3355787;20.0246792;0.137809888;ZTF;ZTF(zr);ZTF
60463.2515741;20.1255417;0.146434247;ZTF;ZTF(zr);ZTF
60469.2729282;19.7874641;0.118113011;ZTF;ZTF(zr);ZTF
60472.2295255;20.2997189;0.171987236;ZTF;ZTF(zg);ZTF
60486.1893866;20.2295761;0.167384967;ZTF;ZTF(zg);ZTF
60489.1883449;20.0928726;0.157415688;ZTF;ZTF(zg);ZTF
