MJD;Magnitude;Error;Facility;Filter;Observer
53560.40525;18.66;0.15;CRTS;CRTS(CL);CRTS
53560.4123;18.64;0.15;CRTS;CRTS(CL);CRTS
53560.4194;18.39;0.14;CRTS;CRTS(CL);CRTS
53560.42645;18.43;0.14;CRTS;CRTS(CL);CRTS
53636.26063;18.51;0.15;CRTS;CRTS(CL);CRTS
53636.26921;18.72;0.16;CRTS;CRTS(CL);CRTS
53636.27778;18.56;0.15;CRTS;CRTS(CL);CRTS
53636.28635;18.51;0.15;CRTS;CRTS(CL);CRTS
53644.27079;18.61;0.15;CRTS;CRTS(CL);CRTS
53644.27801;18.56;0.15;CRTS;CRTS(CL);CRTS
53644.28517;18.46;0.14;CRTS;CRTS(CL);CRTS
53644.29233;18.5;0.14;CRTS;CRTS(CL);CRTS
53654.22161;18.19;0.13;CRTS;CRTS(CL);CRTS
53654.22699;18.28;0.13;CRTS;CRTS(CL);CRTS
53654.23243;18.45;0.14;CRTS;CRTS(CL);CRTS
53654.23785;18.5;0.15;CRTS;CRTS(CL);CRTS
53677.12355;18.61;0.08;CRTS;CRTS(CL);CRTS
53677.1279;18.6;0.08;CRTS;CRTS(CL);CRTS
53677.13229;18.53;0.08;CRTS;CRTS(CL);CRTS
53677.13667;18.57;0.08;CRTS;CRTS(CL);CRTS
53710.07332;18.47;0.14;CRTS;CRTS(CL);CRTS
53710.07971;18.52;0.14;CRTS;CRTS(CL);CRTS
53710.08608;18.34;0.13;CRTS;CRTS(CL);CRTS
53710.09244;18.17;0.12;CRTS;CRTS(CL);CRTS
53744.10954;19.62;0.25;CRTS;CRTS(CL);CRTS
53744.12297;18.68;0.16;CRTS;CRTS(CL);CRTS
53744.12967;18.47;0.15;CRTS;CRTS(CL);CRTS
53745.07144;18.93;0.17;CRTS;CRTS(CL);CRTS
53745.07732;18.27;0.13;CRTS;CRTS(CL);CRTS
53745.08319;18.83;0.16;CRTS;CRTS(CL);CRTS
53745.08908;18.82;0.16;CRTS;CRTS(CL);CRTS
53871.80772;17.97;0.23;CRTS;CRTS(CL);CRTS
53871.81172;18.33;0.28;CRTS;CRTS(CL);CRTS
53871.81572;17.94;0.22;CRTS;CRTS(CL);CRTS
53900.73287;18.83;0.3;CRTS;CRTS(CL);CRTS
53900.74387;18.62;0.27;CRTS;CRTS(CL);CRTS
53900.75476;18.92;0.31;CRTS;CRTS(CL);CRTS
53900.76575;18.44;0.24;CRTS;CRTS(CL);CRTS
53937.38799;18.31;0.14;CRTS;CRTS(CL);CRTS
53937.39685;18.62;0.16;CRTS;CRTS(CL);CRTS
53937.40573;18.68;0.17;CRTS;CRTS(CL);CRTS
53937.41461;18.64;0.16;CRTS;CRTS(CL);CRTS
53992.3202;18.44;0.13;CRTS;CRTS(CL);CRTS
53992.32734;18.4;0.13;CRTS;CRTS(CL);CRTS
53992.33448;18.49;0.13;CRTS;CRTS(CL);CRTS
53992.34164;18.32;0.13;CRTS;CRTS(CL);CRTS
54008.24547;18.46;0.13;CRTS;CRTS(CL);CRTS
54008.25522;18.45;0.13;CRTS;CRTS(CL);CRTS
54008.26497;18.51;0.13;CRTS;CRTS(CL);CRTS
54008.27471;18.17;0.12;CRTS;CRTS(CL);CRTS
54024.1738;18.44;0.13;CRTS;CRTS(CL);CRTS
54024.1814;18.26;0.12;CRTS;CRTS(CL);CRTS
54024.189;18.42;0.13;CRTS;CRTS(CL);CRTS
54024.19661;18.47;0.13;CRTS;CRTS(CL);CRTS
54062.1577;18.63;0.09;CRTS;CRTS(CL);CRTS
54062.16502;18.62;0.09;CRTS;CRTS(CL);CRTS
54062.17226;18.59;0.09;CRTS;CRTS(CL);CRTS
54062.17965;18.68;0.09;CRTS;CRTS(CL);CRTS
54081.1639;18.5;0.14;CRTS;CRTS(CL);CRTS
54081.16933;18.37;0.13;CRTS;CRTS(CL);CRTS
54081.17478;18.72;0.15;CRTS;CRTS(CL);CRTS
54081.18024;18.24;0.12;CRTS;CRTS(CL);CRTS
54093.08895;18.84;0.15;CRTS;CRTS(CL);CRTS
54093.09649;18.49;0.13;CRTS;CRTS(CL);CRTS
54093.104;18.45;0.13;CRTS;CRTS(CL);CRTS
54093.11151;18.28;0.12;CRTS;CRTS(CL);CRTS
54233.80481;18.21;0.31;CRTS;CRTS(CL);CRTS
54233.81012;18.59;0.39;CRTS;CRTS(CL);CRTS
54233.81537;18.91;0.46;CRTS;CRTS(CL);CRTS
54233.82071;17.67;0.23;CRTS;CRTS(CL);CRTS
54264.75584;18.23;0.28;CRTS;CRTS(CL);CRTS
54264.76437;18.68;0.36;CRTS;CRTS(CL);CRTS
54264.77292;18.82;0.38;CRTS;CRTS(CL);CRTS
54264.78154;18.41;0.31;CRTS;CRTS(CL);CRTS
54346.28133;18.5;0.14;CRTS;CRTS(CL);CRTS
54346.28852;18.22;0.12;CRTS;CRTS(CL);CRTS
54346.29569;18.7;0.15;CRTS;CRTS(CL);CRTS
54346.30289;18.77;0.15;CRTS;CRTS(CL);CRTS
54355.23156;18.86;0.16;CRTS;CRTS(CL);CRTS
54355.23807;18.67;0.15;CRTS;CRTS(CL);CRTS
54355.24457;18.42;0.14;CRTS;CRTS(CL);CRTS
54355.25106;18.38;0.14;CRTS;CRTS(CL);CRTS
54377.23061;18.67;0.15;CRTS;CRTS(CL);CRTS
54377.23877;18.54;0.14;CRTS;CRTS(CL);CRTS
54377.24693;18.65;0.14;CRTS;CRTS(CL);CRTS
54377.25505;18.53;0.14;CRTS;CRTS(CL);CRTS
54385.15985;18.27;0.12;CRTS;CRTS(CL);CRTS
54385.16786;18.56;0.14;CRTS;CRTS(CL);CRTS
54385.17583;18.59;0.14;CRTS;CRTS(CL);CRTS
54385.18377;18.54;0.14;CRTS;CRTS(CL);CRTS
54388.21746;18.5;0.13;CRTS;CRTS(CL);CRTS
54388.21997;18.55;0.08;CRTS;CRTS(CL);CRTS
54388.22555;18.62;0.14;CRTS;CRTS(CL);CRTS
54388.22843;18.71;0.08;CRTS;CRTS(CL);CRTS
54388.23361;18.37;0.13;CRTS;CRTS(CL);CRTS
54388.23703;18.67;0.08;CRTS;CRTS(CL);CRTS
54388.24165;18.63;0.14;CRTS;CRTS(CL);CRTS
54388.24544;18.6;0.08;CRTS;CRTS(CL);CRTS
54406.1496;18.23;0.12;CRTS;CRTS(CL);CRTS
54406.15674;18.62;0.14;CRTS;CRTS(CL);CRTS
54406.16387;18.45;0.13;CRTS;CRTS(CL);CRTS
54406.17102;18.54;0.14;CRTS;CRTS(CL);CRTS
54415.14808;18.46;0.13;CRTS;CRTS(CL);CRTS
54415.15465;18.38;0.13;CRTS;CRTS(CL);CRTS
54415.16123;18.42;0.13;CRTS;CRTS(CL);CRTS
54415.16783;18.58;0.14;CRTS;CRTS(CL);CRTS
54421.07467;18.63;0.14;CRTS;CRTS(CL);CRTS
54421.08216;18.19;0.12;CRTS;CRTS(CL);CRTS
54421.08965;18.77;0.15;CRTS;CRTS(CL);CRTS
54421.09716;18.61;0.14;CRTS;CRTS(CL);CRTS
54454.12703;18.13;0.12;CRTS;CRTS(CL);CRTS
54454.13348;18.32;0.13;CRTS;CRTS(CL);CRTS
54454.13997;18.46;0.13;CRTS;CRTS(CL);CRTS
54454.14643;18.27;0.12;CRTS;CRTS(CL);CRTS
54466.08586;18.26;0.12;CRTS;CRTS(CL);CRTS
54466.09131;18.3;0.12;CRTS;CRTS(CL);CRTS
54466.09674;18.42;0.13;CRTS;CRTS(CL);CRTS
54466.10226;18.36;0.13;CRTS;CRTS(CL);CRTS
54477.07322;18.93;0.2;CRTS;CRTS(CL);CRTS
54477.07741;18.73;0.18;CRTS;CRTS(CL);CRTS
54477.08159;18.71;0.18;CRTS;CRTS(CL);CRTS
54477.08577;18.73;0.18;CRTS;CRTS(CL);CRTS
54715.28038;18.31;0.13;CRTS;CRTS(CL);CRTS
54715.2878;18.42;0.13;CRTS;CRTS(CL);CRTS
54715.29521;18.43;0.13;CRTS;CRTS(CL);CRTS
54715.3026;18.44;0.13;CRTS;CRTS(CL);CRTS
54729.26015;18.55;0.14;CRTS;CRTS(CL);CRTS
54729.26656;18.62;0.14;CRTS;CRTS(CL);CRTS
54729.27298;18.62;0.14;CRTS;CRTS(CL);CRTS
54729.27945;18.28;0.12;CRTS;CRTS(CL);CRTS
54732.56566;18.35;0.18;CRTS;CRTS(CL);CRTS
54732.57363;18.91;0.23;CRTS;CRTS(CL);CRTS
54732.58158;18.84;0.22;CRTS;CRTS(CL);CRTS
54732.58951;18.84;0.22;CRTS;CRTS(CL);CRTS
54738.285;18.54;0.13;CRTS;CRTS(CL);CRTS
54738.29281;18.43;0.13;CRTS;CRTS(CL);CRTS
54738.30075;18.53;0.13;CRTS;CRTS(CL);CRTS
54738.30863;18.24;0.12;CRTS;CRTS(CL);CRTS
54746.26104;18.58;0.08;CRTS;CRTS(CL);CRTS
54746.27019;18.73;0.09;CRTS;CRTS(CL);CRTS
54746.27943;18.67;0.08;CRTS;CRTS(CL);CRTS
54746.28853;18.66;0.08;CRTS;CRTS(CL);CRTS
54748.1541;18.04;0.11;CRTS;CRTS(CL);CRTS
54748.16056;18.42;0.13;CRTS;CRTS(CL);CRTS
54748.16712;18.73;0.15;CRTS;CRTS(CL);CRTS
54748.17384;18.35;0.13;CRTS;CRTS(CL);CRTS
54766.15856;18.35;0.13;CRTS;CRTS(CL);CRTS
54766.16651;18.2;0.12;CRTS;CRTS(CL);CRTS
54766.17429;18.23;0.12;CRTS;CRTS(CL);CRTS
54766.18209;18.37;0.13;CRTS;CRTS(CL);CRTS
54776.12842;18.67;0.14;CRTS;CRTS(CL);CRTS
54776.13566;18.69;0.14;CRTS;CRTS(CL);CRTS
54776.14293;17.86;0.1;CRTS;CRTS(CL);CRTS
54776.15016;18.47;0.13;CRTS;CRTS(CL);CRTS
54966.78432;18.76;0.29;CRTS;CRTS(CL);CRTS
54966.79205;18.47;0.25;CRTS;CRTS(CL);CRTS
54966.79967;18.73;0.28;CRTS;CRTS(CL);CRTS
54966.80743;18.8;0.29;CRTS;CRTS(CL);CRTS
55013.68195;18.44;0.24;CRTS;CRTS(CL);CRTS
55013.69324;18.51;0.25;CRTS;CRTS(CL);CRTS
55013.70458;18.17;0.21;CRTS;CRTS(CL);CRTS
55013.71904;18.65;0.28;CRTS;CRTS(CL);CRTS
55039.41168;18.54;0.14;CRTS;CRTS(CL);CRTS
55039.42044;18.71;0.15;CRTS;CRTS(CL);CRTS
55039.42918;18.41;0.16;CRTS;CRTS(CL);CRTS
55039.43789;18.63;0.15;CRTS;CRTS(CL);CRTS
55058.3846;18.38;0.12;CRTS;CRTS(CL);CRTS
55058.39256;18.5;0.12;CRTS;CRTS(CL);CRTS
55058.40054;18.53;0.12;CRTS;CRTS(CL);CRTS
55058.40854;18.15;0.11;CRTS;CRTS(CL);CRTS
55072.3304;18.39;0.16;CRTS;CRTS(CL);CRTS
55072.33805;18.75;0.19;CRTS;CRTS(CL);CRTS
55072.34572;18.35;0.16;CRTS;CRTS(CL);CRTS
55072.35336;18.17;0.15;CRTS;CRTS(CL);CRTS
55084.31387;18.17;0.14;CRTS;CRTS(CL);CRTS
55084.31959;18.25;0.15;CRTS;CRTS(CL);CRTS
55084.32554;18.49;0.17;CRTS;CRTS(CL);CRTS
55084.33141;18.38;0.16;CRTS;CRTS(CL);CRTS
55093.29028;18.56;0.09;CRTS;CRTS(CL);CRTS
55093.30134;18.62;0.09;CRTS;CRTS(CL);CRTS
55093.31145;18.62;0.09;CRTS;CRTS(CL);CRTS
55093.32156;18.66;0.09;CRTS;CRTS(CL);CRTS
55101.59876;18.74;0.28;CRTS;CRTS(CL);CRTS
55101.61102;18.39;0.23;CRTS;CRTS(CL);CRTS
55101.62338;18.6;0.26;CRTS;CRTS(CL);CRTS
55101.63578;19.06;0.33;CRTS;CRTS(CL);CRTS
55120.17393918;19.180464;0.02058196;SDSS;SDSS(r);SDSS
55120.17393918;19.179049;0.020588815;SDSS;SDSS(r);SDSS
55120.17476845;18.798298;0.02236445;SDSS;SDSS(i);SDSS
55120.17476845;18.795715;0.022358507;SDSS;SDSS(i);SDSS
55120.17559771;21.621937;0.17450176;SDSS;SDSS(u);SDSS
55120.17559771;21.521294;0.16095172;SDSS;SDSS(u);SDSS
55120.17642698;18.523924;0.03610397;SDSS;SDSS(z);SDSS
55120.17642698;18.522799;0.035967045;SDSS;SDSS(z);SDSS
55120.1772562401;19.993757;0.022118276;SDSS;SDSS(g);SDSS
55120.1772562401;19.992722;0.022142831;SDSS;SDSS(g);SDSS
55151.10645;18.52;0.14;CRTS;CRTS(CL);CRTS
55151.11185;18.58;0.14;CRTS;CRTS(CL);CRTS
55151.11721;18.55;0.14;CRTS;CRTS(CL);CRTS
55151.12264;18.31;0.13;CRTS;CRTS(CL);CRTS
55182.06688;18.72;0.18;CRTS;CRTS(CL);CRTS
55182.07091;18.34;0.15;CRTS;CRTS(CL);CRTS
55182.07502;18.47;0.16;CRTS;CRTS(CL);CRTS
55182.07916;18.31;0.15;CRTS;CRTS(CL);CRTS
55337.78585;18.95;0.43;CRTS;CRTS(CL);CRTS
55337.7957;18.07;0.27;CRTS;CRTS(CL);CRTS
55337.80579;18.17;0.28;CRTS;CRTS(CL);CRTS
55337.81568;19.02;0.46;CRTS;CRTS(CL);CRTS
55355.77031;18.64;0.29;CRTS;CRTS(CL);CRTS
55355.7831;18.82;0.32;CRTS;CRTS(CL);CRTS
55355.79591;18.18;0.23;CRTS;CRTS(CL);CRTS
55355.80866;18.16;0.23;CRTS;CRTS(CL);CRTS
55361.011944;15.563;0.171;ALLWISE;WISE(W1);ALLWISE
55361.1442479;15.897;0.214;ALLWISE;WISE(W1);ALLWISE
55361.2765516;15.115;0.404;ALLWISE;WISE(W2);ALLWISE
55361.2765516;15.805;0.22;ALLWISE;WISE(W1);ALLWISE
55361.3426399;15.376;0.444;ALLWISE;WISE(W2);ALLWISE
55361.3426399;15.346;0.129;ALLWISE;WISE(W1);ALLWISE
55361.4088554;15.635;0.158;ALLWISE;WISE(W1);ALLWISE
55361.4749437;15.569;0.154;ALLWISE;WISE(W1);ALLWISE
55361.4749437;14.83;0.299;ALLWISE;WISE(W2);ALLWISE
55361.5411592;15.609;0.176;ALLWISE;WISE(W1);ALLWISE
55361.6072474;15.656;0.164;ALLWISE;WISE(W1);ALLWISE
55361.7395512;16.165;0.333;ALLWISE;WISE(W1);ALLWISE
55361.7395512;15.175;0.39;ALLWISE;WISE(W2);ALLWISE
55361.871855;15.478;0.147;ALLWISE;WISE(W1);ALLWISE
55362.0041589;15.595;0.15;ALLWISE;WISE(W1);ALLWISE
55362.0041589;14.778;0.309;ALLWISE;WISE(W2);ALLWISE
55441.35661;18.73;0.09;CRTS;CRTS(CL);CRTS
55441.36359;18.58;0.08;CRTS;CRTS(CL);CRTS
55441.37057;18.68;0.08;CRTS;CRTS(CL);CRTS
55441.37753;18.59;0.08;CRTS;CRTS(CL);CRTS
55450.31595;18.44;0.13;CRTS;CRTS(CL);CRTS
55450.32861;18.36;0.13;CRTS;CRTS(CL);CRTS
55450.33499;18.43;0.13;CRTS;CRTS(CL);CRTS
55468.29927;18.02;0.11;CRTS;CRTS(CL);CRTS
55468.31304;18.79;0.16;CRTS;CRTS(CL);CRTS
55468.31992;18.12;0.12;CRTS;CRTS(CL);CRTS
55504.11665;18.25;0.13;CRTS;CRTS(CL);CRTS
55504.12696;18.56;0.14;CRTS;CRTS(CL);CRTS
55504.13213;18.37;0.13;CRTS;CRTS(CL);CRTS
55530.12623;18.0;0.11;CRTS;CRTS(CL);CRTS
55530.13546;18.61;0.14;CRTS;CRTS(CL);CRTS
55530.14004;18.62;0.14;CRTS;CRTS(CL);CRTS
55538.6958491;16.039;0.281;ALLWISE;WISE(W1);ALLWISE
55538.8280261;15.956;0.269;ALLWISE;WISE(W1);ALLWISE
55538.8280261;15.294;0.422;ALLWISE;WISE(W2);ALLWISE
55538.8281534;15.701;0.182;ALLWISE;WISE(W1);ALLWISE
55538.9603304;14.997;0.324;ALLWISE;WISE(W2);ALLWISE
55538.9603304;15.917;0.225;ALLWISE;WISE(W1);ALLWISE
55539.0264189;15.243;0.423;ALLWISE;WISE(W2);ALLWISE
55539.0264189;15.615;0.17;ALLWISE;WISE(W1);ALLWISE
55539.0265463;15.266;0.126;ALLWISE;WISE(W1);ALLWISE
55539.0926348;15.453;0.506;ALLWISE;WISE(W2);ALLWISE
55539.0926348;15.822;0.202;ALLWISE;WISE(W1);ALLWISE
55539.1587233;15.62;0.214;ALLWISE;WISE(W1);ALLWISE
55539.2249391;15.874;0.236;ALLWISE;WISE(W1);ALLWISE
55539.2249391;14.841;0.273;ALLWISE;WISE(W2);ALLWISE
55539.2910276;14.997;0.346;ALLWISE;WISE(W2);ALLWISE
55539.2910276;15.887;0.298;ALLWISE;WISE(W1);ALLWISE
55539.4233319;15.815;0.193;ALLWISE;WISE(W1);ALLWISE
55539.5555137;14.817;0.31;ALLWISE;WISE(W2);ALLWISE
55539.5555137;15.873;0.21;ALLWISE;WISE(W1);ALLWISE
55565.08449;18.35;0.13;CRTS;CRTS(CL);CRTS
55565.08963;18.65;0.15;CRTS;CRTS(CL);CRTS
55565.09472;18.47;0.14;CRTS;CRTS(CL);CRTS
55565.09984;18.35;0.13;CRTS;CRTS(CL);CRTS
55696.79235;18.79;0.29;CRTS;CRTS(CL);CRTS
55696.80135;18.53;0.25;CRTS;CRTS(CL);CRTS
55696.81938;17.82;0.17;CRTS;CRTS(CL);CRTS
55722.76134;17.91;0.16;CRTS;CRTS(CL);CRTS
55722.77487;18.22;0.19;CRTS;CRTS(CL);CRTS
55722.78883;18.91;0.27;CRTS;CRTS(CL);CRTS
55722.80254;18.84;0.26;CRTS;CRTS(CL);CRTS
55753.6942;18.31;0.16;CRTS;CRTS(CL);CRTS
55753.73006;18.71;0.19;CRTS;CRTS(CL);CRTS
55753.74812;18.63;0.18;CRTS;CRTS(CL);CRTS
55807.5117487;18.6291;0.007063;PS1;PS1(z);PS1
55822.3304;19.15;0.18;CRTS;CRTS(CL);CRTS
55822.33803;18.49;0.14;CRTS;CRTS(CL);CRTS
55822.3458;18.75;0.15;CRTS;CRTS(CL);CRTS
55822.35353;18.57;0.14;CRTS;CRTS(CL);CRTS
55825.35528;18.68;0.09;CRTS;CRTS(CL);CRTS
55825.36244;18.5;0.08;CRTS;CRTS(CL);CRTS
55825.36962;18.6;0.09;CRTS;CRTS(CL);CRTS
55825.37674;18.68;0.09;CRTS;CRTS(CL);CRTS
55833.29355;18.32;0.13;CRTS;CRTS(CL);CRTS
55833.2969;18.37;0.13;CRTS;CRTS(CL);CRTS
55833.30037;18.43;0.13;CRTS;CRTS(CL);CRTS
55833.30382;18.46;0.14;CRTS;CRTS(CL);CRTS
55840.19407;18.52;0.14;CRTS;CRTS(CL);CRTS
55840.20282;17.99;0.11;CRTS;CRTS(CL);CRTS
55840.2116;18.58;0.14;CRTS;CRTS(CL);CRTS
55840.22042;18.44;0.13;CRTS;CRTS(CL);CRTS
55849.25824;18.58;0.14;CRTS;CRTS(CL);CRTS
55849.26505;18.65;0.14;CRTS;CRTS(CL);CRTS
55849.27189;18.33;0.13;CRTS;CRTS(CL);CRTS
55849.27871;18.54;0.14;CRTS;CRTS(CL);CRTS
55857.26042;18.44;0.12;CRTS;CRTS(CL);CRTS
55857.26867;18.51;0.12;CRTS;CRTS(CL);CRTS
55857.27693;18.52;0.12;CRTS;CRTS(CL);CRTS
55857.28522;18.36;0.12;CRTS;CRTS(CL);CRTS
55858.15567;18.61;0.08;CRTS;CRTS(CL);CRTS
55858.16088;18.49;0.08;CRTS;CRTS(CL);CRTS
55858.16613;18.59;0.08;CRTS;CRTS(CL);CRTS
55858.17141;18.64;0.09;CRTS;CRTS(CL);CRTS
55864.14992;18.79;0.15;CRTS;CRTS(CL);CRTS
55864.15559;18.43;0.13;CRTS;CRTS(CL);CRTS
55864.16131;18.22;0.12;CRTS;CRTS(CL);CRTS
55864.16702;18.59;0.14;CRTS;CRTS(CL);CRTS
55864.5983367;19.1476;0.005637;PS1;PS1(r);PS1
55881.13131;18.72;0.15;CRTS;CRTS(CL);CRTS
55881.13634;18.29;0.12;CRTS;CRTS(CL);CRTS
55881.14144;18.62;0.14;CRTS;CRTS(CL);CRTS
55881.14658;18.51;0.14;CRTS;CRTS(CL);CRTS
55930.06321;18.53;0.14;CRTS;CRTS(CL);CRTS
55930.0684;18.95;0.17;CRTS;CRTS(CL);CRTS
55930.07352;18.41;0.13;CRTS;CRTS(CL);CRTS
55930.07869;18.67;0.15;CRTS;CRTS(CL);CRTS
56059.0688329;19.7608;0.01022;PS1;PS1(g);PS1
56065.78053;18.69;0.36;CRTS;CRTS(CL);CRTS
56065.79073;18.52;0.3;CRTS;CRTS(CL);CRTS
56065.80094;18.28;0.28;CRTS;CRTS(CL);CRTS
56065.81125;18.79;0.36;CRTS;CRTS(CL);CRTS
56128.66741;18.46;0.19;CRTS;CRTS(CL);CRTS
56128.68028;18.56;0.2;CRTS;CRTS(CL);CRTS
56128.69313;18.3;0.18;CRTS;CRTS(CL);CRTS
56128.70603;18.73;0.22;CRTS;CRTS(CL);CRTS
56165.27909;18.49;0.15;CRTS;CRTS(CL);CRTS
56165.29779;18.76;0.16;CRTS;CRTS(CL);CRTS
56165.30387;18.68;0.16;CRTS;CRTS(CL);CRTS
56165.32041;18.39;0.14;CRTS;CRTS(CL);CRTS
56182.60997;18.33;0.18;CRTS;CRTS(CL);CRTS
56182.62274;18.42;0.19;CRTS;CRTS(CL);CRTS
56182.63553;18.16;0.16;CRTS;CRTS(CL);CRTS
56182.64832;18.0;0.15;CRTS;CRTS(CL);CRTS
56185.27425;18.34;0.12;CRTS;CRTS(CL);CRTS
56185.2797;18.55;0.13;CRTS;CRTS(CL);CRTS
56185.28522;18.52;0.13;CRTS;CRTS(CL);CRTS
56185.29067;18.39;0.12;CRTS;CRTS(CL);CRTS
56187.2824;18.57;0.09;CRTS;CRTS(CL);CRTS
56187.29237;18.64;0.09;CRTS;CRTS(CL);CRTS
56187.30233;18.61;0.09;CRTS;CRTS(CL);CRTS
56187.31217;18.62;0.09;CRTS;CRTS(CL);CRTS
56208.21099;18.32;0.13;CRTS;CRTS(CL);CRTS
56208.21658;18.53;0.14;CRTS;CRTS(CL);CRTS
56208.22218;18.51;0.14;CRTS;CRTS(CL);CRTS
56208.22775;18.63;0.15;CRTS;CRTS(CL);CRTS
56214.19199;18.34;0.13;CRTS;CRTS(CL);CRTS
56214.2004;18.55;0.14;CRTS;CRTS(CL);CRTS
56214.20884;18.47;0.14;CRTS;CRTS(CL);CRTS
56214.21734;18.35;0.13;CRTS;CRTS(CL);CRTS
56235.10781;18.28;0.13;CRTS;CRTS(CL);CRTS
56235.11684;18.47;0.14;CRTS;CRTS(CL);CRTS
56235.12576;18.69;0.15;CRTS;CRTS(CL);CRTS
56235.13478;18.71;0.15;CRTS;CRTS(CL);CRTS
56274.06698;18.53;0.12;CRTS;CRTS(CL);CRTS
56274.07167;18.58;0.13;CRTS;CRTS(CL);CRTS
56274.0764;18.42;0.12;CRTS;CRTS(CL);CRTS
56274.08117;18.53;0.12;CRTS;CRTS(CL);CRTS
56295.09944;18.57;0.08;CRTS;CRTS(CL);CRTS
56295.10575;18.55;0.08;CRTS;CRTS(CL);CRTS
56295.11236;18.61;0.08;CRTS;CRTS(CL);CRTS
56295.11856;18.67;0.08;CRTS;CRTS(CL);CRTS
56431.77033;18.23;0.17;CRTS;CRTS(CL);CRTS
56431.78478;18.47;0.23;CRTS;CRTS(CL);CRTS
56431.79918;18.48;0.24;CRTS;CRTS(CL);CRTS
56437.3064963;18.8389;0.004926;PS1;PS1(i);PS1
56458.79565;18.68;0.24;CRTS;CRTS(CL);CRTS
56458.8066;18.44;0.25;CRTS;CRTS(CL);CRTS
56458.81731;18.56;0.2;CRTS;CRTS(CL);CRTS
56458.82791;18.77;0.4;CRTS;CRTS(CL);CRTS
56493.71354;18.3;0.2;CRTS;CRTS(CL);CRTS
56493.72431;18.87;0.27;CRTS;CRTS(CL);CRTS
56493.74593;18.07;0.18;CRTS;CRTS(CL);CRTS
56536.30574;18.77;0.16;CRTS;CRTS(CL);CRTS
56536.31609;18.2;0.13;CRTS;CRTS(CL);CRTS
56536.32637;18.65;0.16;CRTS;CRTS(CL);CRTS
56536.3368;18.44;0.14;CRTS;CRTS(CL);CRTS
56547.29896;18.67;0.09;CRTS;CRTS(CL);CRTS
56547.30801;18.48;0.08;CRTS;CRTS(CL);CRTS
56547.31708;18.58;0.09;CRTS;CRTS(CL);CRTS
56547.32613;18.65;0.09;CRTS;CRTS(CL);CRTS
56549.2415;18.55;0.09;CRTS;CRTS(CL);CRTS
56549.24874;18.57;0.09;CRTS;CRTS(CL);CRTS
56549.25603;18.57;0.09;CRTS;CRTS(CL);CRTS
56549.26327;18.53;0.09;CRTS;CRTS(CL);CRTS
56558.25808;18.73;0.16;CRTS;CRTS(CL);CRTS
56558.26741;18.31;0.13;CRTS;CRTS(CL);CRTS
56558.27673;18.42;0.14;CRTS;CRTS(CL);CRTS
56558.286;18.59;0.15;CRTS;CRTS(CL);CRTS
56564.3383;18.48;0.14;CRTS;CRTS(CL);CRTS
56564.34272;18.68;0.15;CRTS;CRTS(CL);CRTS
56564.3472;18.82;0.16;CRTS;CRTS(CL);CRTS
56564.3517;18.59;0.14;CRTS;CRTS(CL);CRTS
56574.25931;18.53;0.14;CRTS;CRTS(CL);CRTS
56574.26778;18.41;0.13;CRTS;CRTS(CL);CRTS
56574.27628;18.62;0.14;CRTS;CRTS(CL);CRTS
56574.2848;18.45;0.13;CRTS;CRTS(CL);CRTS
56605.09921;18.5;0.08;CRTS;CRTS(CL);CRTS
56605.10699;18.6;0.09;CRTS;CRTS(CL);CRTS
56605.11477;18.59;0.09;CRTS;CRTS(CL);CRTS
56605.12258;18.56;0.09;CRTS;CRTS(CL);CRTS
56823.04199339;15.743;0.191;NEOWISE;WISE(W1);NEOWISE
56823.17353312;15.802;0.208;NEOWISE;WISE(W1);NEOWISE
56823.30520019;15.502;0.212;NEOWISE;WISE(W1);NEOWISE
56823.43673998;15.791;0.198;NEOWISE;WISE(W1);NEOWISE
56823.5025735;15.292;0.135;NEOWISE;WISE(W1);NEOWISE
56823.56840703;15.704;0.207;NEOWISE;WISE(W1);NEOWISE
56823.63411324;14.835;0.381;NEOWISE;WISE(W2);NEOWISE
56823.63411324;15.529;0.168;NEOWISE;WISE(W1);NEOWISE
56823.76578035;15.579;0.19;NEOWISE;WISE(W1);NEOWISE
56823.89732017;15.464;0.258;NEOWISE;WISE(W1);NEOWISE
56824.02886053;15.626;0.21;NEOWISE;WISE(W1);NEOWISE
56869.100730000064;19.89;0.08154550000611174;Gaia Alerts;GSA(G);Gaia Alerts
56869.174730000086;19.91;0.08252774907675847;Gaia Alerts;GSA(G);Gaia Alerts
56869.35091000004;20.04;0.08920721887252694;Gaia Alerts;GSA(G);Gaia Alerts
56869.424920000136;19.95;0.08452788451602908;Gaia Alerts;GSA(G);Gaia Alerts
57003.27598429;15.71;0.25;NEOWISE;WISE(W1);NEOWISE
57003.27611161;15.208;0.426;NEOWISE;WISE(W2);NEOWISE
57003.27611161;15.286;0.132;NEOWISE;WISE(W1);NEOWISE
57003.4075247;16.006;0.246;NEOWISE;WISE(W1);NEOWISE
57003.53893775;14.645;0.325;NEOWISE;WISE(W2);NEOWISE
57003.53893775;15.654;0.18;NEOWISE;WISE(W1);NEOWISE
57003.60464425;15.591;0.154;NEOWISE;WISE(W1);NEOWISE
57003.6703508;15.512;0.152;NEOWISE;WISE(W1);NEOWISE
57003.6703508;14.723;0.333;NEOWISE;WISE(W2);NEOWISE
57003.73605734;14.996;0.128;NEOWISE;WISE(W1);NEOWISE
57003.80176389;14.692;0.266;NEOWISE;WISE(W2);NEOWISE
57003.80176389;16.46;0.377;NEOWISE;WISE(W1);NEOWISE
57003.8018912;15.354;0.273;NEOWISE;WISE(W1);NEOWISE
57003.86759775;15.457;0.143;NEOWISE;WISE(W1);NEOWISE
57003.99901085;15.347;0.134;NEOWISE;WISE(W1);NEOWISE
57004.13042389;14.837;0.342;NEOWISE;WISE(W2);NEOWISE
57004.13042389;15.799;0.19;NEOWISE;WISE(W1);NEOWISE
57004.26183694;15.497;0.156;NEOWISE;WISE(W1);NEOWISE
57004.26183694;14.965;0.436;NEOWISE;WISE(W2);NEOWISE
57147.66998999985;19.92;0.08302330159249556;Gaia Alerts;GSA(G);Gaia Alerts
57165.85124999983;20.0;0.08709635899560814;Gaia Alerts;GSA(G);Gaia Alerts
57165.925249999855;19.99;0.08657649506603736;Gaia Alerts;GSA(G);Gaia Alerts
57187.767449;15.215;0.131;NEOWISE;WISE(W1);NEOWISE
57187.89860684;15.359;0.135;NEOWISE;WISE(W1);NEOWISE
57187.8987342;15.001;0.401;NEOWISE;WISE(W2);NEOWISE
57187.8987342;15.647;0.422;NEOWISE;WISE(W1);NEOWISE
57188.02989207;15.39;0.172;NEOWISE;WISE(W1);NEOWISE
57188.16117721;15.531;0.172;NEOWISE;WISE(W1);NEOWISE
57188.22675616;15.126;0.406;NEOWISE;WISE(W2);NEOWISE
57188.22675616;15.503;0.166;NEOWISE;WISE(W1);NEOWISE
57188.29233505;15.452;0.162;NEOWISE;WISE(W1);NEOWISE
57188.29233505;14.886;0.411;NEOWISE;WISE(W2);NEOWISE
57188.35791394;15.208;0.476;NEOWISE;WISE(W2);NEOWISE
57188.35791394;15.623;0.165;NEOWISE;WISE(W1);NEOWISE
57188.42362019;15.962;0.235;NEOWISE;WISE(W1);NEOWISE
57188.48919912;15.074;0.419;NEOWISE;WISE(W2);NEOWISE
57188.48919912;15.446;0.15;NEOWISE;WISE(W1);NEOWISE
57188.62035747;15.02;0.337;NEOWISE;WISE(W2);NEOWISE
57188.62035747;15.489;0.179;NEOWISE;WISE(W1);NEOWISE
57188.75164271;16.26;0.321;NEOWISE;WISE(W1);NEOWISE
57188.75164271;14.728;0.406;NEOWISE;WISE(W2);NEOWISE
57199.33619000018;20.3;0.10423174293933057;Gaia Alerts;GSA(G);Gaia Alerts
57199.410209999885;20.03;0.08867475556540437;Gaia Alerts;GSA(G);Gaia Alerts
57336.621489999816;19.95;0.08452788451602908;Gaia Alerts;GSA(G);Gaia Alerts
57356.69445999991;19.87;0.0805749417091453;Gaia Alerts;GSA(G);Gaia Alerts
57356.87058999995;20.01;0.08761934454040558;Gaia Alerts;GSA(G);Gaia Alerts
57362.41105712;15.46;0.522;NEOWISE;WISE(W2);NEOWISE
57362.41105712;15.246;0.128;NEOWISE;WISE(W1);NEOWISE
57362.54221566;14.47;0.292;NEOWISE;WISE(W2);NEOWISE
57362.54221566;15.443;0.14;NEOWISE;WISE(W1);NEOWISE
57362.67337421;15.155;0.523;NEOWISE;WISE(W2);NEOWISE
57362.67337421;15.781;0.221;NEOWISE;WISE(W1);NEOWISE
57362.80453275;15.416;0.131;NEOWISE;WISE(W1);NEOWISE
57362.87011205;15.398;0.166;NEOWISE;WISE(W1);NEOWISE
57362.87011205;15.119;0.404;NEOWISE;WISE(W2);NEOWISE
57362.9356913;15.69;0.173;NEOWISE;WISE(W1);NEOWISE
57362.9356913;15.038;0.335;NEOWISE;WISE(W2);NEOWISE
57363.00127059;15.251;0.121;NEOWISE;WISE(W1);NEOWISE
57363.13242913;16.036;0.273;NEOWISE;WISE(W1);NEOWISE
57363.26346027;15.376;0.159;NEOWISE;WISE(W1);NEOWISE
57363.26346027;15.534;0.506;NEOWISE;WISE(W2);NEOWISE
57363.26358763;15.221;0.412;NEOWISE;WISE(W2);NEOWISE
57363.26358763;15.673;0.195;NEOWISE;WISE(W1);NEOWISE
57363.39461881;15.665;0.178;NEOWISE;WISE(W1);NEOWISE
57363.39461881;15.125;0.436;NEOWISE;WISE(W2);NEOWISE
57386.17652000021;20.03;0.08867475556540437;Gaia Alerts;GSA(G);Gaia Alerts
57522.21670000022;19.93;0.08352182974126017;Gaia Alerts;GSA(G);Gaia Alerts
57522.3928700001;20.09;0.09191788016944913;Gaia Alerts;GSA(G);Gaia Alerts
57551.93001176;15.331;0.136;NEOWISE;WISE(W1);NEOWISE
57551.93001176;15.217;0.464;NEOWISE;WISE(W2);NEOWISE
57552.06104244;15.319;0.132;NEOWISE;WISE(W1);NEOWISE
57552.19207312;15.808;0.243;NEOWISE;WISE(W1);NEOWISE
57552.19207312;15.367;0.504;NEOWISE;WISE(W2);NEOWISE
57552.32310366;15.819;0.207;NEOWISE;WISE(W1);NEOWISE
57552.38868262;14.822;0.409;NEOWISE;WISE(W2);NEOWISE
57552.38868262;15.38;0.146;NEOWISE;WISE(W1);NEOWISE
57552.4541342;15.311;0.149;NEOWISE;WISE(W1);NEOWISE
57552.51971321;15.468;0.152;NEOWISE;WISE(W1);NEOWISE
57552.65074369;15.356;0.143;NEOWISE;WISE(W1);NEOWISE
57552.78177433;15.472;0.25;NEOWISE;WISE(W1);NEOWISE
57552.78177433;15.077;0.464;NEOWISE;WISE(W2);NEOWISE
57552.91280497;15.697;0.179;NEOWISE;WISE(W1);NEOWISE
57575.209770000074;19.89;0.08154550000611174;Gaia Alerts;GSA(G);Gaia Alerts
57721.63160443;15.931;0.246;NEOWISE;WISE(W1);NEOWISE
57721.76250813;15.757;0.187;NEOWISE;WISE(W1);NEOWISE
57721.76250813;15.543;0.541;NEOWISE;WISE(W2);NEOWISE
57721.89353912;15.624;0.171;NEOWISE;WISE(W1);NEOWISE
57721.95899096;15.302;0.174;NEOWISE;WISE(W1);NEOWISE
57721.95899096;15.094;0.384;NEOWISE;WISE(W2);NEOWISE
57721.95911833;15.731;0.218;NEOWISE;WISE(W1);NEOWISE
57722.02457017;15.218;0.522;NEOWISE;WISE(W2);NEOWISE
57722.02457017;15.454;0.144;NEOWISE;WISE(W1);NEOWISE
57722.09002201;14.964;0.329;NEOWISE;WISE(W2);NEOWISE
57722.09002201;15.507;0.19;NEOWISE;WISE(W1);NEOWISE
57722.15560122;15.55;0.157;NEOWISE;WISE(W1);NEOWISE
57722.22105296;15.765;0.309;NEOWISE;WISE(W1);NEOWISE
57722.35208397;15.23;0.146;NEOWISE;WISE(W1);NEOWISE
57722.48311497;14.887;0.284;NEOWISE;WISE(W2);NEOWISE
57722.48311497;15.448;0.137;NEOWISE;WISE(W1);NEOWISE
57736.40831999993;20.08;0.09136923736814541;Gaia Alerts;GSA(G);Gaia Alerts
57736.48233000003;19.88;0.08105876824647379;Gaia Alerts;GSA(G);Gaia Alerts
57761.223189999815;19.97;0.08554605763414555;Gaia Alerts;GSA(G);Gaia Alerts
57916.09358569;15.738;0.21;NEOWISE;WISE(W1);NEOWISE
57916.22448896;15.5;0.164;NEOWISE;WISE(W1);NEOWISE
57916.35539218;15.228;0.536;NEOWISE;WISE(W2);NEOWISE
57916.35539218;16.199;0.465;NEOWISE;WISE(W1);NEOWISE
57916.48642281;15.443;0.183;NEOWISE;WISE(W1);NEOWISE
57916.55187444;15.613;0.176;NEOWISE;WISE(W1);NEOWISE
57916.61732664;15.258;0.127;NEOWISE;WISE(W1);NEOWISE
57916.68277823;16.296;0.375;NEOWISE;WISE(W1);NEOWISE
57916.74822991;15.847;0.205;NEOWISE;WISE(W1);NEOWISE
57916.81368155;15.424;0.143;NEOWISE;WISE(W1);NEOWISE
57916.94471218;15.648;0.175;NEOWISE;WISE(W1);NEOWISE
57917.07561549;14.595;0.242;NEOWISE;WISE(W2);NEOWISE
57917.07561549;15.83;0.211;NEOWISE;WISE(W1);NEOWISE
57917.20651872;15.725;0.187;NEOWISE;WISE(W1);NEOWISE
57950.74197999993;20.0;0.08709635899560814;Gaia Alerts;GSA(G);Gaia Alerts
58082.28073106;14.842;0.389;NEOWISE;WISE(W2);NEOWISE
58082.28073106;15.814;0.219;NEOWISE;WISE(W1);NEOWISE
58082.28085838;14.977;0.351;NEOWISE;WISE(W2);NEOWISE
58082.28085838;15.323;0.127;NEOWISE;WISE(W1);NEOWISE
58082.41176185;15.707;0.168;NEOWISE;WISE(W1);NEOWISE
58082.54266537;14.939;0.374;NEOWISE;WISE(W2);NEOWISE
58082.54266537;15.584;0.204;NEOWISE;WISE(W1);NEOWISE
58082.60811709;15.525;0.158;NEOWISE;WISE(W1);NEOWISE
58082.67356883;15.816;0.218;NEOWISE;WISE(W1);NEOWISE
58082.73902057;15.542;0.17;NEOWISE;WISE(W1);NEOWISE
58082.80447235;15.809;0.205;NEOWISE;WISE(W1);NEOWISE
58082.80447235;14.944;0.344;NEOWISE;WISE(W2);NEOWISE
58082.86992409;15.563;0.156;NEOWISE;WISE(W1);NEOWISE
58082.86992409;14.932;0.366;NEOWISE;WISE(W2);NEOWISE
58083.0008276;15.495;0.167;NEOWISE;WISE(W1);NEOWISE
58083.0008276;14.674;0.252;NEOWISE;WISE(W2);NEOWISE
58083.13173112;15.751;0.178;NEOWISE;WISE(W1);NEOWISE
58083.13185844;15.777;0.366;NEOWISE;WISE(W1);NEOWISE
58083.26276186;15.97;0.225;NEOWISE;WISE(W1);NEOWISE
58085.68473163;13.528;0.479;NEOWISE;WISE(W2);NEOWISE
58085.68473163;14.379;0.195;NEOWISE;WISE(W1);NEOWISE
58086.14302123;15.59;0.224;NEOWISE;WISE(W1);NEOWISE
58086.272049999796;20.01;0.08761934454040558;Gaia Alerts;GSA(G);Gaia Alerts
58086.34604999982;20.0;0.08709635899560814;Gaia Alerts;GSA(G);Gaia Alerts
58135.57600999996;20.07;0.09082386932603852;Gaia Alerts;GSA(G);Gaia Alerts
58274.4818287;18.9291821;0.066341579;ZTF;ZTF(zr);ZTF
58280.4815278;18.8344154;0.0618026108;ZTF;ZTF(zr);ZTF
58283.30858132;15.533;0.165;NEOWISE;WISE(W1);NEOWISE
58283.43948463;15.404;0.145;NEOWISE;WISE(W1);NEOWISE
58283.4428935;19.6185608;0.0886975601;ZTF;ZTF(zg);ZTF
58283.4800926;18.8383484;0.0619845577;ZTF;ZTF(zr);ZTF
58283.57026058;15.539;0.17;NEOWISE;WISE(W1);NEOWISE
58283.57038789;15.438;0.137;NEOWISE;WISE(W1);NEOWISE
58283.63571223;15.409;0.154;NEOWISE;WISE(W1);NEOWISE
58283.70116385;14.836;0.368;NEOWISE;WISE(W2);NEOWISE
58283.70116385;15.674;0.247;NEOWISE;WISE(W1);NEOWISE
58283.76661551;16.067;0.255;NEOWISE;WISE(W1);NEOWISE
58283.83206721;15.696;0.188;NEOWISE;WISE(W1);NEOWISE
58283.89751887;15.542;0.179;NEOWISE;WISE(W1);NEOWISE
58284.02842218;15.578;0.178;NEOWISE;WISE(W1);NEOWISE
58284.15919812;15.649;0.19;NEOWISE;WISE(W1);NEOWISE
58284.1593255;15.741;0.186;NEOWISE;WISE(W1);NEOWISE
58284.1593255;15.063;0.464;NEOWISE;WISE(W2);NEOWISE
58284.29010145;15.65;0.168;NEOWISE;WISE(W1);NEOWISE
58286.4428704;19.6171989;0.0886079445;ZTF;ZTF(zg);ZTF
58290.4800926;18.940464;0.0669037476;ZTF;ZTF(zr);ZTF
58300.417963;18.8633022;0.0631518811;ZTF;ZTF(zr);ZTF
58305.4365856;18.8086014;0.0606218502;ZTF;ZTF(zr);ZTF
58305.4594097;19.6259346;0.0891838968;ZTF;ZTF(zg);ZTF
58312.4389815;18.9085846;0.0653273389;ZTF;ZTF(zr);ZTF
58318.418287;19.7664986;0.098922126;ZTF;ZTF(zg);ZTF
58322.4398495;19.6828003;0.0930164903;ZTF;ZTF(zg);ZTF
58322.4819097;18.8691559;0.0634289086;ZTF;ZTF(zr);ZTF
58325.038920000196;19.84;0.0791407205399486;Gaia Alerts;GSA(G);Gaia Alerts
58325.438044;19.7065697;0.0946614519;ZTF;ZTF(zg);ZTF
58325.461088;18.8074684;0.0605705269;ZTF;ZTF(zr);ZTF
58328.3973958;18.9290371;0.0663343519;ZTF;ZTF(zr);ZTF
58333.4608681;19.6503162;0.0908094272;ZTF;ZTF(zg);ZTF
58333.4821412;18.9252396;0.0661462322;ZTF;ZTF(zr);ZTF
58336.3302662;19.7322483;0.0964672267;ZTF;ZTF(zg);ZTF
58336.4184028;18.8849831;0.0641841888;ZTF;ZTF(zr);ZTF
58343.3737037;18.9182777;0.0658026859;ZTF;ZTF(zr);ZTF
58345.3962269;18.8864632;0.0642553046;ZTF;ZTF(zr);ZTF
58345.4148958;19.6585045;0.0913613141;ZTF;ZTF(zg);ZTF
58346.3548148;19.7146206;0.0952244401;ZTF;ZTF(zg);ZTF
58347.3368171;19.7248554;0.095944263;ZTF;ZTF(zg);ZTF
58347.4008796;18.8849716;0.0641836748;ZTF;ZTF(zr);ZTF
58348.413588;18.8560143;0.0628086478;ZTF;ZTF(zr);ZTF
58349.3534838;18.9181938;0.0657985136;ZTF;ZTF(zr);ZTF
58349.3543981;18.9073219;0.0652656183;ZTF;ZTF(zr);ZTF
58349.3771759;19.6243248;0.0890775472;ZTF;ZTF(zg);ZTF
58351.4247801;19.7095375;0.0948686674;ZTF;ZTF(zg);ZTF
58352.3332292;18.8606148;0.0630251244;ZTF;ZTF(zr);ZTF
58352.3755671;19.8281651;0.103476107;ZTF;ZTF(zg);ZTF
58353.3831944;18.9089966;0.0597280562;ZTF;ZTF(zr);ZTF
58353.4596528;18.8444157;0.0622663647;ZTF;ZTF(zr);ZTF
58354.3537847;18.8968391;0.0647559017;ZTF;ZTF(zr);ZTF
58354.3774884;18.9051552;0.0651599616;ZTF;ZTF(zr);ZTF
58355.3552546;18.9485168;0.0673078895;ZTF;ZTF(zr);ZTF
58355.4180671;18.8725891;0.063591972;ZTF;ZTF(zr);ZTF
58355.4190509;18.9123192;0.0655100271;ZTF;ZTF(zr);ZTF
58356.3808218;18.7951775;0.0600170195;ZTF;ZTF(zr);ZTF
58360.3538194;18.8448868;0.0622882843;ZTF;ZTF(zr);ZTF
58360.4241319;19.5017891;0.105295226;ZTF;ZTF(zg);ZTF
58361.3348032;18.7914543;0.0598503835;ZTF;ZTF(zr);ZTF
58362.3359606;18.9076767;0.0652829558;ZTF;ZTF(zr);ZTF
58362.3820023;18.8662033;0.057868652;ZTF;ZTF(zr);ZTF
58362.4648958;19.7162724;0.0953402445;ZTF;ZTF(zg);ZTF
58363.3353009;19.6749115;0.0924761221;ZTF;ZTF(zg);ZTF
58363.3375926;19.511858;0.0819273815;ZTF;ZTF(zg);ZTF
58363.3934722;19.6188965;0.113559052;ZTF;ZTF(zg);ZTF
58363.4205671;18.8372307;0.0619328246;ZTF;ZTF(zr);ZTF
58363.4214815;18.8915081;0.0644982085;ZTF;ZTF(zr);ZTF
58364.2918866;19.6374969;0.0899515152;ZTF;ZTF(zg);ZTF
58364.3648264;18.9179249;0.0657853335;ZTF;ZTF(zr);ZTF
58366.3733102;18.8087463;0.0606283806;ZTF;ZTF(zr);ZTF
58366.3742361;18.8656082;0.0632608533;ZTF;ZTF(zr);ZTF
58366.4178125;19.6793957;0.0927829519;ZTF;ZTF(zg);ZTF
58366.4187153;19.7182941;0.0954822153;ZTF;ZTF(zg);ZTF
58367.2964931;19.6721268;0.0922860503;ZTF;ZTF(zg);ZTF
58367.3724421;18.891119;0.0644794106;ZTF;ZTF(zr);ZTF
58368.3371065;18.8522377;0.0626315325;ZTF;ZTF(zr);ZTF
58369.3293981;19.6716461;0.0922532976;ZTF;ZTF(zg);ZTF
58369.3303125;19.5941582;0.0871050656;ZTF;ZTF(zg);ZTF
58369.3770139;18.804821;0.0604508445;ZTF;ZTF(zr);ZTF
58369.3783912;18.8700905;0.0634732544;ZTF;ZTF(zr);ZTF
58370.3058796;18.7739735;0.0590743795;ZTF;ZTF(zr);ZTF
58370.3701042;19.6767235;0.092599988;ZTF;ZTF(zg);ZTF
58371.3188079;18.8173447;0.061019145;ZTF;ZTF(zr);ZTF
58371.3509606;19.6843109;0.0931202546;ZTF;ZTF(zg);ZTF
58372.289456;19.7247372;0.0959359258;ZTF;ZTF(zg);ZTF
58372.2903704;19.6201534;0.0888024047;ZTF;ZTF(zg);ZTF
58372.3708681;18.7883415;0.0597113892;ZTF;ZTF(zr);ZTF
58372.3717824;18.8521824;0.0626289696;ZTF;ZTF(zr);ZTF
58373.3326852;18.8244858;0.0613456145;ZTF;ZTF(zr);ZTF
58373.3584375;19.5543442;0.0845633447;ZTF;ZTF(zg);ZTF
58374.2718981;19.572731;0.0857285187;ZTF;ZTF(zg);ZTF
58374.3362963;18.8712788;0.0635297;ZTF;ZTF(zr);ZTF
58375.3118287;19.6999016;0.0941973776;ZTF;ZTF(zg);ZTF
58375.3362269;18.8711033;0.0635213777;ZTF;ZTF(zr);ZTF
58376.3110069;19.7579288;0.0983028933;ZTF;ZTF(zg);ZTF
58376.3388426;18.8544655;0.0627359599;ZTF;ZTF(zr);ZTF
58377.3079514;18.8364677;0.0618975163;ZTF;ZTF(zr);ZTF
58377.3362037;19.6423645;0.0902764052;ZTF;ZTF(zg);ZTF
58378.3149769;19.6380367;0.0899874344;ZTF;ZTF(zg);ZTF
58378.3158912;19.6727028;0.0923253223;ZTF;ZTF(zg);ZTF
58378.3777894;18.8494549;0.0625013784;ZTF;ZTF(zr);ZTF
58378.3787037;18.9282913;0.0662974045;ZTF;ZTF(zr);ZTF
58379.3118403;18.8654022;0.0632511526;ZTF;ZTF(zr);ZTF
58379.3351157;19.775631;0.0995856971;ZTF;ZTF(zg);ZTF
58383.272963;19.6760941;0.0925569385;ZTF;ZTF(zg);ZTF
58383.3136574;18.8931732;0.0645786077;ZTF;ZTF(zr);ZTF
58388.2720949;18.9758072;0.0686955303;ZTF;ZTF(zr);ZTF
58389.2945833;18.7967796;0.0600888729;ZTF;ZTF(zr);ZTF
58389.3320949;18.8562851;0.0574463159;ZTF;ZTF(zr);ZTF
58390.2671991;18.8116322;0.0607592538;ZTF;ZTF(zr);ZTF
58390.2681134;18.9258652;0.0661772043;ZTF;ZTF(zr);ZTF
58390.3029861;19.7371597;0.0968159959;ZTF;ZTF(zg);ZTF
58390.3039005;19.713829;0.0951689631;ZTF;ZTF(zg);ZTF
58390.3541204;19.6795597;0.117913716;ZTF;ZTF(zg);ZTF
58397.2851736;18.9528084;0.0675242543;ZTF;ZTF(zr);ZTF
58397.343125;19.6854992;0.0932019949;ZTF;ZTF(zg);ZTF
58400.2318866;18.5797539;0.0660451949;ZTF;ZTF(zi);ZTF
58423.2389583;19.8060875;0.101825945;ZTF;ZTF(zg);ZTF
58423.2398727;19.7412815;0.0971094817;ZTF;ZTF(zg);ZTF
58426.225463;19.5229607;0.0826086923;ZTF;ZTF(zg);ZTF
58426.228206;19.8096123;0.10208784;ZTF;ZTF(zg);ZTF
58426.231956;18.959938;0.0678852499;ZTF;ZTF(zr);ZTF
58426.2328704;18.9389763;0.0668293461;ZTF;ZTF(zr);ZTF
58428.1273264;18.4852448;0.0614582337;ZTF;ZTF(zi);ZTF
58428.2013657;19.5842495;0.0864659697;ZTF;ZTF(zg);ZTF
58428.2485995;18.8954735;0.0646897778;ZTF;ZTF(zr);ZTF
58429.2101157;19.615202;0.0884767622;ZTF;ZTF(zg);ZTF
58429.2110301;19.7398491;0.0970074311;ZTF;ZTF(zg);ZTF
58429.2527546;18.8880711;0.0643326342;ZTF;ZTF(zr);ZTF
58429.2596296;18.9555187;0.0676612854;ZTF;ZTF(zr);ZTF
58430.2083681;18.9098568;0.065389514;ZTF;ZTF(zr);ZTF
58430.2615509;19.5908775;0.0868929848;ZTF;ZTF(zg);ZTF
58431.1891204;18.708168;0.0562462956;ZTF;ZTF(zr);ZTF
58431.211412;19.3739338;0.0739006624;ZTF;ZTF(zg);ZTF
58432.2286458;19.4768143;0.0798117965;ZTF;ZTF(zg);ZTF
58432.2526736;18.7283325;0.0570974052;ZTF;ZTF(zr);ZTF
58432.2558796;18.8861732;0.064241387;ZTF;ZTF(zr);ZTF
58434.1465625;19.4642868;0.0790682286;ZTF;ZTF(zg);ZTF
58434.1921644;18.7402267;0.0576058365;ZTF;ZTF(zr);ZTF
58434.2127199;18.5468082;0.0644098073;ZTF;ZTF(zi);ZTF
58435.1903819;19.56287;0.0851017833;ZTF;ZTF(zg);ZTF
58435.1981944;19.5845699;0.0864865929;ZTF;ZTF(zg);ZTF
58435.2528935;18.6141472;0.0524530448;ZTF;ZTF(zr);ZTF
58435.2552083;18.5705624;0.0507895723;ZTF;ZTF(zr);ZTF
58436.1920833;19.5892067;0.0867852122;ZTF;ZTF(zg);ZTF
58443.1260069;18.8577805;0.0575097688;ZTF;ZTF(zr);ZTF
58445.75322056;15.109;0.486;NEOWISE;WISE(W2);NEOWISE
58445.75322056;15.671;0.198;NEOWISE;WISE(W1);NEOWISE
58445.88412403;15.644;0.165;NEOWISE;WISE(W1);NEOWISE
58446.01490008;15.529;0.202;NEOWISE;WISE(W1);NEOWISE
58446.01490008;15.544;0.525;NEOWISE;WISE(W2);NEOWISE
58446.1458035;15.423;0.136;NEOWISE;WISE(W1);NEOWISE
58446.1458035;15.227;0.453;NEOWISE;WISE(W2);NEOWISE
58446.27670683;14.782;0.29;NEOWISE;WISE(W2);NEOWISE
58446.27670683;15.353;0.128;NEOWISE;WISE(W1);NEOWISE
58446.34215853;16.056;0.225;NEOWISE;WISE(W1);NEOWISE
58446.47306191;15.597;0.151;NEOWISE;WISE(W1);NEOWISE
58446.60383801;15.729;0.205;NEOWISE;WISE(W1);NEOWISE
58446.73474138;15.101;0.112;NEOWISE;WISE(W1);NEOWISE
58456.1667824;18.7200813;0.0567475259;ZTF;ZTF(zr);ZTF
58471.1458565;19.0294685;0.0715060234;ZTF;ZTF(zr);ZTF
58472.1658681;19.3109589;0.0704970509;ZTF;ZTF(zg);ZTF
58473.0923727;18.9141254;0.0655986443;ZTF;ZTF(zr);ZTF
58474.1323727;18.7688942;0.0588508546;ZTF;ZTF(zr);ZTF
58482.1849421;18.6540985;0.0540300794;ZTF;ZTF(zr);ZTF
58488.1276968;19.6868649;0.0932959318;ZTF;ZTF(zg);ZTF
58496.04154000012;20.0;0.08709635899560814;Gaia Alerts;GSA(G);Gaia Alerts
58496.11553000007;19.98;0.08605973411928224;Gaia Alerts;GSA(G);Gaia Alerts
58508.79545000009;19.9;0.08203515443298177;Gaia Alerts;GSA(G);Gaia Alerts
58510.0990509;18.6528244;0.0539789908;ZTF;ZTF(zr);ZTF
58510.1088657;18.7130871;0.0564526543;ZTF;ZTF(zr);ZTF
58511.10375;18.8565159;0.0628322139;ZTF;ZTF(zr);ZTF
58511.1086921;18.7696743;0.058885105;ZTF;ZTF(zr);ZTF
58514.1001042;18.5743084;0.0509302281;ZTF;ZTF(zr);ZTF
58514.1050231;18.858387;0.0629202053;ZTF;ZTF(zr);ZTF
58514.1099306;18.8182621;0.0610610098;ZTF;ZTF(zr);ZTF
58601.6146300002;19.84;0.0791407205399486;Gaia Alerts;GSA(G);Gaia Alerts
58601.68864999991;19.97;0.08554605763414555;Gaia Alerts;GSA(G);Gaia Alerts
58601.864810000174;19.97;0.08554605763414555;Gaia Alerts;GSA(G);Gaia Alerts
58601.93882999988;19.91;0.08252774907675847;Gaia Alerts;GSA(G);Gaia Alerts
58647.35963846;15.146;0.116;NEOWISE;WISE(W1);NEOWISE
58647.49054182;15.615;0.165;NEOWISE;WISE(W1);NEOWISE
58647.6213177;15.379;0.142;NEOWISE;WISE(W1);NEOWISE
58647.75209368;15.365;0.157;NEOWISE;WISE(W1);NEOWISE
58647.81754529;15.393;0.155;NEOWISE;WISE(W1);NEOWISE
58647.81754529;14.824;0.503;NEOWISE;WISE(W2);NEOWISE
58647.88299693;15.232;0.22;NEOWISE;WISE(W1);NEOWISE
58647.88299693;14.865;0.512;NEOWISE;WISE(W2);NEOWISE
58647.94832127;15.282;0.15;NEOWISE;WISE(W1);NEOWISE
58648.01377287;15.897;0.213;NEOWISE;WISE(W1);NEOWISE
58648.07922453;15.425;0.275;NEOWISE;WISE(W1);NEOWISE
58648.21000042;15.05;0.197;NEOWISE;WISE(W1);NEOWISE
58648.34090367;15.531;0.157;NEOWISE;WISE(W1);NEOWISE
58654.4433681;19.0191307;0.0709560588;ZTF;ZTF(zr);ZTF
58667.4633912;18.7783585;0.0592680238;ZTF;ZTF(zr);ZTF
58670.4403356;19.6876488;0.093349956;ZTF;ZTF(zg);ZTF
58670.4630556;18.9029884;0.0650544241;ZTF;ZTF(zr);ZTF
58673.4466551;18.9042645;0.0651165769;ZTF;ZTF(zr);ZTF
58673.4794792;19.8008499;0.101437658;ZTF;ZTF(zg);ZTF
58677.4600579;19.7355137;0.0966989622;ZTF;ZTF(zg);ZTF
58680.4811343;19.9844017;0.11577867;ZTF;ZTF(zg);ZTF
58681.4370486;18.6707764;0.0547035635;ZTF;ZTF(zr);ZTF
58682.396875;18.8481827;0.0624419749;ZTF;ZTF(zr);ZTF
58688.4191551;18.8739128;0.0636549965;ZTF;ZTF(zr);ZTF
58688.4601852;19.7812672;0.0999970958;ZTF;ZTF(zg);ZTF
58688.461088;19.9015388;0.109118283;ZTF;ZTF(zg);ZTF
58690.4164468;18.8854542;0.0642067939;ZTF;ZTF(zr);ZTF
58690.4593981;19.722641;0.095788151;ZTF;ZTF(zg);ZTF
58691.3964005;18.8789349;0.0638945401;ZTF;ZTF(zr);ZTF
58691.406088;18.914793;0.0656314045;ZTF;ZTF(zr);ZTF
58691.4771181;19.6875305;0.0933418199;ZTF;ZTF(zg);ZTF
58691.4780208;19.731144;0.0963888988;ZTF;ZTF(zg);ZTF
58693.42006999999;19.97;0.08554605763414555;Gaia Alerts;GSA(G);Gaia Alerts
58694.416794;18.8578091;0.0628930107;ZTF;ZTF(zr);ZTF
58695.4285764;19.7424507;0.0971929133;ZTF;ZTF(zg);ZTF
58695.4294676;19.730957;0.0963757336;ZTF;ZTF(zg);ZTF
58695.4788542;18.8725834;0.0635917485;ZTF;ZTF(zr);ZTF
58696.4374537;19.7417717;0.0971445143;ZTF;ZTF(zg);ZTF
58697.4179977;18.8737621;0.0636477843;ZTF;ZTF(zr);ZTF
58698.4408796;19.7614651;0.0985580608;ZTF;ZTF(zg);ZTF
58698.4576505;19.6480122;0.0906546637;ZTF;ZTF(zg);ZTF
58699.3761458;18.9167709;0.0657285675;ZTF;ZTF(zr);ZTF
58700.4189699;18.8367367;0.0619099252;ZTF;ZTF(zr);ZTF
58700.4605903;19.7128468;0.095100157;ZTF;ZTF(zg);ZTF
58701.440162;19.6083488;0.0880278945;ZTF;ZTF(zg);ZTF
58701.4548495;19.9096184;0.109754369;ZTF;ZTF(zg);ZTF
58703.4191088;18.8999443;0.0649065003;ZTF;ZTF(zr);ZTF
58704.420706;19.7176723;0.0954385996;ZTF;ZTF(zg);ZTF
58704.4216088;19.5748825;0.0858658403;ZTF;ZTF(zg);ZTF
58705.3985417;19.6793671;0.0927809998;ZTF;ZTF(zg);ZTF
58707.4614468;18.8274364;0.0614810884;ZTF;ZTF(zr);ZTF
58707.4623611;18.8284569;0.0615279973;ZTF;ZTF(zr);ZTF
58710.3969907;18.8588257;0.0629408509;ZTF;ZTF(zr);ZTF
58710.3979398;19.1182594;0.0764000565;ZTF;ZTF(zr);ZTF
58711.3973843;18.7579441;0.0583719797;ZTF;ZTF(zr);ZTF
58715.3764468;18.7850113;0.0595631339;ZTF;ZTF(zr);ZTF
58716.3897454;18.8215332;0.0612104535;ZTF;ZTF(zr);ZTF
58718.3978935;19.7143955;0.0952086449;ZTF;ZTF(zg);ZTF
58719.4413079;18.9391403;0.0610745437;ZTF;ZTF(zr);ZTF
58719.4417477;18.9085293;0.0597074069;ZTF;ZTF(zr);ZTF
58724.3761111;18.8554878;0.0627839491;ZTF;ZTF(zr);ZTF
58727.3976273;19.6215858;0.0888967589;ZTF;ZTF(zg);ZTF
58728.250081;18.9147167;0.0656276643;ZTF;ZTF(zr);ZTF
58732.3788773;19.7767448;0.0996668488;ZTF;ZTF(zg);ZTF
58735.3986227;19.5188065;0.0823531449;ZTF;ZTF(zg);ZTF
58738.3384722;18.6801434;0.0550857112;ZTF;ZTF(zr);ZTF
58744.3521296;18.5736198;0.0657377467;ZTF;ZTF(zi);ZTF
58748.2895139;18.5711613;0.0656148493;ZTF;ZTF(zi);ZTF
58748.3627778;18.8246307;0.0561198257;ZTF;ZTF(zr);ZTF
58748.3632292;18.8875713;0.0587894954;ZTF;ZTF(zr);ZTF
58749.2934259;18.8372536;0.0619338751;ZTF;ZTF(zr);ZTF
58749.3168171;19.6778145;0.0926746279;ZTF;ZTF(zg);ZTF
58754.2913079;19.4763584;0.0797846392;ZTF;ZTF(zg);ZTF
58757.2942824;18.8228893;0.0612724796;ZTF;ZTF(zr);ZTF
58757.337581;18.3859901;0.0569788814;ZTF;ZTF(zi);ZTF
58760.2940278;18.830471;0.0616206601;ZTF;ZTF(zr);ZTF
58760.3359954;19.6215096;0.0888917223;ZTF;ZTF(zg);ZTF
58761.2947106;18.635006;0.068877086;ZTF;ZTF(zi);ZTF
58764.3412847;19.672924;0.0923404545;ZTF;ZTF(zg);ZTF
58764.4006597;18.8846283;0.0641671866;ZTF;ZTF(zr);ZTF
58765.2960995;18.7150917;0.0731836483;ZTF;ZTF(zi);ZTF
58770.2514236;18.992012;0.0695327818;ZTF;ZTF(zr);ZTF
58771.2479514;18.3510284;0.0554807112;ZTF;ZTF(zi);ZTF
58772.2815278;18.994442;0.0737137347;ZTF;ZTF(zg);ZTF
58772.2819792;19.2111359;0.0862084553;ZTF;ZTF(zg);ZTF
58774.2347917;18.816452;0.0557823591;ZTF;ZTF(zr);ZTF
58774.2352431;18.8122616;0.0556102954;ZTF;ZTF(zr);ZTF
58777.2030208;18.7429848;0.057724379;ZTF;ZTF(zr);ZTF
58781.2111343;19.5378819;0.0835326388;ZTF;ZTF(zg);ZTF
58781.2487153;18.9146214;0.0656229779;ZTF;ZTF(zr);ZTF
58785.215081;19.5750198;0.0858745947;ZTF;ZTF(zg);ZTF
58785.2503704;18.829586;0.0615799315;ZTF;ZTF(zr);ZTF
58788.2067477;19.5894928;0.0868036598;ZTF;ZTF(zg);ZTF
58788.22424999997;20.0;0.08709635899560814;Gaia Alerts;GSA(G);Gaia Alerts
58788.29824999999;19.89;0.08154550000611174;Gaia Alerts;GSA(G);Gaia Alerts
58791.1050463;18.9504738;0.0674064904;ZTF;ZTF(zr);ZTF
58791.1888426;19.7522812;0.0978966728;ZTF;ZTF(zg);ZTF
58797.1060301;18.8716068;0.0635452718;ZTF;ZTF(zr);ZTF
58797.1684491;19.4098701;0.0759152547;ZTF;ZTF(zg);ZTF
58797.3047199999;20.0;0.08709635899560814;Gaia Alerts;GSA(G);Gaia Alerts
58800.2735185;18.8126488;0.0608054288;ZTF;ZTF(zr);ZTF
58809.88151669;14.475;0.292;NEOWISE;WISE(W2);NEOWISE
58809.88151669;15.52;0.139;NEOWISE;WISE(W1);NEOWISE
58810.01229267;15.842;0.2;NEOWISE;WISE(W1);NEOWISE
58810.14268671;15.488;0.159;NEOWISE;WISE(W1);NEOWISE
58810.273972;15.091;0.507;NEOWISE;WISE(W2);NEOWISE
58810.273972;15.396;0.131;NEOWISE;WISE(W1);NEOWISE
58810.33942366;15.451;0.137;NEOWISE;WISE(W1);NEOWISE
58810.40474799;14.754;0.324;NEOWISE;WISE(W2);NEOWISE
58810.40474799;15.575;0.151;NEOWISE;WISE(W1);NEOWISE
58810.47019969;15.63;0.287;NEOWISE;WISE(W1);NEOWISE
58810.53565133;15.139;0.142;NEOWISE;WISE(W1);NEOWISE
58810.60097567;14.96;0.404;NEOWISE;WISE(W2);NEOWISE
58810.60097567;16.251;0.321;NEOWISE;WISE(W1);NEOWISE
58810.73187902;15.554;0.175;NEOWISE;WISE(W1);NEOWISE
58810.86265505;15.534;0.145;NEOWISE;WISE(W1);NEOWISE
58810.86265505;15.346;0.491;NEOWISE;WISE(W2);NEOWISE
58812.1416319;19.8237877;0.103147179;ZTF;ZTF(zg);ZTF
58812.1723148;18.8821945;0.0640504658;ZTF;ZTF(zr);ZTF
58830.2314005;18.7872276;0.0596617684;ZTF;ZTF(zr);ZTF
58833.0703356;19.0227356;0.0711473748;ZTF;ZTF(zr);ZTF
58836.1060764;19.725893;0.096017547;ZTF;ZTF(zg);ZTF
58852.0987616;19.6803436;0.0928479061;ZTF;ZTF(zg);ZTF
58852.1507986;18.8227234;0.0612648949;ZTF;ZTF(zr);ZTF
58856.0869676;19.6868725;0.093296513;ZTF;ZTF(zg);ZTF
58856.1285301;18.919405;0.0658581629;ZTF;ZTF(zr);ZTF
58863.0897338;18.753458;0.0581769943;ZTF;ZTF(zr);ZTF
58863.1077894;19.7930374;0.100860834;ZTF;ZTF(zg);ZTF
58873.0908218;18.80933;0.0606548451;ZTF;ZTF(zr);ZTF
58969.192890000064;19.96;0.08503544719998031;Gaia Alerts;GSA(G);Gaia Alerts
58969.26690000016;20.06;0.09028175649662577;Gaia Alerts;GSA(G);Gaia Alerts
58983.20691999979;20.0;0.08709635899560814;Gaia Alerts;GSA(G);Gaia Alerts
58983.28093999997;20.07;0.09082386932603852;Gaia Alerts;GSA(G);Gaia Alerts
59011.55214143;15.929;0.26;NEOWISE;WISE(W1);NEOWISE
59011.68291736;15.585;0.181;NEOWISE;WISE(W1);NEOWISE
59011.81369324;13.793;0.274;NEOWISE;WISE(W2);NEOWISE
59011.81369324;15.719;0.238;NEOWISE;WISE(W1);NEOWISE
59011.87914486;15.801;0.253;NEOWISE;WISE(W1);NEOWISE
59011.94446917;14.263;0.449;NEOWISE;WISE(W2);NEOWISE
59011.94446917;15.673;0.33;NEOWISE;WISE(W1);NEOWISE
59012.00992074;15.318;0.167;NEOWISE;WISE(W1);NEOWISE
59012.07524505;14.726;0.533;NEOWISE;WISE(W2);NEOWISE
59012.07524505;15.749;0.249;NEOWISE;WISE(W1);NEOWISE
59012.14069667;15.24;0.15;NEOWISE;WISE(W1);NEOWISE
59012.2714725;15.983;0.397;NEOWISE;WISE(W1);NEOWISE
59014.56062359;16.264;0.427;NEOWISE;WISE(W1);NEOWISE
59014.69139948;15.689;0.342;NEOWISE;WISE(W1);NEOWISE
59014.69152679;15.895;0.259;NEOWISE;WISE(W1);NEOWISE
59014.69152679;14.569;0.412;NEOWISE;WISE(W2);NEOWISE
59014.82230267;15.294;0.22;NEOWISE;WISE(W1);NEOWISE
59015.01840281;15.256;0.128;NEOWISE;WISE(W1);NEOWISE
59015.08385443;15.422;0.15;NEOWISE;WISE(W1);NEOWISE
59015.14917874;15.176;0.132;NEOWISE;WISE(W1);NEOWISE
59015.21463027;15.533;0.163;NEOWISE;WISE(W1);NEOWISE
59015.27995453;15.65;0.209;NEOWISE;WISE(W1);NEOWISE
59015.41073036;15.175;0.477;NEOWISE;WISE(W2);NEOWISE
59015.41073036;15.978;0.259;NEOWISE;WISE(W1);NEOWISE
59015.54150624;15.173;0.12;NEOWISE;WISE(W1);NEOWISE
59015.5416336;15.288;0.128;NEOWISE;WISE(W1);NEOWISE
59044.3573611;19.732605;0.0964924917;ZTF;ZTF(zg);ZTF
59044.4598032;18.8380871;0.0619724579;ZTF;ZTF(zr);ZTF
59047.4190162;18.7946205;0.0599920712;ZTF;ZTF(zr);ZTF
59047.4591204;19.6846619;0.0931443572;ZTF;ZTF(zg);ZTF
59049.3905324;18.9297581;0.0606521554;ZTF;ZTF(zr);ZTF
59050.4778935;18.8194466;0.0611150488;ZTF;ZTF(zr);ZTF
59055.4179167;19.5526276;0.0844553187;ZTF;ZTF(zg);ZTF
59055.4400579;18.860611;0.0630249009;ZTF;ZTF(zr);ZTF
59061.3643634;18.872179;0.0581246279;ZTF;ZTF(zr);ZTF
59061.3745833;18.8292828;0.0615659431;ZTF;ZTF(zr);ZTF
59064.4338426;18.802927;0.060365431;ZTF;ZTF(zr);ZTF
59073.3970139;19.7386417;0.0969214365;ZTF;ZTF(zg);ZTF
59075.4319792;19.707653;0.0947370604;ZTF;ZTF(zg);ZTF
59075.4324537;19.8175278;0.127855241;ZTF;ZTF(zg);ZTF
59075.4329167;19.7539062;0.123277649;ZTF;ZTF(zg);ZTF
59076.376794;18.8031845;0.0603770316;ZTF;ZTF(zr);ZTF
59076.4398032;19.920311;0.110600553;ZTF;ZTF(zg);ZTF
59079.3478125;19.8005257;0.10141366;ZTF;ZTF(zg);ZTF
59079.4176968;18.8765411;0.0637802482;ZTF;ZTF(zr);ZTF
59082.464213;18.802742;0.0603570342;ZTF;ZTF(zr);ZTF
59084.3884259;19.679821;0.0928121135;ZTF;ZTF(zg);ZTF
59085.4293866;19.6991005;0.0941417664;ZTF;ZTF(zg);ZTF
59086.3837731;18.8542366;0.0627252236;ZTF;ZTF(zr);ZTF
59086.3842477;18.8833942;0.0586082898;ZTF;ZTF(zr);ZTF
59086.3847106;18.9367161;0.0609651059;ZTF;ZTF(zr);ZTF
59088.3976852;18.8726254;0.0635937303;ZTF;ZTF(zr);ZTF
59089.3600231;19.7375813;0.122099444;ZTF;ZTF(zg);ZTF
59089.3618981;19.8085175;0.127209172;ZTF;ZTF(zg);ZTF
59089.3623611;19.5659657;0.0852980912;ZTF;ZTF(zg);ZTF
59090.360544;19.6298981;0.114346117;ZTF;ZTF(zg);ZTF
59090.3652199;19.7620926;0.0986033529;ZTF;ZTF(zg);ZTF
59091.3800231;19.7746696;0.124774747;ZTF;ZTF(zg);ZTF
59091.3804861;19.7457371;0.122688144;ZTF;ZTF(zg);ZTF
59091.3809606;19.9208374;0.110642388;ZTF;ZTF(zg);ZTF
59092.3931481;19.7474918;0.122814775;ZTF;ZTF(zg);ZTF
59092.3936111;19.8197289;0.128012985;ZTF;ZTF(zg);ZTF
59092.3945602;19.8949852;0.108604468;ZTF;ZTF(zg);ZTF
59098.3345833;19.0316029;0.0716201216;ZTF;ZTF(zr);ZTF
59107.3360764;19.488615;0.0805183128;ZTF;ZTF(zg);ZTF
59108.3780556;18.9165249;0.065716438;ZTF;ZTF(zr);ZTF
59109.3126968;19.8029213;0.101591088;ZTF;ZTF(zg);ZTF
59110.2734722;18.8162766;0.0609704629;ZTF;ZTF(zr);ZTF
59110.3280093;19.5615044;0.0850152969;ZTF;ZTF(zg);ZTF
59111.3327083;19.7936516;0.100906149;ZTF;ZTF(zg);ZTF
59112.2997801;19.6847458;0.0931501761;ZTF;ZTF(zg);ZTF
59113.2940394;18.8031387;0.0603749342;ZTF;ZTF(zr);ZTF
59113.3600694;19.6396751;0.0900967568;ZTF;ZTF(zg);ZTF
59114.3120139;18.8465385;0.0623652786;ZTF;ZTF(zr);ZTF
59114.3349653;19.642416;0.0902798325;ZTF;ZTF(zg);ZTF
59117.3002894;19.8788261;0.132217243;ZTF;ZTF(zg);ZTF
59117.3007639;19.737524;0.122095309;ZTF;ZTF(zg);ZTF
59117.3140278;19.7605267;0.0984902382;ZTF;ZTF(zg);ZTF
59117.3366551;18.9112568;0.0654580072;ZTF;ZTF(zr);ZTF
59118.2912616;18.8953743;0.0646849945;ZTF;ZTF(zr);ZTF
59118.2917245;18.8620644;0.0576920137;ZTF;ZTF(zr);ZTF
59118.3028241;18.9299335;0.0606600083;ZTF;ZTF(zr);ZTF
59120.3364236;19.6798935;0.117937759;ZTF;ZTF(zg);ZTF
59120.3567593;19.4609528;0.102476366;ZTF;ZTF(zg);ZTF
59128.2521296;18.9000072;0.0649095103;ZTF;ZTF(zr);ZTF
59128.2742824;19.7231312;0.0958226845;ZTF;ZTF(zg);ZTF
59128.3041204;19.8066387;0.127074331;ZTF;ZTF(zg);ZTF
59128.3055208;19.8789787;0.132228002;ZTF;ZTF(zg);ZTF
59129.401875;19.5960712;0.111930981;ZTF;ZTF(zg);ZTF
59129.402338;19.675602;0.117628694;ZTF;ZTF(zg);ZTF
59130.2555903;18.8998184;0.0649003536;ZTF;ZTF(zr);ZTF
59130.2827662;18.8719406;0.0581143908;ZTF;ZTF(zr);ZTF
59130.2832407;18.8364887;0.0566129163;ZTF;ZTF(zr);ZTF
59134.2503588;19.6421547;0.0902623758;ZTF;ZTF(zg);ZTF
59134.296412;18.8167362;0.0609914325;ZTF;ZTF(zr);ZTF
59135.2783102;19.8042488;0.126902729;ZTF;ZTF(zg);ZTF
59135.2787847;19.8317337;0.128871769;ZTF;ZTF(zg);ZTF
59136.2316088;19.7772331;0.0997024924;ZTF;ZTF(zg);ZTF
59136.2977431;18.8701057;0.063473992;ZTF;ZTF(zr);ZTF
59137.2426852;19.7870331;0.125665113;ZTF;ZTF(zg);ZTF
59137.2431597;19.81357;0.127571538;ZTF;ZTF(zg);ZTF
59138.260463;19.6261482;0.0891980901;ZTF;ZTF(zg);ZTF
59138.2752083;18.8598251;0.0629878864;ZTF;ZTF(zr);ZTF
59139.2288194;19.77034;0.124462739;ZTF;ZTF(zg);ZTF
59139.2671759;18.8839836;0.0586338528;ZTF;ZTF(zr);ZTF
59139.2676389;18.8401775;0.05676727;ZTF;ZTF(zr);ZTF
59140.2306366;18.845705;0.0623263717;ZTF;ZTF(zr);ZTF
59144.2110532;18.8114052;0.060748972;ZTF;ZTF(zr);ZTF
59145.1847685;18.8010235;0.055151619;ZTF;ZTF(zr);ZTF
59145.1852315;18.9474354;0.0614504218;ZTF;ZTF(zr);ZTF
59145.2213079;19.7534885;0.123247445;ZTF;ZTF(zg);ZTF
59145.2217824;19.6804504;0.117977962;ZTF;ZTF(zg);ZTF
59152.22375;18.7749195;0.059116073;ZTF;ZTF(zr);ZTF
59152.2705093;19.5935688;0.0870669633;ZTF;ZTF(zg);ZTF
59153.2075347;18.6497841;0.0493611097;ZTF;ZTF(zr);ZTF
59153.2079977;18.8627377;0.0577206723;ZTF;ZTF(zr);ZTF
59154.1883565;18.8335228;0.0617613755;ZTF;ZTF(zr);ZTF
59155.2064352;18.921505;0.0602830797;ZTF;ZTF(zr);ZTF
59155.2068981;18.91255;0.0598851889;ZTF;ZTF(zr);ZTF
59158.1935995;19.8998318;0.108984269;ZTF;ZTF(zg);ZTF
59158.2260995;18.9258842;0.0661781579;ZTF;ZTF(zr);ZTF
59158.2689468;19.3285046;0.0936237946;ZTF;ZTF(zg);ZTF
59158.2694097;19.348032;0.0948984772;ZTF;ZTF(zg);ZTF
59164.2322106;19.3179359;0.0708662495;ZTF;ZTF(zg);ZTF
59165.1716204;19.7620773;0.0986022279;ZTF;ZTF(zg);ZTF
59165.1824421;19.8643398;0.131192774;ZTF;ZTF(zg);ZTF
59165.2155324;18.8443508;0.06226331;ZTF;ZTF(zr);ZTF
59165.2478819;18.9167976;0.0600735806;ZTF;ZTF(zr);ZTF
59165.2483565;18.914196;0.059958145;ZTF;ZTF(zr);ZTF
59167.2477778;18.8312454;0.0616563633;ZTF;ZTF(zr);ZTF
59168.1800463;18.9242172;0.060404107;ZTF;ZTF(zr);ZTF
59168.1805093;18.988678;0.063354224;ZTF;ZTF(zr);ZTF
59168.2380903;19.8371315;0.129257292;ZTF;ZTF(zg);ZTF
59168.2385532;19.8041248;0.126893803;ZTF;ZTF(zg);ZTF
59169.1890046;18.7982903;0.0601566993;ZTF;ZTF(zr);ZTF
59169.2669213;19.6516304;0.0908978581;ZTF;ZTF(zg);ZTF
59170.179838;18.9164886;0.0600598678;ZTF;ZTF(zr);ZTF
59170.1803009;18.8419399;0.0568411313;ZTF;ZTF(zr);ZTF
59171.1692361;19.7326298;0.0964942798;ZTF;ZTF(zg);ZTF
59171.2107639;18.7997646;0.0602229908;ZTF;ZTF(zr);ZTF
59172.1007176;19.7873039;0.125684589;ZTF;ZTF(zg);ZTF
59172.1011921;19.7444534;0.122595489;ZTF;ZTF(zg);ZTF
59174.01999553;15.558;0.142;NEOWISE;WISE(W1);NEOWISE
59174.01999553;14.991;0.337;NEOWISE;WISE(W2);NEOWISE
59174.15026221;15.472;0.527;NEOWISE;WISE(W2);NEOWISE
59174.15026221;15.761;0.328;NEOWISE;WISE(W1);NEOWISE
59174.2815476;15.613;0.18;NEOWISE;WISE(W1);NEOWISE
59174.2815476;14.877;0.309;NEOWISE;WISE(W2);NEOWISE
59174.41232363;15.363;0.147;NEOWISE;WISE(W1);NEOWISE
59174.477648;16.039;0.263;NEOWISE;WISE(W1);NEOWISE
59174.477648;15.065;0.451;NEOWISE;WISE(W2);NEOWISE
59174.54309966;14.262;0.248;NEOWISE;WISE(W2);NEOWISE
59174.54309966;15.661;0.173;NEOWISE;WISE(W1);NEOWISE
59174.60842403;14.883;0.308;NEOWISE;WISE(W2);NEOWISE
59174.60842403;16.161;0.358;NEOWISE;WISE(W1);NEOWISE
59174.60855134;15.754;0.175;NEOWISE;WISE(W1);NEOWISE
59174.67387575;15.002;0.365;NEOWISE;WISE(W2);NEOWISE
59174.67387575;15.425;0.136;NEOWISE;WISE(W1);NEOWISE
59174.73920012;15.747;0.201;NEOWISE;WISE(W1);NEOWISE
59174.73932748;15.508;0.139;NEOWISE;WISE(W1);NEOWISE
59174.87010351;15.534;0.29;NEOWISE;WISE(W1);NEOWISE
59175.00088021;15.816;0.191;NEOWISE;WISE(W1);NEOWISE
59179.1064583;18.9312515;0.0664443299;ZTF;ZTF(zr);ZTF
59179.1484722;19.6048832;0.0878017172;ZTF;ZTF(zg);ZTF
59179.1778241;18.8372822;0.0566460937;ZTF;ZTF(zr);ZTF
59179.178287;18.8833466;0.0586062297;ZTF;ZTF(zr);ZTF
59179.1990278;19.4745884;0.103413381;ZTF;ZTF(zg);ZTF
59179.1994907;19.4577408;0.102256246;ZTF;ZTF(zg);ZTF
59181.1059838;18.6425667;0.0535696857;ZTF;ZTF(zr);ZTF
59182.1608449;18.8733864;0.0581765026;ZTF;ZTF(zr);ZTF
59182.1613194;18.9592514;0.0619899221;ZTF;ZTF(zr);ZTF
59183.092037;18.978508;0.0688344166;ZTF;ZTF(zr);ZTF
59183.1033102;18.837656;0.0566616878;ZTF;ZTF(zr);ZTF
59183.1037731;18.9555473;0.0618202984;ZTF;ZTF(zr);ZTF
59185.1478472;18.8850555;0.0641876757;ZTF;ZTF(zr);ZTF
59189.192581;18.8681908;0.0633831769;ZTF;ZTF(zr);ZTF
59194.1476505;18.6889477;0.0554475673;ZTF;ZTF(zr);ZTF
59194.148588;18.7042942;0.0560843162;ZTF;ZTF(zr);ZTF
59194.2060069;19.3839931;0.0744592175;ZTF;ZTF(zg);ZTF
59194.2069444;19.5948753;0.0871515125;ZTF;ZTF(zg);ZTF
59195.1059606;18.8316345;0.0616742708;ZTF;ZTF(zr);ZTF
59195.1516435;19.4879513;0.0804784745;ZTF;ZTF(zg);ZTF
59198.1070023;18.8917313;0.0645089746;ZTF;ZTF(zr);ZTF
59198.1650926;19.4733429;0.0796050802;ZTF;ZTF(zg);ZTF
59199.1059954;18.8367271;0.0619094819;ZTF;ZTF(zr);ZTF
59199.1919213;19.4622459;0.0789477229;ZTF;ZTF(zg);ZTF
59200.1074537;18.9307728;0.0664205328;ZTF;ZTF(zr);ZTF
59200.1879514;19.5599442;0.0849166811;ZTF;ZTF(zg);ZTF
59202.107662;18.7444592;0.0577878803;ZTF;ZTF(zr);ZTF
59202.1487616;19.5332909;0.0832473263;ZTF;ZTF(zg);ZTF
59211.1103009;19.2290287;0.0663040206;ZTF;ZTF(zg);ZTF
59211.1286227;18.9232349;0.0660471097;ZTF;ZTF(zr);ZTF
59216.1005093;18.7285423;0.0571063347;ZTF;ZTF(zr);ZTF
59218.1024769;19.7695065;0.0991402492;ZTF;ZTF(zg);ZTF
59218.1295255;18.8016205;0.0603065416;ZTF;ZTF(zr);ZTF
59219.1524537;18.3690491;0.0562477931;ZTF;ZTF(zi);ZTF
59220.1030903;18.8398628;0.0620548017;ZTF;ZTF(zr);ZTF
59224.1377083;18.4059982;0.0578546971;ZTF;ZTF(zi);ZTF
59227.1287269;18.80793;0.0605914108;ZTF;ZTF(zr);ZTF
59228.11389000015;19.92;0.08302330159249556;Gaia Alerts;GSA(G);Gaia Alerts
59229.1091667;18.7853069;0.0595762804;ZTF;ZTF(zr);ZTF
59248.0980903;18.8269901;0.0614605509;ZTF;ZTF(zr);ZTF
59248.1005208;18.7913246;0.0598445795;ZTF;ZTF(zr);ZTF
59248.1029514;18.8663216;0.0632946342;ZTF;ZTF(zr);ZTF
59248.1053819;18.8089218;0.0606363192;ZTF;ZTF(zr);ZTF
59248.1078125;18.6937828;0.0556473546;ZTF;ZTF(zr);ZTF
59332.613030000124;19.98;0.08605973411928224;Gaia Alerts;GSA(G);Gaia Alerts
59332.863220000174;20.0;0.08709635899560814;Gaia Alerts;GSA(G);Gaia Alerts
59342.3688099999;20.04;0.08920721887252694;Gaia Alerts;GSA(G);Gaia Alerts
59378.73870297;15.448;0.172;NEOWISE;WISE(W1);NEOWISE
59378.86935157;15.856;0.214;NEOWISE;WISE(W1);NEOWISE
59379.00012748;15.728;0.194;NEOWISE;WISE(W1);NEOWISE
59379.13077608;14.941;0.526;NEOWISE;WISE(W2);NEOWISE
59379.13077608;15.903;0.215;NEOWISE;WISE(W1);NEOWISE
59379.1961003;15.494;0.151;NEOWISE;WISE(W1);NEOWISE
59379.26142457;15.845;0.259;NEOWISE;WISE(W1);NEOWISE
59379.26155193;15.642;0.176;NEOWISE;WISE(W1);NEOWISE
59379.3268762;16.134;0.302;NEOWISE;WISE(W1);NEOWISE
59379.39220053;15.45;0.149;NEOWISE;WISE(W1);NEOWISE
59379.4541898;18.5559082;0.0648575649;ZTF;ZTF(zi);ZTF
59379.45752476;14.804;0.438;NEOWISE;WISE(W2);NEOWISE
59379.45752476;15.904;0.267;NEOWISE;WISE(W1);NEOWISE
59379.58830072;15.386;0.152;NEOWISE;WISE(W1);NEOWISE
59379.71894921;15.498;0.261;NEOWISE;WISE(W1);NEOWISE
59379.71907653;15.448;0.152;NEOWISE;WISE(W1);NEOWISE
59385.4353472;19.5670643;0.0853677988;ZTF;ZTF(zg);ZTF
59392.4292824;18.7176971;0.0566468462;ZTF;ZTF(zr);ZTF
59397.3999537;18.8486767;0.0624650121;ZTF;ZTF(zr);ZTF
59397.4568287;19.5695133;0.0855235606;ZTF;ZTF(zg);ZTF
59400.4154514;19.6603699;0.0914874598;ZTF;ZTF(zg);ZTF
59400.4549769;18.8979149;0.0648080111;ZTF;ZTF(zr);ZTF
59402.4576968;19.6516953;0.0909021795;ZTF;ZTF(zg);ZTF
59403.4564005;18.5557289;0.0648487285;ZTF;ZTF(zi);ZTF
59404.445162;18.8868599;0.0642743856;ZTF;ZTF(zr);ZTF
59406.4591551;18.8348255;0.0618215576;ZTF;ZTF(zr);ZTF
59410.4595833;19.674572;0.092452921;ZTF;ZTF(zg);ZTF
59414.4591898;18.9370804;0.0667346716;ZTF;ZTF(zr);ZTF
59417.4190972;19.6452274;0.0904679596;ZTF;ZTF(zg);ZTF
59425.3472685;18.5257664;0.0633857474;ZTF;ZTF(zi);ZTF
59425.4194097;19.700098;0.0942110419;ZTF;ZTF(zg);ZTF
59425.4203588;19.7211971;0.095686391;ZTF;ZTF(zg);ZTF
59426.4307407;18.8467674;0.0570440628;ZTF;ZTF(zr);ZTF
59426.4312037;18.986454;0.0632500574;ZTF;ZTF(zr);ZTF
59426.4394213;18.9539318;0.0675810501;ZTF;ZTF(zr);ZTF
59426.4610648;19.784029;0.100199237;ZTF;ZTF(zg);ZTF
59427.4311921;18.8957062;0.0591440462;ZTF;ZTF(zr);ZTF
59427.4316551;18.8929672;0.0590244606;ZTF;ZTF(zr);ZTF
59427.4402431;18.8667374;0.063314341;ZTF;ZTF(zr);ZTF
59427.4609259;19.7660313;0.0988882855;ZTF;ZTF(zg);ZTF
59428.4632523;18.8725395;0.0635896474;ZTF;ZTF(zr);ZTF
59428.4652662;18.9333725;0.0665498152;ZTF;ZTF(zr);ZTF
59429.336794;18.5499821;0.0645656288;ZTF;ZTF(zi);ZTF
59429.4079745;18.8211021;0.0611907206;ZTF;ZTF(zr);ZTF
59429.4343056;19.7162209;0.0953366384;ZTF;ZTF(zg);ZTF
59430.4307407;19.7208252;0.0956602097;ZTF;ZTF(zg);ZTF
59434.373669;18.8390961;0.0620191991;ZTF;ZTF(zr);ZTF
59434.4084838;18.5076485;0.0625167415;ZTF;ZTF(zi);ZTF
59434.4211111;19.6853104;0.0931889415;ZTF;ZTF(zg);ZTF
59436.3776157;18.9468613;0.067224592;ZTF;ZTF(zr);ZTF
59436.4211227;19.6926327;0.0936938673;ZTF;ZTF(zg);ZTF
59439.3957986;18.815979;0.0609568842;ZTF;ZTF(zr);ZTF
59439.4044097;18.5097466;0.0626167879;ZTF;ZTF(zi);ZTF
59439.4198611;19.6855125;0.0932028964;ZTF;ZTF(zg);ZTF
59444.425463;19.7603264;0.0984757692;ZTF;ZTF(zg);ZTF
59452.338287;19.4092484;0.0758799836;ZTF;ZTF(zg);ZTF
59453.3148611;18.8908501;0.0644664764;ZTF;ZTF(zr);ZTF
59453.3960185;19.9042435;0.109330907;ZTF;ZTF(zg);ZTF
59453.4145833;18.6031017;0.0672281757;ZTF;ZTF(zi);ZTF
59454.3347338;18.9906445;0.0694616958;ZTF;ZTF(zr);ZTF
59454.3366204;18.9375;0.0667556152;ZTF;ZTF(zr);ZTF
59454.3782407;19.6801701;0.0928359777;ZTF;ZTF(zg);ZTF
59454.3791782;19.6667175;0.0919178948;ZTF;ZTF(zg);ZTF
59455.3582523;19.8482075;0.104993165;ZTF;ZTF(zg);ZTF
59458.3137269;18.6241493;0.0683117658;ZTF;ZTF(zi);ZTF
59458.3554514;18.8365993;0.061903581;ZTF;ZTF(zr);ZTF
59458.3563889;18.8300858;0.0616029277;ZTF;ZTF(zr);ZTF
59459.3532407;19.7009697;0.0942715704;ZTF;ZTF(zg);ZTF
59459.3944097;18.8039799;0.0604129098;ZTF;ZTF(zr);ZTF
59460.3490972;18.8346062;0.0618114173;ZTF;ZTF(zr);ZTF
59460.3500347;18.8737144;0.0636455119;ZTF;ZTF(zr);ZTF
59460.3944097;19.6949043;0.093850933;ZTF;ZTF(zg);ZTF
59460.3953472;19.7183056;0.0954830572;ZTF;ZTF(zg);ZTF
59461.3367824;18.5903587;0.0665800199;ZTF;ZTF(zi);ZTF
59461.3740278;18.7900906;0.0597894751;ZTF;ZTF(zr);ZTF
59461.4142593;19.6518898;0.0909152552;ZTF;ZTF(zg);ZTF
59462.3353819;19.7084942;0.0947957262;ZTF;ZTF(zg);ZTF
59462.3827199;18.7957764;0.0600438416;ZTF;ZTF(zr);ZTF
59462.3860301;18.8784809;0.0638728365;ZTF;ZTF(zr);ZTF
59464.3347917;18.8899479;0.06442298;ZTF;ZTF(zr);ZTF
59464.3575;18.6003151;0.0670859069;ZTF;ZTF(zi);ZTF
59464.4208333;19.7588329;0.0983681008;ZTF;ZTF(zg);ZTF
59466.3565394;18.829174;0.0615609474;ZTF;ZTF(zr);ZTF
59466.4152662;19.6223087;0.0889444724;ZTF;ZTF(zg);ZTF
59467.336713;18.4006004;0.0576170869;ZTF;ZTF(zi);ZTF
59468.3363542;18.8832035;0.0640988052;ZTF;ZTF(zr);ZTF
59468.4200347;19.8285084;0.103501946;ZTF;ZTF(zg);ZTF
59470.3403241;18.5832138;0.0662192702;ZTF;ZTF(zi);ZTF
59470.3577199;19.6556473;0.0911683962;ZTF;ZTF(zg);ZTF
59470.4155787;18.8902225;0.0644361898;ZTF;ZTF(zr);ZTF
59472.3751042;18.7951698;0.0600166395;ZTF;ZTF(zr);ZTF
59472.4134259;19.4197102;0.0764762461;ZTF;ZTF(zg);ZTF
59473.4035995;18.5463161;0.0643856674;ZTF;ZTF(zi);ZTF
59474.3119213;19.0831261;0.0744268522;ZTF;ZTF(zr);ZTF
59479.2636921;19.0552082;0.0728932247;ZTF;ZTF(zr);ZTF
59479.3141088;18.8572369;0.0814287513;ZTF;ZTF(zi);ZTF
59483.3372685;18.9352818;0.0666449368;ZTF;ZTF(zr);ZTF
59487.2733565;18.5552425;0.0648247302;ZTF;ZTF(zi);ZTF
59488.289213;19.6402054;0.0901321769;ZTF;ZTF(zg);ZTF
59488.2960301;18.9113789;0.0654640123;ZTF;ZTF(zr);ZTF
59490.2892245;18.8442326;0.0622578226;ZTF;ZTF(zr);ZTF
59490.3296991;19.6957092;0.0939067304;ZTF;ZTF(zg);ZTF
59497.2995023;18.8657074;0.0632655919;ZTF;ZTF(zr);ZTF
59497.3151042;18.4096069;0.0580140874;ZTF;ZTF(zi);ZTF
59497.3571759;19.5130463;0.0820000619;ZTF;ZTF(zg);ZTF
59502.2498727;19.8325539;0.103806719;ZTF;ZTF(zg);ZTF
59502.2541204;19.0268841;0.0713681504;ZTF;ZTF(zr);ZTF
59502.2742477;18.5756683;0.0658402592;ZTF;ZTF(zi);ZTF
59503.287037;18.7527065;0.0581444129;ZTF;ZTF(zr);ZTF
59509.2550347;18.7873707;0.0596681423;ZTF;ZTF(zr);ZTF
59509.2930903;18.5412102;0.0641358197;ZTF;ZTF(zi);ZTF
59512.2143056;19.8959846;0.108682752;ZTF;ZTF(zg);ZTF
59517.3009838;18.5680466;0.0654595718;ZTF;ZTF(zi);ZTF
59520.2324537;18.9362392;0.0666926801;ZTF;ZTF(zr);ZTF
59520.2914005;19.6371078;0.0899255425;ZTF;ZTF(zg);ZTF
59520.3187847;18.4971542;0.0620187372;ZTF;ZTF(zi);ZTF
59520.637349999975;19.98;0.08605973411928224;Gaia Alerts;GSA(G);Gaia Alerts
59520.887500000186;19.82;0.0781987840389497;Gaia Alerts;GSA(G);Gaia Alerts
59522.1908912;18.8259659;0.061413534;ZTF;ZTF(zr);ZTF
59522.2105671;19.6073399;0.087962009;ZTF;ZTF(zg);ZTF
59523.1690046;18.5723801;0.0656757653;ZTF;ZTF(zi);ZTF
59524.2112616;18.8783188;0.0638650879;ZTF;ZTF(zr);ZTF
59524.2982523;19.5806351;0.0862339288;ZTF;ZTF(zg);ZTF
59526.1477199;18.8782921;0.0638637841;ZTF;ZTF(zr);ZTF
59526.2112037;19.7182961;0.0954823941;ZTF;ZTF(zg);ZTF
59526.2733102;18.5054951;0.0624142587;ZTF;ZTF(zi);ZTF
59529.2309259;19.7758446;0.099601239;ZTF;ZTF(zg);ZTF
59529.2801968;18.463953;0.0604686886;ZTF;ZTF(zi);ZTF
59537.2968171;18.8361034;0.0618806444;ZTF;ZTF(zr);ZTF
59540.1751389;18.7487411;0.0579726882;ZTF;ZTF(zr);ZTF
59541.23608953;15.598;0.164;NEOWISE;WISE(W1);NEOWISE
59541.23608953;14.56;0.273;NEOWISE;WISE(W2);NEOWISE
59541.36673823;15.613;0.228;NEOWISE;WISE(W1);NEOWISE
59541.49738693;15.823;0.187;NEOWISE;WISE(W1);NEOWISE
59541.56271133;16.102;0.297;NEOWISE;WISE(W1);NEOWISE
59541.56283865;15.354;0.127;NEOWISE;WISE(W1);NEOWISE
59541.62816295;14.797;0.271;NEOWISE;WISE(W2);NEOWISE
59541.62816295;15.635;0.163;NEOWISE;WISE(W1);NEOWISE
59541.69348735;15.546;0.525;NEOWISE;WISE(W2);NEOWISE
59541.69348735;15.58;0.152;NEOWISE;WISE(W1);NEOWISE
59541.7588117;15.031;0.35;NEOWISE;WISE(W2);NEOWISE
59541.7588117;15.607;0.165;NEOWISE;WISE(W1);NEOWISE
59541.82413611;14.602;0.466;NEOWISE;WISE(W2);NEOWISE
59541.82413611;15.286;0.262;NEOWISE;WISE(W1);NEOWISE
59541.95478481;15.52;0.182;NEOWISE;WISE(W1);NEOWISE
59542.08556088;15.536;0.144;NEOWISE;WISE(W1);NEOWISE
59542.21620958;15.674;0.181;NEOWISE;WISE(W1);NEOWISE
59542.2307755;18.4730873;0.0608912669;ZTF;ZTF(zi);ZTF
59543.1337616;18.7309608;0.0572093576;ZTF;ZTF(zr);ZTF
59543.1715856;19.3847904;0.0745036826;ZTF;ZTF(zg);ZTF
59742.85853726;15.162;0.447;NEOWISE;WISE(W2);NEOWISE
59742.85853726;15.646;0.178;NEOWISE;WISE(W1);NEOWISE
59742.98905859;15.662;0.186;NEOWISE;WISE(W1);NEOWISE
59743.11957988;15.717;0.199;NEOWISE;WISE(W1);NEOWISE
59743.25010112;15.617;0.181;NEOWISE;WISE(W1);NEOWISE
59743.31529806;15.845;0.282;NEOWISE;WISE(W1);NEOWISE
59743.31529806;14.909;0.365;NEOWISE;WISE(W2);NEOWISE
59743.38049505;16.057;0.502;NEOWISE;WISE(W1);NEOWISE
59743.51101633;15.966;0.247;NEOWISE;WISE(W1);NEOWISE
59743.51101633;15.325;0.489;NEOWISE;WISE(W2);NEOWISE
59743.57621332;15.603;0.197;NEOWISE;WISE(W1);NEOWISE
59743.57621332;14.037;0.185;NEOWISE;WISE(W2);NEOWISE
59743.57634064;15.551;0.248;NEOWISE;WISE(W1);NEOWISE
59743.70673456;15.557;0.169;NEOWISE;WISE(W1);NEOWISE
59743.83725584;15.638;0.178;NEOWISE;WISE(W1);NEOWISE
59755.4351852;19.5945187;0.0871284455;ZTF;ZTF(zg);ZTF
59755.4595023;18.8955231;0.0646921992;ZTF;ZTF(zr);ZTF
59757.22108000005;20.13;0.09414559401947246;Gaia Alerts;GSA(G);Gaia Alerts
59757.4549074;19.6413956;0.0902116373;ZTF;ZTF(zg);ZTF
59765.4241319;19.7465324;0.0974845663;ZTF;ZTF(zg);ZTF
59765.4553588;18.8855381;0.0642108545;ZTF;ZTF(zr);ZTF
59769.4200926;19.7839088;0.100190409;ZTF;ZTF(zg);ZTF
59769.4580093;19.5838337;0.0864393115;ZTF;ZTF(zg);ZTF
59771.3864468;19.7648697;0.0988042131;ZTF;ZTF(zg);ZTF
59773.4054051;19.0160942;0.0707952976;ZTF;ZTF(zr);ZTF
59773.4544676;18.9009094;0.0649533421;ZTF;ZTF(zr);ZTF
59775.4042245;18.9235535;0.0660628304;ZTF;ZTF(zr);ZTF
59780.4212037;19.8293571;0.103565834;ZTF;ZTF(zg);ZTF
59783.4214468;19.5650482;0.08523985;ZTF;ZTF(zg);ZTF
59785.4409838;19.8291321;0.103548869;ZTF;ZTF(zg);ZTF
59789.4468634;18.9236336;0.0660668388;ZTF;ZTF(zr);ZTF
59793.4429282;19.7253914;0.0959821194;ZTF;ZTF(zg);ZTF
59794.4349421;18.5448132;0.064312011;ZTF;ZTF(zi);ZTF
59796.4612269;19.8153458;0.102515213;ZTF;ZTF(zg);ZTF
59798.4200463;19.7631073;0.0986766741;ZTF;ZTF(zg);ZTF
59802.4181019;19.7956581;0.101054065;ZTF;ZTF(zg);ZTF
59802.4556019;18.9106102;0.065426372;ZTF;ZTF(zr);ZTF
59807.3677199;18.9217415;0.0659733564;ZTF;ZTF(zr);ZTF
59807.3985995;19.7181416;0.0954715014;ZTF;ZTF(zg);ZTF
59810.3846644;19.5936508;0.0870722756;ZTF;ZTF(zg);ZTF
59812.3778935;18.8006077;0.0602609143;ZTF;ZTF(zr);ZTF
59812.4264583;19.7247162;0.0959344208;ZTF;ZTF(zg);ZTF
59814.4203819;19.7552738;0.0981117412;ZTF;ZTF(zg);ZTF
59816.4369329;19.6353798;0.0898105279;ZTF;ZTF(zg);ZTF
59818.3561806;19.6447029;0.0904328227;ZTF;ZTF(zg);ZTF
59821.3669676;19.6563663;0.0912168846;ZTF;ZTF(zg);ZTF
59826.295463;18.8430767;0.0622040816;ZTF;ZTF(zr);ZTF
59826.3352662;19.6384583;0.0900155678;ZTF;ZTF(zg);ZTF
59829.3956944;19.9425659;0.11237815;ZTF;ZTF(zg);ZTF
59829.4222454;18.705143;0.0561197549;ZTF;ZTF(zr);ZTF
59839.3148032;19.7068634;0.0946819186;ZTF;ZTF(zg);ZTF
59839.3569676;19.6941223;0.0937968269;ZTF;ZTF(zg);ZTF
59840.3370023;19.7553673;0.0981184244;ZTF;ZTF(zg);ZTF
59841.2731019;19.7062664;0.0946403444;ZTF;ZTF(zg);ZTF
59841.3447106;19.6795769;0.092795372;ZTF;ZTF(zg);ZTF
59843.3171296;19.616991;0.08859431;ZTF;ZTF(zg);ZTF
59847.3131597;19.6553249;0.0911466852;ZTF;ZTF(zg);ZTF
59849.2732176;19.7294807;0.0962711424;ZTF;ZTF(zg);ZTF
59849.3175231;18.8136311;0.0608500727;ZTF;ZTF(zr);ZTF
59851.2739583;19.7935791;0.100900784;ZTF;ZTF(zg);ZTF
59854.2695949;19.766634;0.0989319831;ZTF;ZTF(zg);ZTF
59856.2837963;19.9884281;0.116110019;ZTF;ZTF(zg);ZTF
59856.3085995;18.8861771;0.0642415583;ZTF;ZTF(zr);ZTF
59858.2934606;18.9752026;0.0686645061;ZTF;ZTF(zr);ZTF
59862.2954745;18.8687668;0.0634104759;ZTF;ZTF(zr);ZTF
59862.3358449;18.499073;0.0621094704;ZTF;ZTF(zi);ZTF
59864.3118866;18.9566364;0.0618700907;ZTF;ZTF(zr);ZTF
59866.2637616;19.5073032;0.0816494152;ZTF;ZTF(zg);ZTF
59866.3410301;18.9721909;0.0685100257;ZTF;ZTF(zr);ZTF
59869.2767824;19.6969318;0.0939913839;ZTF;ZTF(zg);ZTF
59871.2008333;18.8433838;0.0622183308;ZTF;ZTF(zr);ZTF
59873.2105903;19.6266003;0.0892279819;ZTF;ZTF(zg);ZTF
59877.2324769;19.7067833;0.0946763381;ZTF;ZTF(zg);ZTF
59877.2565856;18.4543934;0.0600294881;ZTF;ZTF(zi);ZTF
59877.2958681;18.9210243;0.0659380108;ZTF;ZTF(zr);ZTF
59879.2750926;18.796196;0.0600626655;ZTF;ZTF(zr);ZTF
59879.2949769;19.6084023;0.0880314112;ZTF;ZTF(zg);ZTF
59881.2739815;18.9392376;0.0668423995;ZTF;ZTF(zr);ZTF
59881.3150463;19.6507206;0.0908365995;ZTF;ZTF(zg);ZTF
59883.2957407;18.7020035;0.0559887961;ZTF;ZTF(zr);ZTF
59889.2748264;18.6715145;0.0547335632;ZTF;ZTF(zr);ZTF
59894.1507986;18.8541737;0.0627222583;ZTF;ZTF(zr);ZTF
59894.18194000004;19.93;0.08352182974126017;Gaia Alerts;GSA(G);Gaia Alerts
59894.2483218;19.4334335;0.0772653371;ZTF;ZTF(zg);ZTF
59894.25595000014;19.94;0.08402335139076923;Gaia Alerts;GSA(G);Gaia Alerts
59895.2315972;18.6592827;0.070157133;ZTF;ZTF(zi);ZTF
59896.2695602;18.7049751;0.0561127812;ZTF;ZTF(zr);ZTF
59897.1482176;19.7394733;0.096980691;ZTF;ZTF(zg);ZTF
59897.2291088;18.7422066;0.0576909408;ZTF;ZTF(zr);ZTF
59899.1477083;19.5261192;0.0828034505;ZTF;ZTF(zg);ZTF
59899.1725694;18.7810211;0.059385974;ZTF;ZTF(zr);ZTF
59901.2156134;19.6763287;0.092573002;ZTF;ZTF(zg);ZTF
59902.2303125;18.5466862;0.0644037798;ZTF;ZTF(zi);ZTF
59904.1866667;19.5558891;0.0846606866;ZTF;ZTF(zg);ZTF
59905.39153595;15.29;0.119;NEOWISE;WISE(W1);NEOWISE
59905.39153595;15.006;0.338;NEOWISE;WISE(W2);NEOWISE
59905.52180272;15.715;0.23;NEOWISE;WISE(W1);NEOWISE
59905.65219676;15.351;0.125;NEOWISE;WISE(W1);NEOWISE
59905.78246353;15.724;0.176;NEOWISE;WISE(W1);NEOWISE
59905.78246353;15.094;0.474;NEOWISE;WISE(W2);NEOWISE
59905.84766052;15.527;0.145;NEOWISE;WISE(W1);NEOWISE
59905.84766052;15.489;0.529;NEOWISE;WISE(W2);NEOWISE
59905.91273025;15.092;0.348;NEOWISE;WISE(W2);NEOWISE
59905.91273025;15.504;0.159;NEOWISE;WISE(W1);NEOWISE
59905.91285762;15.438;0.161;NEOWISE;WISE(W1);NEOWISE
59905.97792729;15.451;0.139;NEOWISE;WISE(W1);NEOWISE
59905.97792729;14.971;0.328;NEOWISE;WISE(W2);NEOWISE
59906.04312429;15.19;0.433;NEOWISE;WISE(W2);NEOWISE
59906.04312429;15.501;0.146;NEOWISE;WISE(W1);NEOWISE
59906.10781203;15.607;0.155;NEOWISE;WISE(W1);NEOWISE
59906.148044;18.829092;0.0615571663;ZTF;ZTF(zr);ZTF
59906.1700231;19.6914501;0.0936121568;ZTF;ZTF(zg);ZTF
59906.23858801;15.615;0.161;NEOWISE;WISE(W1);NEOWISE
59906.36885478;15.382;0.131;NEOWISE;WISE(W1);NEOWISE
59909.1266319;18.8485508;0.0624591634;ZTF;ZTF(zr);ZTF
59909.1932176;19.7232647;0.0958320946;ZTF;ZTF(zg);ZTF
59913.1055671;19.4483719;0.0781332478;ZTF;ZTF(zg);ZTF
59913.1470833;18.7906284;0.0598134808;ZTF;ZTF(zr);ZTF
59914.93033999996;20.0;0.08709635899560814;Gaia Alerts;GSA(G);Gaia Alerts
59922.18875;18.9339085;0.0665765181;ZTF;ZTF(zr);ZTF
59924.1700463;18.7778282;0.0592445619;ZTF;ZTF(zr);ZTF
59930.1082176;18.8664551;0.0633009672;ZTF;ZTF(zr);ZTF
59930.1910648;19.6056786;0.0878535658;ZTF;ZTF(zg);ZTF
59932.1103241;19.5201206;0.0824338719;ZTF;ZTF(zg);ZTF
59934.1822685;19.6256046;0.089162156;ZTF;ZTF(zg);ZTF
59951.1484144;18.578867;0.0511019789;ZTF;ZTF(zr);ZTF
59968.1012847;18.6921806;0.0555810668;ZTF;ZTF(zr);ZTF
59968.1051852;18.5554676;0.050227087;ZTF;ZTF(zr);ZTF
59968.1090972;18.8834248;0.0641094372;ZTF;ZTF(zr);ZTF
59968.1129977;18.6123066;0.0523816012;ZTF;ZTF(zr);ZTF
59968.1168981;18.7448807;0.0578060672;ZTF;ZTF(zr);ZTF
59969.120162;18.4188232;0.0454410315;ZTF;ZTF(zr);ZTF
59970.1044907;18.7746582;0.0591045581;ZTF;ZTF(zr);ZTF
59970.1084144;18.8263512;0.0614312068;ZTF;ZTF(zr);ZTF
59970.112338;18.547596;0.0499364622;ZTF;ZTF(zr);ZTF
59970.1162616;18.5910912;0.0515657589;ZTF;ZTF(zr);ZTF
59970.1235417;18.4209518;0.0455115102;ZTF;ZTF(zr);ZTF
60080.02742999978;20.06;0.09028175649662577;Gaia Alerts;GSA(G);Gaia Alerts
60109.96335924;15.413;0.188;NEOWISE;WISE(W1);NEOWISE
60110.09311654;15.833;0.22;NEOWISE;WISE(W1);NEOWISE
60110.2228738;15.755;0.214;NEOWISE;WISE(W1);NEOWISE
60110.35263105;15.706;0.228;NEOWISE;WISE(W1);NEOWISE
60110.41757336;15.04;0.424;NEOWISE;WISE(W2);NEOWISE
60110.41757336;15.756;0.206;NEOWISE;WISE(W1);NEOWISE
60110.4823883;16.029;0.48;NEOWISE;WISE(W1);NEOWISE
60110.54733061;15.4;0.15;NEOWISE;WISE(W1);NEOWISE
60110.61214556;15.574;0.208;NEOWISE;WISE(W1);NEOWISE
60110.67708792;15.713;0.199;NEOWISE;WISE(W1);NEOWISE
60110.93660252;15.288;0.188;NEOWISE;WISE(W1);NEOWISE
60122.4211227;19.6310463;0.0895224959;ZTF;ZTF(zg);ZTF
60125.4026389;19.6779633;0.0926848203;ZTF;ZTF(zg);ZTF
60127.4561111;19.3645363;0.0733825788;ZTF;ZTF(zg);ZTF
60135.4010764;19.6640797;0.0917388052;ZTF;ZTF(zg);ZTF
60137.4628588;19.7891388;0.100574054;ZTF;ZTF(zg);ZTF
60141.4626968;19.6203613;0.0888160691;ZTF;ZTF(zg);ZTF
60144.4200579;19.762558;0.098636955;ZTF;ZTF(zg);ZTF
60148.4386574;19.595892;0.0872173831;ZTF;ZTF(zg);ZTF
60150.4190972;19.6844044;0.0931266546;ZTF;ZTF(zg);ZTF
60152.4481366;19.6851387;0.0931771547;ZTF;ZTF(zg);ZTF
60155.4395255;19.7634945;0.0987046883;ZTF;ZTF(zg);ZTF
60162.3975579;19.6276779;0.0892992988;ZTF;ZTF(zg);ZTF
60168.4146991;19.5720501;0.085685119;ZTF;ZTF(zg);ZTF
60170.3666551;19.7119484;0.0950372368;ZTF;ZTF(zg);ZTF
60173.3780093;19.6188583;0.0887170881;ZTF;ZTF(zg);ZTF
60182.378287;19.5760498;0.0859404057;ZTF;ZTF(zg);ZTF
60184.4162153;19.7730694;0.0993991792;ZTF;ZTF(zg);ZTF
60186.3561227;18.8652573;0.0632442757;ZTF;ZTF(zr);ZTF
60191.3782407;19.6873264;0.093327783;ZTF;ZTF(zg);ZTF
60193.3345949;19.7642746;0.0987610817;ZTF;ZTF(zg);ZTF
60195.3648495;19.8492298;0.105071083;ZTF;ZTF(zg);ZTF
60202.4050463;19.6866493;0.0932811573;ZTF;ZTF(zg);ZTF
60204.3358912;19.6834583;0.0930616856;ZTF;ZTF(zg);ZTF
60206.3426157;19.745491;0.0974101275;ZTF;ZTF(zg);ZTF
60212.399213;19.8492928;0.105075896;ZTF;ZTF(zg);ZTF
60214.2523148;18.8968201;0.0647549853;ZTF;ZTF(zr);ZTF
60217.2715046;19.0649605;0.073425509;ZTF;ZTF(zr);ZTF
60221.2797454;18.7963219;0.0600683354;ZTF;ZTF(zr);ZTF
60223.2105903;18.8633785;0.0631554872;ZTF;ZTF(zr);ZTF
60223.3172685;19.7448559;0.0973647013;ZTF;ZTF(zg);ZTF
60226.3378356;19.6390457;0.0900547653;ZTF;ZTF(zg);ZTF
60228.2497454;19.6858292;0.0932247043;ZTF;ZTF(zg);ZTF
60228.2743287;18.7805977;0.0593671612;ZTF;ZTF(zr);ZTF
60231.2196296;19.5769539;0.0859981775;ZTF;ZTF(zg);ZTF
60233.2118171;19.7508106;0.0977910906;ZTF;ZTF(zg);ZTF
60235.1920833;19.6548061;0.0911117122;ZTF;ZTF(zg);ZTF
60237.2313889;19.7586823;0.0983572006;ZTF;ZTF(zg);ZTF
60239.2663542;19.7650757;0.0988190547;ZTF;ZTF(zg);ZTF
60245.2149537;18.7201748;0.0567514598;ZTF;ZTF(zr);ZTF
60245.2928704;19.2524204;0.0674745589;ZTF;ZTF(zg);ZTF
60247.1494213;19.2165794;0.0821819678;ZTF;ZTF(zr);ZTF
60249.1906019;18.7908363;0.0598227419;ZTF;ZTF(zr);ZTF
60251.1445139;19.8502998;0.105152674;ZTF;ZTF(zg);ZTF
60251.1701273;18.8358021;0.0618666895;ZTF;ZTF(zr);ZTF
60253.2271759;19.7113552;0.0949956924;ZTF;ZTF(zg);ZTF
60255.1901968;19.6514893;0.090888299;ZTF;ZTF(zg);ZTF
60255.2527315;18.8084335;0.0606142357;ZTF;ZTF(zr);ZTF
60258.1635648;19.5611305;0.084991686;ZTF;ZTF(zg);ZTF
60260.1628819;19.6581345;0.0913363397;ZTF;ZTF(zg);ZTF
60260.1993634;18.8305168;0.0616227984;ZTF;ZTF(zr);ZTF
60262.2047569;19.8419991;0.104521275;ZTF;ZTF(zg);ZTF
60268.1649074;18.7895584;0.0597656853;ZTF;ZTF(zr);ZTF
60268.80223000003;20.03;0.08867475556540437;Gaia Alerts;GSA(G);Gaia Alerts
60272.43756356;15.763;0.239;NEOWISE;WISE(W1);NEOWISE
60272.56681162;15.691;0.193;NEOWISE;WISE(W1);NEOWISE
60272.69605971;16.157;0.291;NEOWISE;WISE(W1);NEOWISE
60272.69605971;14.931;0.515;NEOWISE;WISE(W2);NEOWISE
60272.76062063;15.545;0.161;NEOWISE;WISE(W1);NEOWISE
60272.82530832;14.995;0.503;NEOWISE;WISE(W2);NEOWISE
60272.82530832;15.654;0.184;NEOWISE;WISE(W1);NEOWISE
60272.88986867;15.863;0.221;NEOWISE;WISE(W1);NEOWISE
60272.95455642;15.587;0.165;NEOWISE;WISE(W1);NEOWISE
60273.01911676;14.899;0.425;NEOWISE;WISE(W2);NEOWISE
60273.01911676;15.868;0.224;NEOWISE;WISE(W1);NEOWISE
60273.1483648;15.48;0.164;NEOWISE;WISE(W1);NEOWISE
60273.27761286;15.778;0.222;NEOWISE;WISE(W1);NEOWISE
60273.4068609;15.86;0.23;NEOWISE;WISE(W1);NEOWISE
60285.1146644;19.6046295;0.087785162;ZTF;ZTF(zg);ZTF
60285.1587153;18.9332371;0.0665431097;ZTF;ZTF(zr);ZTF
60314.1635069;18.764164;0.0586434975;ZTF;ZTF(zr);ZTF
60318.783650000114;20.06;0.09028175649662577;Gaia Alerts;GSA(G);Gaia Alerts
60340.1158449;18.879509;0.0584402829;ZTF;ZTF(zr);ZTF
60455.50206999993;18.18;0.029295438297694328;Gaia Alerts;GSA(G);Gaia Alerts
60481.44092589989;18.093427285520082;0.060638670787095623;ZTF;ZTF(zg);ZTF
60481.4409259;18.0575829;0.0289783534;ZTF;ZTF(zg);ZTF
60483.43515049992;18.048469210448445;0.0844275190927594;ZTF;ZTF(zg);ZTF
60483.4351505;17.9978962;0.0279098433;ZTF;ZTF(zg);ZTF
60485.0676500001;18.12;0.028261811798101638;Gaia Alerts;GSA(G);Gaia Alerts
60494.43605320016;18.12215189106607;0.06014954029013303;ZTF;ZTF(zg);ZTF
60502.419675900135;18.128671108035938;0.05685684121340321;ZTF;ZTF(zg);ZTF
60504.46798609989;18.11136046876649;0.04691929549838611;ZTF;ZTF(zg);ZTF
60507.4181597;18.146344942659304;0.04358248466027624;ZTF;ZTF(zg);ZTF
60509.418310199864;18.112045631003298;0.058956723539792096;ZTF;ZTF(zg);ZTF
60511.440567099955;18.08822133642375;0.08338118464133258;ZTF;ZTF(zg);ZTF
60514.43869209988;18.173950769463282;0.1013988158753;ZTF;ZTF(zg);ZTF
60518.3993286998;18.157325665158574;0.0624039324604869;ZTF;ZTF(zg);ZTF
60521.377743099816;18.23812270376822;0.0685870995430239;ZTF;ZTF(zg);ZTF
60527.35234950017;18.2729797424661;0.05252451219445373;ZTF;ZTF(zg);ZTF
60536.337465300225;18.356740576858765;0.06758392848854024;ZTF;ZTF(zg);ZTF
60538.421481499914;18.392700585327074;0.055393580693747585;ZTF;ZTF(zg);ZTF
60545.339224500116;18.334052919205835;0.07730308988887823;ZTF;ZTF(zg);ZTF
60548.34517360013;18.36728945870921;0.05773711573424792;ZTF;ZTF(zg);ZTF
60550.31384260021;18.397109821409206;0.0632915227166878;ZTF;ZTF(zg);ZTF
60552.39851849992;18.436747434575103;0.06077318164627322;ZTF;ZTF(zg);ZTF
60555.30256940005;18.477720596329146;0.05808786129280721;ZTF;ZTF(zg);ZTF
60559.33618059987;18.468391812861654;0.07409187312401157;ZTF;ZTF(zg);ZTF
60561.380914399866;18.49846150105055;0.08595633558783582;ZTF;ZTF(zg);ZTF
60566.35766200023;18.13021925077234;0.06655896281364575;ZTF;ZTF(zr);ZTF
60569.311481500044;18.509514103427424;0.11684752529558434;ZTF;ZTF(zg);ZTF
60569.31504630018;18.05804246942352;0.06749687320335467;ZTF;ZTF(zr);ZTF
60572.29399310006;18.11101432479239;0.0901583354129062;ZTF;ZTF(zr);ZTF
60575.29568290012;18.47484841058446;0.08012449028910774;ZTF;ZTF(zg);ZTF
60576.255937499925;18.492918885288795;0.0663653976426311;ZTF;ZTF(zg);ZTF
60577.373703700025;18.563361968372146;0.0655387440358292;ZTF;ZTF(zg);ZTF
60578.410416699946;18.581215109617133;0.06925631747195024;ZTF;ZTF(zg);ZTF
60582.38516200008;18.601192487794012;0.06398878275269533;ZTF;ZTF(zg);ZTF
60585.21611109981;18.145861043565333;0.03233137394112165;ZTF;ZTF(zr);ZTF
60585.239409700036;18.50755577005314;0.029684401409827196;ZTF;ZTF(zg);ZTF
60585.26266200002;18.158194737346392;0.03196274570688905;ZTF;ZTF(zr);ZTF
60585.28594909981;18.53720745263957;0.031708635204791;ZTF;ZTF(zg);ZTF
60585.309212999884;18.164340380243203;0.030235817742038668;ZTF;ZTF(zr);ZTF
60585.33248839993;18.504545882803733;0.03237457771307959;ZTF;ZTF(zg);ZTF
60585.355763900094;18.12629848448497;0.031022812528860414;ZTF;ZTF(zr);ZTF
60585.388761600014;18.09808035355526;0.03064117836476717;ZTF;ZTF(zr);ZTF
60585.41212960007;18.447024532291337;0.04955813267255223;ZTF;ZTF(zg);ZTF
60585.43552079983;18.10641422488075;0.04125620215122041;ZTF;ZTF(zr);ZTF
60585.459016200155;18.43837418190936;0.07849702440788302;ZTF;ZTF(zg);ZTF
60586.13265050016;18.161471268632393;0.03687401752678487;ZTF;ZTF(zr);ZTF
60586.19123840006;18.1569903915546;0.034475042705599486;ZTF;ZTF(zr);ZTF
60586.21461809985;18.50956160059095;0.029118244661191926;ZTF;ZTF(zg);ZTF
60586.2378934999;18.103590234866108;0.0338483421664622;ZTF;ZTF(zr);ZTF
60586.26118060015;18.538167692841505;0.042121263306515694;ZTF;ZTF(zg);ZTF
60586.28444440011;18.145580339616227;0.035663745691333085;ZTF;ZTF(zr);ZTF
60586.30771989981;18.549798823954497;0.030113736639605298;ZTF;ZTF(zg);ZTF
60586.330972199794;18.120085934752197;0.03603425644078994;ZTF;ZTF(zr);ZTF
60586.354259300046;18.50292394491291;0.0362589754471155;ZTF;ZTF(zg);ZTF
60586.37754630018;18.1296931246362;0.03395923337762375;ZTF;ZTF(zr);ZTF
60586.400902799796;18.53239434049836;0.03552887700102346;ZTF;ZTF(zg);ZTF
60586.424294000026;18.08299559981534;0.034262297120490164;ZTF;ZTF(zr);ZTF
60592.212580999825;18.505264946574666;0.061401422661684295;ZTF;ZTF(zg);ZTF
60596.22613430023;18.518085796532024;0.0786240351542588;ZTF;ZTF(zg);ZTF
60600.273553200066;18.551016182378362;0.13771269980272294;ZTF;ZTF(zg);ZTF
