MJD;Magnitude;Error;Facility;Filter;Observer
52338.17451048;20.414993;0.035375908;SDSS;SDSS(r);SDSS
52338.1753397401;19.967426;0.03149713;SDSS;SDSS(i);SDSS
52338.17616901;23.720041;0.63336325;SDSS;SDSS(u);SDSS
52338.17699827;19.500105;0.063486695;SDSS;SDSS(z);SDSS
52338.1778275401;22.024416;0.07980324;SDSS;SDSS(g);SDSS
52345.19222162;20.428236;0.030491639;SDSS;SDSS(r);SDSS
52345.19305088;19.889973;0.03303385;SDSS;SDSS(i);SDSS
52345.19388015;23.615313;0.6053933;SDSS;SDSS(u);SDSS
52345.19470941;19.59448;0.07376442;SDSS;SDSS(z);SDSS
52345.19553868;22.38469;0.10356502;SDSS;SDSS(g);SDSS
52646.4016409;19.16;0.664;LINEAR;LINEAR(CL);LINEAR
52646.4306563;19.154;0.649;LINEAR;LINEAR(CL);LINEAR
52647.3837991;18.657;0.426;LINEAR;LINEAR(CL);LINEAR
52647.4131942;18.902;0.541;LINEAR;LINEAR(CL);LINEAR
52667.3782113;18.87;0.46;LINEAR;LINEAR(CL);LINEAR
52704.2999823;18.79;0.475;LINEAR;LINEAR(CL);LINEAR
52705.2391235;19.009;0.45;LINEAR;LINEAR(CL);LINEAR
52705.2802953;18.851;0.398;LINEAR;LINEAR(CL);LINEAR
52725.2899617;17.7;0.339;LINEAR;LINEAR(CL);LINEAR
52729.2398523;19.096;0.544;LINEAR;LINEAR(CL);LINEAR
52755.1688807;18.764;0.45;LINEAR;LINEAR(CL);LINEAR
52758.1479385;18.61;0.409;LINEAR;LINEAR(CL);LINEAR
52941.4412638;18.311;0.304;LINEAR;LINEAR(CL);LINEAR
53027.4254663;19.39;0.51;LINEAR;LINEAR(CL);LINEAR
53027.4510664;18.879;0.328;LINEAR;LINEAR(CL);LINEAR
53058.2894275;19.545;0.516;LINEAR;LINEAR(CL);LINEAR
53058.3024062;19.108;0.363;LINEAR;LINEAR(CL);LINEAR
53058.314566;19.472;0.561;LINEAR;LINEAR(CL);LINEAR
53079.2489397;19.185;0.542;LINEAR;LINEAR(CL);LINEAR
53079.2702594;19.373;0.633;LINEAR;LINEAR(CL);LINEAR
53079.2810661;19.295;0.605;LINEAR;LINEAR(CL);LINEAR
53079.2918004;19.017;0.457;LINEAR;LINEAR(CL);LINEAR
53138.1730544;19.029;0.588;LINEAR;LINEAR(CL);LINEAR
53383.3739236;18.865;0.451;LINEAR;LINEAR(CL);LINEAR
53383.4015719;19.199;0.662;LINEAR;LINEAR(CL);LINEAR
53466.22533;19.91;0.26;CRTS;CRTS(CL);CRTS
53466.24357;19.32;0.19;CRTS;CRTS(CL);CRTS
53466.25266;19.29;0.19;CRTS;CRTS(CL);CRTS
53674.48598;19.92;0.27;CRTS;CRTS(CL);CRTS
53674.49033;20.9;0.47;CRTS;CRTS(CL);CRTS
53674.49474;20.46;0.37;CRTS;CRTS(CL);CRTS
53684.49612;19.67;0.24;CRTS;CRTS(CL);CRTS
53684.50094;20.03;0.29;CRTS;CRTS(CL);CRTS
53684.5058;20.13;0.35;CRTS;CRTS(CL);CRTS
53684.51062;19.93;0.28;CRTS;CRTS(CL);CRTS
53704.40267;20.1;0.3;CRTS;CRTS(CL);CRTS
53704.41786;19.81;0.26;CRTS;CRTS(CL);CRTS
53704.42541;19.21;0.19;CRTS;CRTS(CL);CRTS
53711.4958714;18.736;0.37;LINEAR;LINEAR(CL);LINEAR
53711.5088894;18.918;0.47;LINEAR;LINEAR(CL);LINEAR
53729.33675;19.45;0.22;CRTS;CRTS(CL);CRTS
53729.34446;19.66;0.24;CRTS;CRTS(CL);CRTS
53729.35211;19.89;0.27;CRTS;CRTS(CL);CRTS
53729.35981;20.41;0.35;CRTS;CRTS(CL);CRTS
53737.4190343;18.852;0.422;LINEAR;LINEAR(CL);LINEAR
53737.4591188;18.741;0.387;LINEAR;LINEAR(CL);LINEAR
53743.38274;19.69;0.24;CRTS;CRTS(CL);CRTS
53743.3886;20.13;0.3;CRTS;CRTS(CL);CRTS
53743.39442;19.51;0.22;CRTS;CRTS(CL);CRTS
53743.40024;19.52;0.22;CRTS;CRTS(CL);CRTS
53755.37412;19.43;0.21;CRTS;CRTS(CL);CRTS
53755.39335;20.0;0.28;CRTS;CRTS(CL);CRTS
53758.3541181;18.94;0.477;LINEAR;LINEAR(CL);LINEAR
53765.24423;19.76;0.29;CRTS;CRTS(CL);CRTS
53765.25945;19.34;0.21;CRTS;CRTS(CL);CRTS
53772.27112;20.7;0.42;CRTS;CRTS(CL);CRTS
53773.31286;19.56;0.23;CRTS;CRTS(CL);CRTS
53792.3249001;19.275;0.67;LINEAR;LINEAR(CL);LINEAR
53792.3368509;18.528;0.363;LINEAR;LINEAR(CL);LINEAR
53799.20785;20.01;0.28;CRTS;CRTS(CL);CRTS
53799.21325;19.62;0.23;CRTS;CRTS(CL);CRTS
53799.21877;19.8;0.25;CRTS;CRTS(CL);CRTS
53799.22431;20.23;0.32;CRTS;CRTS(CL);CRTS
53817.16444;19.83;0.26;CRTS;CRTS(CL);CRTS
53817.19008;20.24;0.32;CRTS;CRTS(CL);CRTS
53843.17101;19.33;0.21;CRTS;CRTS(CL);CRTS
53843.17904;19.3;0.21;CRTS;CRTS(CL);CRTS
53843.18713;20.38;0.36;CRTS;CRTS(CL);CRTS
53843.19525;20.87;0.48;CRTS;CRTS(CL);CRTS
53846.1946894;18.088;0.372;LINEAR;LINEAR(CL);LINEAR
53876.14481;19.11;0.21;CRTS;CRTS(CL);CRTS
53887.15109;18.83;0.17;CRTS;CRTS(CL);CRTS
53887.16019;19.35;0.22;CRTS;CRTS(CL);CRTS
53887.16927;18.96;0.18;CRTS;CRTS(CL);CRTS
54029.49886;19.94;0.26;CRTS;CRTS(CL);CRTS
54029.50953;20.48;0.34;CRTS;CRTS(CL);CRTS
54029.52026;20.24;0.3;CRTS;CRTS(CL);CRTS
54053.4744698;18.932;0.67;LINEAR;LINEAR(CL);LINEAR
54070.42519;19.6;0.22;CRTS;CRTS(CL);CRTS
54070.433;20.32;0.31;CRTS;CRTS(CL);CRTS
54070.44092;19.8;0.24;CRTS;CRTS(CL);CRTS
54070.44862;19.42;0.2;CRTS;CRTS(CL);CRTS
54082.47837;19.77;0.24;CRTS;CRTS(CL);CRTS
54082.48383;20.15;0.29;CRTS;CRTS(CL);CRTS
54082.49473;19.78;0.24;CRTS;CRTS(CL);CRTS
54085.4851739;19.22;0.54;LINEAR;LINEAR(CL);LINEAR
54085.4981414;19.292;0.577;LINEAR;LINEAR(CL);LINEAR
54093.38923;19.75;0.23;CRTS;CRTS(CL);CRTS
54093.39742;19.48;0.2;CRTS;CRTS(CL);CRTS
54093.40574;19.62;0.21;CRTS;CRTS(CL);CRTS
54093.41397;20.13;0.28;CRTS;CRTS(CL);CRTS
54125.34998;21.3;0.55;CRTS;CRTS(CL);CRTS
54125.36002;20.11;0.28;CRTS;CRTS(CL);CRTS
54127.24685;19.75;0.27;CRTS;CRTS(CL);CRTS
54127.25521;19.97;0.3;CRTS;CRTS(CL);CRTS
54146.3101;19.85;0.25;CRTS;CRTS(CL);CRTS
54146.31621;19.79;0.24;CRTS;CRTS(CL);CRTS
54146.3223;19.94;0.26;CRTS;CRTS(CL);CRTS
54146.32803;20.02;0.27;CRTS;CRTS(CL);CRTS
54148.31868;19.81;0.13;CRTS;CRTS(CL);CRTS
54148.32319;19.93;0.13;CRTS;CRTS(CL);CRTS
54148.32778;19.83;0.13;CRTS;CRTS(CL);CRTS
54148.33228;19.89;0.13;CRTS;CRTS(CL);CRTS
54152.2813577;19.593;0.631;LINEAR;LINEAR(CL);LINEAR
54152.2932649;19.241;0.453;LINEAR;LINEAR(CL);LINEAR
54152.3051527;18.855;0.339;LINEAR;LINEAR(CL);LINEAR
54153.2750133;19.001;0.411;LINEAR;LINEAR(CL);LINEAR
54153.3210764;19.026;0.42;LINEAR;LINEAR(CL);LINEAR
54168.20202;19.94;0.26;CRTS;CRTS(CL);CRTS
54168.21014;19.85;0.25;CRTS;CRTS(CL);CRTS
54168.21826;20.04;0.28;CRTS;CRTS(CL);CRTS
54168.22639;19.72;0.23;CRTS;CRTS(CL);CRTS
54180.2928509;19.282;0.609;LINEAR;LINEAR(CL);LINEAR
54201.17077;19.5;0.21;CRTS;CRTS(CL);CRTS
54201.18005;19.38;0.2;CRTS;CRTS(CL);CRTS
54201.18935;20.36;0.34;CRTS;CRTS(CL);CRTS
54205.2398858;19.151;0.646;LINEAR;LINEAR(CL);LINEAR
54385.491;19.83;0.28;CRTS;CRTS(CL);CRTS
54385.50432;19.68;0.25;CRTS;CRTS(CL);CRTS
54385.51097;19.25;0.21;CRTS;CRTS(CL);CRTS
54399.47216;19.9;0.12;CRTS;CRTS(CL);CRTS
54399.47943;19.88;0.12;CRTS;CRTS(CL);CRTS
54399.48683;19.86;0.12;CRTS;CRTS(CL);CRTS
54399.49414;19.65;0.11;CRTS;CRTS(CL);CRTS
54409.49463;19.38;0.2;CRTS;CRTS(CL);CRTS
54409.50352;19.62;0.22;CRTS;CRTS(CL);CRTS
54409.50794;20.53;0.36;CRTS;CRTS(CL);CRTS
54416.4382523;19.072;0.485;LINEAR;LINEAR(CL);LINEAR
54423.43858;20.15;0.29;CRTS;CRTS(CL);CRTS
54423.44789;19.55;0.21;CRTS;CRTS(CL);CRTS
54423.45721;20.79;0.41;CRTS;CRTS(CL);CRTS
54423.46657;19.61;0.22;CRTS;CRTS(CL);CRTS
54438.4476625;19.468;0.514;LINEAR;LINEAR(CL);LINEAR
54438.4609018;19.443;0.507;LINEAR;LINEAR(CL);LINEAR
54438.46246;19.62;0.22;CRTS;CRTS(CL);CRTS
54438.4696;20.03;0.27;CRTS;CRTS(CL);CRTS
54438.4742434;19.547;0.572;LINEAR;LINEAR(CL);LINEAR
54438.48381;20.05;0.27;CRTS;CRTS(CL);CRTS
54448.4532;19.81;0.24;CRTS;CRTS(CL);CRTS
54448.45859;19.55;0.21;CRTS;CRTS(CL);CRTS
54448.46412;19.9;0.25;CRTS;CRTS(CL);CRTS
54448.46946;19.82;0.24;CRTS;CRTS(CL);CRTS
54454.45004;19.19;0.18;CRTS;CRTS(CL);CRTS
54454.45657;19.68;0.23;CRTS;CRTS(CL);CRTS
54454.46317;19.45;0.2;CRTS;CRTS(CL);CRTS
54464.48413;20.44;0.34;CRTS;CRTS(CL);CRTS
54464.49079;19.92;0.26;CRTS;CRTS(CL);CRTS
54464.50402;19.9;0.26;CRTS;CRTS(CL);CRTS
54475.37495;19.52;0.21;CRTS;CRTS(CL);CRTS
54475.39735;19.68;0.23;CRTS;CRTS(CL);CRTS
54480.42341;20.04;0.13;CRTS;CRTS(CL);CRTS
54480.42902;20.01;0.13;CRTS;CRTS(CL);CRTS
54480.43465;20.21;0.14;CRTS;CRTS(CL);CRTS
54480.44023;20.01;0.13;CRTS;CRTS(CL);CRTS
54498.3338478;19.605;0.614;LINEAR;LINEAR(CL);LINEAR
54498.3589298;19.538;0.611;LINEAR;LINEAR(CL);LINEAR
54498.43512;19.35;0.19;CRTS;CRTS(CL);CRTS
54498.44229;19.76;0.24;CRTS;CRTS(CL);CRTS
54498.44948;19.63;0.22;CRTS;CRTS(CL);CRTS
54498.45667;20.32;0.32;CRTS;CRTS(CL);CRTS
54506.2773798;19.287;0.446;LINEAR;LINEAR(CL);LINEAR
54506.28633;20.52;0.35;CRTS;CRTS(CL);CRTS
54506.2895647;19.559;0.577;LINEAR;LINEAR(CL);LINEAR
54506.29303;19.54;0.21;CRTS;CRTS(CL);CRTS
54506.29973;19.27;0.19;CRTS;CRTS(CL);CRTS
54506.3018567;19.551;0.561;LINEAR;LINEAR(CL);LINEAR
54506.30642;19.74;0.23;CRTS;CRTS(CL);CRTS
54506.3141822;19.309;0.459;LINEAR;LINEAR(CL);LINEAR
54506.3263902;19.362;0.496;LINEAR;LINEAR(CL);LINEAR
54508.33101;19.91;0.12;CRTS;CRTS(CL);CRTS
54508.33954;19.9;0.12;CRTS;CRTS(CL);CRTS
54508.34796;19.9;0.12;CRTS;CRTS(CL);CRTS
54508.35635;19.82;0.12;CRTS;CRTS(CL);CRTS
54510.41672;20.39;0.33;CRTS;CRTS(CL);CRTS
54510.41838;19.91;0.26;CRTS;CRTS(CL);CRTS
54510.42009;19.61;0.22;CRTS;CRTS(CL);CRTS
54510.42175;20.33;0.32;CRTS;CRTS(CL);CRTS
54529.20031;19.71;0.23;CRTS;CRTS(CL);CRTS
54529.20956;20.78;0.41;CRTS;CRTS(CL);CRTS
54529.21874;19.93;0.26;CRTS;CRTS(CL);CRTS
54529.22801;19.75;0.23;CRTS;CRTS(CL);CRTS
54535.2831476;19.75;0.59;LINEAR;LINEAR(CL);LINEAR
54536.25758;19.78;0.12;CRTS;CRTS(CL);CRTS
54536.26366;19.84;0.12;CRTS;CRTS(CL);CRTS
54536.26972;19.91;0.12;CRTS;CRTS(CL);CRTS
54536.2758;19.86;0.12;CRTS;CRTS(CL);CRTS
54553.2589578;19.569;0.623;LINEAR;LINEAR(CL);LINEAR
54560.14683;19.78;0.21;CRTS;CRTS(CL);CRTS
54560.15291;19.53;0.18;CRTS;CRTS(CL);CRTS
54560.15897;19.53;0.18;CRTS;CRTS(CL);CRTS
54560.16504;19.96;0.22;CRTS;CRTS(CL);CRTS
54561.2399853;19.657;0.609;LINEAR;LINEAR(CL);LINEAR
54561.2514726;19.723;0.586;LINEAR;LINEAR(CL);LINEAR
54561.2629264;19.63;0.623;LINEAR;LINEAR(CL);LINEAR
54561.2744008;19.464;0.616;LINEAR;LINEAR(CL);LINEAR
54567.19207;19.2;0.18;CRTS;CRTS(CL);CRTS
54567.1982;19.68;0.23;CRTS;CRTS(CL);CRTS
54567.20435;19.56;0.22;CRTS;CRTS(CL);CRTS
54567.21049;20.06;0.28;CRTS;CRTS(CL);CRTS
54588.18364;20.26;0.32;CRTS;CRTS(CL);CRTS
54588.19027;19.63;0.23;CRTS;CRTS(CL);CRTS
54588.20339;19.72;0.24;CRTS;CRTS(CL);CRTS
54594.1951;19.73;0.24;CRTS;CRTS(CL);CRTS
54594.20152;19.92;0.27;CRTS;CRTS(CL);CRTS
54807.43842;19.31;0.19;CRTS;CRTS(CL);CRTS
54807.44382;19.81;0.24;CRTS;CRTS(CL);CRTS
54807.44922;19.98;0.26;CRTS;CRTS(CL);CRTS
54822.4763;19.55;0.21;CRTS;CRTS(CL);CRTS
54822.48306;19.67;0.22;CRTS;CRTS(CL);CRTS
54822.4898;19.71;0.23;CRTS;CRTS(CL);CRTS
54822.49659;19.88;0.25;CRTS;CRTS(CL);CRTS
54848.51605;19.72;0.24;CRTS;CRTS(CL);CRTS
54848.52336;20.0;0.27;CRTS;CRTS(CL);CRTS
54865.36923;19.8;0.14;CRTS;CRTS(CL);CRTS
54865.37319;19.83;0.14;CRTS;CRTS(CL);CRTS
54865.37711;19.89;0.14;CRTS;CRTS(CL);CRTS
54865.38109;20.02;0.15;CRTS;CRTS(CL);CRTS
54878.34434;19.73;0.23;CRTS;CRTS(CL);CRTS
54878.35108;19.58;0.21;CRTS;CRTS(CL);CRTS
54878.35777;20.02;0.27;CRTS;CRTS(CL);CRTS
54878.36434;19.78;0.24;CRTS;CRTS(CL);CRTS
54889.29031;19.6;0.17;CRTS;CRTS(CL);CRTS
54889.30052;19.67;0.18;CRTS;CRTS(CL);CRTS
54889.31071;19.8;0.19;CRTS;CRTS(CL);CRTS
54889.32091;19.8;0.19;CRTS;CRTS(CL);CRTS
54891.3318072;21.61082649230957;0.23410682380199432;PTF;PTF(g);PTF
54891.4107472;21.42613410949707;0.2539040148258209;PTF;PTF(g);PTF
54907.24011;19.8;0.24;CRTS;CRTS(CL);CRTS
54907.24498;19.33;0.19;CRTS;CRTS(CL);CRTS
54907.24977;19.51;0.21;CRTS;CRTS(CL);CRTS
54907.25464;20.13;0.29;CRTS;CRTS(CL);CRTS
54910.3214272;21.501585006713867;0.1952201873064041;PTF;PTF(g);PTF
54911.2205472;21.461162567138672;0.2837453782558441;PTF;PTF(g);PTF
54911.3061272;21.330249786376953;0.23750635981559753;PTF;PTF(g);PTF
54919.21806;19.74;0.23;CRTS;CRTS(CL);CRTS
54919.22294;19.71;0.23;CRTS;CRTS(CL);CRTS
54919.22777;19.29;0.19;CRTS;CRTS(CL);CRTS
54919.23258;19.46;0.2;CRTS;CRTS(CL);CRTS
54924.11472;20.0;0.15;CRTS;CRTS(CL);CRTS
54924.12135;19.95;0.15;CRTS;CRTS(CL);CRTS
54924.12821;19.85;0.14;CRTS;CRTS(CL);CRTS
54924.13494;19.99;0.15;CRTS;CRTS(CL);CRTS
54944.21849;19.6;0.23;CRTS;CRTS(CL);CRTS
54944.23175;18.67;0.15;CRTS;CRTS(CL);CRTS
54944.23833;19.02;0.17;CRTS;CRTS(CL);CRTS
55127.49555;20.19;0.4;CRTS;CRTS(CL);CRTS
55127.49953;20.33;0.43;CRTS;CRTS(CL);CRTS
55127.50337;19.13;0.23;CRTS;CRTS(CL);CRTS
55151.47802;19.9;0.26;CRTS;CRTS(CL);CRTS
55151.48484;19.44;0.21;CRTS;CRTS(CL);CRTS
55151.49169;19.71;0.24;CRTS;CRTS(CL);CRTS
55161.48254;19.4;0.2;CRTS;CRTS(CL);CRTS
55161.49348;19.7;0.23;CRTS;CRTS(CL);CRTS
55161.49894;20.45;0.35;CRTS;CRTS(CL);CRTS
55162.45435;18.9;0.16;CRTS;CRTS(CL);CRTS
55162.46291;19.39;0.2;CRTS;CRTS(CL);CRTS
55162.48001;20.01;0.28;CRTS;CRTS(CL);CRTS
55203.39872;19.54;0.22;CRTS;CRTS(CL);CRTS
55203.40329;19.8;0.25;CRTS;CRTS(CL);CRTS
55203.40782;19.41;0.2;CRTS;CRTS(CL);CRTS
55203.41237;19.99;0.27;CRTS;CRTS(CL);CRTS
55203.5254872;19.837995529174805;0.22536711394786835;PTF;PTF(R);PTF
55242.36965;19.88;0.14;CRTS;CRTS(CL);CRTS
55242.37607;19.84;0.13;CRTS;CRTS(CL);CRTS
55242.38258;19.75;0.13;CRTS;CRTS(CL);CRTS
55242.38907;19.71;0.13;CRTS;CRTS(CL);CRTS
55275.2316;19.39;0.2;CRTS;CRTS(CL);CRTS
55275.23843;19.49;0.21;CRTS;CRTS(CL);CRTS
55301.21245;19.43;0.21;CRTS;CRTS(CL);CRTS
55301.21937;19.76;0.24;CRTS;CRTS(CL);CRTS
55301.22629;19.91;0.26;CRTS;CRTS(CL);CRTS
55301.23325;19.51;0.22;CRTS;CRTS(CL);CRTS
55326.18074;19.45;0.21;CRTS;CRTS(CL);CRTS
55326.19569;19.52;0.22;CRTS;CRTS(CL);CRTS
55327.3063005;15.318;0.457;ALLWISE;WISE(W2);ALLWISE
55327.3063005;16.013;0.244;ALLWISE;WISE(W1);ALLWISE
55327.4386047;15.751;0.179;ALLWISE;WISE(W1);ALLWISE
55327.5709088;15.885;0.193;ALLWISE;WISE(W1);ALLWISE
55327.5710361;15.678;0.157;ALLWISE;WISE(W1);ALLWISE
55327.7032135;16.218;0.254;ALLWISE;WISE(W1);ALLWISE
55327.7033403;16.254;0.27;ALLWISE;WISE(W1);ALLWISE
55327.7694293;15.699;0.176;ALLWISE;WISE(W1);ALLWISE
55327.8355177;15.935;0.215;ALLWISE;WISE(W1);ALLWISE
55327.835645;16.076;0.231;ALLWISE;WISE(W1);ALLWISE
55327.835645;15.029;0.304;ALLWISE;WISE(W2);ALLWISE
55327.9017334;16.343;0.303;ALLWISE;WISE(W1);ALLWISE
55327.9678218;15.861;0.206;ALLWISE;WISE(W1);ALLWISE
55327.9679492;15.909;0.208;ALLWISE;WISE(W1);ALLWISE
55328.0340376;15.126;0.361;ALLWISE;WISE(W2);ALLWISE
55328.0340376;15.641;0.209;ALLWISE;WISE(W1);ALLWISE
55328.1663417;14.882;0.294;ALLWISE;WISE(W2);ALLWISE
55328.1663417;16.148;0.253;ALLWISE;WISE(W1);ALLWISE
55328.2986458;15.752;0.176;ALLWISE;WISE(W1);ALLWISE
55328.2986458;15.253;0.42;ALLWISE;WISE(W2);ALLWISE
55348.15373;18.96;0.17;CRTS;CRTS(CL);CRTS
55348.15944;19.7;0.24;CRTS;CRTS(CL);CRTS
55348.16516;19.18;0.19;CRTS;CRTS(CL);CRTS
55348.17089;18.97;0.17;CRTS;CRTS(CL);CRTS
55498.48431;19.74;0.13;CRTS;CRTS(CL);CRTS
55512.49536;20.21;0.31;CRTS;CRTS(CL);CRTS
55512.51798;19.77;0.24;CRTS;CRTS(CL);CRTS
55518.0311588;15.935;0.217;ALLWISE;WISE(W1);ALLWISE
55518.163463;15.738;0.185;ALLWISE;WISE(W1);ALLWISE
55518.163463;15.191;0.433;ALLWISE;WISE(W2);ALLWISE
55518.2957671;15.657;0.166;ALLWISE;WISE(W1);ALLWISE
55518.3618555;16.223;0.311;ALLWISE;WISE(W1);ALLWISE
55518.3618555;15.424;0.536;ALLWISE;WISE(W2);ALLWISE
55518.427944;15.965;0.279;ALLWISE;WISE(W1);ALLWISE
55518.427944;15.347;0.453;ALLWISE;WISE(W2);ALLWISE
55518.4280713;15.593;0.214;ALLWISE;WISE(W1);ALLWISE
55518.4941596;15.953;0.223;ALLWISE;WISE(W1);ALLWISE
55518.4941596;15.142;0.398;ALLWISE;WISE(W2);ALLWISE
55518.5602543;15.953;0.243;ALLWISE;WISE(W1);ALLWISE
55518.6263427;16.208;0.278;ALLWISE;WISE(W1);ALLWISE
55518.6264701;15.961;0.22;ALLWISE;WISE(W1);ALLWISE
55518.758647;16.006;0.227;ALLWISE;WISE(W1);ALLWISE
55518.8909513;15.765;0.19;ALLWISE;WISE(W1);ALLWISE
55519.0232554;15.324;0.433;ALLWISE;WISE(W2);ALLWISE
55519.0232554;15.531;0.153;ALLWISE;WISE(W1);ALLWISE
55532.51521;19.47;0.27;CRTS;CRTS(CL);CRTS
55532.51891;20.23;0.4;CRTS;CRTS(CL);CRTS
55540.46842;19.23;0.19;CRTS;CRTS(CL);CRTS
55540.47977;19.51;0.22;CRTS;CRTS(CL);CRTS
55540.48554;19.64;0.23;CRTS;CRTS(CL);CRTS
55558.3227572;19.8568115234375;0.09430557489395142;PTF;PTF(R);PTF
55574.36084;19.54;0.22;CRTS;CRTS(CL);CRTS
55574.36715;19.96;0.27;CRTS;CRTS(CL);CRTS
55574.37349;19.76;0.25;CRTS;CRTS(CL);CRTS
55574.3799;19.45;0.21;CRTS;CRTS(CL);CRTS
55576.4954472;19.79515266418457;0.1683289110660553;PTF;PTF(R);PTF
55577.4983072;19.881654739379883;0.1948527991771698;PTF;PTF(R);PTF
55577.5418272;20.340242385864258;0.15938353538513184;PTF;PTF(R);PTF
55586.3986172;20.007652282714844;0.13564243912696838;PTF;PTF(R);PTF
55586.4416072;20.15822410583496;0.1252833753824234;PTF;PTF(R);PTF
55586.48762;18.57;0.15;CRTS;CRTS(CL);CRTS
55587.29878;19.99;0.28;CRTS;CRTS(CL);CRTS
55587.3057;20.36;0.34;CRTS;CRTS(CL);CRTS
55587.31959;20.36;0.34;CRTS;CRTS(CL);CRTS
55589.40595;19.8;0.12;CRTS;CRTS(CL);CRTS
55589.41344;19.75;0.12;CRTS;CRTS(CL);CRTS
55589.42101;19.82;0.12;CRTS;CRTS(CL);CRTS
55589.4285;19.91;0.13;CRTS;CRTS(CL);CRTS
55596.35832;19.37;0.17;CRTS;CRTS(CL);CRTS
55596.37053;20.28;0.27;CRTS;CRTS(CL);CRTS
55596.38275;20.02;0.24;CRTS;CRTS(CL);CRTS
55596.39501;19.26;0.17;CRTS;CRTS(CL);CRTS
55601.4359872;19.99224281311035;0.11108265072107315;PTF;PTF(R);PTF
55602.35552;19.73;0.12;CRTS;CRTS(CL);CRTS
55602.36248;19.97;0.13;CRTS;CRTS(CL);CRTS
55602.36946;19.89;0.13;CRTS;CRTS(CL);CRTS
55602.37646;19.71;0.12;CRTS;CRTS(CL);CRTS
55604.1828172;19.62808609008789;0.14100372791290283;PTF;PTF(R);PTF
55604.2270672;19.87468147277832;0.1249203234910965;PTF;PTF(R);PTF
55605.3186172;19.92503547668457;0.10409152507781982;PTF;PTF(R);PTF
55606.3754772;19.89258575439453;0.12320863455533981;PTF;PTF(R);PTF
55615.24622;19.14;0.16;CRTS;CRTS(CL);CRTS
55615.25513;19.61;0.2;CRTS;CRTS(CL);CRTS
55615.26418;20.07;0.25;CRTS;CRTS(CL);CRTS
55615.27318;19.53;0.19;CRTS;CRTS(CL);CRTS
55622.35211;20.0;0.13;CRTS;CRTS(CL);CRTS
55622.36024;19.63;0.12;CRTS;CRTS(CL);CRTS
55622.36839;20.14;0.14;CRTS;CRTS(CL);CRTS
55622.37647;20.03;0.14;CRTS;CRTS(CL);CRTS
55626.19594;19.48;0.22;CRTS;CRTS(CL);CRTS
55626.20232;19.51;0.22;CRTS;CRTS(CL);CRTS
55626.20898;19.89;0.28;CRTS;CRTS(CL);CRTS
55646.11558;19.45;0.22;CRTS;CRTS(CL);CRTS
55646.12127;19.85;0.27;CRTS;CRTS(CL);CRTS
55646.127;20.07;0.3;CRTS;CRTS(CL);CRTS
55695.17501;19.36;0.24;CRTS;CRTS(CL);CRTS
55704.5229139;20.4715;0.012665;PS1;PS1(r);PS1
55851.49134;18.91;0.16;CRTS;CRTS(CL);CRTS
55851.49537;20.65;0.4;CRTS;CRTS(CL);CRTS
55923.41181;19.6;0.19;CRTS;CRTS(CL);CRTS
55923.42027;19.92;0.22;CRTS;CRTS(CL);CRTS
55923.42881;19.74;0.2;CRTS;CRTS(CL);CRTS
55923.43726;19.41;0.17;CRTS;CRTS(CL);CRTS
55931.2644772;20.157669067382812;0.24938315153121948;PTF;PTF(R);PTF
55941.3500772;20.00135040283203;0.14648960530757904;PTF;PTF(R);PTF
55941.3926872;19.583024978637695;0.11930698901414871;PTF;PTF(R);PTF
55941.4376872;19.60365104675293;0.12589731812477112;PTF;PTF(R);PTF
55944.41346;19.86;0.25;CRTS;CRTS(CL);CRTS
55944.42081;20.14;0.29;CRTS;CRTS(CL);CRTS
55944.42816;19.54;0.22;CRTS;CRTS(CL);CRTS
55944.43542;20.04;0.28;CRTS;CRTS(CL);CRTS
55955.2982;19.63;0.19;CRTS;CRTS(CL);CRTS
55955.3091;20.1;0.25;CRTS;CRTS(CL);CRTS
55955.32009;19.75;0.21;CRTS;CRTS(CL);CRTS
55955.33102;19.59;0.19;CRTS;CRTS(CL);CRTS
55962.3555072;20.0742130279541;0.18743085861206055;PTF;PTF(R);PTF
55962.4408972;19.65127182006836;0.13481739163398743;PTF;PTF(R);PTF
55968.30161;18.84;0.16;CRTS;CRTS(CL);CRTS
55968.31009;19.82;0.25;CRTS;CRTS(CL);CRTS
55968.32705;19.45;0.21;CRTS;CRTS(CL);CRTS
55982.22556;19.36;0.17;CRTS;CRTS(CL);CRTS
55982.23166;19.41;0.18;CRTS;CRTS(CL);CRTS
55982.23786;19.89;0.22;CRTS;CRTS(CL);CRTS
55982.24398;19.76;0.21;CRTS;CRTS(CL);CRTS
56031.7309709;21.9323;0.046971;PS1;PS1(g);PS1
56033.17699;19.73;0.24;CRTS;CRTS(CL);CRTS
56033.18215;19.96;0.28;CRTS;CRTS(CL);CRTS
56033.18729;19.62;0.23;CRTS;CRTS(CL);CRTS
56063.14318;19.36;0.17;CRTS;CRTS(CL);CRTS
56063.15065;19.78;0.21;CRTS;CRTS(CL);CRTS
56063.16562;20.14;0.25;CRTS;CRTS(CL);CRTS
56138.6710088;19.9008;0.013563;PS1;PS1(i);PS1
56214.50326;20.04;0.33;CRTS;CRTS(CL);CRTS
56214.50623;19.58;0.26;CRTS;CRTS(CL);CRTS
56235.48291;20.62;0.4;CRTS;CRTS(CL);CRTS
56235.50026;19.58;0.23;CRTS;CRTS(CL);CRTS
56245.47063;19.53;0.22;CRTS;CRTS(CL);CRTS
56245.47804;19.4;0.2;CRTS;CRTS(CL);CRTS
56245.48548;20.17;0.3;CRTS;CRTS(CL);CRTS
56245.49289;19.65;0.23;CRTS;CRTS(CL);CRTS
56256.42921;20.42;0.3;CRTS;CRTS(CL);CRTS
56256.44158;18.6;0.13;CRTS;CRTS(CL);CRTS
56256.44776;19.36;0.17;CRTS;CRTS(CL);CRTS
56269.39255;20.14;0.3;CRTS;CRTS(CL);CRTS
56269.39831;19.42;0.21;CRTS;CRTS(CL);CRTS
56269.404;19.33;0.2;CRTS;CRTS(CL);CRTS
56269.4055638;19.6341;0.016727;PS1;PS1(z);PS1
56269.40967;20.11;0.29;CRTS;CRTS(CL);CRTS
56309.38732;19.57;0.22;CRTS;CRTS(CL);CRTS
56309.39306;19.9;0.26;CRTS;CRTS(CL);CRTS
56309.3989;20.18;0.3;CRTS;CRTS(CL);CRTS
56309.40471;19.1;0.18;CRTS;CRTS(CL);CRTS
56324.44438;19.89;0.26;CRTS;CRTS(CL);CRTS
56330.33811;19.65;0.23;CRTS;CRTS(CL);CRTS
56330.34388;19.77;0.25;CRTS;CRTS(CL);CRTS
56330.34966;19.81;0.25;CRTS;CRTS(CL);CRTS
56330.35542;19.94;0.27;CRTS;CRTS(CL);CRTS
56339.31524;19.62;0.12;CRTS;CRTS(CL);CRTS
56339.3223;19.81;0.13;CRTS;CRTS(CL);CRTS
56339.32929;19.68;0.13;CRTS;CRTS(CL);CRTS
56339.33636;20.01;0.14;CRTS;CRTS(CL);CRTS
56340.25727;19.66;0.23;CRTS;CRTS(CL);CRTS
56340.26401;19.56;0.22;CRTS;CRTS(CL);CRTS
56340.27083;19.45;0.21;CRTS;CRTS(CL);CRTS
56340.27765;19.39;0.2;CRTS;CRTS(CL);CRTS
56352.28315;19.4;0.21;CRTS;CRTS(CL);CRTS
56352.2882;19.72;0.24;CRTS;CRTS(CL);CRTS
56363.27362;19.54;0.22;CRTS;CRTS(CL);CRTS
56363.28301;19.26;0.19;CRTS;CRTS(CL);CRTS
56363.28903;19.97;0.28;CRTS;CRTS(CL);CRTS
56363.29512;19.59;0.23;CRTS;CRTS(CL);CRTS
56364.1410072;19.680326461791992;0.08860751986503601;PTF;PTF(R);PTF
56364.1772272;19.719806671142578;0.06862213462591171;PTF;PTF(R);PTF
56364.1898272;19.621131896972656;0.07311753928661346;PTF;PTF(R);PTF
56369.1472872;19.547895431518555;0.15393033623695374;PTF;PTF(R);PTF
56369.1775072;20.07552719116211;0.15713909268379211;PTF;PTF(R);PTF
56369.2075272;20.133495330810547;0.178603857755661;PTF;PTF(R);PTF
56372.1703272;19.737192153930664;0.5413450598716736;PTF;PTF(R);PTF
56372.2466572;19.841690063476562;0.5094348192214966;PTF;PTF(R);PTF
56383.16244;19.42;0.23;CRTS;CRTS(CL);CRTS
56383.18529;19.22;0.21;CRTS;CRTS(CL);CRTS
56383.19432;20.11;0.31;CRTS;CRTS(CL);CRTS
56389.21978;18.78;0.15;CRTS;CRTS(CL);CRTS
56389.23745;19.39;0.19;CRTS;CRTS(CL);CRTS
56413.17352;19.78;0.22;CRTS;CRTS(CL);CRTS
56413.18104;20.56;0.33;CRTS;CRTS(CL);CRTS
56413.18852;19.19;0.17;CRTS;CRTS(CL);CRTS
56413.19595;20.07;0.26;CRTS;CRTS(CL);CRTS
56426.14164;18.86;0.17;CRTS;CRTS(CL);CRTS
56426.14835;19.51;0.23;CRTS;CRTS(CL);CRTS
56426.1545;20.53;0.39;CRTS;CRTS(CL);CRTS
56426.16072;19.97;0.31;CRTS;CRTS(CL);CRTS
56446.15919;19.59;0.24;CRTS;CRTS(CL);CRTS
56596.46564;20.25;0.32;CRTS;CRTS(CL);CRTS
56596.47331;19.66;0.24;CRTS;CRTS(CL);CRTS
56596.48861;19.54;0.22;CRTS;CRTS(CL);CRTS
56792.14708079;15.854;0.204;NEOWISE;WISE(W1);NEOWISE
56792.27862084;16.627;0.432;NEOWISE;WISE(W1);NEOWISE
56792.27862084;14.402;0.324;NEOWISE;WISE(W2);NEOWISE
56792.41028822;15.459;0.19;NEOWISE;WISE(W1);NEOWISE
56792.47599461;15.362;0.16;NEOWISE;WISE(W1);NEOWISE
56792.47612193;15.955;0.2;NEOWISE;WISE(W1);NEOWISE
56792.54182111;16.108;0.256;NEOWISE;WISE(W1);NEOWISE
56792.54182111;15.315;0.472;NEOWISE;WISE(W2);NEOWISE
56792.60765472;15.008;0.496;NEOWISE;WISE(W2);NEOWISE
56792.60765472;15.684;0.216;NEOWISE;WISE(W1);NEOWISE
56792.67348834;15.953;0.225;NEOWISE;WISE(W1);NEOWISE
56792.73932196;15.211;0.405;NEOWISE;WISE(W2);NEOWISE
56792.73932196;15.967;0.24;NEOWISE;WISE(W1);NEOWISE
56792.87086183;15.821;0.187;NEOWISE;WISE(W1);NEOWISE
56793.00252911;15.057;0.378;NEOWISE;WISE(W2);NEOWISE
56793.00252911;15.903;0.221;NEOWISE;WISE(W1);NEOWISE
56793.13406907;16.217;0.31;NEOWISE;WISE(W1);NEOWISE
56972.4963672;19.884248733520508;0.13095979392528534;PTF;PTF(R);PTF
56972.5376372;19.535022735595703;0.1431911736726761;PTF;PTF(R);PTF
56981.5606972;20.135482788085938;0.1534605175256729;PTF;PTF(R);PTF
56982.73734454;15.269;0.165;NEOWISE;WISE(W1);NEOWISE
56982.86875752;15.82;0.195;NEOWISE;WISE(W1);NEOWISE
56983.00029784;15.784;0.182;NEOWISE;WISE(W1);NEOWISE
56983.06600433;15.225;0.441;NEOWISE;WISE(W2);NEOWISE
56983.06600433;15.726;0.183;NEOWISE;WISE(W1);NEOWISE
56983.13171078;15.616;0.176;NEOWISE;WISE(W1);NEOWISE
56983.19741727;15.882;0.222;NEOWISE;WISE(W1);NEOWISE
56983.26325104;15.946;0.218;NEOWISE;WISE(W1);NEOWISE
56983.32895753;15.618;0.192;NEOWISE;WISE(W1);NEOWISE
56983.59191083;16.658;0.413;NEOWISE;WISE(W1);NEOWISE
56983.72332377;15.555;0.155;NEOWISE;WISE(W1);NEOWISE
57150.91920274;16.046;0.29;NEOWISE;WISE(W1);NEOWISE
57150.91920274;15.47;0.495;NEOWISE;WISE(W2);NEOWISE
57151.05036078;15.859;0.222;NEOWISE;WISE(W1);NEOWISE
57151.18164618;15.955;0.256;NEOWISE;WISE(W1);NEOWISE
57151.31293149;14.928;0.389;NEOWISE;WISE(W2);NEOWISE
57151.31293149;15.474;0.144;NEOWISE;WISE(W1);NEOWISE
57151.37851049;15.48;0.277;NEOWISE;WISE(W1);NEOWISE
57151.44421684;15.734;0.187;NEOWISE;WISE(W1);NEOWISE
57151.50979589;15.753;0.191;NEOWISE;WISE(W1);NEOWISE
57151.57550225;16.39;0.335;NEOWISE;WISE(W1);NEOWISE
57151.64108124;15.812;0.214;NEOWISE;WISE(W1);NEOWISE
57151.7723666;15.983;0.306;NEOWISE;WISE(W1);NEOWISE
57151.7723666;15.265;0.519;NEOWISE;WISE(W2);NEOWISE
57151.903652;15.799;0.275;NEOWISE;WISE(W1);NEOWISE
57152.03493741;15.956;0.389;NEOWISE;WISE(W1);NEOWISE
57344.67472729;15.822;0.196;NEOWISE;WISE(W1);NEOWISE
57344.67472729;15.259;0.469;NEOWISE;WISE(W2);NEOWISE
57344.80588573;15.86;0.209;NEOWISE;WISE(W1);NEOWISE
57344.93704421;15.362;0.521;NEOWISE;WISE(W2);NEOWISE
57344.93704421;15.658;0.178;NEOWISE;WISE(W1);NEOWISE
57345.0682026;14.922;0.372;NEOWISE;WISE(W2);NEOWISE
57345.0682026;16.24;0.483;NEOWISE;WISE(W1);NEOWISE
57345.13378181;15.849;0.215;NEOWISE;WISE(W1);NEOWISE
57345.13378181;14.825;0.332;NEOWISE;WISE(W2);NEOWISE
57345.19936104;15.599;0.258;NEOWISE;WISE(W1);NEOWISE
57345.26494029;15.786;0.186;NEOWISE;WISE(W1);NEOWISE
57345.5272615;15.845;0.191;NEOWISE;WISE(W1);NEOWISE
57345.65841995;15.696;0.169;NEOWISE;WISE(W1);NEOWISE
57509.89665856;15.126;0.365;NEOWISE;WISE(W2);NEOWISE
57509.89665856;15.686;0.166;NEOWISE;WISE(W1);NEOWISE
57510.02768948;15.577;0.159;NEOWISE;WISE(W1);NEOWISE
57510.15872036;14.885;0.406;NEOWISE;WISE(W2);NEOWISE
57510.15872036;16.244;0.259;NEOWISE;WISE(W1);NEOWISE
57510.42090988;15.749;0.177;NEOWISE;WISE(W1);NEOWISE
57510.48636165;15.588;0.159;NEOWISE;WISE(W1);NEOWISE
57510.48636165;14.549;0.448;NEOWISE;WISE(W2);NEOWISE
57510.61739252;15.922;0.269;NEOWISE;WISE(W1);NEOWISE
57510.61751984;16.345;0.28;NEOWISE;WISE(W1);NEOWISE
57510.74855072;15.704;0.168;NEOWISE;WISE(W1);NEOWISE
57510.74855072;15.424;0.47;NEOWISE;WISE(W2);NEOWISE
57510.87958159;15.813;0.189;NEOWISE;WISE(W1);NEOWISE
57708.76242727;15.989;0.319;NEOWISE;WISE(W1);NEOWISE
57708.893331;15.487;0.214;NEOWISE;WISE(W1);NEOWISE
57709.02436204;16.261;0.309;NEOWISE;WISE(W1);NEOWISE
57709.15539299;15.589;0.189;NEOWISE;WISE(W1);NEOWISE
57709.22084483;15.785;0.215;NEOWISE;WISE(W1);NEOWISE
57709.22097219;16.151;0.293;NEOWISE;WISE(W1);NEOWISE
57709.28642403;15.604;0.181;NEOWISE;WISE(W1);NEOWISE
57709.35187587;15.666;0.179;NEOWISE;WISE(W1);NEOWISE
57709.48290688;16.205;0.285;NEOWISE;WISE(W1);NEOWISE
57709.61393345;14.982;0.16;NEOWISE;WISE(W1);NEOWISE
57709.61393345;14.943;0.46;NEOWISE;WISE(W2);NEOWISE
57709.74483711;15.6;0.192;NEOWISE;WISE(W1);NEOWISE
57709.74496442;15.572;0.175;NEOWISE;WISE(W1);NEOWISE
57870.293703;15.617;0.152;NEOWISE;WISE(W1);NEOWISE
57870.42460653;15.405;0.135;NEOWISE;WISE(W1);NEOWISE
57870.5555049;15.876;0.216;NEOWISE;WISE(W1);NEOWISE
57870.68640838;15.739;0.218;NEOWISE;WISE(W1);NEOWISE
57870.75186017;15.938;0.208;NEOWISE;WISE(W1);NEOWISE
57870.81743924;15.772;0.203;NEOWISE;WISE(W1);NEOWISE
57870.88289103;16.61;0.386;NEOWISE;WISE(W1);NEOWISE
57870.94834278;16.099;0.244;NEOWISE;WISE(W1);NEOWISE
57870.94834278;15.223;0.438;NEOWISE;WISE(W2);NEOWISE
57871.01379453;16.448;0.324;NEOWISE;WISE(W1);NEOWISE
57871.14469806;16.587;0.36;NEOWISE;WISE(W1);NEOWISE
57871.14482543;15.782;0.175;NEOWISE;WISE(W1);NEOWISE
57871.27572887;15.807;0.19;NEOWISE;WISE(W1);NEOWISE
58075.83475155;14.423;0.356;NEOWISE;WISE(W2);NEOWISE
58075.83475155;16.027;0.251;NEOWISE;WISE(W1);NEOWISE
58075.96565507;16.073;0.262;NEOWISE;WISE(W1);NEOWISE
58075.96565507;15.117;0.426;NEOWISE;WISE(W2);NEOWISE
58076.09655854;15.547;0.156;NEOWISE;WISE(W1);NEOWISE
58076.22746206;15.85;0.211;NEOWISE;WISE(W1);NEOWISE
58076.2929138;15.581;0.164;NEOWISE;WISE(W1);NEOWISE
58076.29304111;15.877;0.201;NEOWISE;WISE(W1);NEOWISE
58076.35836547;15.254;0.182;NEOWISE;WISE(W1);NEOWISE
58076.35849285;15.666;0.179;NEOWISE;WISE(W1);NEOWISE
58076.48939631;15.951;0.309;NEOWISE;WISE(W1);NEOWISE
58076.55484867;15.848;0.202;NEOWISE;WISE(W1);NEOWISE
58076.81665565;16.004;0.257;NEOWISE;WISE(W1);NEOWISE
58217.198831;20.2948284;0.178143263;ZTF;ZTF(zr);ZTF
58217.2152894;20.2165184;0.171377063;ZTF;ZTF(zr);ZTF
58227.1665625;20.0199451;0.153451055;ZTF;ZTF(zr);ZTF
58230.85783161;15.581;0.186;NEOWISE;WISE(W1);NEOWISE
58230.98873512;16.131;0.257;NEOWISE;WISE(W1);NEOWISE
58231.11900194;15.575;0.16;NEOWISE;WISE(W1);NEOWISE
58231.11912931;15.766;0.186;NEOWISE;WISE(W1);NEOWISE
58231.1476736;20.1038342;0.161193326;ZTF;ZTF(zr);ZTF
58231.18445427;15.802;0.198;NEOWISE;WISE(W1);NEOWISE
58231.25041534;15.92;0.251;NEOWISE;WISE(W1);NEOWISE
58231.31586708;15.646;0.226;NEOWISE;WISE(W1);NEOWISE
58231.38131883;15.818;0.243;NEOWISE;WISE(W1);NEOWISE
58231.57767405;15.633;0.212;NEOWISE;WISE(W1);NEOWISE
58233.7366902;16.141;0.344;NEOWISE;WISE(W1);NEOWISE
58234.12940076;14.547;0.538;NEOWISE;WISE(W2);NEOWISE
58234.12940076;15.867;0.226;NEOWISE;WISE(W1);NEOWISE
58234.19485242;14.351;0.365;NEOWISE;WISE(W2);NEOWISE
58234.19485242;15.935;0.279;NEOWISE;WISE(W1);NEOWISE
58234.26017681;16.418;0.356;NEOWISE;WISE(W1);NEOWISE
58234.26030417;15.922;0.5;NEOWISE;WISE(W1);NEOWISE
58234.32562913;15.542;0.187;NEOWISE;WISE(W1);NEOWISE
58234.32562913;14.775;0.468;NEOWISE;WISE(W2);NEOWISE
58234.39108083;16.166;0.274;NEOWISE;WISE(W1);NEOWISE
58234.39108083;14.835;0.453;NEOWISE;WISE(W2);NEOWISE
58234.45653259;16.231;0.366;NEOWISE;WISE(W1);NEOWISE
58234.58743609;16.135;0.36;NEOWISE;WISE(W1);NEOWISE
58234.71833955;16.182;0.287;NEOWISE;WISE(W1);NEOWISE
58244.1549884;20.2734756;0.176333219;ZTF;ZTF(zr);ZTF
58247.217037;20.0133629;0.152841732;ZTF;ZTF(zr);ZTF
58254.1699537;20.177494;0.167895198;ZTF;ZTF(zr);ZTF
58429.5390394;19.9057674;0.1429106;ZTF;ZTF(zr);ZTF
58432.5397454;20.1735535;0.167540461;ZTF;ZTF(zr);ZTF
58439.3963889;20.0649948;0.157616794;ZTF;ZTF(zr);ZTF
58439.4001968;20.2409191;0.14326781;ZTF;ZTF(zr);ZTF
58440.09495988;16.026;0.239;NEOWISE;WISE(W1);NEOWISE
58440.22586326;15.743;0.182;NEOWISE;WISE(W1);NEOWISE
58440.35676675;16.085;0.262;NEOWISE;WISE(W1);NEOWISE
58440.48767019;16.285;0.306;NEOWISE;WISE(W1);NEOWISE
58440.55312193;15.636;0.173;NEOWISE;WISE(W1);NEOWISE
58440.55312193;15.388;0.505;NEOWISE;WISE(W2);NEOWISE
58440.61857367;15.446;0.142;NEOWISE;WISE(W1);NEOWISE
58440.6838981;16.138;0.273;NEOWISE;WISE(W1);NEOWISE
58441.07660846;15.601;0.175;NEOWISE;WISE(W1);NEOWISE
58441.5387963;19.9585762;0.147773802;ZTF;ZTF(zr);ZTF
58448.4678588;19.9812641;0.12510021;ZTF;ZTF(zr);ZTF
58472.4203241;20.1542606;0.165796697;ZTF;ZTF(zr);ZTF
58480.4552546;20.1150913;0.162225813;ZTF;ZTF(zr);ZTF
58481.4361458;20.1475029;0.136970729;ZTF;ZTF(zr);ZTF
58486.4765046;20.2749786;0.176461667;ZTF;ZTF(zr);ZTF
58492.4795602;20.2158585;0.17131865;ZTF;ZTF(zr);ZTF
58493.471412;20.1517811;0.137267381;ZTF;ZTF(zr);ZTF
58493.4723264;20.2317963;0.172722757;ZTF;ZTF(zr);ZTF
58503.3744792;19.5464687;0.111597039;ZTF;ZTF(zr);ZTF
58503.4423727;20.064949;0.157612622;ZTF;ZTF(zr);ZTF
58511.4078356;20.2337456;0.142799497;ZTF;ZTF(zr);ZTF
58511.4160648;20.1871033;0.168757856;ZTF;ZTF(zr);ZTF
58523.2118519;20.2195415;0.171644196;ZTF;ZTF(zr);ZTF
58523.2539005;19.9668903;0.148542017;ZTF;ZTF(zr);ZTF
58523.2567708;20.3353291;0.181488395;ZTF;ZTF(zr);ZTF
58523.2596528;20.2526741;0.174543053;ZTF;ZTF(zr);ZTF
58523.2625231;20.0803452;0.159032628;ZTF;ZTF(zr);ZTF
58523.2654167;20.2389297;0.173347265;ZTF;ZTF(zr);ZTF
58523.268287;20.0778427;0.158802107;ZTF;ZTF(zr);ZTF
58523.2711806;20.2558517;0.174818128;ZTF;ZTF(zr);ZTF
58523.2740741;20.2735996;0.176343784;ZTF;ZTF(zr);ZTF
58523.2769676;20.232563;0.172789872;ZTF;ZTF(zr);ZTF
58523.2798611;20.1853466;0.168600336;ZTF;ZTF(zr);ZTF
58523.2827546;20.1445847;0.164917946;ZTF;ZTF(zr);ZTF
58523.2856481;20.1498528;0.16539672;ZTF;ZTF(zr);ZTF
58523.2885648;20.1554871;0.16590777;ZTF;ZTF(zr);ZTF
58523.2914699;20.0529785;0.156506836;ZTF;ZTF(zr);ZTF
58523.294375;20.048481;0.156091183;ZTF;ZTF(zr);ZTF
58523.2972801;20.0671692;0.157817513;ZTF;ZTF(zr);ZTF
58523.3001968;20.2326851;0.172800541;ZTF;ZTF(zr);ZTF
58523.3060417;20.1674309;0.166988283;ZTF;ZTF(zr);ZTF
58523.3131944;20.1226406;0.16291666;ZTF;ZTF(zr);ZTF
58523.3161111;20.2052383;0.170376673;ZTF;ZTF(zr);ZTF
58523.3190162;20.2609062;0.175254494;ZTF;ZTF(zr);ZTF
58523.3219444;19.9606304;0.147963628;ZTF;ZTF(zr);ZTF
58523.3248843;20.0571651;0.1568937;ZTF;ZTF(zr);ZTF
58523.3278241;20.0596924;0.157127142;ZTF;ZTF(zr);ZTF
58523.3307639;19.9246063;0.144641742;ZTF;ZTF(zr);ZTF
58523.3338194;20.1157875;0.16228953;ZTF;ZTF(zr);ZTF
58523.3368866;20.1257286;0.163199127;ZTF;ZTF(zr);ZTF
58523.339919;20.0692692;0.158011362;ZTF;ZTF(zr);ZTF
58523.3429282;20.1731472;0.167503685;ZTF;ZTF(zr);ZTF
58523.3459259;20.192421;0.169233769;ZTF;ZTF(zr);ZTF
58523.3489005;20.2214565;0.171813145;ZTF;ZTF(zr);ZTF
58523.3518866;20.0820503;0.15918991;ZTF;ZTF(zr);ZTF
58523.3548611;20.174984;0.167669266;ZTF;ZTF(zr);ZTF
58523.3578472;20.0599804;0.157153815;ZTF;ZTF(zr);ZTF
58523.3608218;20.1648865;0.166758537;ZTF;ZTF(zr);ZTF
58523.3637963;20.1989899;0.169820487;ZTF;ZTF(zr);ZTF
58523.3667593;20.2781219;0.176729575;ZTF;ZTF(zr);ZTF
58523.3697106;20.0738049;0.158429712;ZTF;ZTF(zr);ZTF
58523.372662;20.0424023;0.155529007;ZTF;ZTF(zr);ZTF
58523.3756134;20.1896687;0.168987632;ZTF;ZTF(zr);ZTF
58523.3785417;20.3010693;0.178666636;ZTF;ZTF(zr);ZTF
58523.3814815;20.0095634;0.15248993;ZTF;ZTF(zr);ZTF
58523.3844097;20.155365;0.165896773;ZTF;ZTF(zr);ZTF
58523.3873264;20.1127014;0.162006915;ZTF;ZTF(zr);ZTF
58523.3902431;20.2404938;0.173483863;ZTF;ZTF(zr);ZTF
58523.3931597;20.2705231;0.176080734;ZTF;ZTF(zr);ZTF
58523.3960764;20.0338821;0.154740751;ZTF;ZTF(zr);ZTF
58523.3989699;20.1627331;0.16656372;ZTF;ZTF(zr);ZTF
58524.254213;20.0167961;0.153159559;ZTF;ZTF(zr);ZTF
58524.2570833;20.235527;0.17304951;ZTF;ZTF(zr);ZTF
58524.2599769;20.1332932;0.163889572;ZTF;ZTF(zr);ZTF
58524.2628588;20.1221619;0.16287306;ZTF;ZTF(zr);ZTF
58524.2657407;20.1557655;0.165933073;ZTF;ZTF(zr);ZTF
58524.2686227;20.2705193;0.176080331;ZTF;ZTF(zr);ZTF
58524.2715162;20.0586967;0.157035097;ZTF;ZTF(zr);ZTF
58524.2744213;19.9785385;0.149618924;ZTF;ZTF(zr);ZTF
58524.2773032;20.2309017;0.172644079;ZTF;ZTF(zr);ZTF
58524.2801968;20.2227211;0.171924576;ZTF;ZTF(zr);ZTF
58524.2831019;20.0970669;0.160571769;ZTF;ZTF(zr);ZTF
58524.2859954;20.1941986;0.16939275;ZTF;ZTF(zr);ZTF
58524.2889005;20.1087456;0.161644027;ZTF;ZTF(zr);ZTF
58524.2918171;20.1412525;0.164614931;ZTF;ZTF(zr);ZTF
58524.2947338;20.1599674;0.166313529;ZTF;ZTF(zr);ZTF
58524.2976389;20.2784519;0.176757574;ZTF;ZTF(zr);ZTF
58524.3005556;20.3233757;0.180514216;ZTF;ZTF(zr);ZTF
58524.3034838;20.0821037;0.159194738;ZTF;ZTF(zr);ZTF
58524.3064005;20.2314224;0.172689915;ZTF;ZTF(zr);ZTF
58524.3093171;20.056736;0.156854033;ZTF;ZTF(zr);ZTF
58524.3122222;20.122591;0.162912309;ZTF;ZTF(zr);ZTF
58524.3151273;20.2281647;0.172403708;ZTF;ZTF(zr);ZTF
58524.318044;20.2975883;0.178375095;ZTF;ZTF(zr);ZTF
58524.3209722;20.1834221;0.168427721;ZTF;ZTF(zr);ZTF
58524.3239236;20.0037346;0.151950553;ZTF;ZTF(zr);ZTF
58524.3268634;20.3835697;0.185294539;ZTF;ZTF(zr);ZTF
58524.3297106;20.231554;0.172701418;ZTF;ZTF(zr);ZTF
58524.3327778;20.1898308;0.169002116;ZTF;ZTF(zr);ZTF
58524.3358218;20.1638794;0.166667402;ZTF;ZTF(zr);ZTF
58524.3388542;20.0827179;0.159251422;ZTF;ZTF(zr);ZTF
58524.3418519;20.1320286;0.163774282;ZTF;ZTF(zr);ZTF
58524.3448264;20.2420654;0.173620954;ZTF;ZTF(zr);ZTF
58524.3478125;20.0275154;0.154151693;ZTF;ZTF(zr);ZTF
58524.3507986;20.1991806;0.169837475;ZTF;ZTF(zr);ZTF
58524.3537731;20.0822945;0.159212321;ZTF;ZTF(zr);ZTF
58524.3567593;20.27491;0.176455766;ZTF;ZTF(zr);ZTF
58524.3597222;20.2168312;0.17140469;ZTF;ZTF(zr);ZTF
58524.3626852;20.2067909;0.170514822;ZTF;ZTF(zr);ZTF
58524.3656366;20.0961628;0.16048871;ZTF;ZTF(zr);ZTF
58524.368588;20.2599716;0.175173908;ZTF;ZTF(zr);ZTF
58524.3715394;19.9613247;0.148027718;ZTF;ZTF(zr);ZTF
58524.3744792;20.2338943;0.172906697;ZTF;ZTF(zr);ZTF
58524.3774074;20.0968895;0.160555556;ZTF;ZTF(zr);ZTF
58524.3803472;20.1878166;0.168821737;ZTF;ZTF(zr);ZTF
58524.3832639;19.9092903;0.143233925;ZTF;ZTF(zr);ZTF
58524.3861806;20.2263794;0.172246873;ZTF;ZTF(zr);ZTF
58524.3890972;20.0161228;0.153097302;ZTF;ZTF(zr);ZTF
58524.3920139;20.0607853;0.157228008;ZTF;ZTF(zr);ZTF
58524.394919;20.0731983;0.158373863;ZTF;ZTF(zr);ZTF
58524.3978125;20.0104923;0.152575999;ZTF;ZTF(zr);ZTF
58524.4007176;19.9484539;0.146839336;ZTF;ZTF(zr);ZTF
58524.4035995;20.1501617;0.165424854;ZTF;ZTF(zr);ZTF
58524.4064931;20.2391853;0.173369586;ZTF;ZTF(zr);ZTF
58524.409375;20.0899124;0.159913719;ZTF;ZTF(zr);ZTF
58524.4122801;20.1196556;0.162643611;ZTF;ZTF(zr);ZTF
58524.415162;20.1335297;0.163911313;ZTF;ZTF(zr);ZTF
58526.2318519;20.1639786;0.166676462;ZTF;ZTF(zr);ZTF
58526.2347222;20.1076221;0.161541045;ZTF;ZTF(zr);ZTF
58526.2404861;19.8110676;0.134302139;ZTF;ZTF(zr);ZTF
58526.2433565;20.1482105;0.165247545;ZTF;ZTF(zr);ZTF
58526.2462384;20.3123894;0.179608822;ZTF;ZTF(zr);ZTF
58526.2491088;20.1526566;0.165651172;ZTF;ZTF(zr);ZTF
58526.2519907;19.8843288;0.140946895;ZTF;ZTF(zr);ZTF
58526.2548727;19.8654861;0.139227465;ZTF;ZTF(zr);ZTF
58526.2577662;19.876709;0.140250757;ZTF;ZTF(zr);ZTF
58526.2606481;20.2124596;0.171017647;ZTF;ZTF(zr);ZTF
58526.2635417;20.0697517;0.158055782;ZTF;ZTF(zr);ZTF
58526.2664352;19.7654495;0.13022846;ZTF;ZTF(zr);ZTF
58526.2693287;19.9591751;0.14782916;ZTF;ZTF(zr);ZTF
58526.2722106;20.2722969;0.176232517;ZTF;ZTF(zr);ZTF
58526.2751042;20.0203533;0.153488815;ZTF;ZTF(zr);ZTF
58526.2780093;20.2689323;0.175944507;ZTF;ZTF(zr);ZTF
58526.2809144;19.961565;0.148049966;ZTF;ZTF(zr);ZTF
58526.283831;20.0097198;0.152504504;ZTF;ZTF(zr);ZTF
58526.2867361;19.9858913;0.150299102;ZTF;ZTF(zr);ZTF
58526.2896528;20.2366791;0.17315051;ZTF;ZTF(zr);ZTF
58526.2925579;20.0195904;0.153418183;ZTF;ZTF(zr);ZTF
58526.2954745;20.086731;0.159620941;ZTF;ZTF(zr);ZTF
58526.2983912;19.9647675;0.148345828;ZTF;ZTF(zr);ZTF
58526.3013079;19.9073563;0.143056422;ZTF;ZTF(zr);ZTF
58526.3042245;19.9988728;0.151500463;ZTF;ZTF(zr);ZTF
58526.3071296;19.9765167;0.149431944;ZTF;ZTF(zr);ZTF
58526.3100579;20.242115;0.17362532;ZTF;ZTF(zr);ZTF
58526.3129745;20.0546722;0.156663254;ZTF;ZTF(zr);ZTF
58526.3159144;20.0458298;0.155846059;ZTF;ZTF(zr);ZTF
58526.3218056;20.1855621;0.168619797;ZTF;ZTF(zr);ZTF
58526.3247454;20.1541443;0.165786117;ZTF;ZTF(zr);ZTF
58526.3308681;20.0675201;0.157849848;ZTF;ZTF(zr);ZTF
58526.3339005;19.9073257;0.143053576;ZTF;ZTF(zr);ZTF
58526.3368981;20.063736;0.157500565;ZTF;ZTF(zr);ZTF
58526.3398727;20.2773228;0.176661566;ZTF;ZTF(zr);ZTF
58526.3428472;20.1322021;0.163790196;ZTF;ZTF(zr);ZTF
58526.3458333;19.9523296;0.147197008;ZTF;ZTF(zr);ZTF
58526.3488194;20.0698948;0.158068985;ZTF;ZTF(zr);ZTF
58526.351794;20.2615433;0.17530933;ZTF;ZTF(zr);ZTF
58526.3547685;20.302206;0.178761691;ZTF;ZTF(zr);ZTF
58526.3577315;19.8601685;0.138743401;ZTF;ZTF(zr);ZTF
58526.3606944;20.3451424;0.182279527;ZTF;ZTF(zr);ZTF
58526.3636343;20.0298195;0.154364824;ZTF;ZTF(zr);ZTF
58526.3753935;19.7180309;0.126056194;ZTF;ZTF(zr);ZTF
58526.3812269;19.9265766;0.144823074;ZTF;ZTF(zr);ZTF
58526.3899537;19.7745628;0.131037831;ZTF;ZTF(zr);ZTF
58540.2425116;20.1672344;0.13833271;ZTF;ZTF(zr);ZTF
58556.2080556;20.0126839;0.152778819;ZTF;ZTF(zr);ZTF
58582.2178704;20.3083572;0.147509709;ZTF;ZTF(zr);ZTF
58584.1708681;19.9230347;0.144497171;ZTF;ZTF(zr);ZTF
58594.1541551;20.2798405;0.176875889;ZTF;ZTF(zr);ZTF
58597.93700968;15.049;0.518;NEOWISE;WISE(W2);NEOWISE
58597.93700968;16.028;0.217;NEOWISE;WISE(W1);NEOWISE
58598.06778579;15.664;0.212;NEOWISE;WISE(W1);NEOWISE
58598.1477894;20.2927284;0.17796652;ZTF;ZTF(zr);ZTF
58598.19868926;15.28;0.172;NEOWISE;WISE(W1);NEOWISE
58598.26401414;16.361;0.365;NEOWISE;WISE(W1);NEOWISE
58598.2641415;15.709;0.191;NEOWISE;WISE(W1);NEOWISE
58598.32946583;16.559;0.434;NEOWISE;WISE(W1);NEOWISE
58598.32946583;15.17;0.48;NEOWISE;WISE(W2);NEOWISE
58598.39491757;15.927;0.196;NEOWISE;WISE(W1);NEOWISE
58598.46036925;15.836;0.174;NEOWISE;WISE(W1);NEOWISE
58598.52569367;15.659;0.185;NEOWISE;WISE(W1);NEOWISE
58598.65659705;15.535;0.335;NEOWISE;WISE(W1);NEOWISE
58598.78737315;15.766;0.203;NEOWISE;WISE(W1);NEOWISE
58598.78737315;15.045;0.398;NEOWISE;WISE(W2);NEOWISE
58598.91827657;15.737;0.2;NEOWISE;WISE(W1);NEOWISE
58601.2589352;20.1377621;0.164297074;ZTF;ZTF(zr);ZTF
58757.5286343;20.0631466;0.157446191;ZTF;ZTF(zr);ZTF
58759.5221065;19.9042892;0.142774954;ZTF;ZTF(zr);ZTF
58761.5039005;20.1530666;0.165688366;ZTF;ZTF(zr);ZTF
58761.5187384;19.9200363;0.144221395;ZTF;ZTF(zr);ZTF
58761.5236458;19.8991623;0.142304778;ZTF;ZTF(zr);ZTF
58763.5265509;19.9707489;0.148898691;ZTF;ZTF(zr);ZTF
58794.5307986;20.1986446;0.169789672;ZTF;ZTF(zr);ZTF
58798.5317593;20.0877533;0.159715116;ZTF;ZTF(zr);ZTF
58804.35543306;16.037;0.453;NEOWISE;WISE(W1);NEOWISE
58804.4863364;16.546;0.441;NEOWISE;WISE(W1);NEOWISE
58804.61711243;14.243;0.28;NEOWISE;WISE(W2);NEOWISE
58804.61711243;16.164;0.278;NEOWISE;WISE(W1);NEOWISE
58804.74801573;15.567;0.163;NEOWISE;WISE(W1);NEOWISE
58804.74801573;14.343;0.33;NEOWISE;WISE(W2);NEOWISE
58804.87879177;14.724;0.394;NEOWISE;WISE(W2);NEOWISE
58804.87879177;16.188;0.295;NEOWISE;WISE(W1);NEOWISE
58804.94424346;15.967;0.262;NEOWISE;WISE(W1);NEOWISE
58805.07502007;15.329;0.186;NEOWISE;WISE(W1);NEOWISE
58805.3366994;15.801;0.258;NEOWISE;WISE(W1);NEOWISE
58807.36506464;15.821;0.26;NEOWISE;WISE(W1);NEOWISE
58807.49584062;15.771;0.24;NEOWISE;WISE(W1);NEOWISE
58807.75752;13.709;0.298;NEOWISE;WISE(W2);NEOWISE
58807.8229717;15.975;0.274;NEOWISE;WISE(W1);NEOWISE
58807.95374769;15.421;0.202;NEOWISE;WISE(W1);NEOWISE
58808.08465166;15.21;0.539;NEOWISE;WISE(W2);NEOWISE
58808.08465166;15.58;0.16;NEOWISE;WISE(W1);NEOWISE
58808.21491823;15.767;0.203;NEOWISE;WISE(W1);NEOWISE
58812.5489352;20.2385807;0.173316658;ZTF;ZTF(zr);ZTF
58828.4337963;19.91395;0.120206535;ZTF;ZTF(zr);ZTF
58830.4302778;20.2640629;0.144757688;ZTF;ZTF(zr);ZTF
58830.4437963;20.2035217;0.170223981;ZTF;ZTF(zr);ZTF
58836.5211111;20.1777554;0.139052778;ZTF;ZTF(zr);ZTF
58849.4275;20.200758;0.169977948;ZTF;ZTF(zr);ZTF
58852.4369097;20.1579742;0.166133076;ZTF;ZTF(zr);ZTF
58855.3607986;19.653368;0.12048234;ZTF;ZTF(zr);ZTF
58866.3415856;20.187252;0.168771103;ZTF;ZTF(zr);ZTF
58878.298669;20.1446533;0.164924234;ZTF;ZTF(zr);ZTF
58878.3120718;20.1991596;0.169835567;ZTF;ZTF(zr);ZTF
58880.294456;20.221241;0.171793997;ZTF;ZTF(zr);ZTF
58881.2934375;20.2092457;0.170732677;ZTF;ZTF(zr);ZTF
58881.3058912;19.9547005;0.147415906;ZTF;ZTF(zr);ZTF
58883.2879282;20.1171799;0.162417069;ZTF;ZTF(zr);ZTF
58891.3152083;20.0028133;0.151865155;ZTF;ZTF(zr);ZTF
58894.2709144;20.2823372;0.177087992;ZTF;ZTF(zr);ZTF
58899.3013657;20.2315331;0.142654479;ZTF;ZTF(zr);ZTF
58899.3018171;20.1714249;0.138620093;ZTF;ZTF(zr);ZTF
58899.3151389;20.1500206;0.16541186;ZTF;ZTF(zr);ZTF
58900.2541204;20.0805511;0.159051731;ZTF;ZTF(zr);ZTF
58903.2285417;20.0493774;0.156174064;ZTF;ZTF(zr);ZTF
58904.2301736;20.2975121;0.178368688;ZTF;ZTF(zr);ZTF
58904.2310764;20.2203331;0.171714067;ZTF;ZTF(zr);ZTF
58905.2309375;20.0824604;0.159227699;ZTF;ZTF(zr);ZTF
58909.2992361;19.7733803;0.130932689;ZTF;ZTF(zr);ZTF
58911.2129514;19.8712273;0.139750689;ZTF;ZTF(zr);ZTF
58912.213831;20.1225414;0.16290772;ZTF;ZTF(zr);ZTF
58913.2224306;20.2922668;0.177927762;ZTF;ZTF(zr);ZTF
58939.2003588;20.2233467;0.142115653;ZTF;ZTF(zr);ZTF
58955.2117824;20.1141338;0.16213797;ZTF;ZTF(zr);ZTF
58955.2126852;20.1813717;0.168243647;ZTF;ZTF(zr);ZTF
58962.14543241;16.398;0.42;NEOWISE;WISE(W1);NEOWISE
58962.1712384;20.2127972;0.171047658;ZTF;ZTF(zr);ZTF
58962.27671773;15.555;0.172;NEOWISE;WISE(W1);NEOWISE
58962.27671773;15.233;0.511;NEOWISE;WISE(W2);NEOWISE
58962.40749369;15.754;0.215;NEOWISE;WISE(W1);NEOWISE
58962.53776337;15.017;0.293;NEOWISE;WISE(W2);NEOWISE
58962.60372439;15.968;0.213;NEOWISE;WISE(W1);NEOWISE
58962.66904874;15.511;0.5;NEOWISE;WISE(W2);NEOWISE
58962.66904874;15.828;0.233;NEOWISE;WISE(W1);NEOWISE
58962.73450045;15.988;0.208;NEOWISE;WISE(W1);NEOWISE
58962.86527646;16.038;0.238;NEOWISE;WISE(W1);NEOWISE
58962.99605257;15.636;0.155;NEOWISE;WISE(W1);NEOWISE
58963.12682858;15.728;0.176;NEOWISE;WISE(W1);NEOWISE
58964.2270718;20.2209511;0.171768546;ZTF;ZTF(zr);ZTF
58966.169537;20.2861404;0.177410334;ZTF;ZTF(zr);ZTF
58966.1704398;20.1995792;0.169872969;ZTF;ZTF(zr);ZTF
58967.1877431;20.3275127;0.180852652;ZTF;ZTF(zr);ZTF
58968.1868866;20.3259506;0.180725008;ZTF;ZTF(zr);ZTF
58971.36610186;15.178;0.155;NEOWISE;WISE(W1);NEOWISE
58978.2318981;20.1863976;0.168694615;ZTF;ZTF(zr);ZTF
58987.1590741;21.3689156;0.267220855;ZTF;ZTF(zr);ZTF
59125.512419;19.8741856;0.140020445;ZTF;ZTF(zr);ZTF
59125.5171412;20.1224575;0.16290009;ZTF;ZTF(zr);ZTF
59125.5218634;20.0242691;0.153851151;ZTF;ZTF(zr);ZTF
59129.5137847;20.2483139;0.174164891;ZTF;ZTF(zr);ZTF
59129.5184954;20.3912544;0.185880214;ZTF;ZTF(zr);ZTF
59129.523206;19.9174404;0.143982694;ZTF;ZTF(zr);ZTF
59129.5326157;20.0965557;0.160524875;ZTF;ZTF(zr);ZTF
59150.5407407;20.0349522;0.154839799;ZTF;ZTF(zr);ZTF
59171.37365343;15.845;0.273;NEOWISE;WISE(W1);NEOWISE
59171.50392005;14.774;0.317;NEOWISE;WISE(W2);NEOWISE
59171.50392005;16.317;0.308;NEOWISE;WISE(W1);NEOWISE
59171.63520543;16.064;0.248;NEOWISE;WISE(W1);NEOWISE
59171.70065712;15.778;0.221;NEOWISE;WISE(W1);NEOWISE
59171.7659814;15.855;0.242;NEOWISE;WISE(W1);NEOWISE
59171.83143309;16.01;0.232;NEOWISE;WISE(W1);NEOWISE
59171.89675747;15.996;0.223;NEOWISE;WISE(W1);NEOWISE
59171.96220916;15.742;0.174;NEOWISE;WISE(W1);NEOWISE
59172.09298513;15.934;0.34;NEOWISE;WISE(W1);NEOWISE
59172.22376105;16.306;0.291;NEOWISE;WISE(W1);NEOWISE
59172.35453707;15.849;0.202;NEOWISE;WISE(W1);NEOWISE
59180.4368403;19.5133915;0.0922928154;ZTF;ZTF(zr);ZTF
59181.4834606;20.566412;0.199001908;ZTF;ZTF(zr);ZTF
59182.4051852;20.0314407;0.128733277;ZTF;ZTF(zr);ZTF
59182.4190278;20.1091785;0.13428773;ZTF;ZTF(zr);ZTF
59210.3311458;20.0824699;0.132393554;ZTF;ZTF(zr);ZTF
59210.3316088;19.9820194;0.125155091;ZTF;ZTF(zr);ZTF
59218.4583449;20.2402458;0.143224031;ZTF;ZTF(zr);ZTF
59225.3100579;19.9489479;0.122751608;ZTF;ZTF(zr);ZTF
59225.3105208;20.1153145;0.13472034;ZTF;ZTF(zr);ZTF
59230.3675116;20.1734104;0.138756037;ZTF;ZTF(zr);ZTF
59230.3679745;20.2884045;0.146287397;ZTF;ZTF(zr);ZTF
59231.3894097;20.0677624;0.131343484;ZTF;ZTF(zr);ZTF
59231.3898727;20.2546329;0.144154623;ZTF;ZTF(zr);ZTF
59250.3320833;20.1955166;0.140257686;ZTF;ZTF(zr);ZTF
59250.3325463;20.2251396;0.142233998;ZTF;ZTF(zr);ZTF
59251.4574769;20.0002117;0.151624382;ZTF;ZTF(zr);ZTF
59252.3745833;20.2192135;0.141842127;ZTF;ZTF(zr);ZTF
59252.3750579;20.2489662;0.14378953;ZTF;ZTF(zr);ZTF
59256.3316667;20.2227173;0.142074078;ZTF;ZTF(zr);ZTF
59256.3321412;20.1662655;0.138266236;ZTF;ZTF(zr);ZTF
59262.2121181;20.2738533;0.176365584;ZTF;ZTF(zr);ZTF
59265.2948495;20.0915375;0.160063326;ZTF;ZTF(zr);ZTF
59266.3184491;19.9185925;0.144088656;ZTF;ZTF(zr);ZTF
59268.3159606;20.2709618;0.176118299;ZTF;ZTF(zr);ZTF
59275.3253704;19.9468536;0.14669174;ZTF;ZTF(zr);ZTF
59275.3263079;20.0267696;0.154082641;ZTF;ZTF(zr);ZTF
59329.2259263;15.997;0.233;NEOWISE;WISE(W1);NEOWISE
59329.356575;15.183;0.145;NEOWISE;WISE(W1);NEOWISE
59329.356575;14.828;0.387;NEOWISE;WISE(W2);NEOWISE
59329.48735101;14.754;0.351;NEOWISE;WISE(W2);NEOWISE
59329.48735101;15.844;0.26;NEOWISE;WISE(W1);NEOWISE
59329.61812759;16.176;0.252;NEOWISE;WISE(W1);NEOWISE
59329.6834519;15.984;0.2;NEOWISE;WISE(W1);NEOWISE
59329.6834519;14.864;0.533;NEOWISE;WISE(W2);NEOWISE
59329.74877624;15.849;0.199;NEOWISE;WISE(W1);NEOWISE
59329.81410059;16.05;0.422;NEOWISE;WISE(W1);NEOWISE
59329.81422795;15.718;0.247;NEOWISE;WISE(W1);NEOWISE
59329.87955226;16.154;0.277;NEOWISE;WISE(W1);NEOWISE
59329.94487661;15.739;0.201;NEOWISE;WISE(W1);NEOWISE
59330.07565272;15.815;0.194;NEOWISE;WISE(W1);NEOWISE
59330.20630137;15.793;0.181;NEOWISE;WISE(W1);NEOWISE
59334.2912963;20.0213814;0.153583914;ZTF;ZTF(zr);ZTF
59338.2267824;20.3439713;0.18218559;ZTF;ZTF(zr);ZTF
59340.249456;20.1768265;0.167835146;ZTF;ZTF(zr);ZTF
59346.2083565;20.1266384;0.163282126;ZTF;ZTF(zr);ZTF
59535.58584963;15.653;0.214;NEOWISE;WISE(W1);NEOWISE
59535.71662569;16.297;0.355;NEOWISE;WISE(W1);NEOWISE
59535.71662569;15.304;0.521;NEOWISE;WISE(W2);NEOWISE
59535.9779231;15.963;0.31;NEOWISE;WISE(W1);NEOWISE
59536.04324751;15.033;0.379;NEOWISE;WISE(W2);NEOWISE
59536.04324751;16.121;0.259;NEOWISE;WISE(W1);NEOWISE
59536.10857186;15.035;0.443;NEOWISE;WISE(W2);NEOWISE
59536.10857186;15.441;0.156;NEOWISE;WISE(W1);NEOWISE
59536.10869922;15.999;0.223;NEOWISE;WISE(W1);NEOWISE
59536.17402358;15.681;0.182;NEOWISE;WISE(W1);NEOWISE
59536.30467219;15.73;0.218;NEOWISE;WISE(W1);NEOWISE
59536.30467219;15.289;0.515;NEOWISE;WISE(W2);NEOWISE
59536.43532146;15.734;0.224;NEOWISE;WISE(W1);NEOWISE
59536.56609753;15.714;0.17;NEOWISE;WISE(W1);NEOWISE
59671.3240394;20.2781601;0.176732853;ZTF;ZTF(zr);ZTF
59693.42354209;16.085;0.299;NEOWISE;WISE(W1);NEOWISE
59693.55406353;16.41;0.323;NEOWISE;WISE(W1);NEOWISE
59693.55406353;15.147;0.431;NEOWISE;WISE(W2);NEOWISE
59693.68471227;15.598;0.149;NEOWISE;WISE(W1);NEOWISE
59693.68471227;15.421;0.427;NEOWISE;WISE(W2);NEOWISE
59693.74990933;15.543;0.143;NEOWISE;WISE(W1);NEOWISE
59693.81523369;16.127;0.24;NEOWISE;WISE(W1);NEOWISE
59693.88043075;15.573;0.185;NEOWISE;WISE(W1);NEOWISE
59693.88043075;15.061;0.512;NEOWISE;WISE(W2);NEOWISE
59693.88055807;15.973;0.201;NEOWISE;WISE(W1);NEOWISE
59693.94575513;15.137;0.368;NEOWISE;WISE(W2);NEOWISE
59693.94575513;16.229;0.309;NEOWISE;WISE(W1);NEOWISE
59694.01107954;15.731;0.17;NEOWISE;WISE(W1);NEOWISE
59694.27212235;16.084;0.248;NEOWISE;WISE(W1);NEOWISE
59694.40264377;15.758;0.21;NEOWISE;WISE(W1);NEOWISE
59694.40264377;15.104;0.417;NEOWISE;WISE(W2);NEOWISE
59902.75449353;15.906;0.238;NEOWISE;WISE(W1);NEOWISE
59902.75449353;15.37;0.513;NEOWISE;WISE(W2);NEOWISE
59902.88476025;15.309;0.499;NEOWISE;WISE(W2);NEOWISE
59902.88476025;16.045;0.239;NEOWISE;WISE(W1);NEOWISE
59902.88488757;15.599;0.254;NEOWISE;WISE(W1);NEOWISE
59903.08035138;15.067;0.368;NEOWISE;WISE(W2);NEOWISE
59903.08035138;16.001;0.23;NEOWISE;WISE(W1);NEOWISE
59903.14503906;15.426;0.143;NEOWISE;WISE(W1);NEOWISE
59903.14503906;15.379;0.536;NEOWISE;WISE(W2);NEOWISE
59903.21010875;15.336;0.169;NEOWISE;WISE(W1);NEOWISE
59903.2758151;15.007;0.406;NEOWISE;WISE(W2);NEOWISE
59903.2758151;15.794;0.183;NEOWISE;WISE(W1);NEOWISE
59903.3410121;15.941;0.22;NEOWISE;WISE(W1);NEOWISE
59903.60154611;15.562;0.162;NEOWISE;WISE(W1);NEOWISE
59903.73194015;15.352;0.497;NEOWISE;WISE(W2);NEOWISE
59903.73194015;15.621;0.165;NEOWISE;WISE(W1);NEOWISE
60057.53692339;14.926;0.299;NEOWISE;WISE(W2);NEOWISE
60057.53692339;15.554;0.193;NEOWISE;WISE(W1);NEOWISE
60057.79720267;16.103;0.447;NEOWISE;WISE(W1);NEOWISE
60057.92708738;15.626;0.15;NEOWISE;WISE(W1);NEOWISE
60057.92721476;16.002;0.357;NEOWISE;WISE(W1);NEOWISE
60057.92721476;15.557;0.498;NEOWISE;WISE(W2);NEOWISE
60057.99215711;15.451;0.127;NEOWISE;WISE(W1);NEOWISE
60058.05709947;15.961;0.218;NEOWISE;WISE(W1);NEOWISE
60058.12204183;15.635;0.25;NEOWISE;WISE(W1);NEOWISE
60058.18647484;15.904;0.201;NEOWISE;WISE(W1);NEOWISE
60058.25192655;15.676;0.345;NEOWISE;WISE(W1);NEOWISE
60058.5113139;15.564;0.159;NEOWISE;WISE(W1);NEOWISE
60266.84971682;15.788;0.224;NEOWISE;WISE(W1);NEOWISE
60266.97896491;16.078;0.261;NEOWISE;WISE(W1);NEOWISE
60267.1077036;15.902;0.23;NEOWISE;WISE(W1);NEOWISE
60267.237461;16.308;0.317;NEOWISE;WISE(W1);NEOWISE
60267.3021487;15.597;0.18;NEOWISE;WISE(W1);NEOWISE
60267.3021487;15.012;0.424;NEOWISE;WISE(W2);NEOWISE
60267.36670905;16.086;0.288;NEOWISE;WISE(W1);NEOWISE
60267.36670905;14.969;0.373;NEOWISE;WISE(W2);NEOWISE
60267.43139679;15.8;0.205;NEOWISE;WISE(W1);NEOWISE
60267.56013549;16.032;0.255;NEOWISE;WISE(W1);NEOWISE
60267.56013549;15.153;0.464;NEOWISE;WISE(W2);NEOWISE
60267.68989294;14.839;0.377;NEOWISE;WISE(W2);NEOWISE
60267.68989294;15.83;0.332;NEOWISE;WISE(W1);NEOWISE
60267.81914098;15.717;0.219;NEOWISE;WISE(W1);NEOWISE
60291.3806713;19.9886246;0.150552005;ZTF;ZTF(zr);ZTF
60314.4392824;20.2088451;0.170697093;ZTF;ZTF(zr);ZTF
60324.4583912;20.1422291;0.164703667;ZTF;ZTF(zr);ZTF
60326.3998727;20.2667503;0.17575717;ZTF;ZTF(zr);ZTF
60341.2982755;20.0798569;0.15898779;ZTF;ZTF(zr);ZTF
60352.3593056;20.0769119;0.158716157;ZTF;ZTF(zr);ZTF
60354.3380208;19.9297733;0.145117417;ZTF;ZTF(zr);ZTF
60357.3328819;20.2624359;0.175386369;ZTF;ZTF(zr);ZTF
60374.3642361;19.7019424;0.124656424;ZTF;ZTF(zr);ZTF
60380.25438660011;20.223933501152835;0.3171447366989937;ZTF;ZTF(zg);ZTF
60388.2280787;19.5217438;0.109604888;ZTF;ZTF(zr);ZTF
60388.22807870014;19.418966393589777;0.1323111536497482;ZTF;ZTF(zr);ZTF
60388.27464119997;19.635896391908748;0.1824084999689166;ZTF;ZTF(zg);ZTF
60397.2753356;19.3774681;0.0984848663;ZTF;ZTF(zr);ZTF
60397.275335600134;19.25714821519941;0.12166786653203682;ZTF;ZTF(zr);ZTF
60403.2480787;19.4104557;0.10094972;ZTF;ZTF(zr);ZTF
60403.248078700155;19.423098921544433;0.10804416734004972;ZTF;ZTF(zr);ZTF
60403.290381900035;19.49785480744087;0.1360995445249494;ZTF;ZTF(zg);ZTF
60407.2497569;19.4277;0.10225673;ZTF;ZTF(zr);ZTF
60407.24975690013;19.3756604610019;0.14352677750826115;ZTF;ZTF(zr);ZTF
60407.28010419989;19.44658484231172;0.14791351830259605;ZTF;ZTF(zg);ZTF
60416.211388899945;19.157548022977576;0.12793234056871286;ZTF;ZTF(zr);ZTF
60416.2113889;19.1292839;0.0814586058;ZTF;ZTF(zr);ZTF
60416.25638889987;19.429399933985948;0.20918840365789954;ZTF;ZTF(zg);ZTF
60420.21009259997;19.29393511196138;0.19397944504339898;ZTF;ZTF(zg);ZTF
60420.2499306;19.2559414;0.0898116529;ZTF;ZTF(zr);ZTF
60420.24993060017;19.219001536048715;0.189106239580136;ZTF;ZTF(zr);ZTF
60422.25482639996;19.234134019690103;0.16699937472187396;ZTF;ZTF(zr);ZTF
60422.2548264;19.2662544;0.0905226246;ZTF;ZTF(zr);ZTF
60429.1862269002;19.2361208689442;0.09962774157060289;ZTF;ZTF(zg);ZTF
60429.2118056;19.222311;0.0875254199;ZTF;ZTF(zr);ZTF
60429.21180560021;19.224499710558717;0.10197986913055263;ZTF;ZTF(zr);ZTF
60433.1726273;19.1994648;0.0860006139;ZTF;ZTF(zr);ZTF
60433.172627300024;19.169610211602244;0.10841754817824657;ZTF;ZTF(zr);ZTF
60433.194062499795;19.278448952271244;0.12100951363676891;ZTF;ZTF(zg);ZTF
