MJD;Magnitude;Error;Facility;Filter;Observer
52815.2070797;20.276066;0.021975555;SDSS;SDSS(r);SDSS
52815.20790896;19.924734;0.02676848;SDSS;SDSS(i);SDSS
52815.20873823;22.572495;0.21250679;SDSS;SDSS(u);SDSS
52815.20956749;19.596642;0.058457766;SDSS;SDSS(z);SDSS
52815.21039675;21.127636;0.034147643;SDSS;SDSS(g);SDSS
53104.3446372901;20.26075;0.03839987;SDSS;SDSS(r);SDSS
53104.34546655;19.956629;0.038483374;SDSS;SDSS(i);SDSS
53104.34629582;22.32678;0.46387666;SDSS;SDSS(u);SDSS
53104.34712508;19.64457;0.079259366;SDSS;SDSS(z);SDSS
53104.34795435;20.969595;0.07224473;SDSS;SDSS(g);SDSS
53110.33884835;20.294743;0.026307235;SDSS;SDSS(r);SDSS
53110.33967762;19.946665;0.026698261;SDSS;SDSS(i);SDSS
53110.34050688;22.255606;0.19308574;SDSS;SDSS(u);SDSS
53110.34133615;19.698927;0.054792296;SDSS;SDSS(z);SDSS
53110.34216541;21.12614;0.031794097;SDSS;SDSS(g);SDSS
53470.39122;19.89;0.29;CRTS;CRTS(CL);CRTS
53470.39848;19.89;0.29;CRTS;CRTS(CL);CRTS
53470.40577;19.87;0.29;CRTS;CRTS(CL);CRTS
53470.41305;20.06;0.32;CRTS;CRTS(CL);CRTS
53480.33053;19.2;0.19;CRTS;CRTS(CL);CRTS
53480.34803;19.59;0.23;CRTS;CRTS(CL);CRTS
53496.27684;19.5;0.22;CRTS;CRTS(CL);CRTS
53496.28521;20.56;0.39;CRTS;CRTS(CL);CRTS
53496.29359;19.58;0.23;CRTS;CRTS(CL);CRTS
53496.302;19.23;0.2;CRTS;CRTS(CL);CRTS
53506.35758;19.22;0.21;CRTS;CRTS(CL);CRTS
53506.36528;20.5;0.42;CRTS;CRTS(CL);CRTS
53506.373;19.68;0.27;CRTS;CRTS(CL);CRTS
53550.21815;19.72;0.25;CRTS;CRTS(CL);CRTS
53551.26779;20.02;0.29;CRTS;CRTS(CL);CRTS
53551.27535;19.65;0.24;CRTS;CRTS(CL);CRTS
53551.2829;19.22;0.2;CRTS;CRTS(CL);CRTS
53551.29047;19.61;0.24;CRTS;CRTS(CL);CRTS
53560.22516;19.42;0.21;CRTS;CRTS(CL);CRTS
53560.233;19.88;0.27;CRTS;CRTS(CL);CRTS
53560.24085;19.37;0.21;CRTS;CRTS(CL);CRTS
53560.24877;20.66;0.42;CRTS;CRTS(CL);CRTS
53819.45325;19.74;0.26;CRTS;CRTS(CL);CRTS
53850.37286;19.47;0.23;CRTS;CRTS(CL);CRTS
53850.39742;20.03;0.35;CRTS;CRTS(CL);CRTS
53859.3843;19.59;0.24;CRTS;CRTS(CL);CRTS
53859.39245;19.83;0.27;CRTS;CRTS(CL);CRTS
53859.40062;19.4;0.22;CRTS;CRTS(CL);CRTS
53859.40873;19.83;0.28;CRTS;CRTS(CL);CRTS
53879.36663;20.04;0.3;CRTS;CRTS(CL);CRTS
53879.3752;20.04;0.3;CRTS;CRTS(CL);CRTS
53879.38382;20.42;0.37;CRTS;CRTS(CL);CRTS
53879.39242;20.23;0.34;CRTS;CRTS(CL);CRTS
53886.33852;19.78;0.27;CRTS;CRTS(CL);CRTS
53886.34658;20.18;0.33;CRTS;CRTS(CL);CRTS
53886.35469;19.6;0.24;CRTS;CRTS(CL);CRTS
53992.14138;19.84;0.32;CRTS;CRTS(CL);CRTS
53992.14886;19.84;0.33;CRTS;CRTS(CL);CRTS
53992.15258;19.18;0.23;CRTS;CRTS(CL);CRTS
54171.43306;19.92;0.27;CRTS;CRTS(CL);CRTS
54171.43845;20.11;0.29;CRTS;CRTS(CL);CRTS
54171.44382;19.45;0.21;CRTS;CRTS(CL);CRTS
54171.44921;19.32;0.2;CRTS;CRTS(CL);CRTS
54185.41434;19.6;0.23;CRTS;CRTS(CL);CRTS
54185.42365;19.86;0.26;CRTS;CRTS(CL);CRTS
54185.43304;20.66;0.4;CRTS;CRTS(CL);CRTS
54185.44241;20.02;0.28;CRTS;CRTS(CL);CRTS
54204.42311;19.7;0.24;CRTS;CRTS(CL);CRTS
54204.43104;19.63;0.23;CRTS;CRTS(CL);CRTS
54204.43897;19.65;0.23;CRTS;CRTS(CL);CRTS
54204.44681;19.81;0.25;CRTS;CRTS(CL);CRTS
54228.37992;20.77;0.5;CRTS;CRTS(CL);CRTS
54235.2686;19.94;0.31;CRTS;CRTS(CL);CRTS
54235.27308;19.5;0.22;CRTS;CRTS(CL);CRTS
54235.27757;19.39;0.21;CRTS;CRTS(CL);CRTS
54235.28206;20.41;0.36;CRTS;CRTS(CL);CRTS
54242.33959;19.21;0.2;CRTS;CRTS(CL);CRTS
54242.34713;20.03;0.3;CRTS;CRTS(CL);CRTS
54242.35468;19.81;0.26;CRTS;CRTS(CL);CRTS
54242.36226;19.81;0.26;CRTS;CRTS(CL);CRTS
54257.23476;19.9;0.28;CRTS;CRTS(CL);CRTS
54257.24793;20.36;0.35;CRTS;CRTS(CL);CRTS
54257.25453;19.61;0.24;CRTS;CRTS(CL);CRTS
54267.25586;19.87;0.28;CRTS;CRTS(CL);CRTS
54267.2641;20.0;0.31;CRTS;CRTS(CL);CRTS
54347.15633;20.17;0.27;CRTS;CRTS(CL);CRTS
54347.16625;19.91;0.23;CRTS;CRTS(CL);CRTS
54347.17613;20.26;0.28;CRTS;CRTS(CL);CRTS
54347.18604;20.36;0.3;CRTS;CRTS(CL);CRTS
54354.14785;20.12;0.31;CRTS;CRTS(CL);CRTS
54354.15214;20.85;0.47;CRTS;CRTS(CL);CRTS
54354.16069;18.94;0.17;CRTS;CRTS(CL);CRTS
54466.53071;20.39;0.34;CRTS;CRTS(CL);CRTS
54466.53722;20.82;0.43;CRTS;CRTS(CL);CRTS
54505.50438;20.01;0.27;CRTS;CRTS(CL);CRTS
54505.51188;19.85;0.25;CRTS;CRTS(CL);CRTS
54505.5194;19.75;0.24;CRTS;CRTS(CL);CRTS
54505.52693;20.46;0.35;CRTS;CRTS(CL);CRTS
54515.46148;20.32;0.35;CRTS;CRTS(CL);CRTS
54515.46702;19.36;0.2;CRTS;CRTS(CL);CRTS
54515.47251;20.56;0.38;CRTS;CRTS(CL);CRTS
54515.47802;20.19;0.31;CRTS;CRTS(CL);CRTS
54528.46849;19.92;0.26;CRTS;CRTS(CL);CRTS
54528.48332;20.32;0.32;CRTS;CRTS(CL);CRTS
54528.49074;19.03;0.17;CRTS;CRTS(CL);CRTS
54536.40784;19.46;0.21;CRTS;CRTS(CL);CRTS
54536.41386;20.03;0.28;CRTS;CRTS(CL);CRTS
54536.41993;19.99;0.27;CRTS;CRTS(CL);CRTS
54536.42596;19.92;0.27;CRTS;CRTS(CL);CRTS
54559.33227;19.98;0.28;CRTS;CRTS(CL);CRTS
54559.34144;20.0;0.28;CRTS;CRTS(CL);CRTS
54559.35059;19.33;0.2;CRTS;CRTS(CL);CRTS
54559.35978;19.69;0.24;CRTS;CRTS(CL);CRTS
54565.28634;20.18;0.32;CRTS;CRTS(CL);CRTS
54565.29287;19.98;0.29;CRTS;CRTS(CL);CRTS
54565.2994;19.67;0.25;CRTS;CRTS(CL);CRTS
54565.30601;19.61;0.24;CRTS;CRTS(CL);CRTS
54571.45457;19.62;0.22;CRTS;CRTS(CL);CRTS
54571.46104;19.86;0.25;CRTS;CRTS(CL);CRTS
54571.46752;19.57;0.22;CRTS;CRTS(CL);CRTS
54582.38425;20.83;0.45;CRTS;CRTS(CL);CRTS
54582.39077;20.29;0.33;CRTS;CRTS(CL);CRTS
54582.39729;19.8;0.26;CRTS;CRTS(CL);CRTS
54589.31362;19.74;0.24;CRTS;CRTS(CL);CRTS
54589.32175;19.84;0.25;CRTS;CRTS(CL);CRTS
54589.3299;19.92;0.26;CRTS;CRTS(CL);CRTS
54589.33803;19.73;0.24;CRTS;CRTS(CL);CRTS
54596.2481;20.47;0.39;CRTS;CRTS(CL);CRTS
54596.25514;19.81;0.27;CRTS;CRTS(CL);CRTS
54596.26218;19.68;0.25;CRTS;CRTS(CL);CRTS
54625.34765;19.96;0.28;CRTS;CRTS(CL);CRTS
54625.35536;19.48;0.22;CRTS;CRTS(CL);CRTS
54625.36309;20.13;0.31;CRTS;CRTS(CL);CRTS
54625.37076;19.89;0.27;CRTS;CRTS(CL);CRTS
54641.32805;19.88;0.28;CRTS;CRTS(CL);CRTS
54641.3412;20.2;0.34;CRTS;CRTS(CL);CRTS
54888.4615;19.86;0.25;CRTS;CRTS(CL);CRTS
54888.4693;19.74;0.24;CRTS;CRTS(CL);CRTS
54888.47715;19.71;0.23;CRTS;CRTS(CL);CRTS
54888.48508;19.46;0.21;CRTS;CRTS(CL);CRTS
54912.35378;19.64;0.23;CRTS;CRTS(CL);CRTS
54912.35917;20.01;0.28;CRTS;CRTS(CL);CRTS
54912.36468;19.52;0.22;CRTS;CRTS(CL);CRTS
54912.37003;19.45;0.21;CRTS;CRTS(CL);CRTS
54923.39516;20.35;0.34;CRTS;CRTS(CL);CRTS
54923.39998;19.64;0.23;CRTS;CRTS(CL);CRTS
54923.40481;19.46;0.21;CRTS;CRTS(CL);CRTS
54923.40966;19.43;0.21;CRTS;CRTS(CL);CRTS
54944.42056;20.0;0.28;CRTS;CRTS(CL);CRTS
54944.4375;19.82;0.26;CRTS;CRTS(CL);CRTS
54944.44606;20.01;0.28;CRTS;CRTS(CL);CRTS
54965.32267;20.36;0.34;CRTS;CRTS(CL);CRTS
54965.32872;19.58;0.23;CRTS;CRTS(CL);CRTS
54965.33484;19.72;0.24;CRTS;CRTS(CL);CRTS
54965.34089;19.51;0.22;CRTS;CRTS(CL);CRTS
54980.29857;19.36;0.21;CRTS;CRTS(CL);CRTS
54980.30667;19.89;0.27;CRTS;CRTS(CL);CRTS
54980.31474;19.61;0.23;CRTS;CRTS(CL);CRTS
54980.32278;19.51;0.22;CRTS;CRTS(CL);CRTS
54997.30199;19.47;0.21;CRTS;CRTS(CL);CRTS
54997.30809;19.54;0.22;CRTS;CRTS(CL);CRTS
54997.31422;19.75;0.25;CRTS;CRTS(CL);CRTS
54997.32018;19.87;0.26;CRTS;CRTS(CL);CRTS
55090.11681;20.14;0.31;CRTS;CRTS(CL);CRTS
55090.12318;19.43;0.22;CRTS;CRTS(CL);CRTS
55090.13395;19.84;0.27;CRTS;CRTS(CL);CRTS
55091.11703;19.56;0.29;CRTS;CRTS(CL);CRTS
55091.12487;20.64;0.53;CRTS;CRTS(CL);CRTS
55229.613787;16.789;0.43;ALLWISE;WISE(W1);ALLWISE
55229.613787;16.807;0.437;ALLWISE;WISE(W1);ALLWISE
55229.6800028;16.081;0.234;ALLWISE;WISE(W1);ALLWISE
55229.6800028;16.021;0.221;ALLWISE;WISE(W1);ALLWISE
55229.8785229;16.94;0.464;ALLWISE;WISE(W1);ALLWISE
55229.9446114;16.363;0.311;ALLWISE;WISE(W1);ALLWISE
55229.9446114;16.605;0.389;ALLWISE;WISE(W1);ALLWISE
55230.0770431;16.546;0.376;ALLWISE;WISE(W1);ALLWISE
55230.0770431;16.557;0.38;ALLWISE;WISE(W1);ALLWISE
55230.1431316;16.367;0.297;ALLWISE;WISE(W1);ALLWISE
55230.2093474;16.672;0.402;ALLWISE;WISE(W1);ALLWISE
55230.2093474;16.257;0.275;ALLWISE;WISE(W1);ALLWISE
55230.3416517;16.232;0.245;ALLWISE;WISE(W1);ALLWISE
55230.3416517;16.795;0.412;ALLWISE;WISE(W1);ALLWISE
55233.1868833;17.03;0.542;ALLWISE;WISE(W1);ALLWISE
55233.1868833;16.052;0.22;ALLWISE;WISE(W1);ALLWISE
55271.42318;19.53;0.22;CRTS;CRTS(CL);CRTS
55271.43061;20.86;0.45;CRTS;CRTS(CL);CRTS
55271.43817;19.35;0.2;CRTS;CRTS(CL);CRTS
55271.44566;19.27;0.19;CRTS;CRTS(CL);CRTS
55281.50666;19.39;0.22;CRTS;CRTS(CL);CRTS
55281.51178;19.54;0.23;CRTS;CRTS(CL);CRTS
55290.47123;19.37;0.23;CRTS;CRTS(CL);CRTS
55290.47631;19.76;0.28;CRTS;CRTS(CL);CRTS
55299.35252;19.7;0.24;CRTS;CRTS(CL);CRTS
55299.35834;19.56;0.22;CRTS;CRTS(CL);CRTS
55299.36415;19.91;0.27;CRTS;CRTS(CL);CRTS
55299.37001;19.26;0.19;CRTS;CRTS(CL);CRTS
55332.39878;19.68;0.24;CRTS;CRTS(CL);CRTS
55332.40334;19.46;0.21;CRTS;CRTS(CL);CRTS
55332.40795;20.27;0.33;CRTS;CRTS(CL);CRTS
55332.41254;20.46;0.36;CRTS;CRTS(CL);CRTS
55340.27814;19.81;0.25;CRTS;CRTS(CL);CRTS
55351.30846;20.12;0.3;CRTS;CRTS(CL);CRTS
55351.31592;19.27;0.22;CRTS;CRTS(CL);CRTS
55351.32336;19.63;0.23;CRTS;CRTS(CL);CRTS
55351.33085;19.35;0.2;CRTS;CRTS(CL);CRTS
55359.27777;20.06;0.29;CRTS;CRTS(CL);CRTS
55359.28526;19.63;0.24;CRTS;CRTS(CL);CRTS
55359.29269;19.53;0.22;CRTS;CRTS(CL);CRTS
55365.27898;19.57;0.22;CRTS;CRTS(CL);CRTS
55365.28409;19.68;0.24;CRTS;CRTS(CL);CRTS
55365.2893;19.6;0.23;CRTS;CRTS(CL);CRTS
55365.29447;19.96;0.27;CRTS;CRTS(CL);CRTS
55381.20781;19.79;0.26;CRTS;CRTS(CL);CRTS
55381.2152;19.94;0.28;CRTS;CRTS(CL);CRTS
55381.22266;20.0;0.29;CRTS;CRTS(CL);CRTS
55381.23008;19.97;0.28;CRTS;CRTS(CL);CRTS
55402.1964472;19.40973663330078;0.13452765345573425;PTF;PTF(R);PTF
55402.2596772;19.8745059967041;0.21027660369873047;PTF;PTF(R);PTF
55403.1782872;19.709604263305664;0.1333414614200592;PTF;PTF(R);PTF
55403.2223672;19.756391525268555;0.18000875413417816;PTF;PTF(R);PTF
55404.1691972;19.589927673339844;0.10090932995080948;PTF;PTF(R);PTF
55404.2129172;19.66444206237793;0.12169238179922104;PTF;PTF(R);PTF
55405.1684172;20.015151977539062;0.11835641413927078;PTF;PTF(R);PTF
55405.2133972;19.890336990356445;0.11913203448057175;PTF;PTF(R);PTF
55406.2122472;19.703819274902344;0.08434294909238815;PTF;PTF(R);PTF
55408.2274872;19.814861297607422;0.11512897163629532;PTF;PTF(R);PTF
55408.2325372;19.605268478393555;0.09830807149410248;PTF;PTF(R);PTF
55408.2796072;19.76067543029785;0.11538885533809662;PTF;PTF(R);PTF
55409.6043474;16.933;0.44;ALLWISE;WISE(W1);ALLWISE
55409.6043474;16.409;0.271;ALLWISE;WISE(W1);ALLWISE
55409.7366512;16.844;0.457;ALLWISE;WISE(W1);ALLWISE
55409.7366512;16.534;0.342;ALLWISE;WISE(W1);ALLWISE
55409.868955;16.76;0.37;ALLWISE;WISE(W1);ALLWISE
55409.868955;16.589;0.316;ALLWISE;WISE(W1);ALLWISE
55410.0012588;17.05;0.516;ALLWISE;WISE(W1);ALLWISE
55410.0012588;17.08;0.53;ALLWISE;WISE(W1);ALLWISE
55410.0012588;15.601;0.429;ALLWISE;WISE(W2);ALLWISE
55410.0012588;15.614;0.434;ALLWISE;WISE(W2);ALLWISE
55410.1334353;16.333;0.25;ALLWISE;WISE(W1);ALLWISE
55410.1334353;16.353;0.254;ALLWISE;WISE(W1);ALLWISE
55410.1335627;17.141;0.525;ALLWISE;WISE(W1);ALLWISE
55410.1335627;17.091;0.501;ALLWISE;WISE(W1);ALLWISE
55410.265739;16.968;0.453;ALLWISE;WISE(W1);ALLWISE
55410.3319546;16.517;0.311;ALLWISE;WISE(W1);ALLWISE
55410.3319546;16.838;0.417;ALLWISE;WISE(W1);ALLWISE
55410.3980428;15.663;0.504;ALLWISE;WISE(W2);ALLWISE
55410.3980428;15.524;0.444;ALLWISE;WISE(W2);ALLWISE
55410.4642584;16.412;0.262;ALLWISE;WISE(W1);ALLWISE
55410.4642584;17.172;0.528;ALLWISE;WISE(W1);ALLWISE
55410.5303466;16.608;0.366;ALLWISE;WISE(W1);ALLWISE
55410.5303466;16.609;0.367;ALLWISE;WISE(W1);ALLWISE
55410.5965622;16.57;0.337;ALLWISE;WISE(W1);ALLWISE
55410.5965622;16.569;0.337;ALLWISE;WISE(W1);ALLWISE
55410.7288659;16.943;0.453;ALLWISE;WISE(W1);ALLWISE
55410.7288659;16.958;0.459;ALLWISE;WISE(W1);ALLWISE
55410.8611698;15.106;0.306;ALLWISE;WISE(W2);ALLWISE
55410.9933463;16.257;0.252;ALLWISE;WISE(W1);ALLWISE
55410.9933463;16.921;0.465;ALLWISE;WISE(W1);ALLWISE
55417.1774872;19.847572326660156;0.1886376291513443;PTF;PTF(R);PTF
55417.2489972;20.0443058013916;0.20781570672988892;PTF;PTF(R);PTF
55421.2103972;19.804677963256836;0.0761791542172432;PTF;PTF(R);PTF
55421.2533872;19.43430519104004;0.08777585625648499;PTF;PTF(R);PTF
55453.1320072;19.742204666137695;0.08591657876968384;PTF;PTF(R);PTF
55453.1763472;19.71170997619629;0.09239528328180313;PTF;PTF(R);PTF
55456.12274;19.39;0.21;CRTS;CRTS(CL);CRTS
55456.1292472;19.831972122192383;0.09620895981788635;PTF;PTF(R);PTF
55456.13751;19.32;0.2;CRTS;CRTS(CL);CRTS
55456.1786372;19.545364379882812;0.10461759567260742;PTF;PTF(R);PTF
55460.1140772;20.392316818237305;0.2079799473285675;PTF;PTF(R);PTF
55460.1567472;19.6220703125;0.13186974823474884;PTF;PTF(R);PTF
55622.4491772;20.51395606994629;0.13858778774738312;PTF;PTF(g);PTF
55622.5267072;20.579477310180664;0.16598328948020935;PTF;PTF(g);PTF
55624.3731572;20.86784553527832;0.18665412068367004;PTF;PTF(g);PTF
55626.5459772;20.43218994140625;0.19867171347141266;PTF;PTF(g);PTF
55631.4958972;20.3956241607666;0.10997215658426285;PTF;PTF(g);PTF
55631.5386372;20.768348693847656;0.11695151776075363;PTF;PTF(g);PTF
55632.4973972;20.69282341003418;0.1417178362607956;PTF;PTF(g);PTF
55633.4632072;19.807161331176758;0.07339989393949509;PTF;PTF(R);PTF
55633.5060572;19.654897689819336;0.07103513926267624;PTF;PTF(R);PTF
55649.3560272;20.784618377685547;0.15510937571525574;PTF;PTF(g);PTF
55649.3989572;20.400224685668945;0.16339722275733948;PTF;PTF(g);PTF
55650.4784;19.58;0.24;CRTS;CRTS(CL);CRTS
55650.48701;18.87;0.17;CRTS;CRTS(CL);CRTS
55650.49569;18.94;0.18;CRTS;CRTS(CL);CRTS
55650.50429;19.95;0.29;CRTS;CRTS(CL);CRTS
55652.4764272;19.71357536315918;0.06686585396528244;PTF;PTF(R);PTF
55652.5192872;19.750959396362305;0.07072580605745316;PTF;PTF(R);PTF
55655.5199672;20.405515670776367;0.17517101764678955;PTF;PTF(g);PTF
55663.3996272;19.998865127563477;0.08251358568668365;PTF;PTF(R);PTF
55663.4460672;19.70516014099121;0.07097253203392029;PTF;PTF(R);PTF
55666.4575072;19.738557815551758;0.10805152356624603;PTF;PTF(R);PTF
55667.2516172;20.008806228637695;0.17586328089237213;PTF;PTF(R);PTF
55678.5014572;19.76448631286621;0.10525517165660858;PTF;PTF(R);PTF
55682.4989172;19.47904396057129;0.10119155794382095;PTF;PTF(R);PTF
55686.36375;19.05;0.29;CRTS;CRTS(CL);CRTS
55687.4796372;20.6644287109375;0.13300871849060059;PTF;PTF(g);PTF
55689.4847572;20.54816246032715;0.16554486751556396;PTF;PTF(g);PTF
55694.3034372;19.644716262817383;0.09251922369003296;PTF;PTF(R);PTF
55694.3551372;19.46866798400879;0.09086009860038757;PTF;PTF(R);PTF
55701.38266;19.2;0.2;CRTS;CRTS(CL);CRTS
55701.39738;19.45;0.22;CRTS;CRTS(CL);CRTS
55703.4423372;19.97381019592285;0.23076412081718445;PTF;PTF(R);PTF
55703.4862172;19.908586502075195;0.24135635793209076;PTF;PTF(R);PTF
55707.3494172;19.68914794921875;0.078900046646595;PTF;PTF(R);PTF
55707.3935772;19.88055992126465;0.0865064263343811;PTF;PTF(R);PTF
55714.30584;19.5;0.24;CRTS;CRTS(CL);CRTS
55714.31609;19.58;0.24;CRTS;CRTS(CL);CRTS
55714.3998972;20.68607521057129;0.1517343521118164;PTF;PTF(g);PTF
55714.4540772;20.98992347717285;0.1826438009738922;PTF;PTF(g);PTF
55717.3553072;20.821910858154297;0.12118633091449738;PTF;PTF(g);PTF
55720.30255;19.75;0.26;CRTS;CRTS(CL);CRTS
55720.31122;19.81;0.26;CRTS;CRTS(CL);CRTS
55720.31996;20.2;0.33;CRTS;CRTS(CL);CRTS
55720.32869;19.49;0.22;CRTS;CRTS(CL);CRTS
55833.8995549;19.6817;0.015885;PS1;PS1(z);PS1
55915.5703935;20.9537;0.018552;PS1;PS1(g);PS1
55927.52006;19.34;0.21;CRTS;CRTS(CL);CRTS
55927.52703;19.8;0.26;CRTS;CRTS(CL);CRTS
55927.53389;19.91;0.27;CRTS;CRTS(CL);CRTS
55927.54081;19.58;0.23;CRTS;CRTS(CL);CRTS
55949.4903;19.96;0.28;CRTS;CRTS(CL);CRTS
55949.49657;20.33;0.34;CRTS;CRTS(CL);CRTS
55949.50293;19.38;0.21;CRTS;CRTS(CL);CRTS
55949.50929;19.85;0.26;CRTS;CRTS(CL);CRTS
55981.4629;19.55;0.22;CRTS;CRTS(CL);CRTS
55981.46969;19.73;0.24;CRTS;CRTS(CL);CRTS
55981.47645;19.41;0.21;CRTS;CRTS(CL);CRTS
55981.48325;20.66;0.4;CRTS;CRTS(CL);CRTS
56000.50019;19.86;0.26;CRTS;CRTS(CL);CRTS
56000.50521;19.46;0.21;CRTS;CRTS(CL);CRTS
56000.51533;19.18;0.19;CRTS;CRTS(CL);CRTS
56012.42047;19.75;0.26;CRTS;CRTS(CL);CRTS
56012.42717;19.88;0.28;CRTS;CRTS(CL);CRTS
56012.44072;19.99;0.29;CRTS;CRTS(CL);CRTS
56019.42087;19.47;0.22;CRTS;CRTS(CL);CRTS
56019.42771;19.98;0.28;CRTS;CRTS(CL);CRTS
56019.43454;20.0;0.28;CRTS;CRTS(CL);CRTS
56019.44135;20.05;0.29;CRTS;CRTS(CL);CRTS
56042.28142;20.21;0.33;CRTS;CRTS(CL);CRTS
56042.28724;19.59;0.23;CRTS;CRTS(CL);CRTS
56042.29311;19.69;0.25;CRTS;CRTS(CL);CRTS
56042.29887;19.53;0.23;CRTS;CRTS(CL);CRTS
56048.42088;19.23;0.2;CRTS;CRTS(CL);CRTS
56048.42946;20.03;0.3;CRTS;CRTS(CL);CRTS
56048.43803;19.62;0.24;CRTS;CRTS(CL);CRTS
56048.44654;20.1;0.31;CRTS;CRTS(CL);CRTS
56061.36538;19.87;0.26;CRTS;CRTS(CL);CRTS
56061.3734;19.23;0.19;CRTS;CRTS(CL);CRTS
56061.38185;19.93;0.27;CRTS;CRTS(CL);CRTS
56061.39032;19.81;0.25;CRTS;CRTS(CL);CRTS
56072.31497;19.32;0.2;CRTS;CRTS(CL);CRTS
56072.32004;19.56;0.22;CRTS;CRTS(CL);CRTS
56072.32516;19.65;0.23;CRTS;CRTS(CL);CRTS
56072.33024;19.44;0.21;CRTS;CRTS(CL);CRTS
56078.2515272;19.689476013183594;0.1415422111749649;PTF;PTF(R);PTF
56078.2807272;19.573076248168945;0.13694682717323303;PTF;PTF(R);PTF
56078.3105272;19.921916961669922;0.136151522397995;PTF;PTF(R);PTF
56082.3388272;19.948204040527344;0.23323537409305573;PTF;PTF(R);PTF
56086.2993772;19.994455337524414;0.10408181697130203;PTF;PTF(R);PTF
56086.3294772;19.52589225769043;0.1041678637266159;PTF;PTF(R);PTF
56086.3590672;19.84844970703125;0.11847399175167084;PTF;PTF(R);PTF
56088.31344;19.99;0.27;CRTS;CRTS(CL);CRTS
56088.31909;20.54;0.37;CRTS;CRTS(CL);CRTS
56088.32475;19.72;0.24;CRTS;CRTS(CL);CRTS
56088.33041;19.66;0.23;CRTS;CRTS(CL);CRTS
56088.3800172;19.750791549682617;0.09212056547403336;PTF;PTF(R);PTF
56088.4129472;19.89696502685547;0.11577713489532471;PTF;PTF(R);PTF
56088.4421172;19.906429290771484;0.11003018915653229;PTF;PTF(R);PTF
56090.3720872;19.750579833984375;0.08213622868061066;PTF;PTF(R);PTF
56090.4603972;20.008291244506836;0.12996439635753632;PTF;PTF(R);PTF
56093.1979472;19.892221450805664;0.0917724147439003;PTF;PTF(R);PTF
56093.2408672;19.846878051757812;0.07942797988653183;PTF;PTF(R);PTF
56093.2699572;19.63881492614746;0.06623288989067078;PTF;PTF(R);PTF
56094.24351;19.92;0.27;CRTS;CRTS(CL);CRTS
56094.2519;20.02;0.28;CRTS;CRTS(CL);CRTS
56094.26046;19.63;0.23;CRTS;CRTS(CL);CRTS
56094.26887;19.59;0.23;CRTS;CRTS(CL);CRTS
56096.3526472;19.977689743041992;0.09122797101736069;PTF;PTF(R);PTF
56096.3839372;19.7452449798584;0.09994898736476898;PTF;PTF(R);PTF
56096.4141172;19.761289596557617;0.11155464500188828;PTF;PTF(R);PTF
56100.3554772;19.790353775024414;0.07811258733272552;PTF;PTF(R);PTF
56102.3296272;19.528451919555664;0.09443855285644531;PTF;PTF(R);PTF
56102.3589272;19.796863555908203;0.11187881231307983;PTF;PTF(R);PTF
56102.3883072;19.965499877929688;0.10009924322366714;PTF;PTF(R);PTF
56104.3216172;19.744094848632812;0.08333373814821243;PTF;PTF(R);PTF
56104.3582672;19.77581024169922;0.1109442412853241;PTF;PTF(R);PTF
56104.3879272;19.609865188598633;0.09878622740507126;PTF;PTF(R);PTF
56107.2592872;19.810026168823242;0.1282203644514084;PTF;PTF(R);PTF
56107.2888272;19.772201538085938;0.1200815960764885;PTF;PTF(R);PTF
56107.3385172;19.516036987304688;0.1277419924736023;PTF;PTF(R);PTF
56109.3600672;19.725482940673828;0.18054918944835663;PTF;PTF(R);PTF
56178.4878205;20.2805;0.010575;PS1;PS1(r);PS1
56189.11436;19.85;0.27;CRTS;CRTS(CL);CRTS
56189.11777;19.66;0.25;CRTS;CRTS(CL);CRTS
56189.12463;19.87;0.28;CRTS;CRTS(CL);CRTS
56195.13124;19.58;0.21;CRTS;CRTS(CL);CRTS
56195.13538;20.2;0.28;CRTS;CRTS(CL);CRTS
56362.4860472;19.757230758666992;0.08861050009727478;PTF;PTF(R);PTF
56362.5159472;19.674907684326172;0.07386163622140884;PTF;PTF(R);PTF
56362.5451672;19.702434539794922;0.10445615649223328;PTF;PTF(R);PTF
56363.5149772;19.795034408569336;0.07496949285268784;PTF;PTF(R);PTF
56363.5394572;19.83016014099121;0.07766225188970566;PTF;PTF(R);PTF
56363.5405872;19.83680534362793;0.07799945771694183;PTF;PTF(R);PTF
56365.5292672;19.586366653442383;0.07072266191244125;PTF;PTF(R);PTF
56365.5304072;19.73103141784668;0.07166239619255066;PTF;PTF(R);PTF
56365.5315572;19.650123596191406;0.07168801873922348;PTF;PTF(R);PTF
56369.5054272;19.718032836914062;0.10142134130001068;PTF;PTF(R);PTF
56369.5351072;19.616456985473633;0.10317257046699524;PTF;PTF(R);PTF
56374.41115;19.75;0.26;CRTS;CRTS(CL);CRTS
56374.42661;20.19;0.33;CRTS;CRTS(CL);CRTS
56374.43433;19.98;0.29;CRTS;CRTS(CL);CRTS
56374.5093872;19.755813598632812;0.06622332334518433;PTF;PTF(R);PTF
56375.5077272;19.59153938293457;0.06597892194986343;PTF;PTF(R);PTF
56376.5057972;19.63296890258789;0.0853147804737091;PTF;PTF(R);PTF
56376.5353872;19.591053009033203;0.07637745141983032;PTF;PTF(R);PTF
56386.5180072;19.817419052124023;0.25792646408081055;PTF;PTF(R);PTF
56390.3571;20.12;0.27;CRTS;CRTS(CL);CRTS
56390.36728;19.66;0.21;CRTS;CRTS(CL);CRTS
56390.37748;19.5;0.2;CRTS;CRTS(CL);CRTS
56390.38771;19.83;0.23;CRTS;CRTS(CL);CRTS
56403.4652072;19.741771697998047;0.06706403940916061;PTF;PTF(R);PTF
56403.4950872;19.588478088378906;0.06814942508935928;PTF;PTF(R);PTF
56404.4585872;19.585567474365234;0.06622111052274704;PTF;PTF(R);PTF
56404.4708;19.05;0.18;CRTS;CRTS(CL);CRTS
56404.47576;20.04;0.3;CRTS;CRTS(CL);CRTS
56404.48064;20.0;0.29;CRTS;CRTS(CL);CRTS
56404.48551;19.47;0.22;CRTS;CRTS(CL);CRTS
56404.4883572;19.722187042236328;0.06632523238658905;PTF;PTF(R);PTF
56405.4684172;19.97145652770996;0.16273973882198334;PTF;PTF(R);PTF
56405.4977472;19.854598999023438;0.14369453489780426;PTF;PTF(R);PTF
56412.4510072;19.882915496826172;0.10726863145828247;PTF;PTF(R);PTF
56412.4807872;19.828941345214844;0.1265896111726761;PTF;PTF(R);PTF
56413.4557872;19.69947624206543;0.08363097161054611;PTF;PTF(R);PTF
56413.4851172;19.788515090942383;0.09181663393974304;PTF;PTF(R);PTF
56414.45609;19.18;0.19;CRTS;CRTS(CL);CRTS
56414.4595;19.53;0.23;CRTS;CRTS(CL);CRTS
56414.46289;19.54;0.23;CRTS;CRTS(CL);CRTS
56425.34194;19.07;0.19;CRTS;CRTS(CL);CRTS
56425.34871;19.73;0.26;CRTS;CRTS(CL);CRTS
56425.35553;19.69;0.25;CRTS;CRTS(CL);CRTS
56425.36237;19.84;0.27;CRTS;CRTS(CL);CRTS
56431.30534;19.16;0.19;CRTS;CRTS(CL);CRTS
56431.31103;20.36;0.36;CRTS;CRTS(CL);CRTS
56431.31672;19.63;0.24;CRTS;CRTS(CL);CRTS
56445.35321;19.64;0.26;CRTS;CRTS(CL);CRTS
56445.36019;19.74;0.27;CRTS;CRTS(CL);CRTS
56445.36721;19.64;0.25;CRTS;CRTS(CL);CRTS
56445.37422;19.66;0.26;CRTS;CRTS(CL);CRTS
56452.3436;19.54;0.22;CRTS;CRTS(CL);CRTS
56452.35106;19.6;0.23;CRTS;CRTS(CL);CRTS
56452.35852;19.95;0.27;CRTS;CRTS(CL);CRTS
56452.36603;19.7;0.24;CRTS;CRTS(CL);CRTS
56459.31714;19.52;0.24;CRTS;CRTS(CL);CRTS
56459.3259;19.53;0.24;CRTS;CRTS(CL);CRTS
56459.33479;19.75;0.27;CRTS;CRTS(CL);CRTS
56468.7357297;19.7974;0.008381;PS1;PS1(i);PS1
56470.32261;19.67;0.25;CRTS;CRTS(CL);CRTS
56470.32936;19.82;0.28;CRTS;CRTS(CL);CRTS
56470.34305;19.13;0.2;CRTS;CRTS(CL);CRTS
56537.13909;19.96;0.3;CRTS;CRTS(CL);CRTS
56537.14371;18.94;0.19;CRTS;CRTS(CL);CRTS
56537.14819;20.5;0.43;CRTS;CRTS(CL);CRTS
56568.10737;20.54;0.39;CRTS;CRTS(CL);CRTS
56568.10845;20.25;0.33;CRTS;CRTS(CL);CRTS
56693.74386838;15.113;0.417;NEOWISE;WISE(W2);NEOWISE
56693.74386838;16.771;0.392;NEOWISE;WISE(W1);NEOWISE
56693.87566326;16.329;0.279;NEOWISE;WISE(W1);NEOWISE
56694.402588;16.052;0.399;NEOWISE;WISE(W1);NEOWISE
56694.40271531;16.398;0.314;NEOWISE;WISE(W1);NEOWISE
56694.40271531;15.172;0.405;NEOWISE;WISE(W2);NEOWISE
56694.46854907;16.278;0.256;NEOWISE;WISE(W1);NEOWISE
56694.86380634;16.404;0.309;NEOWISE;WISE(W1);NEOWISE
56814.1967272;19.64333724975586;0.09147438406944275;PTF;PTF(R);PTF
56815.1969972;19.804746627807617;0.08567745238542557;PTF;PTF(R);PTF
56815.2212172;19.908119201660156;0.0885392352938652;PTF;PTF(R);PTF
56816.2107572;19.854063034057617;0.11509303748607635;PTF;PTF(R);PTF
56818.1923672;19.932926177978516;0.12870240211486816;PTF;PTF(R);PTF
56818.2280772;19.60202407836914;0.12038882821798325;PTF;PTF(R);PTF
56819.1922872;20.27365493774414;0.17368172109127045;PTF;PTF(R);PTF
56820.1918572;19.211694717407227;0.14111590385437012;PTF;PTF(R);PTF
56820.2172472;20.0789794921875;0.21617409586906433;PTF;PTF(R);PTF
56821.1922572;20.430744171142578;0.17307314276695251;PTF;PTF(R);PTF
56821.2175272;19.803428649902344;0.13512706756591797;PTF;PTF(R);PTF
56822.1930872;19.91453742980957;0.10477270931005478;PTF;PTF(R);PTF
56822.2183772;20.056032180786133;0.15196016430854797;PTF;PTF(R);PTF
56823.2565472;20.040178298950195;0.15313591063022614;PTF;PTF(R);PTF
56824.2799872;19.738170623779297;0.09266145527362823;PTF;PTF(R);PTF
56824.3078972;19.92951202392578;0.10098927468061447;PTF;PTF(R);PTF
56825.2541272;19.668148040771484;0.07240448147058487;PTF;PTF(R);PTF
56825.2812472;19.80548095703125;0.08334970474243164;PTF;PTF(R);PTF
56826.2718472;19.717676162719727;0.07037071138620377;PTF;PTF(R);PTF
56826.2971972;19.666322708129883;0.07250624895095825;PTF;PTF(R);PTF
56827.2587172;19.92647361755371;0.10116486251354218;PTF;PTF(R);PTF
56827.2876472;19.730663299560547;0.07018416374921799;PTF;PTF(R);PTF
56828.3350272;19.789470672607422;0.0879264771938324;PTF;PTF(R);PTF
56828.3682272;19.84627914428711;0.08664169907569885;PTF;PTF(R);PTF
56871.89698488;14.06;0.287;NEOWISE;WISE(W2);NEOWISE
56872.02852477;16.317;0.277;NEOWISE;WISE(W1);NEOWISE
56872.09435835;16.07;0.292;NEOWISE;WISE(W1);NEOWISE
56872.16006461;16.205;0.255;NEOWISE;WISE(W1);NEOWISE
56872.29173175;16.129;0.265;NEOWISE;WISE(W1);NEOWISE
56872.35743801;15.684;0.341;NEOWISE;WISE(W1);NEOWISE
56872.48897785;15.613;0.373;NEOWISE;WISE(W1);NEOWISE
56874.79149822;16.246;0.245;NEOWISE;WISE(W1);NEOWISE
56875.12041156;16.376;0.391;NEOWISE;WISE(W1);NEOWISE
56875.38349179;16.103;0.324;NEOWISE;WISE(W1);NEOWISE
57233.73203701;15.816;0.285;NEOWISE;WISE(W1);NEOWISE
57233.86332227;16.344;0.339;NEOWISE;WISE(W1);NEOWISE
57234.32250204;16.226;0.292;NEOWISE;WISE(W1);NEOWISE
57422.42782561;16.43;0.303;NEOWISE;WISE(W1);NEOWISE
57422.82117391;16.799;0.419;NEOWISE;WISE(W1);NEOWISE
57423.08336372;16.308;0.298;NEOWISE;WISE(W1);NEOWISE
57423.47671206;16.597;0.394;NEOWISE;WISE(W1);NEOWISE
57423.60787054;16.313;0.304;NEOWISE;WISE(W1);NEOWISE
57423.67332251;15.572;0.213;NEOWISE;WISE(W1);NEOWISE
57423.93563962;16.593;0.338;NEOWISE;WISE(W1);NEOWISE
57592.3269047;14.917;0.329;NEOWISE;WISE(W2);NEOWISE
57592.3269047;16.241;0.267;NEOWISE;WISE(W1);NEOWISE
57592.45793528;16.022;0.348;NEOWISE;WISE(W1);NEOWISE
57592.78557535;16.264;0.311;NEOWISE;WISE(W1);NEOWISE
57592.85102698;16.268;0.253;NEOWISE;WISE(W1);NEOWISE
57593.30957021;15.007;0.363;NEOWISE;WISE(W2);NEOWISE
57593.30957021;16.286;0.278;NEOWISE;WISE(W1);NEOWISE
57786.9578522;15.111;0.448;NEOWISE;WISE(W2);NEOWISE
57786.9578522;16.817;0.421;NEOWISE;WISE(W1);NEOWISE
57953.12366656;16.222;0.297;NEOWISE;WISE(W1);NEOWISE
57953.25456969;16.348;0.293;NEOWISE;WISE(W1);NEOWISE
57953.38547286;16.518;0.49;NEOWISE;WISE(W1);NEOWISE
57953.45092444;16.212;0.262;NEOWISE;WISE(W1);NEOWISE
57953.64740655;16.326;0.298;NEOWISE;WISE(W1);NEOWISE
57953.90921294;16.195;0.269;NEOWISE;WISE(W1);NEOWISE
58151.36435837;16.287;0.261;NEOWISE;WISE(W1);NEOWISE
58151.49526228;16.402;0.38;NEOWISE;WISE(W1);NEOWISE
58151.56071428;15.682;0.181;NEOWISE;WISE(W1);NEOWISE
58151.69161825;16.225;0.28;NEOWISE;WISE(W1);NEOWISE
58216.3657755;19.713913;0.11940527;ZTF;ZTF(zr);ZTF
58218.4261806;20.0326786;0.14788574;ZTF;ZTF(zr);ZTF
58219.3447106;19.8796082;0.133920386;ZTF;ZTF(zr);ZTF
58219.3613079;19.919363;0.137511402;ZTF;ZTF(zr);ZTF
58219.4183218;19.7323055;0.120974034;ZTF;ZTF(zr);ZTF
58222.3405787;19.7985229;0.126714915;ZTF;ZTF(zr);ZTF
58222.5137269;19.7128468;0.119314745;ZTF;ZTF(zr);ZTF
58226.3571412;19.8460541;0.130917594;ZTF;ZTF(zr);ZTF
58226.3775463;19.9877529;0.14375478;ZTF;ZTF(zr);ZTF
58229.3164931;20.7468662;0.1946069;ZTF;ZTF(zg);ZTF
58232.3771528;19.8869362;0.134579748;ZTF;ZTF(zr);ZTF
58232.4574653;20.7478619;0.194678783;ZTF;ZTF(zg);ZTF
58235.3018171;20.1718807;0.158946052;ZTF;ZTF(zg);ZTF
58242.3356134;19.9412537;0.139501899;ZTF;ZTF(zr);ZTF
58242.417419;20.6816711;0.189899683;ZTF;ZTF(zg);ZTF
58243.355787;19.4509869;0.0991419554;ZTF;ZTF(zi);ZTF
58247.1528472;19.130703;0.0773492306;ZTF;ZTF(zi);ZTF
58248.2962269;19.791584;0.126106814;ZTF;ZTF(zr);ZTF
58254.3647338;19.8382912;0.13022694;ZTF;ZTF(zr);ZTF
58254.383206;19.5256672;0.104947641;ZTF;ZTF(zi);ZTF
58254.4016319;20.7912292;0.197810054;ZTF;ZTF(zg);ZTF
58257.3587037;20.0983162;0.153932288;ZTF;ZTF(zr);ZTF
58261.3162153;19.6211166;0.111678742;ZTF;ZTF(zr);ZTF
58263.3585648;19.7638531;0.123691514;ZTF;ZTF(zr);ZTF
58267.2496991;19.5958748;0.110658295;ZTF;ZTF(zi);ZTF
58270.3184722;19.9456501;0.139902666;ZTF;ZTF(zr);ZTF
58270.3193981;19.7985077;0.126713544;ZTF;ZTF(zr);ZTF
58271.1917014;19.9058456;0.136286721;ZTF;ZTF(zr);ZTF
58272.3527431;19.8649445;0.134725332;ZTF;ZTF(zi);ZTF
58273.273044;20.878088;0.204081535;ZTF;ZTF(zg);ZTF
58273.2739583;20.7383957;0.193995357;ZTF;ZTF(zg);ZTF
58273.3185069;19.977787;0.142840937;ZTF;ZTF(zr);ZTF
58274.2728009;20.9677925;0.210558534;ZTF;ZTF(zg);ZTF
58276.2537153;20.8553162;0.202437401;ZTF;ZTF(zg);ZTF
58276.2959954;19.8840694;0.134321749;ZTF;ZTF(zr);ZTF
58276.2968981;19.9501781;0.140315816;ZTF;ZTF(zr);ZTF
58276.3431134;20.7979469;0.198295116;ZTF;ZTF(zg);ZTF
58277.2735185;19.9873238;0.143715411;ZTF;ZTF(zr);ZTF
58277.2962616;19.5645866;0.108083226;ZTF;ZTF(zi);ZTF
58277.3331713;20.818222;0.199759007;ZTF;ZTF(zg);ZTF
58279.2537037;19.9227943;0.137822777;ZTF;ZTF(zr);ZTF
58279.2546065;20.0351791;0.148115858;ZTF;ZTF(zr);ZTF
58280.2733102;20.6486416;0.187514782;ZTF;ZTF(zg);ZTF
58280.2961227;19.9635315;0.141535729;ZTF;ZTF(zr);ZTF
58281.2116782;19.8820724;0.134141982;ZTF;ZTF(zr);ZTF
58281.2965278;19.578392;0.109213524;ZTF;ZTF(zi);ZTF
58282.2882176;20.6063004;0.18445766;ZTF;ZTF(zg);ZTF
58283.2953588;20.7382622;0.193985701;ZTF;ZTF(zg);ZTF
58283.319456;19.9408054;0.13946104;ZTF;ZTF(zr);ZTF
58284.2319329;20.7512531;0.194923639;ZTF;ZTF(zg);ZTF
58286.194375;19.632761;0.113756016;ZTF;ZTF(zi);ZTF
58288.2735417;19.7940426;0.12632218;ZTF;ZTF(zr);ZTF
58288.3397222;20.9252396;0.207486033;ZTF;ZTF(zg);ZTF
58290.1743981;19.4405193;0.0983503684;ZTF;ZTF(zi);ZTF
58291.2550231;19.9466972;0.139998227;ZTF;ZTF(zr);ZTF
58294.2706597;19.7789268;0.12500146;ZTF;ZTF(zr);ZTF
58297.289537;19.9748077;0.142567873;ZTF;ZTF(zr);ZTF
58300.1908565;21.01861;0.214227676;ZTF;ZTF(zg);ZTF
58302.1745949;19.7902832;0.127716511;ZTF;ZTF(zi);ZTF
58303.1723148;19.9903107;0.143989459;ZTF;ZTF(zr);ZTF
58303.2116088;20.8091755;0.199105859;ZTF;ZTF(zg);ZTF
58306.1916319;19.8795624;0.133916318;ZTF;ZTF(zr);ZTF
58306.2170718;20.8197289;0.199867845;ZTF;ZTF(zg);ZTF
58311.1699884;20.1252441;0.156407326;ZTF;ZTF(zr);ZTF
58311.2336227;20.8185768;0.199784636;ZTF;ZTF(zg);ZTF
58313.71073667;15.718;0.32;NEOWISE;WISE(W1);NEOWISE
58314.16826196;15.805;0.438;NEOWISE;WISE(W1);NEOWISE
58314.1694097;20.1853523;0.161895841;ZTF;ZTF(zr);ZTF
58314.2471065;20.6161938;0.185171962;ZTF;ZTF(zg);ZTF
58320.2265394;19.5569725;0.107463889;ZTF;ZTF(zi);ZTF
58321.213044;20.0894032;0.153111875;ZTF;ZTF(zr);ZTF
58324.1699884;19.8967819;0.135467634;ZTF;ZTF(zr);ZTF
58331.3174884;19.680418;0.117856011;ZTF;ZTF(zi);ZTF
58333.1658218;19.9663315;0.14179191;ZTF;ZTF(zr);ZTF
58333.1907986;20.6821423;0.172964215;ZTF;ZTF(zg);ZTF
58333.19125;20.6868629;0.173322439;ZTF;ZTF(zg);ZTF
58336.157338;19.4659309;0.100281499;ZTF;ZTF(zi);ZTF
58336.1875579;20.8014221;0.198546052;ZTF;ZTF(zg);ZTF
58336.2132755;20.0309639;0.147727653;ZTF;ZTF(zr);ZTF
58340.153287;19.5717945;0.108672142;ZTF;ZTF(zi);ZTF
58340.1852778;20.0091972;0.145724684;ZTF;ZTF(zr);ZTF
58343.1531134;20.2774925;0.170117944;ZTF;ZTF(zr);ZTF
58343.1726852;20.7384109;0.193996429;ZTF;ZTF(zg);ZTF
58346.1720023;20.073616;0.151657596;ZTF;ZTF(zr);ZTF
58350.2369097;20.700922;0.191289663;ZTF;ZTF(zg);ZTF
58353.2325926;20.043581;0.148889869;ZTF;ZTF(zr);ZTF
58362.1920833;20.7582035;0.19542551;ZTF;ZTF(zg);ZTF
58363.1341204;19.8562241;0.133894563;ZTF;ZTF(zi);ZTF
58365.2170023;20.6884327;0.190387845;ZTF;ZTF(zg);ZTF
58367.1373611;19.6365299;0.114076197;ZTF;ZTF(zi);ZTF
58379.1230324;19.9377632;0.141780064;ZTF;ZTF(zi);ZTF
58381.1125;19.6488838;0.11395663;ZTF;ZTF(zr);ZTF
58476.5352894;19.9009495;0.135844052;ZTF;ZTF(zr);ZTF
58481.5564236;19.8628139;0.132413998;ZTF;ZTF(zr);ZTF
58487.5491898;19.9485207;0.140164509;ZTF;ZTF(zr);ZTF
58494.5377894;20.6945667;0.190830708;ZTF;ZTF(zg);ZTF
58508.5163773;19.6884651;0.117254548;ZTF;ZTF(zr);ZTF
58518.21304047;16.381;0.313;NEOWISE;WISE(W1);NEOWISE
58518.47472022;14.471;0.322;NEOWISE;WISE(W2);NEOWISE
58518.47472022;17.108;0.513;NEOWISE;WISE(W1);NEOWISE
58518.86730361;15.727;0.336;NEOWISE;WISE(W1);NEOWISE
58518.93275539;16.307;0.355;NEOWISE;WISE(W1);NEOWISE
58519.45624597;16.651;0.375;NEOWISE;WISE(W1);NEOWISE
58522.5166435;20.5651646;0.181487441;ZTF;ZTF(zg);ZTF
58522.5480787;19.9642029;0.141597122;ZTF;ZTF(zr);ZTF
58526.5087153;19.904171;0.136135221;ZTF;ZTF(zr);ZTF
58526.5461227;20.3595161;0.170958892;ZTF;ZTF(zg);ZTF
58538.4814236;19.7363548;0.121320993;ZTF;ZTF(zr);ZTF
58538.5443866;19.4260731;0.0972668231;ZTF;ZTF(zi);ZTF
58541.4831829;19.8835144;0.134271741;ZTF;ZTF(zr);ZTF
58547.4560069;19.4394341;0.0982685536;ZTF;ZTF(zi);ZTF
58547.5190856;20.0440273;0.148931146;ZTF;ZTF(zr);ZTF
58568.4615046;19.7581615;0.124776058;ZTF;ZTF(zi);ZTF
58572.3816204;20.6560307;0.188048363;ZTF;ZTF(zg);ZTF
58572.4118981;19.4697971;0.100578099;ZTF;ZTF(zi);ZTF
58572.4568287;20.0776463;0.152028814;ZTF;ZTF(zr);ZTF
58575.4120718;20.0209274;0.146803811;ZTF;ZTF(zr);ZTF
58575.4844097;20.6551991;0.187988281;ZTF;ZTF(zg);ZTF
58580.3725347;19.9955521;0.111039311;ZTF;ZTF(zr);ZTF
58580.4785995;20.0223103;0.146931112;ZTF;ZTF(zr);ZTF
58581.390706;19.5120564;0.10386879;ZTF;ZTF(zi);ZTF
58583.3504861;19.9122677;0.136868089;ZTF;ZTF(zr);ZTF
58583.376875;20.7685757;0.196174383;ZTF;ZTF(zg);ZTF
58586.302581;19.6414108;0.114492029;ZTF;ZTF(zi);ZTF
58586.3570486;19.9114189;0.136791199;ZTF;ZTF(zr);ZTF
58593.3435185;20.0736904;0.116921887;ZTF;ZTF(zr);ZTF
58596.375162;19.566946;0.108275704;ZTF;ZTF(zi);ZTF
58597.4148727;19.9193325;0.10546574;ZTF;ZTF(zr);ZTF
58598.4080324;19.9681854;0.14196153;ZTF;ZTF(zr);ZTF
58598.4747338;19.9324112;0.138696894;ZTF;ZTF(zr);ZTF
58599.2151852;20.7900314;0.197723627;ZTF;ZTF(zg);ZTF
58599.3940856;20.0145607;0.146217853;ZTF;ZTF(zr);ZTF
58600.3867708;20.6528893;0.187821507;ZTF;ZTF(zg);ZTF
58602.2990625;19.8735218;0.102202483;ZTF;ZTF(zr);ZTF
58605.3959259;19.9606972;0.141276658;ZTF;ZTF(zr);ZTF
58606.2640625;19.7998905;0.0971032009;ZTF;ZTF(zr);ZTF
58607.2846181;19.6560764;0.115748182;ZTF;ZTF(zi);ZTF
58608.2947338;20.582489;0.182738423;ZTF;ZTF(zg);ZTF
58608.3383333;19.9178715;0.137376085;ZTF;ZTF(zr);ZTF
58612.2951042;20.639185;0.186831951;ZTF;ZTF(zg);ZTF
58612.3365162;19.8940639;0.135222346;ZTF;ZTF(zr);ZTF
58616.277338;20.7361488;0.193833113;ZTF;ZTF(zg);ZTF
58616.3181134;19.8126316;0.129789352;ZTF;ZTF(zi);ZTF
58616.3612384;19.8105888;0.127775744;ZTF;ZTF(zr);ZTF
58617.2691782;20.0359325;0.114059493;ZTF;ZTF(zr);ZTF
58618.2265278;19.8472824;0.100364178;ZTF;ZTF(zr);ZTF
58619.3151273;19.5771828;0.108136997;ZTF;ZTF(zr);ZTF
58627.435;19.5775814;0.1091469;ZTF;ZTF(zi);ZTF
58632.2733681;19.8518066;0.131430447;ZTF;ZTF(zr);ZTF
58632.3060301;20.2180576;0.128140897;ZTF;ZTF(zr);ZTF
58632.3073843;20.0566921;0.11562901;ZTF;ZTF(zr);ZTF
58632.3445139;20.7812843;0.197092056;ZTF;ZTF(zg);ZTF
58633.2889699;19.74893;0.123939648;ZTF;ZTF(zi);ZTF
58633.3518171;20.0433464;0.114618786;ZTF;ZTF(zr);ZTF
58633.3522685;20.0224762;0.113048166;ZTF;ZTF(zr);ZTF
58634.2968403;19.959362;0.108371362;ZTF;ZTF(zr);ZTF
58634.2972917;20.1618366;0.123728111;ZTF;ZTF(zr);ZTF
58635.2142014;20.7887878;0.197633862;ZTF;ZTF(zg);ZTF
58635.2907407;19.8805676;0.134006679;ZTF;ZTF(zr);ZTF
58637.28625;19.619442;0.112629794;ZTF;ZTF(zi);ZTF
58638.2700231;19.9230156;0.137842909;ZTF;ZTF(zr);ZTF
58638.3176968;20.6491508;0.187551618;ZTF;ZTF(zg);ZTF
58641.191794;20.8780556;0.20407927;ZTF;ZTF(zg);ZTF
58641.2688657;19.5274048;0.105086073;ZTF;ZTF(zi);ZTF
58644.2107755;20.7014523;0.191327929;ZTF;ZTF(zg);ZTF
58644.2538889;19.9363918;0.139059141;ZTF;ZTF(zr);ZTF
58645.2545023;19.4964218;0.102640979;ZTF;ZTF(zi);ZTF
58647.215;20.4502907;0.17509;ZTF;ZTF(zg);ZTF
58647.251875;19.7126904;0.119301356;ZTF;ZTF(zr);ZTF
58649.3322569;19.5256958;0.104949921;ZTF;ZTF(zi);ZTF
58650.2550926;19.7820702;0.125275433;ZTF;ZTF(zr);ZTF
58653.27625;20.4607277;0.175468773;ZTF;ZTF(zg);ZTF
58657.1873148;19.5565243;0.107427523;ZTF;ZTF(zi);ZTF
58657.2119097;21.0972271;0.219904065;ZTF;ZTF(zg);ZTF
58657.2562616;19.9908466;0.144038707;ZTF;ZTF(zr);ZTF
58660.2084144;20.7076569;0.191775918;ZTF;ZTF(zg);ZTF
58660.2110648;19.9776783;0.142830878;ZTF;ZTF(zr);ZTF
58661.1870718;19.6856003;0.118308544;ZTF;ZTF(zi);ZTF
58663.190162;19.8617077;0.132314995;ZTF;ZTF(zr);ZTF
58663.2131597;20.9322376;0.207991362;ZTF;ZTF(zg);ZTF
58666.2584954;20.0267563;0.147340417;ZTF;ZTF(zr);ZTF
58669.1833565;19.8070736;0.127466246;ZTF;ZTF(zr);ZTF
58669.2945718;19.5497952;0.106882684;ZTF;ZTF(zi);ZTF
58672.2138889;20.0586452;0.150278091;ZTF;ZTF(zr);ZTF
58675.2425;20.1404991;0.157806098;ZTF;ZTF(zr);ZTF
58678.1944676;20.074398;0.151729643;ZTF;ZTF(zr);ZTF
58680.36774848;15.264;0.497;NEOWISE;WISE(W2);NEOWISE
58680.36774848;16.266;0.264;NEOWISE;WISE(W1);NEOWISE
58680.76033076;16.438;0.347;NEOWISE;WISE(W1);NEOWISE
58680.9565583;14.009;0.335;NEOWISE;WISE(W2);NEOWISE
58681.0218825;16.123;0.221;NEOWISE;WISE(W1);NEOWISE
58684.1859606;19.9496727;0.140269682;ZTF;ZTF(zr);ZTF
58684.2053009;20.844532;0.201658726;ZTF;ZTF(zg);ZTF
58691.1691319;19.8599567;0.132158369;ZTF;ZTF(zr);ZTF
58691.2242361;20.5134602;0.177754283;ZTF;ZTF(zg);ZTF
58697.1708218;19.8371468;0.130125254;ZTF;ZTF(zr);ZTF
58697.2036458;20.7980633;0.19830358;ZTF;ZTF(zg);ZTF
58698.1668634;20.1217194;0.120610923;ZTF;ZTF(zr);ZTF
58700.1586806;19.6091938;0.111769147;ZTF;ZTF(zi);ZTF
58700.1763542;19.9938049;0.144310206;ZTF;ZTF(zr);ZTF
58705.1624421;19.9839516;0.143406078;ZTF;ZTF(zr);ZTF
58706.1639815;19.5495148;0.106860057;ZTF;ZTF(zi);ZTF
58710.2340856;19.8280392;0.131231099;ZTF;ZTF(zi);ZTF
58714.1512037;20.9478226;0.209116578;ZTF;ZTF(zg);ZTF
58718.1447801;19.8542328;0.131646961;ZTF;ZTF(zr);ZTF
58718.1527894;20.7995739;0.198412657;ZTF;ZTF(zg);ZTF
58719.1617477;19.3960381;0.0950473249;ZTF;ZTF(zi);ZTF
58724.1575;19.9658661;0.141749367;ZTF;ZTF(zr);ZTF
58724.1742824;20.7881737;0.197589517;ZTF;ZTF(zg);ZTF
58725.2141667;19.4750061;0.100978859;ZTF;ZTF(zi);ZTF
58728.1384375;20.7075787;0.191770196;ZTF;ZTF(zg);ZTF
58728.191412;20.0498333;0.149466068;ZTF;ZTF(zr);ZTF
58733.1437963;19.5305386;0.105335951;ZTF;ZTF(zi);ZTF
58733.2128704;19.9617348;0.141371444;ZTF;ZTF(zr);ZTF
58737.1752199;20.1558723;0.159212142;ZTF;ZTF(zr);ZTF
58749.1145139;19.8520527;0.131452367;ZTF;ZTF(zr);ZTF
58764.1004398;19.9485092;0.140163541;ZTF;ZTF(zr);ZTF
58764.1053125;20.0143166;0.146195471;ZTF;ZTF(zr);ZTF
58764.110162;19.9281731;0.138311416;ZTF;ZTF(zr);ZTF
58764.1150231;19.9723206;0.142340124;ZTF;ZTF(zr);ZTF
58765.1116088;19.9898624;0.143948302;ZTF;ZTF(zr);ZTF
58766.0989468;19.8001823;0.126860529;ZTF;ZTF(zr);ZTF
58766.1039352;19.8642769;0.132544935;ZTF;ZTF(zr);ZTF
58768.1073843;19.6753769;0.116157562;ZTF;ZTF(zr);ZTF
58770.0959144;19.6330166;0.112651259;ZTF;ZTF(zr);ZTF
58772.0921065;19.8303986;0.129526362;ZTF;ZTF(zr);ZTF
58772.1018981;19.9254379;0.138062924;ZTF;ZTF(zr);ZTF
58776.0895486;19.627243;0.112178713;ZTF;ZTF(zr);ZTF
58776.0945718;19.7527142;0.122728251;ZTF;ZTF(zr);ZTF
58776.0995949;19.7166424;0.11963737;ZTF;ZTF(zr);ZTF
58776.1046065;19.7471313;0.12224701;ZTF;ZTF(zr);ZTF
58778.0920602;19.7897453;0.12594597;ZTF;ZTF(zr);ZTF
58778.101794;19.7915077;0.126100123;ZTF;ZTF(zr);ZTF
58782.0857755;19.5765514;0.10808675;ZTF;ZTF(zr);ZTF
58782.0907986;19.9715366;0.142268285;ZTF;ZTF(zr);ZTF
58782.1008681;19.9004478;0.135798723;ZTF;ZTF(zr);ZTF
58850.5090741;19.6935863;0.117685489;ZTF;ZTF(zr);ZTF
58853.5373843;20.6674576;0.18887341;ZTF;ZTF(zg);ZTF
58856.5129282;19.7987061;0.126731023;ZTF;ZTF(zr);ZTF
58856.5666551;20.1514454;0.15880762;ZTF;ZTF(zr);ZTF
58864.5193981;20.049017;0.149390712;ZTF;ZTF(zr);ZTF
58872.4488889;20.8556099;0.20245862;ZTF;ZTF(zg);ZTF
58872.5595833;20.3041401;0.172428966;ZTF;ZTF(zr);ZTF
58875.5541667;19.734436;0.121156462;ZTF;ZTF(zr);ZTF
58878.5400116;20.6764336;0.189521432;ZTF;ZTF(zg);ZTF
58878.5595602;19.783268;0.12537995;ZTF;ZTF(zr);ZTF
58881.545706;20.0188446;0.146612048;ZTF;ZTF(zr);ZTF
58883.03593846;16.119;0.326;NEOWISE;WISE(W1);NEOWISE
58883.68994663;16.311;0.284;NEOWISE;WISE(W1);NEOWISE
58884.4663079;20.0821953;0.152177572;ZTF;ZTF(zg);ZTF
58884.5571412;19.9058075;0.136283264;ZTF;ZTF(zr);ZTF
58887.533831;19.9822826;0.143253028;ZTF;ZTF(zr);ZTF
58893.5248148;19.9908104;0.144035295;ZTF;ZTF(zr);ZTF
58898.5176389;19.9020576;0.135944143;ZTF;ZTF(zr);ZTF
58906.5192824;19.8116379;0.127868176;ZTF;ZTF(zr);ZTF
58911.520081;20.2134113;0.16443029;ZTF;ZTF(zr);ZTF
58914.5185764;20.1753674;0.160988957;ZTF;ZTF(zr);ZTF
58936.4412153;19.9969406;0.144598231;ZTF;ZTF(zr);ZTF
58943.4983102;19.9801064;0.143053442;ZTF;ZTF(zr);ZTF
58953.4619676;19.676693;0.117531687;ZTF;ZTF(zi);ZTF
58954.4612731;19.9283333;0.138326064;ZTF;ZTF(zr);ZTF
58956.3381019;20.02561;0.147234857;ZTF;ZTF(zr);ZTF
58956.3502315;20.2132339;0.164414406;ZTF;ZTF(zr);ZTF
58961.4008912;19.8742752;0.133441389;ZTF;ZTF(zr);ZTF
58961.401794;19.8302193;0.129510522;ZTF;ZTF(zr);ZTF
58961.4601968;19.8038254;0.128969952;ZTF;ZTF(zi);ZTF
58962.3067245;20.0289764;0.147544786;ZTF;ZTF(zr);ZTF
58962.3153819;20.2152939;0.164599612;ZTF;ZTF(zr);ZTF
58962.3307639;19.9024677;0.135981217;ZTF;ZTF(zr);ZTF
58962.3772569;19.8409462;0.132446662;ZTF;ZTF(zi);ZTF
58962.3970949;19.7674236;0.125619158;ZTF;ZTF(zi);ZTF
58963.3050116;20.7321358;0.193543315;ZTF;ZTF(zg);ZTF
58963.3272222;20.6797962;0.189764261;ZTF;ZTF(zg);ZTF
58963.3360301;20.8145714;0.199495435;ZTF;ZTF(zg);ZTF
58963.3721181;20.687994;0.190356135;ZTF;ZTF(zg);ZTF
58963.3730208;20.5884171;0.183166385;ZTF;ZTF(zg);ZTF
58963.378287;20.7180347;0.192525268;ZTF;ZTF(zg);ZTF
58963.4243403;20.666378;0.188795447;ZTF;ZTF(zg);ZTF
58963.4252431;20.8508797;0.202117085;ZTF;ZTF(zg);ZTF
58964.3079977;19.6969185;0.119301066;ZTF;ZTF(zi);ZTF
58964.3265741;19.5396023;0.106061734;ZTF;ZTF(zi);ZTF
58964.3589352;20.7037468;0.19149363;ZTF;ZTF(zg);ZTF
58964.4045139;19.9377384;0.139181674;ZTF;ZTF(zr);ZTF
58964.4054167;19.8760109;0.13359724;ZTF;ZTF(zr);ZTF
58965.3488079;19.8082371;0.127568632;ZTF;ZTF(zr);ZTF
58965.3497106;19.9264069;0.138150975;ZTF;ZTF(zr);ZTF
58965.3584954;19.6986599;0.119454324;ZTF;ZTF(zi);ZTF
58965.3879282;19.5969009;0.110743582;ZTF;ZTF(zi);ZTF
58965.4009028;20.7222824;0.192831874;ZTF;ZTF(zg);ZTF
58965.4018056;20.8100872;0.199171662;ZTF;ZTF(zg);ZTF
58965.4175926;20.9941254;0.212459803;ZTF;ZTF(zg);ZTF
58966.3571181;19.8103714;0.127756521;ZTF;ZTF(zr);ZTF
58966.3795486;20.0185318;0.146583319;ZTF;ZTF(zr);ZTF
58966.4164236;20.6948261;0.190849423;ZTF;ZTF(zg);ZTF
58966.4347338;20.4947853;0.176546425;ZTF;ZTF(zg);ZTF
58966.436088;20.7953091;0.19810462;ZTF;ZTF(zg);ZTF
58966.4374769;20.812994;0.182893872;ZTF;ZTF(zg);ZTF
58967.2937963;19.695816;0.119204089;ZTF;ZTF(zi);ZTF
58967.3135301;19.7498817;0.124025747;ZTF;ZTF(zi);ZTF
58967.3519907;20.1677322;0.160293877;ZTF;ZTF(zr);ZTF
58967.3601389;20.0476074;0.149260864;ZTF;ZTF(zr);ZTF
58967.3611111;20.0849724;0.152703702;ZTF;ZTF(zr);ZTF
58968.3145255;19.6500702;0.115232483;ZTF;ZTF(zi);ZTF
58968.3339468;19.7712994;0.125973091;ZTF;ZTF(zi);ZTF
58968.3791204;20.0298805;0.147628009;ZTF;ZTF(zr);ZTF
58968.3800579;20.0501022;0.149490893;ZTF;ZTF(zr);ZTF
58968.4103704;19.9641571;0.141592979;ZTF;ZTF(zr);ZTF
58969.251956;19.6359806;0.114029557;ZTF;ZTF(zi);ZTF
58969.2717245;19.6325073;0.113734461;ZTF;ZTF(zi);ZTF
58970.2758796;20.7797127;0.196978569;ZTF;ZTF(zg);ZTF
58970.2964468;20.9879684;0.212015271;ZTF;ZTF(zg);ZTF
58970.3121875;20.6061306;0.184445381;ZTF;ZTF(zg);ZTF
58970.3158102;19.6285191;0.113396324;ZTF;ZTF(zi);ZTF
58970.34625;19.5102234;0.103724271;ZTF;ZTF(zi);ZTF
58970.3588889;20.0225582;0.146953925;ZTF;ZTF(zr);ZTF
58970.3946065;20.1058388;0.154624343;ZTF;ZTF(zr);ZTF
58970.3975116;20.0863132;0.152827337;ZTF;ZTF(zr);ZTF
58971.3146296;19.4559441;0.099518694;ZTF;ZTF(zi);ZTF
58971.34625;19.7369137;0.122856781;ZTF;ZTF(zi);ZTF
58971.3586806;19.9556217;0.140812799;ZTF;ZTF(zr);ZTF
58971.3596991;20.0143394;0.146197692;ZTF;ZTF(zr);ZTF
58971.3803935;20.0256615;0.147239432;ZTF;ZTF(zr);ZTF
58972.2749537;20.4648151;0.175611168;ZTF;ZTF(zg);ZTF
58972.3135301;19.8948212;0.137594983;ZTF;ZTF(zi);ZTF
58972.3344444;19.7204475;0.121383868;ZTF;ZTF(zi);ZTF
58972.3586574;20.0767441;0.1519458;ZTF;ZTF(zr);ZTF
58972.4025579;20.013382;0.146109521;ZTF;ZTF(zr);ZTF
58972.4034954;19.9875011;0.143731609;ZTF;ZTF(zr);ZTF
58973.2318634;20.0036888;0.145954609;ZTF;ZTF(zg);ZTF
58973.3107639;19.9215088;0.105622463;ZTF;ZTF(zr);ZTF
58973.3112269;20.0234146;0.147032693;ZTF;ZTF(zr);ZTF
58973.3323032;20.0419788;0.148742229;ZTF;ZTF(zr);ZTF
58973.336169;20.0620613;0.150592923;ZTF;ZTF(zr);ZTF
58973.3891667;19.4794331;0.101320609;ZTF;ZTF(zi);ZTF
58973.4084491;19.5915966;0.110303432;ZTF;ZTF(zi);ZTF
58974.2806713;19.8078747;0.127536729;ZTF;ZTF(zr);ZTF
58974.2816088;20.1996441;0.12669082;ZTF;ZTF(zr);ZTF
58974.3370486;19.7317848;0.120929435;ZTF;ZTF(zr);ZTF
58974.39;19.5812397;0.109447844;ZTF;ZTF(zi);ZTF
58974.4195486;19.5139809;0.104020834;ZTF;ZTF(zi);ZTF
58975.3145255;19.9028301;0.138370186;ZTF;ZTF(zi);ZTF
58975.3811227;19.797142;0.126593828;ZTF;ZTF(zr);ZTF
58975.3820602;19.7405853;0.121683955;ZTF;ZTF(zr);ZTF
58975.3982523;19.8650513;0.132614315;ZTF;ZTF(zr);ZTF
58976.2956019;20.1252403;0.156407118;ZTF;ZTF(zr);ZTF
58976.376956;19.3869095;0.0943816677;ZTF;ZTF(zi);ZTF
58976.3966667;20.104248;0.158574075;ZTF;ZTF(zi);ZTF
58978.2721875;19.8535042;0.131581932;ZTF;ZTF(zr);ZTF
58978.284537;20.0053902;0.145374626;ZTF;ZTF(zr);ZTF
58978.3143866;19.7127438;0.120699003;ZTF;ZTF(zi);ZTF
58979.2674769;20.747961;0.194685936;ZTF;ZTF(zg);ZTF
58979.2994907;19.9253273;0.138052851;ZTF;ZTF(zr);ZTF
58979.316169;19.9592762;0.141146749;ZTF;ZTF(zr);ZTF
58979.3171875;19.9876022;0.143740907;ZTF;ZTF(zr);ZTF
58979.3766204;19.5788383;0.10925018;ZTF;ZTF(zi);ZTF
58980.2754861;20.1369171;0.157477841;ZTF;ZTF(zr);ZTF
58980.3099421;20.1372986;0.157512799;ZTF;ZTF(zr);ZTF
58980.3353009;19.5498543;0.106887497;ZTF;ZTF(zi);ZTF
58980.3558796;19.5400944;0.10610117;ZTF;ZTF(zi);ZTF
58980.4023958;20.7849674;0.197358012;ZTF;ZTF(zg);ZTF
58981.2695486;20.0302124;0.147658497;ZTF;ZTF(zr);ZTF
58981.2725116;19.9062519;0.136323497;ZTF;ZTF(zr);ZTF
58981.2889815;20.0246964;0.14715077;ZTF;ZTF(zr);ZTF
58981.3355787;19.6636353;0.116399713;ZTF;ZTF(zi);ZTF
58981.356169;19.4798374;0.10135185;ZTF;ZTF(zi);ZTF
58984.4053588;20.0689049;0.151223481;ZTF;ZTF(zr);ZTF
58985.2712963;19.9205475;0.137618899;ZTF;ZTF(zr);ZTF
58985.2747454;19.9080467;0.136485845;ZTF;ZTF(zr);ZTF
58985.2875926;20.1216431;0.156076834;ZTF;ZTF(zr);ZTF
58985.3148843;19.6369667;0.114113443;ZTF;ZTF(zi);ZTF
58985.3354282;19.6124039;0.112038195;ZTF;ZTF(zi);ZTF
58986.2201273;21.0354691;0.215445042;ZTF;ZTF(zg);ZTF
58986.3144676;19.6241493;0.113026857;ZTF;ZTF(zi);ZTF
58986.3346412;19.5862503;0.109861083;ZTF;ZTF(zi);ZTF
58986.4483912;20.7623291;0.195723414;ZTF;ZTF(zg);ZTF
58987.2519444;19.6609135;0.116164804;ZTF;ZTF(zi);ZTF
58987.2717824;19.5781441;0.109193131;ZTF;ZTF(zi);ZTF
58987.3165046;20.0952797;0.153652698;ZTF;ZTF(zr);ZTF
58991.201088;20.9684696;0.210607409;ZTF;ZTF(zg);ZTF
58991.2321181;20.0234604;0.14703685;ZTF;ZTF(zr);ZTF
58991.2508912;20.1524162;0.158896297;ZTF;ZTF(zr);ZTF
58991.2686343;20.0732727;0.151625961;ZTF;ZTF(zr);ZTF
58991.3534838;19.6808701;0.117895529;ZTF;ZTF(zi);ZTF
58992.2699074;20.2460651;0.167348713;ZTF;ZTF(zr);ZTF
58992.2703704;20.0098343;0.145783231;ZTF;ZTF(zr);ZTF
58992.285162;20.0835152;0.152569532;ZTF;ZTF(zr);ZTF
58992.3680324;19.7188148;0.121238448;ZTF;ZTF(zi);ZTF
58992.3760417;19.6131001;0.112096608;ZTF;ZTF(zi);ZTF
58993.2976736;20.0358276;0.148175582;ZTF;ZTF(zr);ZTF
58994.3127431;20.0989895;0.153994158;ZTF;ZTF(zr);ZTF
58994.3557176;19.4654388;0.100243777;ZTF;ZTF(zi);ZTF
58994.447963;20.8517494;0.20217979;ZTF;ZTF(zg);ZTF
58995.1984144;20.6101952;0.184738874;ZTF;ZTF(zg);ZTF
58995.257419;19.9826241;0.143284291;ZTF;ZTF(zr);ZTF
58995.2902894;19.9631214;0.141498238;ZTF;ZTF(zr);ZTF
58995.3570139;19.6168022;0.112407662;ZTF;ZTF(zi);ZTF
58995.3759375;19.4936943;0.102428019;ZTF;ZTF(zi);ZTF
58996.218912;20.7196388;0.19264102;ZTF;ZTF(zg);ZTF
58996.2722454;19.9463596;0.139967337;ZTF;ZTF(zr);ZTF
58996.2937731;20.072855;0.151587516;ZTF;ZTF(zr);ZTF
58996.3723032;19.5032825;0.103178255;ZTF;ZTF(zi);ZTF
58996.4478472;20.8018723;0.198578596;ZTF;ZTF(zg);ZTF
58997.2009722;20.828495;0.200500846;ZTF;ZTF(zg);ZTF
58997.2277778;20.4821548;0.176176071;ZTF;ZTF(zg);ZTF
58997.2924884;19.8440247;0.130736947;ZTF;ZTF(zr);ZTF
58997.2934144;20.0580063;0.150219202;ZTF;ZTF(zr);ZTF
58997.3312616;19.5323982;0.105484515;ZTF;ZTF(zi);ZTF
58997.3339699;19.5710106;0.108608007;ZTF;ZTF(zi);ZTF
58998.2224769;20.5090504;0.177435875;ZTF;ZTF(zg);ZTF
58998.2597569;19.8886089;0.103269726;ZTF;ZTF(zr);ZTF
58998.2602199;19.8561172;0.131815284;ZTF;ZTF(zr);ZTF
58998.2893403;19.7830849;0.125364035;ZTF;ZTF(zr);ZTF
58998.2995486;19.9423904;0.139605522;ZTF;ZTF(zr);ZTF
58998.3781366;19.4745522;0.100943945;ZTF;ZTF(zi);ZTF
58998.3974769;19.3924408;0.0947845578;ZTF;ZTF(zi);ZTF
58999.2;20.4637356;0.1755739;ZTF;ZTF(zg);ZTF
58999.2920602;19.9817619;0.110018209;ZTF;ZTF(zr);ZTF
58999.2971181;19.6260204;0.112078793;ZTF;ZTF(zr);ZTF
58999.3579051;19.3854198;0.0942733809;ZTF;ZTF(zi);ZTF
58999.377581;19.4353218;0.0979593545;ZTF;ZTF(zi);ZTF
59001.1981134;20.0304375;0.148097962;ZTF;ZTF(zg);ZTF
59001.2332986;19.6952305;0.11782404;ZTF;ZTF(zr);ZTF
59001.260706;19.7654438;0.123829357;ZTF;ZTF(zr);ZTF
59001.3178704;19.4901199;0.102149554;ZTF;ZTF(zi);ZTF
59009.2519676;19.1679802;0.0826841816;ZTF;ZTF(zg);ZTF
59009.25196760008;19.191417620815734;0.10139444229551729;ZTF;ZTF(zg);ZTF
59009.2663889;19.1318188;0.0626821965;ZTF;ZTF(zg);ZTF
59012.25444439985;18.95797347080006;0.06228886489172365;ZTF;ZTF(zr);ZTF
59012.2544444;18.9344826;0.0658514798;ZTF;ZTF(zr);ZTF
59012.29708330007;18.975915135869023;0.0844744530562579;ZTF;ZTF(zg);ZTF
59016.202094899956;18.80478869350644;0.07385146313182467;ZTF;ZTF(zg);ZTF
59016.2340509;18.8032074;0.0593723431;ZTF;ZTF(zr);ZTF
59016.23405090021;18.792514078885723;0.07165850783977948;ZTF;ZTF(zr);ZTF
59017.18841439998;18.808588374655713;0.0679943122423436;ZTF;ZTF(zr);ZTF
59017.1884144;18.8187561;0.060104467;ZTF;ZTF(zr);ZTF
59019.2327315;18.7822971;0.0584023185;ZTF;ZTF(zr);ZTF
59019.232731500175;18.748730243458493;0.07187308135590598;ZTF;ZTF(zr);ZTF
59019.29186340002;18.784997673305885;0.07394237101494727;ZTF;ZTF(zg);ZTF
59022.203645799775;18.77397431486657;0.08203665137041484;ZTF;ZTF(zg);ZTF
59022.23265049979;18.734005958629364;0.07378913206498465;ZTF;ZTF(zr);ZTF
59022.2326505;18.6892529;0.0542845428;ZTF;ZTF(zr);ZTF
59024.250081;18.6283436;0.0414596871;ZTF;ZTF(zr);ZTF
59025.19181710016;18.605910459566623;0.07415826077377151;ZTF;ZTF(zr);ZTF
59025.23228010023;18.771172499310477;0.08817790458739;ZTF;ZTF(zg);ZTF
59028.2001852;18.7112503;0.05824738;ZTF;ZTF(zg);ZTF
59028.2001852002;18.70445849864067;0.07456530557133412;ZTF;ZTF(zg);ZTF
59028.2140509;18.7093906;0.0551487543;ZTF;ZTF(zr);ZTF
59028.21405090019;18.71203184057611;0.07572815005603796;ZTF;ZTF(zr);ZTF
59031.18981479993;18.66710602281178;0.10584824037809018;ZTF;ZTF(zg);ZTF
59031.1898148;18.6481419;0.0554954186;ZTF;ZTF(zg);ZTF
59031.2322685;18.6746674;0.0536677726;ZTF;ZTF(zr);ZTF
59031.23226850014;18.667766284528547;0.0892851589916624;ZTF;ZTF(zr);ZTF
59034.1959954;18.8305435;0.0638484657;ZTF;ZTF(zg);ZTF
59034.195995400194;18.835011396110307;0.09896351182693455;ZTF;ZTF(zg);ZTF
59034.3328819;18.7845097;0.0585041791;ZTF;ZTF(zr);ZTF
59034.332881900016;18.729238192142084;0.1022053267194619;ZTF;ZTF(zr);ZTF
59035.2239583;18.8264484;0.0636473447;ZTF;ZTF(zg);ZTF
59037.1903241;18.7916393;0.0588336512;ZTF;ZTF(zr);ZTF
59037.1903241002;18.79469239531002;0.07307619609025225;ZTF;ZTF(zr);ZTF
59040.198044;18.8122044;0.059794832;ZTF;ZTF(zr);ZTF
59040.19804400019;18.854567302942144;0.060457805880696075;ZTF;ZTF(zr);ZTF
59040.23221059982;19.041773855320493;0.08514806081911593;ZTF;ZTF(zg);ZTF
59043.212233799975;19.155228108273832;0.07975001411406099;ZTF;ZTF(zg);ZTF
59044.41941288;15.991;0.206;NEOWISE;WISE(W1);NEOWISE
59044.74628877;15.986;0.207;NEOWISE;WISE(W1);NEOWISE
59044.94251619;16.01;0.203;NEOWISE;WISE(W1);NEOWISE
59045.00784043;16.116;0.33;NEOWISE;WISE(W1);NEOWISE
59045.00796779;14.485;0.422;NEOWISE;WISE(W2);NEOWISE
59045.66184735;16.423;0.29;NEOWISE;WISE(W1);NEOWISE
59045.66184735;15.229;0.537;NEOWISE;WISE(W2);NEOWISE
59046.1918866;18.9821815;0.0683772415;ZTF;ZTF(zr);ZTF
59046.19188660011;18.960543444447623;0.07716704498526032;ZTF;ZTF(zr);ZTF
59046.229282400105;19.225239112177718;0.10708347095702687;ZTF;ZTF(zg);ZTF
59049.183935199864;19.015401979543192;0.07115887222755159;ZTF;ZTF(zr);ZTF
59049.1839352;19.0469742;0.0719595104;ZTF;ZTF(zr);ZTF
59049.19216440013;19.268954907800723;0.1054926807531207;ZTF;ZTF(zg);ZTF
59052.291794;19.3502846;0.0947479308;ZTF;ZTF(zg);ZTF
59052.29179400019;19.309388349179944;0.08874045281911182;ZTF;ZTF(zg);ZTF
59057.17528939992;19.108070008625702;0.0902507212989437;ZTF;ZTF(zr);ZTF
59057.1752894;19.1663742;0.0790297017;ZTF;ZTF(zr);ZTF
59057.2465741;19.3023987;0.0914533064;ZTF;ZTF(zg);ZTF
59057.24657410011;19.295638144572436;0.10364348558901207;ZTF;ZTF(zg);ZTF
59062.207071799785;19.25761881836386;0.1430863488309028;ZTF;ZTF(zg);ZTF
59062.2070718;19.2268295;0.0864352435;ZTF;ZTF(zg);ZTF
59062.22688659979;19.097011359876397;0.11572253223499387;ZTF;ZTF(zr);ZTF
59062.2268866;19.1864853;0.0802815482;ZTF;ZTF(zr);ZTF
59063.1812847;19.1866665;0.0802929103;ZTF;ZTF(zr);ZTF
59063.181284700055;19.135733006863603;0.09851912503519926;ZTF;ZTF(zr);ZTF
59063.237499999814;19.141334651114132;0.17195556934852077;ZTF;ZTF(zg);ZTF
59063.2375;19.2419548;0.087421611;ZTF;ZTF(zg);ZTF
59064.2786574;19.1606636;0.0786775127;ZTF;ZTF(zr);ZTF
59065.18440969987;18.96666353601411;0.10646826797647276;ZTF;ZTF(zr);ZTF
59065.1844097;18.9929562;0.0689608231;ZTF;ZTF(zr);ZTF
59065.2265625;19.2702084;0.0892883465;ZTF;ZTF(zg);ZTF
59065.2265625;19.283083962869018;0.2005861632858712;ZTF;ZTF(zg);ZTF
59066.1846181;19.3426056;0.0942137614;ZTF;ZTF(zg);ZTF
59066.18461810006;19.33780992861654;0.11334024331627707;ZTF;ZTF(zg);ZTF
59066.226458299905;19.08524051941788;0.09940928256948603;ZTF;ZTF(zr);ZTF
59066.2264583;19.0772686;0.0736952871;ZTF;ZTF(zr);ZTF
59067.1552546;19.0949364;0.0747257322;ZTF;ZTF(zr);ZTF
59067.2118171;19.3381405;0.0939041078;ZTF;ZTF(zg);ZTF
59067.2355093;18.8473473;0.0620051697;ZTF;ZTF(zi);ZTF
59067.2520833;19.033783;0.0717079788;ZTF;ZTF(zi);ZTF
59068.1877431;19.4828033;0.104307964;ZTF;ZTF(zg);ZTF
59068.2683218;19.1528416;0.0781973377;ZTF;ZTF(zr);ZTF
59068.2760648;19.0089912;0.0703322738;ZTF;ZTF(zi);ZTF
59068.2949421;18.9132748;0.0652696341;ZTF;ZTF(zi);ZTF
59069.18265049998;19.49439992344899;0.10862497398009166;ZTF;ZTF(zg);ZTF
59069.1826505;19.5627117;0.110362098;ZTF;ZTF(zg);ZTF
59069.2019675998;19.174988162495737;0.08972620206241158;ZTF;ZTF(zr);ZTF
59069.2019676;19.2292957;0.0830055177;ZTF;ZTF(zr);ZTF
59069.2029051;19.1449203;0.0777138248;ZTF;ZTF(zr);ZTF
59069.2662963;18.964613;0.0679364726;ZTF;ZTF(zi);ZTF
59069.2847338;18.9687805;0.0681578591;ZTF;ZTF(zi);ZTF
59069.2966667;19.3676872;0.0959669277;ZTF;ZTF(zg);ZTF
59071.1736343;19.2306786;0.0830948353;ZTF;ZTF(zr);ZTF
59071.2729514;18.9841042;0.06897825;ZTF;ZTF(zi);ZTF
59071.2923727;19.0090714;0.0703366622;ZTF;ZTF(zi);ZTF
59072.1787037;19.1960926;0.0808858052;ZTF;ZTF(zr);ZTF
59072.2433333;19.5990753;0.113181204;ZTF;ZTF(zg);ZTF
59072.2628704;19.0421219;0.0721767768;ZTF;ZTF(zi);ZTF
59072.2839815;19.0007668;0.0698818564;ZTF;ZTF(zi);ZTF
59073.1636227;18.9636631;0.0678860992;ZTF;ZTF(zi);ZTF
59073.1845255;19.2746429;0.0859792456;ZTF;ZTF(zr);ZTF
59073.2135069;19.6061478;0.113733798;ZTF;ZTF(zg);ZTF
59073.236412;19.5493584;0.109336592;ZTF;ZTF(zg);ZTF
59073.2569792;19.0173779;0.0707946271;ZTF;ZTF(zi);ZTF
59074.1764931;19.2939835;0.0872753039;ZTF;ZTF(zr);ZTF
59074.1966319;19.5989056;0.113168001;ZTF;ZTF(zg);ZTF
59074.2804977;19.2641907;0.0852857307;ZTF;ZTF(zr);ZTF
59075.2081597;19.6166077;0.114553466;ZTF;ZTF(zg);ZTF
59075.2206134;19.1907692;0.0805504397;ZTF;ZTF(zr);ZTF
59075.2642245;19.0249519;0.0712148622;ZTF;ZTF(zi);ZTF
59076.1765162;19.6693573;0.118729122;ZTF;ZTF(zg);ZTF
59076.1942824;19.275629;0.086044915;ZTF;ZTF(zr);ZTF
59076.2123611;18.9699173;0.068218343;ZTF;ZTF(zi);ZTF
59077.1877431;18.9679585;0.0681141019;ZTF;ZTF(zi);ZTF
59077.1900231;19.0019875;0.0699485168;ZTF;ZTF(zi);ZTF
59077.2264468;19.6699047;0.118772775;ZTF;ZTF(zg);ZTF
59077.2444329;19.6096268;0.114006087;ZTF;ZTF(zg);ZTF
59078.1814931;19.4801731;0.100599281;ZTF;ZTF(zr);ZTF
59078.1953356;19.8902454;0.136711061;ZTF;ZTF(zg);ZTF
59078.2226042;19.8282814;0.131623372;ZTF;ZTF(zg);ZTF
59078.2479861;19.0604076;0.0732155815;ZTF;ZTF(zi);ZTF
59078.2617014;19.1077328;0.0759737715;ZTF;ZTF(zi);ZTF
59079.163831;19.7894592;0.12844348;ZTF;ZTF(zg);ZTF
59079.1833333;19.7479954;0.125063807;ZTF;ZTF(zg);ZTF
59079.2073032;19.4410515;0.0976731777;ZTF;ZTF(zr);ZTF
59079.2370949;19.1051388;0.0758199617;ZTF;ZTF(zi);ZTF
59079.2594329;19.0023117;0.0699662417;ZTF;ZTF(zi);ZTF
59080.1849537;19.4192677;0.0960728452;ZTF;ZTF(zr);ZTF
59080.1936458;19.9513874;0.14171575;ZTF;ZTF(zg);ZTF
59080.2386343;19.1138115;0.0763353929;ZTF;ZTF(zi);ZTF
59081.1661343;19.0788765;0.0742799863;ZTF;ZTF(zi);ZTF
59081.1720255;19.5056915;0.102543473;ZTF;ZTF(zr);ZTF
59081.2248264;19.5184517;0.106983781;ZTF;ZTF(zg);ZTF
59081.2498611;20.0015965;0.145786285;ZTF;ZTF(zg);ZTF
59081.2564583;19.1484623;0.0784293115;ZTF;ZTF(zi);ZTF
59084.1648032;19.7754822;0.127301902;ZTF;ZTF(zg);ZTF
59084.1947801;19.3517666;0.0912464559;ZTF;ZTF(zr);ZTF
59084.2274884;19.0976448;0.07537736;ZTF;ZTF(zi);ZTF
59084.2433796;19.1796494;0.0803613663;ZTF;ZTF(zi);ZTF
59085.14;19.1100388;0.07611081;ZTF;ZTF(zi);ZTF
59085.1639931;19.0937729;0.0751496628;ZTF;ZTF(zi);ZTF
59085.1751852;19.093132;0.074619852;ZTF;ZTF(zr);ZTF
59085.2489815;19.8014259;0.129422367;ZTF;ZTF(zg);ZTF
59085.2613542;19.8612823;0.134332687;ZTF;ZTF(zg);ZTF
59086.1603588;19.4668827;0.0995977744;ZTF;ZTF(zr);ZTF
59086.1932176;19.8390083;0.132503748;ZTF;ZTF(zg);ZTF
59086.2111227;19.1678543;0.0796253234;ZTF;ZTF(zi);ZTF
59086.2303241;19.1747074;0.0800522268;ZTF;ZTF(zi);ZTF
59087.1648264;19.4261703;0.0965776891;ZTF;ZTF(zr);ZTF
59087.1843981;19.7995892;0.129271984;ZTF;ZTF(zg);ZTF
59087.1905208;19.0502243;0.0726352558;ZTF;ZTF(zi);ZTF
59087.2098032;19.095787;0.075267978;ZTF;ZTF(zi);ZTF
59089.1348958;19.5972958;0.109748766;ZTF;ZTF(zr);ZTF
59089.1515509;19.0753212;0.0740738511;ZTF;ZTF(zi);ZTF
59089.1695602;19.1623535;0.0792842358;ZTF;ZTF(zi);ZTF
59091.1342593;19.2397594;0.0842143893;ZTF;ZTF(zi);ZTF
59091.151412;19.2978401;0.088101469;ZTF;ZTF(zi);ZTF
59091.2031944;19.4434013;0.097847037;ZTF;ZTF(zr);ZTF
59091.2156019;19.891861;0.136843711;ZTF;ZTF(zg);ZTF
59093.1341782;19.5525284;0.106183976;ZTF;ZTF(zr);ZTF
59093.1518519;19.727417;0.123395428;ZTF;ZTF(zg);ZTF
59093.1537269;19.8669987;0.134802282;ZTF;ZTF(zg);ZTF
59093.2072685;19.3017807;0.0878024399;ZTF;ZTF(zr);ZTF
59093.2479745;19.2158833;0.0826634169;ZTF;ZTF(zi);ZTF
59094.1624306;19.4847851;0.100948609;ZTF;ZTF(zr);ZTF
59095.1430208;19.5038147;0.102399565;ZTF;ZTF(zr);ZTF
59095.1848611;19.7090626;0.121913239;ZTF;ZTF(zg);ZTF
59130.0971875;19.6082935;0.110637024;ZTF;ZTF(zr);ZTF
59130.1019444;19.7317867;0.120929614;ZTF;ZTF(zr);ZTF
59130.106713;19.6528835;0.114287183;ZTF;ZTF(zr);ZTF
59130.1114815;19.5262356;0.104128927;ZTF;ZTF(zr);ZTF
59130.1162269;19.7212429;0.120029047;ZTF;ZTF(zr);ZTF
59136.0925116;19.4339447;0.0971488357;ZTF;ZTF(zr);ZTF
59136.0971991;19.6951027;0.117813274;ZTF;ZTF(zr);ZTF
59136.101875;19.6364555;0.112933345;ZTF;ZTF(zr);ZTF
59136.1112269;19.6415119;0.113348983;ZTF;ZTF(zr);ZTF
59138.0899537;19.7065086;0.118777126;ZTF;ZTF(zr);ZTF
59138.0946644;19.630003;0.112404436;ZTF;ZTF(zr);ZTF
59138.1040856;19.4968662;0.101867944;ZTF;ZTF(zr);ZTF
59138.1088079;19.4567089;0.0988363475;ZTF;ZTF(zr);ZTF
59140.0888079;19.6064529;0.110488042;ZTF;ZTF(zr);ZTF
59140.0935648;19.8814545;0.13408643;ZTF;ZTF(zr);ZTF
59140.0982986;19.8903465;0.13488704;ZTF;ZTF(zr);ZTF
59140.103044;19.8179092;0.128421307;ZTF;ZTF(zr);ZTF
59140.1077894;19.7678108;0.124034762;ZTF;ZTF(zr);ZTF
59142.0885301;19.3982029;0.0945450515;ZTF;ZTF(zr);ZTF
59142.0932292;19.6786308;0.116429649;ZTF;ZTF(zr);ZTF
59142.0979282;19.6800041;0.116544612;ZTF;ZTF(zr);ZTF
59142.1026273;19.7864609;0.125658855;ZTF;ZTF(zr);ZTF
59144.0858102;19.6209793;0.111667588;ZTF;ZTF(zr);ZTF
59144.0952431;19.4620571;0.0992360413;ZTF;ZTF(zr);ZTF
59146.0980208;19.8112164;0.127830982;ZTF;ZTF(zr);ZTF
59204.5334491;19.4422283;0.0984791815;ZTF;ZTF(zi);ZTF
59217.4923727;19.6612167;0.114977844;ZTF;ZTF(zr);ZTF
59217.5476389;20.1041088;0.1538717;ZTF;ZTF(zg);ZTF
59218.5560648;19.6167145;0.112400249;ZTF;ZTF(zi);ZTF
59221.5054745;20.5270119;0.178732753;ZTF;ZTF(zg);ZTF
59224.5182523;19.9113102;0.136781365;ZTF;ZTF(zr);ZTF
59224.5555671;20.2394714;0.163685232;ZTF;ZTF(zg);ZTF
59227.4967708;20.3307743;0.169379577;ZTF;ZTF(zg);ZTF
59227.541169;19.4449692;0.0986862257;ZTF;ZTF(zi);ZTF
59227.5553819;19.9402313;0.139408797;ZTF;ZTF(zr);ZTF
59230.50625;19.677681;0.117617585;ZTF;ZTF(zi);ZTF
59230.5372454;19.8698177;0.133041367;ZTF;ZTF(zr);ZTF
59232.5196759;20.0381279;0.148387522;ZTF;ZTF(zr);ZTF
59232.5401157;20.4842186;0.176238954;ZTF;ZTF(zg);ZTF
59246.68747012;16.437;0.314;NEOWISE;WISE(W1);NEOWISE
59246.68759748;16.336;0.501;NEOWISE;WISE(W1);NEOWISE
59247.14512314;16.353;0.306;NEOWISE;WISE(W1);NEOWISE
59247.14525046;16.231;0.27;NEOWISE;WISE(W1);NEOWISE
59249.4794444;19.4631081;0.100065388;ZTF;ZTF(zi);ZTF
59249.4993171;19.6537209;0.114356436;ZTF;ZTF(zr);ZTF
59250.67607997;15.611;0.186;NEOWISE;WISE(W1);NEOWISE
59251.5395718;20.4471588;0.174972057;ZTF;ZTF(zg);ZTF
59252.4140856;19.7399349;0.123128489;ZTF;ZTF(zi);ZTF
59253.5089931;19.9827766;0.143298283;ZTF;ZTF(zr);ZTF
59255.429294;19.9154415;0.137155682;ZTF;ZTF(zr);ZTF
59255.5140162;19.620491;0.112718195;ZTF;ZTF(zi);ZTF
59263.4843171;19.7351551;0.121218085;ZTF;ZTF(zr);ZTF
59264.3920486;19.5030785;0.103162259;ZTF;ZTF(zi);ZTF
59265.4263657;20.3672504;0.171363711;ZTF;ZTF(zg);ZTF
59267.3443866;18.9836864;0.0689557642;ZTF;ZTF(zi);ZTF
59267.426794;20.05373;0.149825051;ZTF;ZTF(zr);ZTF
59269.3900116;19.9791908;0.142969534;ZTF;ZTF(zr);ZTF
59270.4764236;19.3428764;0.0912282392;ZTF;ZTF(zi);ZTF
59273.5077778;19.2777634;0.0867393911;ZTF;ZTF(zi);ZTF
59275.4266898;19.7367344;0.121353507;ZTF;ZTF(zr);ZTF
59276.4631944;19.7036724;0.119896285;ZTF;ZTF(zi);ZTF
59278.4752315;19.9166622;0.137266368;ZTF;ZTF(zr);ZTF
59278.5098148;20.7082462;0.191818476;ZTF;ZTF(zg);ZTF
59290.3901736;19.9545174;0.140711963;ZTF;ZTF(zr);ZTF
59292.389294;19.8872395;0.134607136;ZTF;ZTF(zr);ZTF
59292.4101042;19.7358627;0.122762464;ZTF;ZTF(zi);ZTF
59295.372419;19.568161;0.108374909;ZTF;ZTF(zi);ZTF
59295.4060301;19.9517441;0.140458658;ZTF;ZTF(zr);ZTF
59297.4079167;19.8960915;0.135405242;ZTF;ZTF(zr);ZTF
59300.39;19.95467;0.141983315;ZTF;ZTF(zg);ZTF
59300.4235069;19.5045853;0.102458604;ZTF;ZTF(zr);ZTF
59302.4107639;19.7854481;0.125570327;ZTF;ZTF(zr);ZTF
59302.4117014;20.1148796;0.1554555;ZTF;ZTF(zr);ZTF
59303.4262731;19.8919201;0.135028914;ZTF;ZTF(zr);ZTF
59303.48375;19.3594627;0.0924048722;ZTF;ZTF(zi);ZTF
59305.3498264;20.0783463;0.15209341;ZTF;ZTF(zr);ZTF
59305.3507639;19.9341698;0.138856888;ZTF;ZTF(zr);ZTF
59306.3391667;20.718874;0.192585826;ZTF;ZTF(zg);ZTF
59306.4619329;19.7511768;0.122595578;ZTF;ZTF(zr);ZTF
59307.3624537;20.0456161;0.149077445;ZTF;ZTF(zr);ZTF
59307.3840625;20.7956638;0.19813025;ZTF;ZTF(zg);ZTF
59307.3859375;20.5883141;0.183158994;ZTF;ZTF(zg);ZTF
59309.3836227;19.8267021;0.129198849;ZTF;ZTF(zr);ZTF
59309.3846065;20.0161209;0.14636153;ZTF;ZTF(zr);ZTF
59309.4203588;19.6930485;0.118961029;ZTF;ZTF(zi);ZTF
59310.4156134;20.0249825;0.1471771;ZTF;ZTF(zr);ZTF
59311.4654861;20.1667442;0.160203949;ZTF;ZTF(zr);ZTF
59311.4664352;19.9649258;0.141663313;ZTF;ZTF(zr);ZTF
59312.3597569;19.8169479;0.130192235;ZTF;ZTF(zi);ZTF
59313.436713;20.2108879;0.164203346;ZTF;ZTF(zr);ZTF
59317.3990509;19.9614639;0.141346723;ZTF;ZTF(zr);ZTF
59320.4779282;19.8261871;0.129153252;ZTF;ZTF(zr);ZTF
59322.2787037;19.9996662;0.144848555;ZTF;ZTF(zr);ZTF
59322.3300926;20.8188267;0.199802756;ZTF;ZTF(zg);ZTF
59324.289537;19.8137894;0.128057748;ZTF;ZTF(zr);ZTF
59324.3244444;19.6460056;0.114884414;ZTF;ZTF(zi);ZTF
59334.1963194;20.8178997;0.199735761;ZTF;ZTF(zg);ZTF
59334.2411343;20.7069321;0.191723585;ZTF;ZTF(zg);ZTF
59334.3377546;19.9541397;0.140677452;ZTF;ZTF(zr);ZTF
59334.3573727;19.9483566;0.140149593;ZTF;ZTF(zr);ZTF
59334.389838;19.9626732;0.14145723;ZTF;ZTF(zr);ZTF
59334.4215509;19.6334743;0.11381653;ZTF;ZTF(zi);ZTF
59334.478912;20.3947353;0.172727391;ZTF;ZTF(zg);ZTF
59336.3383565;19.8537369;0.131602705;ZTF;ZTF(zr);ZTF
59339.2987153;20.0326385;0.147882029;ZTF;ZTF(zr);ZTF
59341.2849653;19.8453026;0.130850717;ZTF;ZTF(zr);ZTF
59341.2859028;20.0718498;0.151494801;ZTF;ZTF(zr);ZTF
59341.3797685;19.6691284;0.116874889;ZTF;ZTF(zi);ZTF
59342.3737384;20.7770786;0.180168509;ZTF;ZTF(zg);ZTF
59342.374213;20.7144566;0.17541635;ZTF;ZTF(zg);ZTF
59342.4164236;19.9999428;0.144873962;ZTF;ZTF(zr);ZTF
59342.4342245;19.9981403;0.144708395;ZTF;ZTF(zr);ZTF
59343.297581;19.9074936;0.136435792;ZTF;ZTF(zr);ZTF
59343.3289699;20.0327644;0.147893652;ZTF;ZTF(zr);ZTF
59343.3370139;20.1950092;0.16277051;ZTF;ZTF(zr);ZTF
59344.3956829;20.0084171;0.145653009;ZTF;ZTF(zr);ZTF
59344.400544;20.2456703;0.167313799;ZTF;ZTF(zr);ZTF
59348.3320486;20.1740532;0.160869271;ZTF;ZTF(zr);ZTF
59349.3183912;20.0287628;0.147525012;ZTF;ZTF(zr);ZTF
59349.3193171;20.069109;0.151242375;ZTF;ZTF(zr);ZTF
59352.3001736;19.9668179;0.141836405;ZTF;ZTF(zr);ZTF
59352.3011111;20.061491;0.150540203;ZTF;ZTF(zr);ZTF
59352.3671296;19.7951851;0.128169283;ZTF;ZTF(zi);ZTF
59353.3076042;20.0747242;0.151759744;ZTF;ZTF(zr);ZTF
59353.3181713;20.008831;0.145690933;ZTF;ZTF(zr);ZTF
59354.2846296;19.8646812;0.132581219;ZTF;ZTF(zr);ZTF
59354.3502083;20.3531494;0.147221625;ZTF;ZTF(zg);ZTF
59354.4027546;20.0234661;0.147037521;ZTF;ZTF(zr);ZTF
59355.3623958;19.5323105;0.104601175;ZTF;ZTF(zr);ZTF
59356.3715741;19.9905739;0.144013643;ZTF;ZTF(zr);ZTF
59356.4262153;20.7007523;0.191277385;ZTF;ZTF(zg);ZTF
59359.3591667;19.8882561;0.136961401;ZTF;ZTF(zi);ZTF
59361.3158796;20.267971;0.165561169;ZTF;ZTF(zg);ZTF
59361.3336574;20.3675327;0.148416042;ZTF;ZTF(zg);ZTF
59361.3720486;19.7918644;0.126131311;ZTF;ZTF(zr);ZTF
59362.3623843;19.5699825;0.108523831;ZTF;ZTF(zi);ZTF
59363.2753935;20.9672623;0.210520267;ZTF;ZTF(zg);ZTF
59363.3597338;19.9773903;0.142804548;ZTF;ZTF(zr);ZTF
59364.2242361;20.7075272;0.1917665;ZTF;ZTF(zg);ZTF
59364.2593981;19.8069649;0.127456695;ZTF;ZTF(zr);ZTF
59365.2249074;20.6760826;0.18949616;ZTF;ZTF(zg);ZTF
59365.2602083;19.8976479;0.135545775;ZTF;ZTF(zr);ZTF
59365.3276273;21.0247593;0.214671731;ZTF;ZTF(zg);ZTF
59365.3285648;20.8752708;0.203878164;ZTF;ZTF(zg);ZTF
59365.3410185;20.1242104;0.15631257;ZTF;ZTF(zr);ZTF
59365.3531597;19.8257275;0.129112616;ZTF;ZTF(zr);ZTF
59365.362338;19.7473946;0.123800904;ZTF;ZTF(zi);ZTF
59367.343125;19.9068756;0.136379912;ZTF;ZTF(zr);ZTF
59368.3184606;19.8147507;0.129987061;ZTF;ZTF(zi);ZTF
59369.3199653;20.0270958;0.147371575;ZTF;ZTF(zr);ZTF
59371.2980787;19.4347858;0.0979190692;ZTF;ZTF(zi);ZTF
59374.2538657;19.6731491;0.117223665;ZTF;ZTF(zi);ZTF
59375.2333681;19.9926147;0.14420101;ZTF;ZTF(zr);ZTF
59375.2753935;20.6284943;0.186060071;ZTF;ZTF(zg);ZTF
59377.2538079;20.1121979;0.155208975;ZTF;ZTF(zr);ZTF
59377.2775;19.603138;0.111262992;ZTF;ZTF(zi);ZTF
59377.3312153;20.9101715;0.206398129;ZTF;ZTF(zg);ZTF
59379.2988773;20.9832783;0.211676598;ZTF;ZTF(zg);ZTF
59379.3385069;19.9336586;0.138810337;ZTF;ZTF(zr);ZTF
59383.2117477;19.8924332;0.135075256;ZTF;ZTF(zr);ZTF
59383.2948495;19.5532532;0.107162401;ZTF;ZTF(zi);ZTF
59385.2533102;19.8298588;0.129478514;ZTF;ZTF(zr);ZTF
59386.2517593;19.5484352;0.106772818;ZTF;ZTF(zi);ZTF
59387.2366782;19.8701668;0.133072704;ZTF;ZTF(zr);ZTF
59391.2124537;20.5839558;0.182844281;ZTF;ZTF(zg);ZTF
59391.2765972;19.7512569;0.122602448;ZTF;ZTF(zr);ZTF
59391.3538194;19.5461807;0.106590964;ZTF;ZTF(zi);ZTF
59393.235081;19.8852024;0.134423673;ZTF;ZTF(zr);ZTF
59393.2710764;20.6356544;0.186577082;ZTF;ZTF(zg);ZTF
59397.2546644;20.8392906;0.201280236;ZTF;ZTF(zg);ZTF
59397.3537963;19.8268375;0.129210889;ZTF;ZTF(zr);ZTF
59400.2119676;19.919384;0.13751334;ZTF;ZTF(zr);ZTF
59400.2480324;19.7143879;0.120844916;ZTF;ZTF(zi);ZTF
59402.2581366;20.1140842;0.155382529;ZTF;ZTF(zr);ZTF
59402.259213;20.0170593;0.146447718;ZTF;ZTF(zr);ZTF
59402.2765046;20.8544827;0.2023772;ZTF;ZTF(zg);ZTF
59402.2774537;20.7130222;0.192163348;ZTF;ZTF(zg);ZTF
59403.2238194;19.9004612;0.135799885;ZTF;ZTF(zr);ZTF
59404.1893171;19.7161083;0.120997831;ZTF;ZTF(zi);ZTF
59404.2268981;20.0650291;0.150866255;ZTF;ZTF(zr);ZTF
59404.3332639;20.6133862;0.184969187;ZTF;ZTF(zg);ZTF
59406.2160185;20.6409225;0.186957479;ZTF;ZTF(zg);ZTF
59406.216956;20.6436081;0.187151313;ZTF;ZTF(zg);ZTF
59406.2382407;20.0185394;0.146583974;ZTF;ZTF(zr);ZTF
59406.2392708;20.045599;0.14907591;ZTF;ZTF(zr);ZTF
59407.2142708;19.5948219;0.110570878;ZTF;ZTF(zi);ZTF
59408.1899884;20.6292915;0.186117649;ZTF;ZTF(zg);ZTF
59408.1909375;21.0281944;0.214919686;ZTF;ZTF(zg);ZTF
59408.2248495;19.9381618;0.139220327;ZTF;ZTF(zr);ZTF
59408.2258681;20.0683556;0.151172981;ZTF;ZTF(zr);ZTF
59409.03868999;14.994;0.438;NEOWISE;WISE(W2);NEOWISE
59409.03868999;16.954;0.537;NEOWISE;WISE(W1);NEOWISE
59409.822963;16.912;0.45;NEOWISE;WISE(W1);NEOWISE
59410.1951505;20.499712;0.176681176;ZTF;ZTF(zg);ZTF
59411.2869907;19.704958;0.120009765;ZTF;ZTF(zi);ZTF
59412.2153588;20.0053673;0.145372435;ZTF;ZTF(zr);ZTF
59412.2484144;20.4918995;0.176464945;ZTF;ZTF(zg);ZTF
59414.20134424;16.851;0.421;NEOWISE;WISE(W1);NEOWISE
59415.1941319;19.9884148;0.143815517;ZTF;ZTF(zr);ZTF
59415.2167824;19.4825439;0.101561353;ZTF;ZTF(zi);ZTF
59419.214537;20.011097;0.146550313;ZTF;ZTF(zg);ZTF
59423.1833449;19.6827354;0.118058175;ZTF;ZTF(zi);ZTF
59423.2044907;20.6295204;0.186134219;ZTF;ZTF(zg);ZTF
59423.2054398;20.6243553;0.185761213;ZTF;ZTF(zg);ZTF
59423.2335185;19.9396801;0.139358535;ZTF;ZTF(zr);ZTF
59423.2439583;20.0807724;0.152316988;ZTF;ZTF(zr);ZTF
59424.1949884;19.9443512;0.139784306;ZTF;ZTF(zr);ZTF
59424.1959375;19.8136158;0.128042519;ZTF;ZTF(zr);ZTF
59424.2329745;20.9465733;0.209026456;ZTF;ZTF(zg);ZTF
59425.1977431;20.0194473;0.14666754;ZTF;ZTF(zr);ZTF
59425.1986806;20.0898647;0.153154224;ZTF;ZTF(zr);ZTF
59425.2237847;20.6530838;0.187835574;ZTF;ZTF(zg);ZTF
59426.2492477;20.1439133;0.15811871;ZTF;ZTF(zr);ZTF
59427.2436458;20.7873936;0.197533131;ZTF;ZTF(zg);ZTF
59428.1798958;20.0723038;0.151536763;ZTF;ZTF(zr);ZTF
59428.1809144;19.9049549;0.136206165;ZTF;ZTF(zr);ZTF
59428.2127083;20.7155132;0.192343116;ZTF;ZTF(zg);ZTF
59428.2136458;20.5923309;0.18344903;ZTF;ZTF(zg);ZTF
59429.2597338;20.5620956;0.18126595;ZTF;ZTF(zg);ZTF
59429.2668866;20.732296;0.193554878;ZTF;ZTF(zg);ZTF
59430.1813657;19.706749;0.120168038;ZTF;ZTF(zi);ZTF
59434.1875116;19.9397621;0.139366016;ZTF;ZTF(zr);ZTF
59436.1757986;19.8106461;0.129604355;ZTF;ZTF(zi);ZTF
59436.1928588;20.0244961;0.147132337;ZTF;ZTF(zr);ZTF
59438.1766435;19.948143;0.140130028;ZTF;ZTF(zr);ZTF
59438.2014583;21.0038853;0.213164568;ZTF;ZTF(zg);ZTF
59439.1781134;20.4561157;0.1753041;ZTF;ZTF(zg);ZTF
59439.2080787;19.6709404;0.115787134;ZTF;ZTF(zr);ZTF
59440.2037616;20.3420105;0.170010746;ZTF;ZTF(zg);ZTF
59441.1862269;19.9751549;0.142599761;ZTF;ZTF(zr);ZTF
59443.2481829;19.6296978;0.112379476;ZTF;ZTF(zr);ZTF
59444.1699306;19.5791836;0.109278597;ZTF;ZTF(zi);ZTF
59448.2180671;19.7834816;0.125398576;ZTF;ZTF(zr);ZTF
59449.171331;19.8195133;0.128563046;ZTF;ZTF(zr);ZTF
59450.175787;20.0198383;0.146703541;ZTF;ZTF(zr);ZTF
59450.1772106;19.9550934;0.140764549;ZTF;ZTF(zr);ZTF
59451.160706;19.9064159;0.136338294;ZTF;ZTF(zr);ZTF
59453.186713;20.73592;0.193816543;ZTF;ZTF(zg);ZTF
59454.1631944;19.7769356;0.126489028;ZTF;ZTF(zi);ZTF
59454.1831134;20.7160091;0.192378998;ZTF;ZTF(zg);ZTF
59455.1922106;21.3423443;0.237602353;ZTF;ZTF(zg);ZTF
59458.1965741;19.9542217;0.140684962;ZTF;ZTF(zr);ZTF
59460.1829398;20.799118;0.198379636;ZTF;ZTF(zg);ZTF
59460.2266088;19.8641186;0.132530838;ZTF;ZTF(zr);ZTF
59462.2064468;20.001936;0.145057112;ZTF;ZTF(zr);ZTF
59463.1846296;19.5232811;0.104757816;ZTF;ZTF(zi);ZTF
59464.2243403;20.0403709;0.148594171;ZTF;ZTF(zr);ZTF
59466.1528009;20.0336876;0.147978649;ZTF;ZTF(zr);ZTF
59466.194838;19.800869;0.128695622;ZTF;ZTF(zi);ZTF
59469.1534838;20.4465637;0.174949482;ZTF;ZTF(zg);ZTF
59469.1735069;19.9150734;0.137122408;ZTF;ZTF(zr);ZTF
59471.1437037;19.7617836;0.123512261;ZTF;ZTF(zr);ZTF
59471.1837037;19.1163292;0.0764856786;ZTF;ZTF(zi);ZTF
59474.1787269;19.3500347;0.091734387;ZTF;ZTF(zi);ZTF
59480.1739699;19.7433472;0.121921323;ZTF;ZTF(zr);ZTF
59486.1572917;19.7351532;0.121217988;ZTF;ZTF(zr);ZTF
59490.1249306;20.0531807;0.149774522;ZTF;ZTF(zr);ZTF
59490.1278588;19.9147835;0.137096033;ZTF;ZTF(zr);ZTF
59491.1126389;19.7099304;0.119067118;ZTF;ZTF(zr);ZTF
59491.1156366;20.0247345;0.147154287;ZTF;ZTF(zr);ZTF
59491.1186227;19.9184437;0.137428015;ZTF;ZTF(zr);ZTF
59491.1216204;19.6587906;0.1147765;ZTF;ZTF(zr);ZTF
59491.1246065;20.0933056;0.153470993;ZTF;ZTF(zr);ZTF
59498.105787;19.8896828;0.134827197;ZTF;ZTF(zr);ZTF
59498.1087847;20.0669556;0.151043773;ZTF;ZTF(zr);ZTF
59498.1148032;19.8722076;0.133255765;ZTF;ZTF(zr);ZTF
59503.1232292;19.0832233;0.0745326877;ZTF;ZTF(zi);ZTF
59613.97806998;15.947;0.195;NEOWISE;WISE(W1);NEOWISE
59614.10871892;15.938;0.286;NEOWISE;WISE(W1);NEOWISE
59623.4556713;20.1721783;0.160698757;ZTF;ZTF(zr);ZTF
59623.5243403;20.8022423;0.198605299;ZTF;ZTF(zg);ZTF
59624.4849074;19.5539093;0.107215501;ZTF;ZTF(zi);ZTF
59625.4887731;19.8318043;0.12965098;ZTF;ZTF(zr);ZTF
59628.4950926;20.0239639;0.147580996;ZTF;ZTF(zg);ZTF
59629.4991435;20.1121883;0.119874842;ZTF;ZTF(zr);ZTF
59630.4949769;20.001709;0.14503628;ZTF;ZTF(zr);ZTF
59636.4366551;19.6320877;0.113698862;ZTF;ZTF(zi);ZTF
59639.4137384;20.3317318;0.169434085;ZTF;ZTF(zg);ZTF
59639.4872222;20.0777569;0.15203914;ZTF;ZTF(zr);ZTF
59640.426956;19.6246033;0.113065213;ZTF;ZTF(zi);ZTF
59641.4297801;20.6263351;0.185904145;ZTF;ZTF(zg);ZTF
59641.4460995;20.0028191;0.145138398;ZTF;ZTF(zr);ZTF
59670.4194792;19.706089;0.120109759;ZTF;ZTF(zi);ZTF
59673.3722917;20.0231838;0.147011414;ZTF;ZTF(zr);ZTF
59673.4406134;19.5396004;0.106061548;ZTF;ZTF(zi);ZTF
59675.4160185;20.1403122;0.157788843;ZTF;ZTF(zr);ZTF
59676.4066088;19.2535439;0.0851221904;ZTF;ZTF(zi);ZTF
59677.4030093;20.0377731;0.148354813;ZTF;ZTF(zr);ZTF
59679.3406829;19.625246;0.11311952;ZTF;ZTF(zi);ZTF
59679.371169;20.0062141;0.145450473;ZTF;ZTF(zr);ZTF
59683.3385069;19.6222897;0.112869889;ZTF;ZTF(zi);ZTF
59683.3749074;19.8195724;0.0984481871;ZTF;ZTF(zr);ZTF
59684.3926505;19.9106331;0.104840919;ZTF;ZTF(zr);ZTF
59685.3545833;19.7746811;0.12463174;ZTF;ZTF(zr);ZTF
59690.3890394;19.7233334;0.121641025;ZTF;ZTF(zi);ZTF
59693.309456;19.8406868;0.130439937;ZTF;ZTF(zr);ZTF
59693.3604514;19.5767365;0.109077469;ZTF;ZTF(zi);ZTF
59696.3163194;19.7461357;0.12368723;ZTF;ZTF(zi);ZTF
59697.4586806;20.6900539;0.173564553;ZTF;ZTF(zg);ZTF
59699.3318287;19.9095554;0.104763664;ZTF;ZTF(zr);ZTF
59699.4021296;19.7351685;0.122700073;ZTF;ZTF(zi);ZTF
59700.3001273;20.0897903;0.153147459;ZTF;ZTF(zr);ZTF
59702.3591667;20.0131721;0.146090195;ZTF;ZTF(zr);ZTF
59707.2694907;19.8190079;0.128518373;ZTF;ZTF(zr);ZTF
59707.4006713;20.008049;0.145619035;ZTF;ZTF(zr);ZTF
59707.4422569;19.8336716;0.129816741;ZTF;ZTF(zr);ZTF
59708.2917245;19.8351898;0.129951432;ZTF;ZTF(zr);ZTF
59708.3182639;19.8069344;0.127453953;ZTF;ZTF(zr);ZTF
59708.319213;19.9854317;0.143541753;ZTF;ZTF(zr);ZTF
59708.3386111;19.9575062;0.140984967;ZTF;ZTF(zr);ZTF
59708.399537;20.1569424;0.159309894;ZTF;ZTF(zr);ZTF
59708.4261227;19.8073959;0.127494559;ZTF;ZTF(zr);ZTF
59709.2141551;19.7757721;0.124726646;ZTF;ZTF(zr);ZTF
59709.2838657;19.8499584;0.131265536;ZTF;ZTF(zr);ZTF
59709.3585995;19.896244;0.135418996;ZTF;ZTF(zr);ZTF
59709.4024537;20.0279274;0.147448197;ZTF;ZTF(zr);ZTF
59710.3113773;20.2339268;0.13727057;ZTF;ZTF(zg);ZTF
59710.3690046;19.8808289;0.134030163;ZTF;ZTF(zr);ZTF
59711.2904282;19.7355671;0.121253416;ZTF;ZTF(zr);ZTF
59711.3597685;19.8040714;0.127202138;ZTF;ZTF(zr);ZTF
59712.2141667;20.0111694;0.145906001;ZTF;ZTF(zr);ZTF
59712.2680556;20.5995445;0.16669631;ZTF;ZTF(zg);ZTF
59712.2739931;20.3722153;0.171618879;ZTF;ZTF(zg);ZTF
59712.3512153;19.660841;0.114946678;ZTF;ZTF(zr);ZTF
59712.4164468;19.7774353;0.124871425;ZTF;ZTF(zr);ZTF
59713.2901736;20.0854359;0.117819399;ZTF;ZTF(zr);ZTF
59714.3376505;19.9801502;0.143057495;ZTF;ZTF(zr);ZTF
59714.3656134;19.9646263;0.108757079;ZTF;ZTF(zr);ZTF
59717.2374769;19.9684734;0.141987935;ZTF;ZTF(zr);ZTF
59717.2618981;19.8610573;0.132256895;ZTF;ZTF(zr);ZTF
59717.3580903;19.6432571;0.114649616;ZTF;ZTF(zi);ZTF
59718.1906829;19.8565331;0.131852344;ZTF;ZTF(zr);ZTF
59718.2893981;19.9980392;0.144699097;ZTF;ZTF(zr);ZTF
59718.372581;19.8139381;0.0980617553;ZTF;ZTF(zr);ZTF
59718.3830208;19.9589977;0.141121253;ZTF;ZTF(zr);ZTF
59719.298206;20.0100594;0.145803839;ZTF;ZTF(zr);ZTF
59719.3196181;19.9837265;0.143385395;ZTF;ZTF(zr);ZTF
59721.3169213;19.9931984;0.144254595;ZTF;ZTF(zr);ZTF
59721.3833449;20.0391598;0.148482606;ZTF;ZTF(zr);ZTF
59722.4136343;20.7831917;0.197229743;ZTF;ZTF(zg);ZTF
59722.4476968;20.6615543;0.188447118;ZTF;ZTF(zg);ZTF
59723.2039005;20.0511284;0.149585351;ZTF;ZTF(zr);ZTF
59723.278044;19.4737358;0.100881048;ZTF;ZTF(zi);ZTF
59723.3125;20.1022148;0.154290959;ZTF;ZTF(zr);ZTF
59723.3828009;20.7546349;0.195167899;ZTF;ZTF(zg);ZTF
59724.3428588;21.2870178;0.23360765;ZTF;ZTF(zg);ZTF
59724.4025463;20.0161934;0.146368086;ZTF;ZTF(zr);ZTF
59724.4034954;19.9427071;0.139634311;ZTF;ZTF(zr);ZTF
59725.2495023;20.0338364;0.147992238;ZTF;ZTF(zr);ZTF
59725.3328819;20.0217018;0.146875143;ZTF;ZTF(zr);ZTF
59726.270544;19.6266518;0.113238357;ZTF;ZTF(zi);ZTF
59726.3572106;20.1169853;0.155648917;ZTF;ZTF(zr);ZTF
59726.3581481;20.1585541;0.159457028;ZTF;ZTF(zr);ZTF
59726.3986458;20.0427895;0.148816913;ZTF;ZTF(zr);ZTF
59730.2777778;20.1226673;0.156170964;ZTF;ZTF(zr);ZTF
59732.2258102;19.9904652;0.144003689;ZTF;ZTF(zr);ZTF
59733.2741667;19.5477905;0.106720775;ZTF;ZTF(zi);ZTF
59736.3170718;19.7535973;0.124362111;ZTF;ZTF(zi);ZTF
59736.3472801;20.082304;0.152457982;ZTF;ZTF(zr);ZTF
59738.2771181;19.9606228;0.141269773;ZTF;ZTF(zr);ZTF
59739.3331713;19.6454544;0.114837348;ZTF;ZTF(zi);ZTF
59740.3222917;20.0391312;0.148479983;ZTF;ZTF(zr);ZTF
59740.3652778;20.2421608;0.163865656;ZTF;ZTF(zg);ZTF
59743.3499537;19.5254726;0.104932174;ZTF;ZTF(zi);ZTF
59747.2336921;20.0650921;0.150872186;ZTF;ZTF(zr);ZTF
59747.2901042;20.6596241;0.188307762;ZTF;ZTF(zg);ZTF
59747.3800116;19.6662598;0.116626613;ZTF;ZTF(zi);ZTF
59749.3010764;20.7320251;0.193535328;ZTF;ZTF(zg);ZTF
59749.332037;19.9644318;0.141618073;ZTF;ZTF(zr);ZTF
59750.2136227;19.8068352;0.129249662;ZTF;ZTF(zi);ZTF
59751.2762384;20.241724;0.16696313;ZTF;ZTF(zr);ZTF
59753.3188773;20.0899353;0.153160825;ZTF;ZTF(zr);ZTF
59753.3608449;19.8559361;0.133867234;ZTF;ZTF(zi);ZTF
59756.2755671;20.931509;0.20793879;ZTF;ZTF(zg);ZTF
59756.3165741;19.5795765;0.10931088;ZTF;ZTF(zi);ZTF
59756.3443519;20.1080551;0.15482825;ZTF;ZTF(zr);ZTF
59758.274537;20.2016411;0.163369924;ZTF;ZTF(zr);ZTF
59759.2890278;20.9313011;0.191871643;ZTF;ZTF(zg);ZTF
59760.2373148;20.8816624;0.204339623;ZTF;ZTF(zg);ZTF
59760.2871296;19.9679375;0.14193885;ZTF;ZTF(zr);ZTF
59762.2600116;19.9595089;0.141167998;ZTF;ZTF(zr);ZTF
59764.1903125;19.6063576;0.111531898;ZTF;ZTF(zi);ZTF
59764.2576852;20.0848637;0.152693838;ZTF;ZTF(zr);ZTF
59766.2632292;19.8695145;0.133014232;ZTF;ZTF(zr);ZTF
59768.2104745;20.7395325;0.194077373;ZTF;ZTF(zg);ZTF
59769.2712616;20.7027168;0.191419244;ZTF;ZTF(zg);ZTF
59769.345787;20.7042007;0.191526294;ZTF;ZTF(zg);ZTF
59771.1893171;20.1423759;0.156770751;ZTF;ZTF(zg);ZTF
59771.3172569;20.29879;0.167493433;ZTF;ZTF(zg);ZTF
59772.2687037;20.078495;0.152107;ZTF;ZTF(zr);ZTF
59773.2358333;19.8322773;0.129692972;ZTF;ZTF(zr);ZTF
59773.2739583;20.1401329;0.157772481;ZTF;ZTF(zr);ZTF
59773.3106134;19.7058945;0.0908685625;ZTF;ZTF(zr);ZTF
59773.3293866;19.9685898;0.141998515;ZTF;ZTF(zr);ZTF
59774.2905324;20.0845184;0.117749155;ZTF;ZTF(zr);ZTF
59775.2484722;19.9440193;0.139753968;ZTF;ZTF(zr);ZTF
59775.3216551;20.1635017;0.159908384;ZTF;ZTF(zr);ZTF
59775.64763713;16.266;0.288;NEOWISE;WISE(W1);NEOWISE
59776.03907352;16.496;0.344;NEOWISE;WISE(W1);NEOWISE
59776.2754167;19.8936653;0.1351863;ZTF;ZTF(zr);ZTF
59776.29998863;16.189;0.321;NEOWISE;WISE(W1);NEOWISE
59776.36518554;16.202;0.392;NEOWISE;WISE(W1);NEOWISE
59776.36518554;14.869;0.523;NEOWISE;WISE(W2);NEOWISE
59776.88714306;16.796;0.413;NEOWISE;WISE(W1);NEOWISE
59777.2148495;19.9890137;0.143870443;ZTF;ZTF(zr);ZTF
59779.1948148;19.9442215;0.13977243;ZTF;ZTF(zr);ZTF
59779.2256597;20.0823784;0.152464807;ZTF;ZTF(zr);ZTF
59782.2160995;19.4450302;0.0986908153;ZTF;ZTF(zi);ZTF
59782.268125;20.0714722;0.151460096;ZTF;ZTF(zr);ZTF
59784.2152199;20.7652416;0.1959337;ZTF;ZTF(zg);ZTF
59786.2348495;20.048008;0.149297774;ZTF;ZTF(zr);ZTF
59789.2071644;21.0362129;0.215498686;ZTF;ZTF(zg);ZTF
59789.2346644;20.0504093;0.149518996;ZTF;ZTF(zr);ZTF
59790.2064583;19.7684631;0.125714034;ZTF;ZTF(zi);ZTF
59791.2065625;19.9144878;0.13706924;ZTF;ZTF(zr);ZTF
59793.2426736;19.634037;0.113864303;ZTF;ZTF(zi);ZTF
59794.2198611;20.8428326;0.201536059;ZTF;ZTF(zg);ZTF
59794.2581713;19.9847317;0.143477559;ZTF;ZTF(zr);ZTF
59797.2459606;20.5667648;0.181603074;ZTF;ZTF(zg);ZTF
59798.1783796;19.4385033;0.0981985554;ZTF;ZTF(zi);ZTF
59799.1968171;19.8455887;0.130876198;ZTF;ZTF(zr);ZTF
59802.2257523;19.8505936;0.131322205;ZTF;ZTF(zr);ZTF
59805.2085532;19.8246536;0.129017547;ZTF;ZTF(zr);ZTF
59807.166412;19.9492607;0.140232027;ZTF;ZTF(zr);ZTF
59807.1953935;20.6485634;0.187509179;ZTF;ZTF(zg);ZTF
59809.2198148;19.6944542;0.119084448;ZTF;ZTF(zi);ZTF
59809.2471528;20.6734066;0.189302921;ZTF;ZTF(zg);ZTF
59812.1799306;19.9933472;0.144268185;ZTF;ZTF(zr);ZTF
59813.164456;19.5491142;0.106827706;ZTF;ZTF(zi);ZTF
59814.2368866;19.8541756;0.13164185;ZTF;ZTF(zr);ZTF
59817.1658102;19.5830288;0.109595187;ZTF;ZTF(zi);ZTF
59823.1974421;20.5531445;0.180619597;ZTF;ZTF(zg);ZTF
59825.2037269;19.4997883;0.102904327;ZTF;ZTF(zi);ZTF
59828.1528356;19.7615986;0.123496272;ZTF;ZTF(zr);ZTF
59843.1401505;19.5596886;0.107684448;ZTF;ZTF(zi);ZTF
59853.1154861;19.9517365;0.140458018;ZTF;ZTF(zr);ZTF
59853.1183681;19.9667568;0.141830832;ZTF;ZTF(zr);ZTF
59853.1212616;19.8104591;0.127764285;ZTF;ZTF(zr);ZTF
59853.1241551;19.9202614;0.137592956;ZTF;ZTF(zr);ZTF
59853.127037;19.8398895;0.130369037;ZTF;ZTF(zr);ZTF
59855.1130903;19.9027061;0.136002749;ZTF;ZTF(zr);ZTF
59855.1160185;19.9842072;0.143429458;ZTF;ZTF(zr);ZTF
59855.1189699;19.7855835;0.125582203;ZTF;ZTF(zr);ZTF
59855.1218981;19.7327309;0.121010467;ZTF;ZTF(zr);ZTF
59855.1248264;19.9365768;0.139075935;ZTF;ZTF(zr);ZTF
59856.1128472;19.9607048;0.141277313;ZTF;ZTF(zr);ZTF
59856.1188426;19.7989082;0.126748711;ZTF;ZTF(zr);ZTF
59856.1218287;20.0321178;0.147833928;ZTF;ZTF(zr);ZTF
59856.1248264;19.9067307;0.13636674;ZTF;ZTF(zr);ZTF
59857.1197569;19.9627266;0.141462147;ZTF;ZTF(zr);ZTF
59857.1257292;19.7931786;0.126246452;ZTF;ZTF(zr);ZTF
59859.1129282;19.9569893;0.140937716;ZTF;ZTF(zr);ZTF
59859.1248843;20.1344795;0.157254532;ZTF;ZTF(zr);ZTF
59860.1094676;20.0730953;0.151609704;ZTF;ZTF(zr);ZTF
59860.1124537;19.8145847;0.128127992;ZTF;ZTF(zr);ZTF
59860.1154514;19.8679047;0.132869959;ZTF;ZTF(zr);ZTF
59860.1184375;20.0365162;0.148239046;ZTF;ZTF(zr);ZTF
59862.1105208;19.8542156;0.131645367;ZTF;ZTF(zr);ZTF
59862.1134954;19.6165619;0.111307971;ZTF;ZTF(zr);ZTF
59862.1164815;19.6997795;0.118207894;ZTF;ZTF(zr);ZTF
59862.1194792;19.9627171;0.141461283;ZTF;ZTF(zr);ZTF
59863.1064931;19.7531776;0.122768275;ZTF;ZTF(zr);ZTF
59863.109456;19.9198418;0.137554869;ZTF;ZTF(zr);ZTF
59863.112419;19.9708652;0.142206818;ZTF;ZTF(zr);ZTF
59863.1153704;19.8993797;0.135702208;ZTF;ZTF(zr);ZTF
59864.1211227;19.5313168;0.104523785;ZTF;ZTF(zr);ZTF
59865.1093171;19.8162937;0.128278717;ZTF;ZTF(zr);ZTF
59865.118287;20.088398;0.153019235;ZTF;ZTF(zr);ZTF
59878.0857755;19.936615;0.139079422;ZTF;ZTF(zr);ZTF
59878.088206;19.9427967;0.139642596;ZTF;ZTF(zr);ZTF
59878.0906481;20.1479836;0.15849106;ZTF;ZTF(zr);ZTF
59878.0930903;19.862587;0.132393733;ZTF;ZTF(zr);ZTF
59879.0826852;19.5962105;0.109661415;ZTF;ZTF(zr);ZTF
59879.0875694;19.9082394;0.136503324;ZTF;ZTF(zr);ZTF
59879.09;19.7921677;0.126157954;ZTF;ZTF(zr);ZTF
59879.0924306;20.0649681;0.150860757;ZTF;ZTF(zr);ZTF
59968.5475926;19.5855808;0.10980577;ZTF;ZTF(zi);ZTF
59969.5429861;19.8891754;0.134781554;ZTF;ZTF(zr);ZTF
59972.5115394;19.8024883;0.127063006;ZTF;ZTF(zr);ZTF
59972.537338;20.8334827;0.200860977;ZTF;ZTF(zg);ZTF
59978.55695889;16.332;0.271;NEOWISE;WISE(W1);NEOWISE
59978.81723816;15.341;0.461;NEOWISE;WISE(W2);NEOWISE
59978.81723816;16.302;0.331;NEOWISE;WISE(W1);NEOWISE
59987.5057755;20.6899567;0.190497875;ZTF;ZTF(zg);ZTF
59993.4740394;20.7252426;0.193045616;ZTF;ZTF(zg);ZTF
59996.4761458;20.7963715;0.198181391;ZTF;ZTF(zg);ZTF
59996.498669;20.0275269;0.147411317;ZTF;ZTF(zr);ZTF
60016.448125;20.5547714;0.180737019;ZTF;ZTF(zg);ZTF
60016.4668403;19.767025;0.123966575;ZTF;ZTF(zr);ZTF
60021.4566667;19.8040829;0.127203196;ZTF;ZTF(zr);ZTF
60032.3255093;20.465229;0.175625294;ZTF;ZTF(zg);ZTF
60032.4077431;20.0562992;0.150061905;ZTF;ZTF(zr);ZTF
60044.3985069;20.0448418;0.149006054;ZTF;ZTF(zr);ZTF
60046.3517708;20.0623741;0.150621727;ZTF;ZTF(zr);ZTF
60050.4418981;20.147625;0.158458367;ZTF;ZTF(zr);ZTF
60052.4505324;19.9660358;0.141764835;ZTF;ZTF(zr);ZTF
60055.3906481;20.0405331;0.148609117;ZTF;ZTF(zr);ZTF
60055.4434144;21.019268;0.214275241;ZTF;ZTF(zg);ZTF
60057.340162;20.9471397;0.209067345;ZTF;ZTF(zg);ZTF
60059.4252431;19.9139595;0.137021363;ZTF;ZTF(zr);ZTF
60061.3662037;20.7406693;0.194159508;ZTF;ZTF(zg);ZTF
60061.4438426;20.1244774;0.156337082;ZTF;ZTF(zr);ZTF
60063.4024074;20.0548248;0.149925888;ZTF;ZTF(zr);ZTF
60065.4149884;19.8888016;0.134747833;ZTF;ZTF(zr);ZTF
60075.360544;20.8441105;0.201628327;ZTF;ZTF(zg);ZTF
60078.3018634;20.1249084;0.156376675;ZTF;ZTF(zr);ZTF
60082.3423148;20.0368805;0.148272663;ZTF;ZTF(zr);ZTF
60082.383912;20.6876755;0.190333128;ZTF;ZTF(zg);ZTF
60084.289294;20.1129284;0.155276269;ZTF;ZTF(zr);ZTF
60086.3303009;20.1925278;0.162545919;ZTF;ZTF(zr);ZTF
60088.3600347;20.0707188;0.151390672;ZTF;ZTF(zr);ZTF
60090.3470023;19.9243755;0.137966439;ZTF;ZTF(zr);ZTF
60093.4132176;19.9564381;0.14088738;ZTF;ZTF(zr);ZTF
60099.3678704;20.0183525;0.146566868;ZTF;ZTF(zr);ZTF
60101.3605671;19.8134136;0.128024638;ZTF;ZTF(zr);ZTF
60103.2496528;20.5951366;0.183651567;ZTF;ZTF(zg);ZTF
60103.3010764;19.9586163;0.14108637;ZTF;ZTF(zr);ZTF
60105.2690162;20.0206051;0.146774203;ZTF;ZTF(zr);ZTF
60110.2353704;20.101984;0.15426968;ZTF;ZTF(zr);ZTF
60112.2799421;20.0832348;0.152543604;ZTF;ZTF(zr);ZTF
60115.3106019;19.9860954;0.143602654;ZTF;ZTF(zr);ZTF
60117.3525926;19.8853226;0.134434536;ZTF;ZTF(zr);ZTF
60119.2854977;20.9789925;0.211367249;ZTF;ZTF(zg);ZTF
60119.3241551;19.9578705;0.141018182;ZTF;ZTF(zr);ZTF
60121.2787963;20.1383686;0.157610893;ZTF;ZTF(zr);ZTF
60125.2862269;19.8526039;0.131501511;ZTF;ZTF(zr);ZTF
60134.2271065;20.0434074;0.148874044;ZTF;ZTF(zr);ZTF
60136.194838;20.9256516;0.207515836;ZTF;ZTF(zg);ZTF
60136.2866782;20.0265427;0.147320658;ZTF;ZTF(zr);ZTF
60138.1962153;20.0391006;0.148477122;ZTF;ZTF(zr);ZTF
60138.2253125;20.8119011;0.199302673;ZTF;ZTF(zg);ZTF
60140.1663594;15.825;0.297;NEOWISE;WISE(W1);NEOWISE
60140.1962616;21.0054283;0.213275909;ZTF;ZTF(zg);ZTF
60140.23168361;15.999;0.437;NEOWISE;WISE(W1);NEOWISE
60140.2479861;19.9752522;0.142608598;ZTF;ZTF(zr);ZTF
60143.2286806;20.0942898;0.153561652;ZTF;ZTF(zr);ZTF
60143.2601042;20.7221889;0.192825198;ZTF;ZTF(zg);ZTF
60147.2010069;20.8002224;0.198459387;ZTF;ZTF(zg);ZTF
60147.2669213;19.946661;0.139994845;ZTF;ZTF(zr);ZTF
60151.288669;20.8088818;0.19908464;ZTF;ZTF(zg);ZTF
60153.2140162;20.0540638;0.149855807;ZTF;ZTF(zr);ZTF
60155.2766204;20.1023388;0.154302403;ZTF;ZTF(zr);ZTF
60159.2372801;19.8767357;0.133662343;ZTF;ZTF(zr);ZTF
60161.1980556;20.6756496;0.189464927;ZTF;ZTF(zg);ZTF
60163.2622454;19.979023;0.142954111;ZTF;ZTF(zr);ZTF
60166.1812847;20.6768951;0.189554811;ZTF;ZTF(zg);ZTF
60171.2012847;20.6829987;0.189995527;ZTF;ZTF(zg);ZTF
60171.2204167;20.0275078;0.147409558;ZTF;ZTF(zr);ZTF
60173.1718287;20.0083466;0.145646423;ZTF;ZTF(zr);ZTF
60173.1975;20.9366817;0.208312273;ZTF;ZTF(zg);ZTF
60179.1626389;19.9867897;0.143666431;ZTF;ZTF(zr);ZTF
60181.2301736;20.1415405;0.157901525;ZTF;ZTF(zr);ZTF
60183.1765162;19.8254814;0.129090771;ZTF;ZTF(zr);ZTF
60185.1598958;20.4314117;0.174350396;ZTF;ZTF(zg);ZTF
60185.1985185;20.1128235;0.155266628;ZTF;ZTF(zr);ZTF
60188.224919;19.9063969;0.136336535;ZTF;ZTF(zr);ZTF
60194.1747569;20.0908279;0.153242931;ZTF;ZTF(zr);ZTF
60311.5473611;19.97756;0.14282006;ZTF;ZTF(zr);ZTF
60315.4771644;19.6235523;0.111877352;ZTF;ZTF(zr);ZTF
60315.5482523;20.5146713;0.177841663;ZTF;ZTF(zg);ZTF
60327.516088;20.5754948;0.182233334;ZTF;ZTF(zg);ZTF
60327.5338773;20.1429787;0.158033133;ZTF;ZTF(zr);ZTF
60351.4317361;20.6920605;0.190649748;ZTF;ZTF(zg);ZTF
60351.5040741;19.9640484;0.141583055;ZTF;ZTF(zr);ZTF
60353.505162;20.8074646;0.198982358;ZTF;ZTF(zg);ZTF
60353.5267477;20.1607857;0.159660697;ZTF;ZTF(zr);ZTF
60355.4834259;19.9483738;0.140151128;ZTF;ZTF(zr);ZTF
60368.517963;19.9410439;0.139482796;ZTF;ZTF(zr);ZTF
60391.4134491;20.7219162;0.192805409;ZTF;ZTF(zg);ZTF
60391.4372801;20.070137;0.151337072;ZTF;ZTF(zr);ZTF
60396.4579514;19.9927578;0.144214123;ZTF;ZTF(zr);ZTF
60398.4259028;19.8224487;0.128822446;ZTF;ZTF(zr);ZTF
60404.4685185;20.0469074;0.149196491;ZTF;ZTF(zr);ZTF
60408.4062384;19.9793797;0.142986909;ZTF;ZTF(zr);ZTF
60416.4553241;19.9060516;0.136305377;ZTF;ZTF(zr);ZTF
60419.4043519;19.8743992;0.13345252;ZTF;ZTF(zr);ZTF
60422.3011458;19.8718853;0.133226886;ZTF;ZTF(zr);ZTF
60424.2699884;19.719593;0.119888507;ZTF;ZTF(zr);ZTF
60430.3876273;19.9892006;0.143887594;ZTF;ZTF(zr);ZTF
60436.4033681;20.9541397;0.209572792;ZTF;ZTF(zg);ZTF
60437.3847106;20.0403709;0.148594171;ZTF;ZTF(zr);ZTF
60437.4252315;20.9086227;0.206286311;ZTF;ZTF(zg);ZTF
60438.3373843;19.5494728;0.106856674;ZTF;ZTF(zi);ZTF
60438.4162384;20.0666561;0.151016295;ZTF;ZTF(zr);ZTF
60439.3147106;21.0610657;0.217293143;ZTF;ZTF(zg);ZTF
60439.4015162;20.091383;0.153294072;ZTF;ZTF(zr);ZTF
60441.3814931;19.8915482;0.134995371;ZTF;ZTF(zr);ZTF
60443.3420602;19.98176;0.143205032;ZTF;ZTF(zr);ZTF
60445.3215046;20.1144791;0.155418664;ZTF;ZTF(zr);ZTF
60449.2990856;20.2573166;0.168345213;ZTF;ZTF(zr);ZTF
60451.3156366;19.7749653;0.124656402;ZTF;ZTF(zr);ZTF
60456.3264005;20.0165291;0.146399036;ZTF;ZTF(zr);ZTF
60458.2748495;21.0411415;0.215854526;ZTF;ZTF(zg);ZTF
60460.2902894;19.9325981;0.138713807;ZTF;ZTF(zr);ZTF
60460.3219792;20.8910007;0.205013871;ZTF;ZTF(zg);ZTF
60471.2474769;21.2450752;0.230579257;ZTF;ZTF(zg);ZTF
60473.3929051;19.863657;0.132489443;ZTF;ZTF(zr);ZTF
60477.3428588;19.8746395;0.133474007;ZTF;ZTF(zr);ZTF
60480.2466435;20.5876503;0.183111072;ZTF;ZTF(zg);ZTF
60482.2343866;20.2856369;0.166681796;ZTF;ZTF(zg);ZTF
60484.299294;19.7557831;0.122993194;ZTF;ZTF(zr);ZTF
60488.2556019;20.9132118;0.206617594;ZTF;ZTF(zg);ZTF
60490.189294;21.1737499;0.225429296;ZTF;ZTF(zg);ZTF
60490.2671296;20.003437;0.145195156;ZTF;ZTF(zr);ZTF
