MJD;Magnitude;Error;Facility;Filter;Observer
53642.48452;18.4;0.14;CRTS;CRTS(CL);CRTS
53669.50012;18.49;0.13;CRTS;CRTS(CL);CRTS
53684.44108644;19.782394;0.024380265;SDSS;SDSS(r);SDSS
53684.44191571;19.30075;0.025535237;SDSS;SDSS(i);SDSS
53684.44274497;22.418125;0.3511603;SDSS;SDSS(u);SDSS
53684.44357424;19.132944;0.058023065;SDSS;SDSS(z);SDSS
53684.4444035;20.504498;0.03134084;SDSS;SDSS(g);SDSS
53686.42818401;19.560274;1.3164532;SDSS;SDSS(r);SDSS
53686.42901327;19.065657;0.8719886;SDSS;SDSS(i);SDSS
53686.42984254;22.167555;17.634047;SDSS;SDSS(u);SDSS
53686.4306718;18.996489;4.8449554;SDSS;SDSS(z);SDSS
53686.43150107;20.319658;3.3022401;SDSS;SDSS(g);SDSS
53688.48833;18.77;0.15;CRTS;CRTS(CL);CRTS
53700.47308;19.28;0.27;CRTS;CRTS(CL);CRTS
53726.30581;18.65;0.14;CRTS;CRTS(CL);CRTS
53743.35791;18.43;0.13;CRTS;CRTS(CL);CRTS
53753.27031;18.78;0.15;CRTS;CRTS(CL);CRTS
53753.27883;18.71;0.15;CRTS;CRTS(CL);CRTS
53753.28739;18.93;0.16;CRTS;CRTS(CL);CRTS
53753.29594;18.82;0.15;CRTS;CRTS(CL);CRTS
53766.30933216;19.803885;0.019455682;SDSS;SDSS(r);SDSS
53766.31016142;19.605543;0.018875143;SDSS;SDSS(i);SDSS
53766.3109906901;22.86385;0.37431568;SDSS;SDSS(u);SDSS
53766.31181995;18.983164;0.044379573;SDSS;SDSS(z);SDSS
53766.31264922;20.720882;0.024301512;SDSS;SDSS(g);SDSS
53773.25667;18.56;0.15;CRTS;CRTS(CL);CRTS
53773.26313;18.74;0.16;CRTS;CRTS(CL);CRTS
53818.14067;18.64;0.14;CRTS;CRTS(CL);CRTS
53858.13802;18.78;0.16;CRTS;CRTS(CL);CRTS
53858.14336;18.77;0.16;CRTS;CRTS(CL);CRTS
53858.15407;18.74;0.16;CRTS;CRTS(CL);CRTS
54027.43045;18.71;0.14;CRTS;CRTS(CL);CRTS
54027.43966;18.4;0.12;CRTS;CRTS(CL);CRTS
54027.44892;18.53;0.13;CRTS;CRTS(CL);CRTS
54027.45814;18.26;0.12;CRTS;CRTS(CL);CRTS
54039.41745;18.1;0.14;CRTS;CRTS(CL);CRTS
54039.42182;18.38;0.15;CRTS;CRTS(CL);CRTS
54039.42615;18.58;0.16;CRTS;CRTS(CL);CRTS
54039.43058;18.52;0.15;CRTS;CRTS(CL);CRTS
54082.42662;18.29;0.12;CRTS;CRTS(CL);CRTS
54082.43314;18.42;0.13;CRTS;CRTS(CL);CRTS
54082.43966;18.44;0.13;CRTS;CRTS(CL);CRTS
54082.44618;18.51;0.13;CRTS;CRTS(CL);CRTS
54090.36033;18.36;0.12;CRTS;CRTS(CL);CRTS
54090.36576;18.67;0.14;CRTS;CRTS(CL);CRTS
54090.37116;18.45;0.13;CRTS;CRTS(CL);CRTS
54090.37661;18.62;0.13;CRTS;CRTS(CL);CRTS
54108.44235;18.89;0.16;CRTS;CRTS(CL);CRTS
54108.44779;18.86;0.16;CRTS;CRTS(CL);CRTS
54108.45327;18.1;0.11;CRTS;CRTS(CL);CRTS
54108.45873;18.43;0.13;CRTS;CRTS(CL);CRTS
54125.24987;18.56;0.13;CRTS;CRTS(CL);CRTS
54125.25958;18.62;0.14;CRTS;CRTS(CL);CRTS
54125.26931;18.38;0.12;CRTS;CRTS(CL);CRTS
54125.27904;18.31;0.12;CRTS;CRTS(CL);CRTS
54391.4571;18.51;0.13;CRTS;CRTS(CL);CRTS
54391.46373;18.46;0.13;CRTS;CRTS(CL);CRTS
54391.47024;18.53;0.13;CRTS;CRTS(CL);CRTS
54391.47682;18.57;0.13;CRTS;CRTS(CL);CRTS
54412.44902;18.28;0.12;CRTS;CRTS(CL);CRTS
54412.45387;18.48;0.13;CRTS;CRTS(CL);CRTS
54412.45875;18.28;0.12;CRTS;CRTS(CL);CRTS
54412.46359;18.36;0.12;CRTS;CRTS(CL);CRTS
54422.38651;18.29;0.12;CRTS;CRTS(CL);CRTS
54422.39405;18.57;0.13;CRTS;CRTS(CL);CRTS
54422.40163;18.52;0.13;CRTS;CRTS(CL);CRTS
54422.4092;18.28;0.12;CRTS;CRTS(CL);CRTS
54449.35794;18.38;0.12;CRTS;CRTS(CL);CRTS
54449.36452;18.25;0.12;CRTS;CRTS(CL);CRTS
54449.37109;18.31;0.12;CRTS;CRTS(CL);CRTS
54449.37773;18.59;0.13;CRTS;CRTS(CL);CRTS
54454.30972;18.64;0.14;CRTS;CRTS(CL);CRTS
54454.31471;18.51;0.13;CRTS;CRTS(CL);CRTS
54454.31974;18.55;0.13;CRTS;CRTS(CL);CRTS
54454.32475;18.17;0.11;CRTS;CRTS(CL);CRTS
54465.3812;18.2;0.11;CRTS;CRTS(CL);CRTS
54465.38769;18.37;0.12;CRTS;CRTS(CL);CRTS
54465.39421;18.3;0.12;CRTS;CRTS(CL);CRTS
54465.40071;18.6;0.13;CRTS;CRTS(CL);CRTS
54475.31695;18.25;0.12;CRTS;CRTS(CL);CRTS
54475.34228;18.49;0.13;CRTS;CRTS(CL);CRTS
54475.35378;18.44;0.13;CRTS;CRTS(CL);CRTS
54475.36019;18.46;0.13;CRTS;CRTS(CL);CRTS
54499.16885;18.3;0.12;CRTS;CRTS(CL);CRTS
54499.17378;18.33;0.12;CRTS;CRTS(CL);CRTS
54499.17868;18.33;0.12;CRTS;CRTS(CL);CRTS
54499.18361;18.23;0.12;CRTS;CRTS(CL);CRTS
54510.20047;18.73;0.14;CRTS;CRTS(CL);CRTS
54510.20704;18.24;0.12;CRTS;CRTS(CL);CRTS
54510.21362;18.41;0.13;CRTS;CRTS(CL);CRTS
54510.22019;18.53;0.13;CRTS;CRTS(CL);CRTS
54533.20487;18.62;0.14;CRTS;CRTS(CL);CRTS
54533.21184;18.44;0.14;CRTS;CRTS(CL);CRTS
54533.21884;18.46;0.13;CRTS;CRTS(CL);CRTS
54533.22584;18.43;0.13;CRTS;CRTS(CL);CRTS
54539.13595;18.33;0.12;CRTS;CRTS(CL);CRTS
54539.14299;18.75;0.15;CRTS;CRTS(CL);CRTS
54539.15005;18.19;0.12;CRTS;CRTS(CL);CRTS
54539.15708;18.87;0.15;CRTS;CRTS(CL);CRTS
54565.12275;18.64;0.14;CRTS;CRTS(CL);CRTS
54565.12818;18.48;0.13;CRTS;CRTS(CL);CRTS
54565.13359;18.38;0.13;CRTS;CRTS(CL);CRTS
54565.13914;18.46;0.13;CRTS;CRTS(CL);CRTS
54573.14709;18.75;0.15;CRTS;CRTS(CL);CRTS
54573.15415;18.29;0.12;CRTS;CRTS(CL);CRTS
54573.1612;18.95;0.16;CRTS;CRTS(CL);CRTS
54573.16826;18.05;0.11;CRTS;CRTS(CL);CRTS
54581.13377;18.29;0.15;CRTS;CRTS(CL);CRTS
54581.13961;18.51;0.17;CRTS;CRTS(CL);CRTS
54581.14549;18.35;0.16;CRTS;CRTS(CL);CRTS
54581.15135;18.38;0.16;CRTS;CRTS(CL);CRTS
54829.31336;18.28;0.12;CRTS;CRTS(CL);CRTS
54829.3205;18.7;0.14;CRTS;CRTS(CL);CRTS
54829.32773;18.32;0.12;CRTS;CRTS(CL);CRTS
54829.33491;18.64;0.14;CRTS;CRTS(CL);CRTS
54849.26356;18.5;0.13;CRTS;CRTS(CL);CRTS
54849.27136;18.12;0.11;CRTS;CRTS(CL);CRTS
54849.27924;18.67;0.14;CRTS;CRTS(CL);CRTS
54849.28722;18.44;0.13;CRTS;CRTS(CL);CRTS
54883.24357;18.5;0.13;CRTS;CRTS(CL);CRTS
54883.24965;18.25;0.12;CRTS;CRTS(CL);CRTS
54883.25565;18.03;0.11;CRTS;CRTS(CL);CRTS
54883.26168;18.34;0.12;CRTS;CRTS(CL);CRTS
54908.12566;18.61;0.14;CRTS;CRTS(CL);CRTS
54908.13236;18.45;0.13;CRTS;CRTS(CL);CRTS
54908.13907;18.3;0.12;CRTS;CRTS(CL);CRTS
54908.1458;18.29;0.12;CRTS;CRTS(CL);CRTS
54944.15556;18.39;0.12;CRTS;CRTS(CL);CRTS
54944.16279;18.34;0.13;CRTS;CRTS(CL);CRTS
54944.16997;18.48;0.13;CRTS;CRTS(CL);CRTS
54944.1773;18.45;0.13;CRTS;CRTS(CL);CRTS
54967.13786;17.81;0.16;CRTS;CRTS(CL);CRTS
54967.14014;18.55;0.22;CRTS;CRTS(CL);CRTS
54967.14237;18.52;0.22;CRTS;CRTS(CL);CRTS
55151.3805972;20.568124771118164;0.1332595944404602;PTF;PTF(R);PTF
55151.3820072;20.4920597076416;0.1514674723148346;PTF;PTF(R);PTF
55151.4255772;18.6883544921875;0.05413112789392471;PTF;PTF(R);PTF
55151.42598;18.35;0.12;CRTS;CRTS(CL);CRTS
55151.4270272;18.87410545349121;0.05921996384859085;PTF;PTF(R);PTF
55151.43782;18.58;0.14;CRTS;CRTS(CL);CRTS
55151.44954;18.52;0.13;CRTS;CRTS(CL);CRTS
55151.46115;18.55;0.13;CRTS;CRTS(CL);CRTS
55167.5307972;18.631866455078125;0.08875436335802078;PTF;PTF(R);PTF
55167.5407272;18.58130645751953;0.08315876871347427;PTF;PTF(R);PTF
55167.5506272;18.926620483398438;0.10246125608682632;PTF;PTF(R);PTF
55167.5605972;18.642494201660156;0.0848066583275795;PTF;PTF(R);PTF
55167.5706172;19.143583297729492;0.1385086476802826;PTF;PTF(R);PTF
55180.41719;18.72;0.14;CRTS;CRTS(CL);CRTS
55180.42467;18.55;0.13;CRTS;CRTS(CL);CRTS
55180.43224;18.48;0.13;CRTS;CRTS(CL);CRTS
55180.43981;18.33;0.12;CRTS;CRTS(CL);CRTS
55180.44735;18.29;0.12;CRTS;CRTS(CL);CRTS
55202.30437;18.25;0.12;CRTS;CRTS(CL);CRTS
55202.31011;18.32;0.12;CRTS;CRTS(CL);CRTS
55202.31587;18.25;0.12;CRTS;CRTS(CL);CRTS
55202.32159;18.48;0.13;CRTS;CRTS(CL);CRTS
55202.3278;18.65;0.14;CRTS;CRTS(CL);CRTS
55202.33362;18.47;0.13;CRTS;CRTS(CL);CRTS
55202.3394;18.62;0.14;CRTS;CRTS(CL);CRTS
55202.34518;18.53;0.13;CRTS;CRTS(CL);CRTS
55270.14518;18.53;0.13;CRTS;CRTS(CL);CRTS
55270.15086;18.47;0.13;CRTS;CRTS(CL);CRTS
55270.15649;18.71;0.14;CRTS;CRTS(CL);CRTS
55270.16213;18.5;0.13;CRTS;CRTS(CL);CRTS
55270.16784;18.38;0.13;CRTS;CRTS(CL);CRTS
55294.14875;18.56;0.14;CRTS;CRTS(CL);CRTS
55294.15384;18.38;0.13;CRTS;CRTS(CL);CRTS
55294.15896;18.24;0.12;CRTS;CRTS(CL);CRTS
55294.16408;18.6;0.14;CRTS;CRTS(CL);CRTS
55303.6223106;15.129;0.322;ALLWISE;WISE(W2);ALLWISE
55303.6223106;15.224;0.129;ALLWISE;WISE(W1);ALLWISE
55304.0192232;15.647;0.187;ALLWISE;WISE(W1);ALLWISE
55304.0192232;15.292;0.421;ALLWISE;WISE(W2);ALLWISE
55304.1515274;15.393;0.14;ALLWISE;WISE(W1);ALLWISE
55304.1516547;15.364;0.138;ALLWISE;WISE(W1);ALLWISE
55304.1516547;15.037;0.307;ALLWISE;WISE(W2);ALLWISE
55304.283959;15.502;0.143;ALLWISE;WISE(W1);ALLWISE
55304.3500474;15.338;0.41;ALLWISE;WISE(W2);ALLWISE
55304.3500474;15.596;0.162;ALLWISE;WISE(W1);ALLWISE
55304.4162632;14.984;0.313;ALLWISE;WISE(W2);ALLWISE
55304.4162632;15.449;0.144;ALLWISE;WISE(W1);ALLWISE
55304.4823516;14.5;0.205;ALLWISE;WISE(W2);ALLWISE
55304.4823516;15.393;0.139;ALLWISE;WISE(W1);ALLWISE
55304.5485674;14.702;0.238;ALLWISE;WISE(W2);ALLWISE
55304.5485674;15.321;0.131;ALLWISE;WISE(W1);ALLWISE
55304.6146558;15.561;0.165;ALLWISE;WISE(W1);ALLWISE
55304.6146558;14.722;0.242;ALLWISE;WISE(W2);ALLWISE
55304.74696;15.503;0.151;ALLWISE;WISE(W1);ALLWISE
55304.74696;15.057;0.334;ALLWISE;WISE(W2);ALLWISE
55304.8792642;15.518;0.152;ALLWISE;WISE(W1);ALLWISE
55304.8792642;15.172;0.351;ALLWISE;WISE(W2);ALLWISE
55337.14459;18.72;0.18;CRTS;CRTS(CL);CRTS
55337.15073;18.74;0.19;CRTS;CRTS(CL);CRTS
55337.15345;18.46;0.17;CRTS;CRTS(CL);CRTS
55483.45923;18.61;0.14;CRTS;CRTS(CL);CRTS
55483.47322;18.62;0.14;CRTS;CRTS(CL);CRTS
55483.48025;18.21;0.12;CRTS;CRTS(CL);CRTS
55495.017373;14.542;0.212;ALLWISE;WISE(W2);ALLWISE
55495.017373;15.699;0.175;ALLWISE;WISE(W1);ALLWISE
55495.149677;14.577;0.216;ALLWISE;WISE(W2);ALLWISE
55495.149677;15.901;0.242;ALLWISE;WISE(W1);ALLWISE
55495.2819808;16.414;0.326;ALLWISE;WISE(W1);ALLWISE
55495.2819808;14.297;0.167;ALLWISE;WISE(W2);ALLWISE
55495.3480692;15.342;0.127;ALLWISE;WISE(W1);ALLWISE
55495.3480692;14.559;0.212;ALLWISE;WISE(W2);ALLWISE
55495.4141575;15.306;0.151;ALLWISE;WISE(W1);ALLWISE
55495.4141575;15.008;0.34;ALLWISE;WISE(W2);ALLWISE
55495.4803731;15.768;0.196;ALLWISE;WISE(W1);ALLWISE
55495.4803731;15.164;0.453;ALLWISE;WISE(W2);ALLWISE
55495.5464614;16.324;0.343;ALLWISE;WISE(W1);ALLWISE
55495.5464614;15.069;0.352;ALLWISE;WISE(W2);ALLWISE
55495.6125498;15.843;0.214;ALLWISE;WISE(W1);ALLWISE
55495.6125498;15.114;0.362;ALLWISE;WISE(W2);ALLWISE
55495.7448538;15.434;0.158;ALLWISE;WISE(W1);ALLWISE
55495.7448538;14.96;0.319;ALLWISE;WISE(W2);ALLWISE
55495.8771577;15.403;0.143;ALLWISE;WISE(W1);ALLWISE
55496.0094617;15.126;0.388;ALLWISE;WISE(W2);ALLWISE
55496.0094617;15.577;0.169;ALLWISE;WISE(W1);ALLWISE
55512.44001;18.54;0.13;CRTS;CRTS(CL);CRTS
55512.45519;18.29;0.12;CRTS;CRTS(CL);CRTS
55512.46276;18.43;0.13;CRTS;CRTS(CL);CRTS
55532.48579;18.33;0.12;CRTS;CRTS(CL);CRTS
55532.49851;18.43;0.13;CRTS;CRTS(CL);CRTS
55532.50491;18.45;0.13;CRTS;CRTS(CL);CRTS
55545.36566;18.48;0.13;CRTS;CRTS(CL);CRTS
55545.38422;18.39;0.13;CRTS;CRTS(CL);CRTS
55545.39349;18.47;0.13;CRTS;CRTS(CL);CRTS
55572.30235;18.42;0.13;CRTS;CRTS(CL);CRTS
55572.30808;18.49;0.13;CRTS;CRTS(CL);CRTS
55572.31386;18.44;0.13;CRTS;CRTS(CL);CRTS
55572.31958;18.58;0.14;CRTS;CRTS(CL);CRTS
55586.28868;18.48;0.13;CRTS;CRTS(CL);CRTS
55586.29553;18.5;0.14;CRTS;CRTS(CL);CRTS
55586.30245;18.48;0.14;CRTS;CRTS(CL);CRTS
55586.30945;18.36;0.13;CRTS;CRTS(CL);CRTS
55587.26625;18.27;0.12;CRTS;CRTS(CL);CRTS
55587.27317;18.42;0.13;CRTS;CRTS(CL);CRTS
55587.28005;18.49;0.13;CRTS;CRTS(CL);CRTS
55587.28696;18.61;0.14;CRTS;CRTS(CL);CRTS
55624.19292;18.5;0.12;CRTS;CRTS(CL);CRTS
55624.2025;18.65;0.13;CRTS;CRTS(CL);CRTS
55624.21207;18.66;0.13;CRTS;CRTS(CL);CRTS
55624.22167;18.55;0.12;CRTS;CRTS(CL);CRTS
55631.1129;18.4;0.16;CRTS;CRTS(CL);CRTS
55631.11826;18.58;0.17;CRTS;CRTS(CL);CRTS
55631.13657;18.27;0.15;CRTS;CRTS(CL);CRTS
55631.14427;18.69;0.18;CRTS;CRTS(CL);CRTS
55683.16678;18.15;0.12;CRTS;CRTS(CL);CRTS
55683.17537;18.48;0.14;CRTS;CRTS(CL);CRTS
55683.18408;18.56;0.14;CRTS;CRTS(CL);CRTS
55683.19276;18.63;0.15;CRTS;CRTS(CL);CRTS
55856.46799;18.48;0.13;CRTS;CRTS(CL);CRTS
55856.476;18.16;0.12;CRTS;CRTS(CL);CRTS
55856.484;18.58;0.14;CRTS;CRTS(CL);CRTS
55856.49192;18.53;0.13;CRTS;CRTS(CL);CRTS
55893.38859;18.57;0.14;CRTS;CRTS(CL);CRTS
55893.39385;18.54;0.13;CRTS;CRTS(CL);CRTS
55893.39908;18.25;0.12;CRTS;CRTS(CL);CRTS
55893.40426;18.27;0.12;CRTS;CRTS(CL);CRTS
55925.42233;18.58;0.14;CRTS;CRTS(CL);CRTS
55925.428;18.57;0.13;CRTS;CRTS(CL);CRTS
55925.43369;18.54;0.13;CRTS;CRTS(CL);CRTS
55925.43939;18.42;0.13;CRTS;CRTS(CL);CRTS
55947.27474;18.27;0.12;CRTS;CRTS(CL);CRTS
55947.27984;18.3;0.12;CRTS;CRTS(CL);CRTS
55947.28493;18.31;0.12;CRTS;CRTS(CL);CRTS
55947.29;18.43;0.13;CRTS;CRTS(CL);CRTS
55958.18981;18.5;0.13;CRTS;CRTS(CL);CRTS
55958.1954;18.45;0.13;CRTS;CRTS(CL);CRTS
55958.20454;18.16;0.12;CRTS;CRTS(CL);CRTS
55958.21353;18.74;0.15;CRTS;CRTS(CL);CRTS
55967.23135;18.4;0.13;CRTS;CRTS(CL);CRTS
55967.23932;18.05;0.11;CRTS;CRTS(CL);CRTS
55967.2478;18.42;0.13;CRTS;CRTS(CL);CRTS
55967.25568;18.63;0.14;CRTS;CRTS(CL);CRTS
55983.19558;18.48;0.13;CRTS;CRTS(CL);CRTS
55983.2007;18.52;0.13;CRTS;CRTS(CL);CRTS
55983.20576;18.48;0.13;CRTS;CRTS(CL);CRTS
55983.21089;18.72;0.14;CRTS;CRTS(CL);CRTS
56000.15888;18.45;0.13;CRTS;CRTS(CL);CRTS
56000.16396;18.41;0.13;CRTS;CRTS(CL);CRTS
56000.16904;18.34;0.12;CRTS;CRTS(CL);CRTS
56000.17502;18.46;0.13;CRTS;CRTS(CL);CRTS
56010.1584772;18.43878173828125;0.08314120024442673;PTF;PTF(R);PTF
56010.2071872;18.5060977935791;0.08150484412908554;PTF;PTF(R);PTF
56015.12156;18.34;0.13;CRTS;CRTS(CL);CRTS
56015.12833;18.34;0.13;CRTS;CRTS(CL);CRTS
56015.13516;18.4;0.13;CRTS;CRTS(CL);CRTS
56015.14193;18.3;0.12;CRTS;CRTS(CL);CRTS
56034.1278;18.53;0.48;CRTS;CRTS(CL);CRTS
56034.13315;18.65;0.51;CRTS;CRTS(CL);CRTS
56034.13583;18.83;0.57;CRTS;CRTS(CL);CRTS
56035.12703;18.56;0.14;CRTS;CRTS(CL);CRTS
56035.13275;18.29;0.12;CRTS;CRTS(CL);CRTS
56035.13845;18.47;0.13;CRTS;CRTS(CL);CRTS
56035.1442;18.62;0.14;CRTS;CRTS(CL);CRTS
56215.45213;18.37;0.13;CRTS;CRTS(CL);CRTS
56215.45952;18.25;0.12;CRTS;CRTS(CL);CRTS
56215.46693;18.47;0.13;CRTS;CRTS(CL);CRTS
56215.47432;18.51;0.14;CRTS;CRTS(CL);CRTS
56227.42811;18.72;0.17;CRTS;CRTS(CL);CRTS
56227.43519;18.08;0.13;CRTS;CRTS(CL);CRTS
56227.44224;18.46;0.15;CRTS;CRTS(CL);CRTS
56227.44932;18.66;0.16;CRTS;CRTS(CL);CRTS
56295.33832;18.54;0.14;CRTS;CRTS(CL);CRTS
56295.3457;18.48;0.13;CRTS;CRTS(CL);CRTS
56295.35311;18.35;0.12;CRTS;CRTS(CL);CRTS
56295.36049;18.62;0.14;CRTS;CRTS(CL);CRTS
56302.27752;18.44;0.14;CRTS;CRTS(CL);CRTS
56302.28368;18.52;0.15;CRTS;CRTS(CL);CRTS
56302.28987;18.54;0.16;CRTS;CRTS(CL);CRTS
56302.29614;18.27;0.14;CRTS;CRTS(CL);CRTS
56308.32679;18.42;0.11;CRTS;CRTS(CL);CRTS
56308.33287;18.31;0.11;CRTS;CRTS(CL);CRTS
56308.33903;18.55;0.12;CRTS;CRTS(CL);CRTS
56308.3452;18.49;0.12;CRTS;CRTS(CL);CRTS
56324.2402;18.39;0.13;CRTS;CRTS(CL);CRTS
56324.24518;18.38;0.13;CRTS;CRTS(CL);CRTS
56324.25027;18.19;0.12;CRTS;CRTS(CL);CRTS
56324.25535;18.44;0.13;CRTS;CRTS(CL);CRTS
56330.26941;18.41;0.13;CRTS;CRTS(CL);CRTS
56330.27459;18.28;0.12;CRTS;CRTS(CL);CRTS
56330.28001;18.48;0.13;CRTS;CRTS(CL);CRTS
56330.28518;18.52;0.14;CRTS;CRTS(CL);CRTS
56358.1829;18.38;0.13;CRTS;CRTS(CL);CRTS
56358.19021;18.48;0.13;CRTS;CRTS(CL);CRTS
56358.1975;18.46;0.13;CRTS;CRTS(CL);CRTS
56358.20486;18.42;0.13;CRTS;CRTS(CL);CRTS
56368.19999;18.67;0.15;CRTS;CRTS(CL);CRTS
56368.20778;18.43;0.13;CRTS;CRTS(CL);CRTS
56368.21568;18.46;0.13;CRTS;CRTS(CL);CRTS
56368.22354;18.45;0.13;CRTS;CRTS(CL);CRTS
56397.13051;18.45;0.13;CRTS;CRTS(CL);CRTS
56397.13766;18.71;0.15;CRTS;CRTS(CL);CRTS
56397.14491;18.64;0.14;CRTS;CRTS(CL);CRTS
56397.15223;18.2;0.12;CRTS;CRTS(CL);CRTS
56596.42367;18.45;0.13;CRTS;CRTS(CL);CRTS
56596.43451;18.45;0.13;CRTS;CRTS(CL);CRTS
56596.44533;18.43;0.13;CRTS;CRTS(CL);CRTS
56596.45617;18.35;0.13;CRTS;CRTS(CL);CRTS
56724.3597172;18.389978408813477;0.0927305519580841;PTF;PTF(R);PTF
56724.3771872;18.556148529052734;0.10683991014957428;PTF;PTF(R);PTF
56959.59606216;15.161;0.396;NEOWISE;WISE(W2);NEOWISE
56959.59606216;15.298;0.128;NEOWISE;WISE(W1);NEOWISE
56959.72760221;15.221;0.114;NEOWISE;WISE(W1);NEOWISE
56959.72760221;15.012;0.438;NEOWISE;WISE(W2);NEOWISE
56959.85901494;15.397;0.176;NEOWISE;WISE(W1);NEOWISE
56959.8591423;15.197;0.11;NEOWISE;WISE(W1);NEOWISE
56959.99055499;15.076;0.487;NEOWISE;WISE(W2);NEOWISE
56959.99055499;15.233;0.156;NEOWISE;WISE(W1);NEOWISE
56960.05626138;14.772;0.296;NEOWISE;WISE(W2);NEOWISE
56960.05626138;15.592;0.164;NEOWISE;WISE(W1);NEOWISE
56960.05638869;15.156;0.48;NEOWISE;WISE(W2);NEOWISE
56960.05638869;15.538;0.235;NEOWISE;WISE(W1);NEOWISE
56960.12209508;15.259;0.122;NEOWISE;WISE(W1);NEOWISE
56960.12209508;14.682;0.256;NEOWISE;WISE(W2);NEOWISE
56960.18780142;14.991;0.397;NEOWISE;WISE(W2);NEOWISE
56960.18780142;15.368;0.134;NEOWISE;WISE(W1);NEOWISE
56960.25363513;15.135;0.118;NEOWISE;WISE(W1);NEOWISE
56960.25363513;14.933;0.359;NEOWISE;WISE(W2);NEOWISE
56960.31934147;15.33;0.187;NEOWISE;WISE(W1);NEOWISE
56960.45088156;15.403;0.147;NEOWISE;WISE(W1);NEOWISE
56960.5822967;14.911;0.393;NEOWISE;WISE(W2);NEOWISE
56960.5822967;15.592;0.225;NEOWISE;WISE(W1);NEOWISE
56979.5100072;18.417503356933594;0.08242080360651016;PTF;PTF(R);PTF
56979.5599772;18.51015853881836;0.09321851283311844;PTF;PTF(R);PTF
56980.5024372;18.53598976135254;0.12764956057071686;PTF;PTF(R);PTF
56981.4839872;18.540258407592773;0.05383085831999779;PTF;PTF(R);PTF
56981.5284872;18.304996490478516;0.05855830758810043;PTF;PTF(R);PTF
56983.4928072;18.567398071289062;0.05514322966337204;PTF;PTF(R);PTF
56983.5363972;18.608144760131836;0.04797301068902016;PTF;PTF(R);PTF
57127.15739513;15.091;0.125;NEOWISE;WISE(W1);NEOWISE
57127.15739513;15.148;0.377;NEOWISE;WISE(W2);NEOWISE
57127.28868076;15.376;0.16;NEOWISE;WISE(W1);NEOWISE
57127.41996645;15.436;0.139;NEOWISE;WISE(W1);NEOWISE
57127.41996645;15.18;0.376;NEOWISE;WISE(W2);NEOWISE
57127.55125213;14.912;0.341;NEOWISE;WISE(W2);NEOWISE
57127.55125213;15.286;0.127;NEOWISE;WISE(W1);NEOWISE
57127.61695861;15.237;0.123;NEOWISE;WISE(W1);NEOWISE
57127.68253781;15.278;0.47;NEOWISE;WISE(W2);NEOWISE
57127.68253781;15.061;0.108;NEOWISE;WISE(W1);NEOWISE
57127.74824429;15.246;0.119;NEOWISE;WISE(W1);NEOWISE
57127.74824429;15.009;0.458;NEOWISE;WISE(W2);NEOWISE
57127.81382345;14.389;0.292;NEOWISE;WISE(W2);NEOWISE
57127.81382345;15.206;0.121;NEOWISE;WISE(W1);NEOWISE
57127.87952998;15.261;0.183;NEOWISE;WISE(W1);NEOWISE
57127.87952998;14.774;0.443;NEOWISE;WISE(W2);NEOWISE
57128.01081566;15.45;0.145;NEOWISE;WISE(W1);NEOWISE
57128.14210134;15.081;0.365;NEOWISE;WISE(W2);NEOWISE
57128.14210134;15.37;0.135;NEOWISE;WISE(W1);NEOWISE
57321.59034234;15.23;0.122;NEOWISE;WISE(W1);NEOWISE
57321.72150059;15.383;0.146;NEOWISE;WISE(W1);NEOWISE
57321.85265884;15.236;0.18;NEOWISE;WISE(W1);NEOWISE
57321.85265884;14.589;0.235;NEOWISE;WISE(W2);NEOWISE
57321.91823802;15.247;0.138;NEOWISE;WISE(W1);NEOWISE
57321.91823802;14.931;0.33;NEOWISE;WISE(W2);NEOWISE
57321.91836534;15.241;0.165;NEOWISE;WISE(W1);NEOWISE
57321.91836534;15.353;0.494;NEOWISE;WISE(W2);NEOWISE
57321.98394451;15.139;0.113;NEOWISE;WISE(W1);NEOWISE
57321.98394451;14.128;0.262;NEOWISE;WISE(W2);NEOWISE
57322.04952363;15.181;0.119;NEOWISE;WISE(W1);NEOWISE
57322.18068193;14.746;0.29;NEOWISE;WISE(W2);NEOWISE
57322.18068193;15.291;0.141;NEOWISE;WISE(W1);NEOWISE
57322.3118402;15.537;0.159;NEOWISE;WISE(W1);NEOWISE
57322.44299845;14.95;0.33;NEOWISE;WISE(W2);NEOWISE
57322.44299845;16.303;0.341;NEOWISE;WISE(W1);NEOWISE
57329.39502064;14.672;0.151;NEOWISE;WISE(W1);NEOWISE
57329.39502064;14.046;0.485;NEOWISE;WISE(W2);NEOWISE
57486.17430359;15.11;0.104;NEOWISE;WISE(W1);NEOWISE
57486.30533486;15.464;0.148;NEOWISE;WISE(W1);NEOWISE
57486.30533486;14.807;0.366;NEOWISE;WISE(W2);NEOWISE
57486.43636615;15.506;0.156;NEOWISE;WISE(W1);NEOWISE
57486.43636615;15.5;0.487;NEOWISE;WISE(W2);NEOWISE
57486.43649346;14.935;0.348;NEOWISE;WISE(W2);NEOWISE
57486.43649346;15.041;0.106;NEOWISE;WISE(W1);NEOWISE
57486.50194542;15.315;0.42;NEOWISE;WISE(W2);NEOWISE
57486.50194542;15.617;0.198;NEOWISE;WISE(W1);NEOWISE
57486.56752469;15.323;0.119;NEOWISE;WISE(W1);NEOWISE
57486.63297665;14.734;0.268;NEOWISE;WISE(W2);NEOWISE
57486.63297665;15.41;0.216;NEOWISE;WISE(W1);NEOWISE
57486.69855597;15.176;0.114;NEOWISE;WISE(W1);NEOWISE
57486.76413529;15.26;0.121;NEOWISE;WISE(W1);NEOWISE
57486.76413529;15.272;0.484;NEOWISE;WISE(W2);NEOWISE
57487.0261978;15.148;0.105;NEOWISE;WISE(W1);NEOWISE
57487.15722909;15.128;0.367;NEOWISE;WISE(W2);NEOWISE
57487.15722909;15.181;0.111;NEOWISE;WISE(W1);NEOWISE
57487.15735645;15.308;0.405;NEOWISE;WISE(W2);NEOWISE
57487.15735645;15.049;0.113;NEOWISE;WISE(W1);NEOWISE
57688.58784001;15.559;0.162;NEOWISE;WISE(W1);NEOWISE
57688.58784001;14.771;0.301;NEOWISE;WISE(W2);NEOWISE
57688.58796734;15.095;0.148;NEOWISE;WISE(W1);NEOWISE
57688.71887135;15.082;0.107;NEOWISE;WISE(W1);NEOWISE
57688.91548194;14.73;0.197;NEOWISE;WISE(W1);NEOWISE
57688.98093398;15.823;0.229;NEOWISE;WISE(W1);NEOWISE
57688.98093398;14.661;0.31;NEOWISE;WISE(W2);NEOWISE
57689.04638596;14.731;0.399;NEOWISE;WISE(W2);NEOWISE
57689.04638596;15.074;0.143;NEOWISE;WISE(W1);NEOWISE
57689.11196527;15.227;0.141;NEOWISE;WISE(W1);NEOWISE
57689.11196527;14.748;0.332;NEOWISE;WISE(W2);NEOWISE
57689.17741725;14.928;0.378;NEOWISE;WISE(W2);NEOWISE
57689.17741725;15.191;0.112;NEOWISE;WISE(W1);NEOWISE
57689.30844859;14.761;0.378;NEOWISE;WISE(W2);NEOWISE
57689.30844859;15.416;0.138;NEOWISE;WISE(W1);NEOWISE
57689.43947987;14.92;0.536;NEOWISE;WISE(W2);NEOWISE
57689.43947987;15.321;0.259;NEOWISE;WISE(W1);NEOWISE
57689.57051116;14.674;0.31;NEOWISE;WISE(W2);NEOWISE
57689.57051116;15.305;0.139;NEOWISE;WISE(W1);NEOWISE
57846.7206124;15.426;0.208;NEOWISE;WISE(W1);NEOWISE
57846.85151647;15.707;0.194;NEOWISE;WISE(W1);NEOWISE
57846.98254789;15.347;0.204;NEOWISE;WISE(W1);NEOWISE
57846.98254789;14.573;0.405;NEOWISE;WISE(W2);NEOWISE
57847.04799991;15.207;0.121;NEOWISE;WISE(W1);NEOWISE
57847.11345197;15.145;0.12;NEOWISE;WISE(W1);NEOWISE
57847.17903134;15.337;0.163;NEOWISE;WISE(W1);NEOWISE
57847.30993542;15.281;0.147;NEOWISE;WISE(W1);NEOWISE
57847.44083943;15.921;0.409;NEOWISE;WISE(W1);NEOWISE
57847.44083943;15.264;0.199;NEOWISE;WISE(W1);NEOWISE
57847.44096679;15.456;0.193;NEOWISE;WISE(W1);NEOWISE
57847.57187087;15.365;0.219;NEOWISE;WISE(W1);NEOWISE
57849.60177101;14.741;0.473;NEOWISE;WISE(W2);NEOWISE
57849.60177101;15.241;0.144;NEOWISE;WISE(W1);NEOWISE
57849.73267491;15.322;0.202;NEOWISE;WISE(W1);NEOWISE
57849.86370623;14.754;0.444;NEOWISE;WISE(W2);NEOWISE
57849.86370623;15.235;0.158;NEOWISE;WISE(W1);NEOWISE
57849.92915825;15.292;0.133;NEOWISE;WISE(W1);NEOWISE
57849.99461023;15.585;0.179;NEOWISE;WISE(W1);NEOWISE
57849.99461023;14.573;0.453;NEOWISE;WISE(W2);NEOWISE
57850.06006221;15.456;0.173;NEOWISE;WISE(W1);NEOWISE
57850.06006221;14.524;0.335;NEOWISE;WISE(W2);NEOWISE
57850.12564155;15.323;0.131;NEOWISE;WISE(W1);NEOWISE
57850.12564155;14.601;0.379;NEOWISE;WISE(W2);NEOWISE
57850.19109347;15.134;0.144;NEOWISE;WISE(W1);NEOWISE
57850.19109347;14.89;0.491;NEOWISE;WISE(W2);NEOWISE
57850.32199743;15.347;0.145;NEOWISE;WISE(W1);NEOWISE
57850.4530287;15.227;0.126;NEOWISE;WISE(W1);NEOWISE
57850.58393266;15.134;0.121;NEOWISE;WISE(W1);NEOWISE
58052.79230038;15.412;0.136;NEOWISE;WISE(W1);NEOWISE
58052.7924277;14.514;0.255;NEOWISE;WISE(W2);NEOWISE
58052.7924277;15.358;0.21;NEOWISE;WISE(W1);NEOWISE
58052.92333119;15.41;0.148;NEOWISE;WISE(W1);NEOWISE
58052.92333119;14.506;0.232;NEOWISE;WISE(W2);NEOWISE
58053.0542346;14.904;0.468;NEOWISE;WISE(W2);NEOWISE
58053.0542346;15.238;0.149;NEOWISE;WISE(W1);NEOWISE
58053.18513804;15.442;0.151;NEOWISE;WISE(W1);NEOWISE
58053.25058979;14.875;0.325;NEOWISE;WISE(W2);NEOWISE
58053.25058979;15.375;0.148;NEOWISE;WISE(W1);NEOWISE
58053.31604145;15.013;0.436;NEOWISE;WISE(W2);NEOWISE
58053.31604145;15.872;0.246;NEOWISE;WISE(W1);NEOWISE
58053.38149319;15.292;0.131;NEOWISE;WISE(W1);NEOWISE
58053.44694494;15.236;0.51;NEOWISE;WISE(W2);NEOWISE
58053.44694494;15.554;0.187;NEOWISE;WISE(W1);NEOWISE
58053.44707226;15.598;0.167;NEOWISE;WISE(W1);NEOWISE
58053.512524;14.99;0.11;NEOWISE;WISE(W1);NEOWISE
58053.64342736;14.701;0.308;NEOWISE;WISE(W2);NEOWISE
58053.64342736;15.193;0.12;NEOWISE;WISE(W1);NEOWISE
58053.77433086;14.947;0.348;NEOWISE;WISE(W2);NEOWISE
58053.77433086;15.011;0.104;NEOWISE;WISE(W1);NEOWISE
58210.17647272;15.215;0.122;NEOWISE;WISE(W1);NEOWISE
58210.30737626;14.832;0.306;NEOWISE;WISE(W2);NEOWISE
58210.30737626;15.313;0.121;NEOWISE;WISE(W1);NEOWISE
58210.4382799;16.085;0.278;NEOWISE;WISE(W1);NEOWISE
58210.50373167;15.311;0.397;NEOWISE;WISE(W2);NEOWISE
58210.50373167;15.381;0.128;NEOWISE;WISE(W1);NEOWISE
58210.5691835;15.223;0.115;NEOWISE;WISE(W1);NEOWISE
58210.63463527;15.259;0.152;NEOWISE;WISE(W1);NEOWISE
58210.63463527;14.976;0.361;NEOWISE;WISE(W2);NEOWISE
58210.70008704;15.232;0.414;NEOWISE;WISE(W2);NEOWISE
58210.70008704;15.39;0.134;NEOWISE;WISE(W1);NEOWISE
58210.76553885;15.17;0.151;NEOWISE;WISE(W1);NEOWISE
58210.76553885;14.795;0.29;NEOWISE;WISE(W2);NEOWISE
58210.89644244;15.096;0.378;NEOWISE;WISE(W2);NEOWISE
58210.89644244;15.39;0.135;NEOWISE;WISE(W1);NEOWISE
58211.02734613;15.425;0.138;NEOWISE;WISE(W1);NEOWISE
58211.02734613;14.904;0.352;NEOWISE;WISE(W2);NEOWISE
58211.15812241;14.956;0.293;NEOWISE;WISE(W2);NEOWISE
58211.15812241;15.246;0.118;NEOWISE;WISE(W1);NEOWISE
58211.15824977;15.57;0.164;NEOWISE;WISE(W1);NEOWISE
58211.15824977;15.341;0.398;NEOWISE;WISE(W2);NEOWISE
58217.1574074;19.0606441;0.0682314113;ZTF;ZTF(zr);ZTF
58217.1811458;19.3810272;0.087297447;ZTF;ZTF(zr);ZTF
58227.1475463;19.2930374;0.0815962106;ZTF;ZTF(zr);ZTF
58227.1726157;20.2062225;0.128054723;ZTF;ZTF(zg);ZTF
58244.1582523;19.4821739;0.0943131372;ZTF;ZTF(zr);ZTF
58247.173206;20.1924477;0.126782358;ZTF;ZTF(zg);ZTF
58247.2193403;19.4124832;0.0894255564;ZTF;ZTF(zr);ZTF
58263.1737963;19.3576469;0.0857466161;ZTF;ZTF(zr);ZTF
58370.5046296;19.1355934;0.0722838938;ZTF;ZTF(zr);ZTF
58373.5052662;20.0248032;0.112119541;ZTF;ZTF(zg);ZTF
58376.5195833;19.3143425;0.0829430968;ZTF;ZTF(zr);ZTF
58379.4839005;19.8928108;0.101640269;ZTF;ZTF(zg);ZTF
58379.5266782;19.2092457;0.0765019208;ZTF;ZTF(zr);ZTF
58382.5225116;19.363554;0.0861360207;ZTF;ZTF(zr);ZTF
58385.4939468;19.8097401;0.0955145657;ZTF;ZTF(zg);ZTF
58385.5248611;19.3612823;0.0859860629;ZTF;ZTF(zr);ZTF
58417.06206478;15.261;0.126;NEOWISE;WISE(W1);NEOWISE
58417.19296811;15.349;0.137;NEOWISE;WISE(W1);NEOWISE
58417.32387144;15.67;0.177;NEOWISE;WISE(W1);NEOWISE
58417.38932313;15.367;0.491;NEOWISE;WISE(W2);NEOWISE
58417.38932313;15.525;0.164;NEOWISE;WISE(W1);NEOWISE
58417.45477481;15.969;0.228;NEOWISE;WISE(W1);NEOWISE
58417.5200991;15.59;0.165;NEOWISE;WISE(W1);NEOWISE
58417.5200991;14.774;0.398;NEOWISE;WISE(W2);NEOWISE
58417.52022646;14.76;0.192;NEOWISE;WISE(W1);NEOWISE
58417.58555078;15.402;0.17;NEOWISE;WISE(W1);NEOWISE
58417.65100247;15.431;0.147;NEOWISE;WISE(W1);NEOWISE
58417.65100247;14.951;0.34;NEOWISE;WISE(W2);NEOWISE
58417.7819058;15.266;0.13;NEOWISE;WISE(W1);NEOWISE
58417.91280922;15.435;0.19;NEOWISE;WISE(W1);NEOWISE
58418.04371255;14.972;0.097;NEOWISE;WISE(W1);NEOWISE
58418.04371255;14.625;0.284;NEOWISE;WISE(W2);NEOWISE
58423.4783102;19.9478874;0.10590034;ZTF;ZTF(zg);ZTF
58423.5185764;19.1441326;0.0727608427;ZTF;ZTF(zr);ZTF
58424.4929977;19.1422119;0.072653234;ZTF;ZTF(zr);ZTF
58426.4569792;20.0108852;0.110970765;ZTF;ZTF(zg);ZTF
58426.5038773;19.2530117;0.0791227892;ZTF;ZTF(zr);ZTF
58428.4919329;18.9704666;0.06366238;ZTF;ZTF(zr);ZTF
58429.454838;20.0323334;0.11274562;ZTF;ZTF(zg);ZTF
58429.5064236;19.1761093;0.074574776;ZTF;ZTF(zr);ZTF
58429.5418519;19.4154167;0.0771784261;ZTF;ZTF(zr);ZTF
58430.3912963;20.1853809;0.126133516;ZTF;ZTF(zg);ZTF
58430.4071759;20.2110367;0.110312782;ZTF;ZTF(zg);ZTF
58432.3930671;19.2928829;0.081586495;ZTF;ZTF(zr);ZTF
58432.4998958;20.2310143;0.130370826;ZTF;ZTF(zg);ZTF
58432.5074074;19.3303185;0.0839670822;ZTF;ZTF(zr);ZTF
58435.5180208;18.7843666;0.0552213676;ZTF;ZTF(zr);ZTF
58437.4795139;20.23069;0.130340338;ZTF;ZTF(zg);ZTF
58438.4571296;20.1505585;0.12297567;ZTF;ZTF(zg);ZTF
58438.4605324;20.2808647;0.135127202;ZTF;ZTF(zg);ZTF
58438.5180787;19.3545284;0.0855417475;ZTF;ZTF(zr);ZTF
58439.3553935;19.60919;0.103847176;ZTF;ZTF(zr);ZTF
58439.3695602;19.2967205;0.0706767514;ZTF;ZTF(zr);ZTF
58441.391713;19.4256172;0.0903284177;ZTF;ZTF(zr);ZTF
58441.4787731;20.2332268;0.130579129;ZTF;ZTF(zg);ZTF
58447.4576157;19.1493206;0.0730521083;ZTF;ZTF(zr);ZTF
58447.5021412;19.4300423;0.090634495;ZTF;ZTF(zr);ZTF
58448.4655556;18.9487457;0.0544401184;ZTF;ZTF(zr);ZTF
58455.4982639;19.3369732;0.0843971297;ZTF;ZTF(zr);ZTF
58461.388044;19.2141228;0.0767897591;ZTF;ZTF(zr);ZTF
58464.2961458;19.0544605;0.0679075718;ZTF;ZTF(zr);ZTF
58465.3878356;19.1379204;0.0724135339;ZTF;ZTF(zr);ZTF
58468.4378125;20.3355713;0.119060934;ZTF;ZTF(zg);ZTF
58471.4951273;19.1995316;0.0759319514;ZTF;ZTF(zr);ZTF
58472.4064931;19.3339539;0.0726616383;ZTF;ZTF(zr);ZTF
58472.4281713;19.595417;0.102773659;ZTF;ZTF(zr);ZTF
58472.4955208;20.1614723;0.123958372;ZTF;ZTF(zg);ZTF
58475.4845833;19.3937187;0.0881503448;ZTF;ZTF(zr);ZTF
58480.4225579;19.2319641;0.077851586;ZTF;ZTF(zr);ZTF
58481.4237963;19.2544804;0.0684846565;ZTF;ZTF(zr);ZTF
58481.4242593;19.3323402;0.084097527;ZTF;ZTF(zr);ZTF
58486.4539236;19.2694054;0.0801269189;ZTF;ZTF(zr);ZTF
58491.2545139;18.9173927;0.0611233748;ZTF;ZTF(zr);ZTF
58494.3063426;19.2156448;0.0768797323;ZTF;ZTF(zr);ZTF
58495.2610995;19.9481201;0.105918653;ZTF;ZTF(zg);ZTF
58505.2752662;18.6843243;0.0511914752;ZTF;ZTF(zr);ZTF
58505.3268866;19.2758827;0.0805271119;ZTF;ZTF(zr);ZTF
58505.3677778;18.7664185;0.0544734187;ZTF;ZTF(zr);ZTF
58505.380787;18.7589989;0.0541674681;ZTF;ZTF(zr);ZTF
58506.2806134;19.2659874;0.0799165592;ZTF;ZTF(zr);ZTF
58506.2965856;19.3439941;0.0848531872;ZTF;ZTF(zr);ZTF
58506.3127778;19.2706509;0.0802037343;ZTF;ZTF(zr);ZTF
58506.3299306;19.218914;0.0770734847;ZTF;ZTF(zr);ZTF
58506.3475347;19.1490631;0.0730376318;ZTF;ZTF(zr);ZTF
58506.365162;19.2690372;0.0801042318;ZTF;ZTF(zr);ZTF
58506.3816319;19.2590599;0.0794918388;ZTF;ZTF(zr);ZTF
58506.3978472;19.1588612;0.0735907853;ZTF;ZTF(zr);ZTF
58508.1927894;20.1095886;0.119344667;ZTF;ZTF(zg);ZTF
58508.2407755;19.3442497;0.0848697945;ZTF;ZTF(zr);ZTF
58508.288125;19.1833649;0.0749925599;ZTF;ZTF(zr);ZTF
58508.3021065;19.1967659;0.0655911267;ZTF;ZTF(zr);ZTF
58509.3398958;19.230999;0.0672933161;ZTF;ZTF(zr);ZTF
58511.1715972;19.8371735;0.097498104;ZTF;ZTF(zg);ZTF
58511.211331;19.2979889;0.0819073841;ZTF;ZTF(zr);ZTF
58511.21375;19.4303589;0.0906564668;ZTF;ZTF(zr);ZTF
58511.2161574;19.2157803;0.0768877715;ZTF;ZTF(zr);ZTF
58511.218588;19.2592964;0.079506278;ZTF;ZTF(zr);ZTF
58511.2210069;19.350214;0.0852590874;ZTF;ZTF(zr);ZTF
58511.2234375;19.3967133;0.0883527249;ZTF;ZTF(zr);ZTF
58511.2258681;19.2566223;0.0793429017;ZTF;ZTF(zr);ZTF
58511.2283102;19.267292;0.0799967647;ZTF;ZTF(zr);ZTF
58511.2307523;19.4053001;0.088935405;ZTF;ZTF(zr);ZTF
58511.2381134;19.0960464;0.0701160878;ZTF;ZTF(zr);ZTF
58511.2505903;19.4284573;0.0905247107;ZTF;ZTF(zr);ZTF
58511.2531134;19.3088608;0.0825945437;ZTF;ZTF(zr);ZTF
58511.2641898;19.386631;0.087673068;ZTF;ZTF(zr);ZTF
58511.267338;19.3947239;0.0882182196;ZTF;ZTF(zr);ZTF
58511.2704977;19.3602448;0.0859177038;ZTF;ZTF(zr);ZTF
58511.2736921;19.3907356;0.0879491493;ZTF;ZTF(zr);ZTF
58511.2769213;19.2466793;0.0787382051;ZTF;ZTF(zr);ZTF
58511.2801736;19.3399467;0.0845899507;ZTF;ZTF(zr);ZTF
58511.2834606;19.400135;0.0885844529;ZTF;ZTF(zr);ZTF
58511.2867593;19.4108028;0.0893107057;ZTF;ZTF(zr);ZTF
58511.290081;19.4080315;0.0891214907;ZTF;ZTF(zr);ZTF
58511.2934028;19.3994083;0.0885351598;ZTF;ZTF(zr);ZTF
58511.2967593;19.4052334;0.0889308602;ZTF;ZTF(zr);ZTF
58511.3004282;19.3945522;0.0882066116;ZTF;ZTF(zr);ZTF
58511.3040278;19.3230858;0.0835019499;ZTF;ZTF(zr);ZTF
58511.3076273;19.4158134;0.089653708;ZTF;ZTF(zr);ZTF
58511.3148148;19.4591141;0.0926693305;ZTF;ZTF(zr);ZTF
58511.3184144;19.4009075;0.0886368603;ZTF;ZTF(zr);ZTF
58511.3219907;19.4191856;0.0898852795;ZTF;ZTF(zr);ZTF
58511.3255556;19.4537411;0.0922901258;ZTF;ZTF(zr);ZTF
58511.3291088;19.4058342;0.0889717713;ZTF;ZTF(zr);ZTF
58511.332662;19.3106308;0.0827068835;ZTF;ZTF(zr);ZTF
58511.3361921;19.3315201;0.0840445757;ZTF;ZTF(zr);ZTF
58511.3397106;19.3102951;0.0826856121;ZTF;ZTF(zr);ZTF
58511.3432176;19.3113804;0.0827545449;ZTF;ZTF(zr);ZTF
58511.3467245;19.3655567;0.0862683952;ZTF;ZTF(zr);ZTF
58511.3502083;19.3622131;0.086047478;ZTF;ZTF(zr);ZTF
58511.3536921;19.3043365;0.0823078528;ZTF;ZTF(zr);ZTF
58511.360625;19.4378624;0.0911777541;ZTF;ZTF(zr);ZTF
58511.3640856;19.401741;0.0886934251;ZTF;ZTF(zr);ZTF
58511.3675231;19.367691;0.0864096582;ZTF;ZTF(zr);ZTF
58511.3709722;19.2767372;0.0805799663;ZTF;ZTF(zr);ZTF
58511.3743981;19.2414894;0.0784243494;ZTF;ZTF(zr);ZTF
58514.2120949;19.3622837;0.0860521197;ZTF;ZTF(zr);ZTF
58514.2145139;19.3844395;0.0875260234;ZTF;ZTF(zr);ZTF
58514.2169444;19.282938;0.080965139;ZTF;ZTF(zr);ZTF
58514.219375;19.4335003;0.0908743665;ZTF;ZTF(zr);ZTF
58514.2218171;19.2786598;0.0806992128;ZTF;ZTF(zr);ZTF
58514.2242593;19.4111481;0.0893342495;ZTF;ZTF(zr);ZTF
58514.226713;19.42202;0.0900802687;ZTF;ZTF(zr);ZTF
58514.2341204;19.4004478;0.0886056423;ZTF;ZTF(zr);ZTF
58514.2366088;19.3833618;0.0874537975;ZTF;ZTF(zr);ZTF
58514.2391088;19.3553467;0.085595496;ZTF;ZTF(zr);ZTF
58514.2441319;19.2804604;0.080811061;ZTF;ZTF(zr);ZTF
58514.2466667;19.376482;0.086993888;ZTF;ZTF(zr);ZTF
58514.2561921;19.4247208;0.0902665183;ZTF;ZTF(zr);ZTF
58514.2593403;19.5214825;0.0971765295;ZTF;ZTF(zr);ZTF
58514.265706;19.6073589;0.103703901;ZTF;ZTF(zr);ZTF
58514.2689236;19.3473549;0.0850722864;ZTF;ZTF(zr);ZTF
58523.2275347;19.3089485;0.082600072;ZTF;ZTF(zr);ZTF
58523.2358449;20.1555367;0.12342307;ZTF;ZTF(zg);ZTF
58526.2268981;19.1893597;0.0753395483;ZTF;ZTF(zr);ZTF
58540.2434606;19.3285103;0.072368376;ZTF;ZTF(zr);ZTF
58547.1912847;19.3397484;0.0845770985;ZTF;ZTF(zr);ZTF
58556.1902894;19.0857277;0.0695613548;ZTF;ZTF(zr);ZTF
58558.1782639;19.0426006;0.058421623;ZTF;ZTF(zr);ZTF
58567.1710185;20.1025257;0.118728012;ZTF;ZTF(zg);ZTF
58574.3859711;14.412;0.23;NEOWISE;WISE(W2);NEOWISE
58574.3859711;15.113;0.108;NEOWISE;WISE(W1);NEOWISE
58574.51636522;14.621;0.3;NEOWISE;WISE(W2);NEOWISE
58574.51636522;15.321;0.148;NEOWISE;WISE(W1);NEOWISE
58574.64765071;15.372;0.159;NEOWISE;WISE(W1);NEOWISE
58574.71310237;16.047;0.221;NEOWISE;WISE(W1);NEOWISE
58574.77855413;15.591;0.275;NEOWISE;WISE(W1);NEOWISE
58574.84387853;15.593;0.169;NEOWISE;WISE(W1);NEOWISE
58574.84387853;14.722;0.368;NEOWISE;WISE(W2);NEOWISE
58574.90933025;15.643;0.218;NEOWISE;WISE(W1);NEOWISE
58574.90933025;15.171;0.468;NEOWISE;WISE(W2);NEOWISE
58574.97478197;14.897;0.352;NEOWISE;WISE(W2);NEOWISE
58574.97478197;15.065;0.132;NEOWISE;WISE(W1);NEOWISE
58575.10504877;15.004;0.153;NEOWISE;WISE(W1);NEOWISE
58575.10504877;14.715;0.28;NEOWISE;WISE(W2);NEOWISE
58575.10517609;15.163;0.104;NEOWISE;WISE(W1);NEOWISE
58575.10517609;14.949;0.318;NEOWISE;WISE(W2);NEOWISE
58575.23646156;15.33;0.126;NEOWISE;WISE(W1);NEOWISE
58575.23646156;14.993;0.331;NEOWISE;WISE(W2);NEOWISE
58575.36723769;14.695;0.246;NEOWISE;WISE(W2);NEOWISE
58575.36723769;15.044;0.104;NEOWISE;WISE(W1);NEOWISE
58581.1899884;20.2572365;0.13285625;ZTF;ZTF(zg);ZTF
58584.1569213;19.2027092;0.0761179104;ZTF;ZTF(zr);ZTF
58591.1373843;19.5687141;0.100720041;ZTF;ZTF(zr);ZTF
58593.2459028;19.1539459;0.0733127743;ZTF;ZTF(zr);ZTF
58594.1698264;20.0792027;0.116710484;ZTF;ZTF(zg);ZTF
58597.227581;19.2031345;0.076142855;ZTF;ZTF(zr);ZTF
58601.2107639;19.3084602;0.0825691298;ZTF;ZTF(zr);ZTF
58601.2114352;19.2513695;0.0790228471;ZTF;ZTF(zr);ZTF
58607.215787;19.3411808;0.0846701711;ZTF;ZTF(zr);ZTF
58607.2161227;19.2904282;0.0814327002;ZTF;ZTF(zr);ZTF
58607.2164468;19.1746082;0.0744885728;ZTF;ZTF(zr);ZTF
58608.1667014;19.3549652;0.085570462;ZTF;ZTF(zr);ZTF
58608.1725;20.1502647;0.122949362;ZTF;ZTF(zg);ZTF
58618.1890162;19.2620411;0.0796742961;ZTF;ZTF(zr);ZTF
58618.1893519;19.3893242;0.0878541023;ZTF;ZTF(zr);ZTF
58737.5042361;20.2260857;0.129907623;ZTF;ZTF(zg);ZTF
58745.4842477;19.213274;0.0767395943;ZTF;ZTF(zr);ZTF
58745.5270255;19.3802128;0.0691747367;ZTF;ZTF(zg);ZTF
58756.4555903;19.9169044;0.103484236;ZTF;ZTF(zg);ZTF
58757.4571181;19.1743622;0.0744744837;ZTF;ZTF(zr);ZTF
58758.5165394;20.2274055;0.130031586;ZTF;ZTF(zg);ZTF
58761.5096181;19.3872757;0.0755910426;ZTF;ZTF(zr);ZTF
58761.5100694;19.366209;0.0744214356;ZTF;ZTF(zr);ZTF
58763.4746181;20.1575985;0.12360882;ZTF;ZTF(zg);ZTF
58770.4561921;19.4781342;0.0808196738;ZTF;ZTF(zr);ZTF
58770.4566435;19.3638153;0.0742895603;ZTF;ZTF(zr);ZTF
58773.5148495;19.5523529;0.0994797945;ZTF;ZTF(zr);ZTF
58783.4947685;19.2335873;0.0674237311;ZTF;ZTF(zr);ZTF
58783.4961227;19.1483173;0.0632513463;ZTF;ZTF(zr);ZTF
58784.07814028;14.863;0.115;NEOWISE;WISE(W1);NEOWISE
58784.07814028;14.798;0.296;NEOWISE;WISE(W2);NEOWISE
58784.20840678;15.169;0.476;NEOWISE;WISE(W2);NEOWISE
58784.20840678;15.486;0.151;NEOWISE;WISE(W1);NEOWISE
58784.33981941;15.388;0.511;NEOWISE;WISE(W2);NEOWISE
58784.33981941;15.163;0.116;NEOWISE;WISE(W1);NEOWISE
58784.40514427;14.069;0.238;NEOWISE;WISE(W2);NEOWISE
58784.40514427;15.761;0.242;NEOWISE;WISE(W1);NEOWISE
58784.47059589;14.687;0.387;NEOWISE;WISE(W2);NEOWISE
58784.47059589;15.222;0.133;NEOWISE;WISE(W1);NEOWISE
58784.53553819;15.127;0.532;NEOWISE;WISE(W2);NEOWISE
58784.53553819;15.287;0.131;NEOWISE;WISE(W1);NEOWISE
58784.5471181;18.5309296;0.0398662351;ZTF;ZTF(zr);ZTF
58784.60137181;15.282;0.148;NEOWISE;WISE(W1);NEOWISE
58784.60137181;14.795;0.321;NEOWISE;WISE(W2);NEOWISE
58784.66682341;15.161;0.494;NEOWISE;WISE(W2);NEOWISE
58784.66682341;15.346;0.179;NEOWISE;WISE(W1);NEOWISE
58784.79772669;15.531;0.157;NEOWISE;WISE(W1);NEOWISE
58784.92850264;15.305;0.239;NEOWISE;WISE(W1);NEOWISE
58785.05940951;15.6;0.197;NEOWISE;WISE(W1);NEOWISE
58785.5015509;19.2775383;0.0806296319;ZTF;ZTF(zr);ZTF
58785.5236921;19.9932213;0.109527618;ZTF;ZTF(zg);ZTF
58788.5027894;20.2135639;0.128737032;ZTF;ZTF(zg);ZTF
58788.5242824;19.2893219;0.0813634768;ZTF;ZTF(zr);ZTF
58790.517037;19.4183502;0.0898278356;ZTF;ZTF(zr);ZTF
58790.5441551;20.4137268;0.148438439;ZTF;ZTF(zg);ZTF
58791.5208449;19.2852707;0.0811104849;ZTF;ZTF(zr);ZTF
58791.524375;20.2626038;0.133369476;ZTF;ZTF(zg);ZTF
58794.5454167;20.2952099;0.136520445;ZTF;ZTF(zg);ZTF
58800.5264815;19.475256;0.093817234;ZTF;ZTF(zr);ZTF
58800.5476157;20.0131531;0.111157231;ZTF;ZTF(zg);ZTF
58802.4416435;19.5294647;0.0977674723;ZTF;ZTF(zr);ZTF
58802.4420949;19.5846386;0.101940401;ZTF;ZTF(zr);ZTF
58802.4425463;19.6501083;0.107093886;ZTF;ZTF(zr);ZTF
58802.4429977;19.4102135;0.0892703906;ZTF;ZTF(zr);ZTF
58802.4434491;19.525486;0.0974724814;ZTF;ZTF(zr);ZTF
58802.4439005;19.3053761;0.0823736265;ZTF;ZTF(zr);ZTF
58802.4443519;19.5805588;0.101626471;ZTF;ZTF(zr);ZTF
58802.4448032;19.5121384;0.0964887962;ZTF;ZTF(zr);ZTF
58802.4452546;19.385664;0.0876081586;ZTF;ZTF(zr);ZTF
58802.445706;19.4624557;0.092905879;ZTF;ZTF(zr);ZTF
58802.4461574;19.4180889;0.0898099095;ZTF;ZTF(zr);ZTF
58802.4475116;19.327404;0.0837793723;ZTF;ZTF(zr);ZTF
58802.447963;19.4551239;0.0923875868;ZTF;ZTF(zr);ZTF
58802.4484144;19.5352364;0.0981967151;ZTF;ZTF(zr);ZTF
58802.4488657;19.4541149;0.0923164934;ZTF;ZTF(zr);ZTF
58802.4493171;19.6228447;0.104921013;ZTF;ZTF(zr);ZTF
58802.4497685;19.3856087;0.0876044035;ZTF;ZTF(zr);ZTF
58802.4506713;19.4462624;0.0917646289;ZTF;ZTF(zr);ZTF
58802.4511227;19.4825039;0.0943368599;ZTF;ZTF(zr);ZTF
58802.4515741;19.4227009;0.090127252;ZTF;ZTF(zr);ZTF
58802.4520255;19.5760803;0.101282984;ZTF;ZTF(zr);ZTF
58802.4524769;19.5324535;0.0979895443;ZTF;ZTF(zr);ZTF
58802.4529282;19.3697968;0.0865492448;ZTF;ZTF(zr);ZTF
58802.4533796;19.554678;0.0996551812;ZTF;ZTF(zr);ZTF
58802.453831;19.5495052;0.0992652848;ZTF;ZTF(zr);ZTF
58802.4542824;19.4856262;0.0945615023;ZTF;ZTF(zr);ZTF
58802.4551852;19.4615974;0.0928450599;ZTF;ZTF(zr);ZTF
58802.4556366;19.6086731;0.103806674;ZTF;ZTF(zr);ZTF
58802.456088;19.5842991;0.10191422;ZTF;ZTF(zr);ZTF
58802.4565394;19.6108208;0.103974923;ZTF;ZTF(zr);ZTF
58802.4574421;19.5072556;0.0961311981;ZTF;ZTF(zr);ZTF
58802.4579051;19.3891926;0.0878452882;ZTF;ZTF(zr);ZTF
58802.4583565;19.5779991;0.101429999;ZTF;ZTF(zr);ZTF
58802.4588079;19.4421349;0.0914758444;ZTF;ZTF(zr);ZTF
58802.4592593;19.4908676;0.0949397534;ZTF;ZTF(zr);ZTF
58802.4597106;19.5493202;0.0992513821;ZTF;ZTF(zr);ZTF
58802.4601505;19.3362789;0.0843521953;ZTF;ZTF(zr);ZTF
58802.4606134;19.368103;0.0864369869;ZTF;ZTF(zr);ZTF
58802.4610648;19.5764618;0.101312213;ZTF;ZTF(zr);ZTF
58802.4615046;19.6452045;0.106700219;ZTF;ZTF(zr);ZTF
58802.4619676;19.4853554;0.0945420191;ZTF;ZTF(zr);ZTF
58802.462419;19.3423328;0.0847450346;ZTF;ZTF(zr);ZTF
58802.4628704;19.3593597;0.0858593434;ZTF;ZTF(zr);ZTF
58802.4633218;19.5602016;0.100073099;ZTF;ZTF(zr);ZTF
58802.4637731;19.4921112;0.0950296819;ZTF;ZTF(zr);ZTF
58802.4642245;19.6228828;0.104924016;ZTF;ZTF(zr);ZTF
58802.4651273;19.5221539;0.0972260833;ZTF;ZTF(zr);ZTF
58802.4655787;19.5230999;0.0972959399;ZTF;ZTF(zr);ZTF
58802.4660301;19.4213428;0.0900336355;ZTF;ZTF(zr);ZTF
58802.4664815;19.4404736;0.0913597867;ZTF;ZTF(zr);ZTF
58802.4669329;19.5757065;0.101254314;ZTF;ZTF(zr);ZTF
58802.4673843;19.3104286;0.0826940835;ZTF;ZTF(zr);ZTF
58802.4678356;19.6383247;0.106150061;ZTF;ZTF(zr);ZTF
58802.468287;19.6001263;0.103139669;ZTF;ZTF(zr);ZTF
58802.4687384;19.2369633;0.0781517327;ZTF;ZTF(zr);ZTF
58802.4691898;19.3417854;0.0847094581;ZTF;ZTF(zr);ZTF
58802.4696412;19.3065414;0.0824474618;ZTF;ZTF(zr);ZTF
58802.4700926;19.6073685;0.103704646;ZTF;ZTF(zr);ZTF
58802.470544;19.5309238;0.0978758335;ZTF;ZTF(zr);ZTF
58802.4710069;19.4331512;0.0908501074;ZTF;ZTF(zr);ZTF
58802.4714583;19.5697613;0.100799941;ZTF;ZTF(zr);ZTF
58802.4718981;19.4635983;0.0929869413;ZTF;ZTF(zr);ZTF
58802.4723495;19.6315117;0.105607644;ZTF;ZTF(zr);ZTF
58802.4728125;19.5802536;0.101603024;ZTF;ZTF(zr);ZTF
58802.4732639;19.391407;0.0879943669;ZTF;ZTF(zr);ZTF
58802.4741667;19.5477676;0.0991345793;ZTF;ZTF(zr);ZTF
58802.4746181;19.4330139;0.0908406004;ZTF;ZTF(zr);ZTF
58802.4750694;19.3604088;0.085928455;ZTF;ZTF(zr);ZTF
58802.4755208;19.3511124;0.0853179023;ZTF;ZTF(zr);ZTF
58802.4759722;19.6283264;0.105354875;ZTF;ZTF(zr);ZTF
58802.4764236;19.3577843;0.0857557133;ZTF;ZTF(zr);ZTF
58802.476875;19.3771114;0.0870358646;ZTF;ZTF(zr);ZTF
58802.4773264;19.2712688;0.0802418292;ZTF;ZTF(zr);ZTF
58802.4777778;19.5181522;0.0969309062;ZTF;ZTF(zr);ZTF
58802.4782292;19.3709641;0.0866267905;ZTF;ZTF(zr);ZTF
58802.4786806;19.5425415;0.0987424776;ZTF;ZTF(zr);ZTF
58802.4791319;19.4381523;0.0911979452;ZTF;ZTF(zr);ZTF
58802.4795833;19.5934811;0.102623552;ZTF;ZTF(zr);ZTF
58802.4800347;19.3837147;0.0874774456;ZTF;ZTF(zr);ZTF
58802.4804861;19.5210037;0.0971411541;ZTF;ZTF(zr);ZTF
58802.4809491;19.2870064;0.0812188014;ZTF;ZTF(zr);ZTF
58802.4813889;19.3965893;0.0883443356;ZTF;ZTF(zr);ZTF
58802.4818519;19.5947685;0.10272336;ZTF;ZTF(zr);ZTF
58802.4827546;19.4992085;0.0955445021;ZTF;ZTF(zr);ZTF
58802.4836574;19.4169388;0.089730911;ZTF;ZTF(zr);ZTF
58802.4841088;19.417202;0.089749001;ZTF;ZTF(zr);ZTF
58802.4845602;19.5772285;0.101370953;ZTF;ZTF(zr);ZTF
58802.4850116;19.3718414;0.0866850689;ZTF;ZTF(zr);ZTF
58802.485463;19.3403339;0.0846151039;ZTF;ZTF(zr);ZTF
58802.4859144;19.5566521;0.0998043492;ZTF;ZTF(zr);ZTF
58802.4863657;19.6475391;0.106887512;ZTF;ZTF(zr);ZTF
58802.4868171;19.4916859;0.0949988887;ZTF;ZTF(zr);ZTF
58802.4872685;19.6117496;0.104047731;ZTF;ZTF(zr);ZTF
58802.4877199;19.4081516;0.0891297013;ZTF;ZTF(zr);ZTF
58802.4881713;19.4247475;0.0902683288;ZTF;ZTF(zr);ZTF
58802.4886227;19.3882561;0.0877822638;ZTF;ZTF(zr);ZTF
58802.4890741;19.5492058;0.0992427766;ZTF;ZTF(zr);ZTF
58802.4895255;19.4371719;0.091129683;ZTF;ZTF(zr);ZTF
58802.4899769;19.5228558;0.0972779691;ZTF;ZTF(zr);ZTF
58802.4904282;19.3959122;0.0882985368;ZTF;ZTF(zr);ZTF
58802.4908796;19.5162354;0.0967897922;ZTF;ZTF(zr);ZTF
58802.491331;19.4029846;0.0887778699;ZTF;ZTF(zr);ZTF
58802.4917824;19.2924023;0.0815563723;ZTF;ZTF(zr);ZTF
58802.4922338;19.4125996;0.0894335508;ZTF;ZTF(zr);ZTF
58802.4926852;19.3823738;0.0873875991;ZTF;ZTF(zr);ZTF
58802.4931366;19.3887558;0.087815851;ZTF;ZTF(zr);ZTF
58802.493588;19.5828514;0.101802826;ZTF;ZTF(zr);ZTF
58802.4940394;19.4187202;0.0898532346;ZTF;ZTF(zr);ZTF
58802.4944907;19.3327312;0.0841227695;ZTF;ZTF(zr);ZTF
58802.4949537;19.6439838;0.106602415;ZTF;ZTF(zr);ZTF
58802.4954051;19.4158516;0.0896563306;ZTF;ZTF(zr);ZTF
58802.4958565;19.4250889;0.0902919546;ZTF;ZTF(zr);ZTF
58802.4963079;19.4206905;0.0899887532;ZTF;ZTF(zr);ZTF
58802.4967593;19.6620102;0.108054437;ZTF;ZTF(zr);ZTF
58802.4972106;19.3716259;0.0866707265;ZTF;ZTF(zr);ZTF
58802.497662;19.3468304;0.085038051;ZTF;ZTF(zr);ZTF
58802.4981134;19.3297691;0.0839316621;ZTF;ZTF(zr);ZTF
58802.4985648;19.4043102;0.0888679996;ZTF;ZTF(zr);ZTF
58802.4990162;19.4320831;0.0907759815;ZTF;ZTF(zr);ZTF
58802.4994676;19.3942719;0.088187702;ZTF;ZTF(zr);ZTF
58802.499919;19.3539524;0.0855039656;ZTF;ZTF(zr);ZTF
58802.5003704;19.460165;0.0927437022;ZTF;ZTF(zr);ZTF
58802.5008218;19.3604546;0.0859315172;ZTF;ZTF(zr);ZTF
58802.5012731;19.4168892;0.0897274688;ZTF;ZTF(zr);ZTF
58802.5021759;19.4225769;0.0901187062;ZTF;ZTF(zr);ZTF
58802.5026273;19.5405254;0.0985916033;ZTF;ZTF(zr);ZTF
58802.5030787;19.3584023;0.0857963338;ZTF;ZTF(zr);ZTF
58802.5039815;19.5579128;0.0998997614;ZTF;ZTF(zr);ZTF
58802.5044329;19.3269958;0.0837530717;ZTF;ZTF(zr);ZTF
58802.5048843;19.4527416;0.09221977;ZTF;ZTF(zr);ZTF
58802.505787;19.4984055;0.095486097;ZTF;ZTF(zr);ZTF
58802.5062384;19.4333858;0.0908664167;ZTF;ZTF(zr);ZTF
58802.5066898;19.514925;0.0966934487;ZTF;ZTF(zr);ZTF
58802.5071412;19.4176788;0.0897817463;ZTF;ZTF(zr);ZTF
58802.5075926;19.4352417;0.0909954011;ZTF;ZTF(zr);ZTF
58802.508044;19.2511768;0.0790111795;ZTF;ZTF(zr);ZTF
58802.5084954;19.4894581;0.0948379412;ZTF;ZTF(zr);ZTF
58802.5089468;19.3324089;0.0841019154;ZTF;ZTF(zr);ZTF
58802.5093981;19.4106026;0.0892970189;ZTF;ZTF(zr);ZTF
58802.5098495;19.5224609;0.0972487256;ZTF;ZTF(zr);ZTF
58802.5103009;19.5528393;0.0995164663;ZTF;ZTF(zr);ZTF
58802.5116551;19.6313896;0.105597906;ZTF;ZTF(zr);ZTF
58802.5121065;19.4885292;0.094770804;ZTF;ZTF(zr);ZTF
58802.5125579;19.6997414;0.111147836;ZTF;ZTF(zr);ZTF
58802.5134606;19.4450512;0.0916797891;ZTF;ZTF(zr);ZTF
58802.5143634;19.4967022;0.0953623652;ZTF;ZTF(zr);ZTF
58802.5148148;19.5955181;0.102781512;ZTF;ZTF(zr);ZTF
58802.5152662;19.7249908;0.113259032;ZTF;ZTF(zr);ZTF
58802.5166204;19.5298958;0.0977994204;ZTF;ZTF(zr);ZTF
58802.5170718;19.33988;0.0845856145;ZTF;ZTF(zr);ZTF
58802.5175347;19.4345322;0.0909460038;ZTF;ZTF(zr);ZTF
58802.5179861;19.4096127;0.0892293528;ZTF;ZTF(zr);ZTF
58802.5184375;19.3654099;0.0862586275;ZTF;ZTF(zr);ZTF
58802.5193403;19.4518642;0.092158027;ZTF;ZTF(zr);ZTF
58802.5197917;19.4374466;0.0911487862;ZTF;ZTF(zr);ZTF
58802.5206944;19.5292244;0.0977495983;ZTF;ZTF(zr);ZTF
58802.5211458;19.5147781;0.0966826826;ZTF;ZTF(zr);ZTF
58802.5215972;19.5408878;0.0986187086;ZTF;ZTF(zr);ZTF
58802.5220486;19.3970108;0.0883728042;ZTF;ZTF(zr);ZTF
58802.5225;19.3952141;0.0882513225;ZTF;ZTF(zr);ZTF
58802.5229514;19.5394592;0.0985119194;ZTF;ZTF(zr);ZTF
58802.5234028;19.4619446;0.0928697214;ZTF;ZTF(zr);ZTF
58802.5238542;19.6293869;0.10543891;ZTF;ZTF(zr);ZTF
58802.5243056;19.5293884;0.0977618024;ZTF;ZTF(zr);ZTF
58802.5247569;19.4470005;0.0918164328;ZTF;ZTF(zr);ZTF
58802.5252083;19.5765514;0.101319052;ZTF;ZTF(zr);ZTF
58803.4250926;19.3007126;0.0820789486;ZTF;ZTF(zr);ZTF
58806.4880093;19.2290745;0.0776786283;ZTF;ZTF(zr);ZTF
58827.3351852;19.3554821;0.0856043547;ZTF;ZTF(zr);ZTF
58827.3375347;19.1964207;0.0757502615;ZTF;ZTF(zr);ZTF
58827.3379861;19.3316326;0.0840518177;ZTF;ZTF(zr);ZTF
58827.3403356;19.2428207;0.0785047561;ZTF;ZTF(zr);ZTF
58827.3431829;19.3613243;0.0859888196;ZTF;ZTF(zr);ZTF
58827.3454977;19.1790543;0.0747440606;ZTF;ZTF(zr);ZTF
58827.3468634;19.0123138;0.0657419711;ZTF;ZTF(zr);ZTF
58827.3477778;19.2110214;0.0766066089;ZTF;ZTF(zr);ZTF
58827.3496412;19.1433105;0.0727147609;ZTF;ZTF(zr);ZTF
58827.3540278;19.1146603;0.0711281076;ZTF;ZTF(zr);ZTF
58827.3572569;19.3016281;0.0821367204;ZTF;ZTF(zr);ZTF
58827.3600463;19.5356617;0.0982284248;ZTF;ZTF(zr);ZTF
58827.3609606;19.2422791;0.0784720629;ZTF;ZTF(zr);ZTF
58827.3761111;19.0114403;0.0656978339;ZTF;ZTF(zr);ZTF
58827.3788426;19.2291393;0.0776824728;ZTF;ZTF(zr);ZTF
58827.3868981;19.3192673;0.0832574368;ZTF;ZTF(zr);ZTF
58827.4011921;19.0537643;0.067871213;ZTF;ZTF(zr);ZTF
58827.4040625;19.1372528;0.0723763183;ZTF;ZTF(zr);ZTF
58827.4068287;19.2028427;0.0761257336;ZTF;ZTF(zr);ZTF
58827.4077431;19.3566055;0.0856781974;ZTF;ZTF(zr);ZTF
58827.4091898;19.2064819;0.0763393417;ZTF;ZTF(zr);ZTF
58827.4100926;19.2618732;0.0796640664;ZTF;ZTF(zr);ZTF
58827.4147222;19.3068199;0.0824651346;ZTF;ZTF(zr);ZTF
58827.4264699;19.0186749;0.0660642013;ZTF;ZTF(zr);ZTF
58827.4305208;19.1392002;0.0628200322;ZTF;ZTF(zr);ZTF
58828.3351736;19.3239918;0.0835600793;ZTF;ZTF(zr);ZTF
58828.3412384;19.3623371;0.0860556662;ZTF;ZTF(zr);ZTF
58828.3421412;19.3791904;0.0871746391;ZTF;ZTF(zr);ZTF
58828.3496991;19.4966793;0.0953607187;ZTF;ZTF(zr);ZTF
58828.3505903;19.5414124;0.0986579508;ZTF;ZTF(zr);ZTF
58828.3603935;19.2988834;0.0819636807;ZTF;ZTF(zr);ZTF
58828.3693981;19.4676399;0.0932740048;ZTF;ZTF(zr);ZTF
58828.3698495;19.2655754;0.0798912048;ZTF;ZTF(zr);ZTF
58828.3725694;19.580637;0.101632528;ZTF;ZTF(zr);ZTF
58828.374375;19.5223007;0.0972369313;ZTF;ZTF(zr);ZTF
58828.3780787;19.4925804;0.0950636715;ZTF;ZTF(zr);ZTF
58828.3794444;19.2981644;0.081918411;ZTF;ZTF(zr);ZTF
58828.3827315;19.3349819;0.0842682496;ZTF;ZTF(zr);ZTF
58828.3841204;19.3671551;0.0863741264;ZTF;ZTF(zr);ZTF
58828.3854977;19.3117352;0.0827771351;ZTF;ZTF(zr);ZTF
58828.386412;19.3835983;0.087469615;ZTF;ZTF(zr);ZTF
58828.3868634;19.5146809;0.0966754928;ZTF;ZTF(zr);ZTF
58828.3882292;19.3936329;0.0881445557;ZTF;ZTF(zr);ZTF
58828.3953241;19.3625984;0.0860728845;ZTF;ZTF(zr);ZTF
58828.3966898;19.5100727;0.0963373482;ZTF;ZTF(zr);ZTF
58828.3980787;19.4140205;0.0895308182;ZTF;ZTF(zr);ZTF
58828.4004514;19.4409599;0.091393739;ZTF;ZTF(zr);ZTF
58828.4028125;19.3893204;0.0878538713;ZTF;ZTF(zr);ZTF
58828.409456;19.5664711;0.100549251;ZTF;ZTF(zr);ZTF
58828.4140856;19.5973015;0.102919973;ZTF;ZTF(zr);ZTF
58830.4163194;19.4507542;0.0920798928;ZTF;ZTF(zr);ZTF
58833.3879745;19.1726761;0.074377887;ZTF;ZTF(zr);ZTF
58835.4209606;19.1845512;0.0750610977;ZTF;ZTF(zr);ZTF
58846.4052778;19.2788773;0.0807127506;ZTF;ZTF(zr);ZTF
58850.2720602;18.9365673;0.0620281547;ZTF;ZTF(zr);ZTF
58850.2767361;19.1914139;0.0754588023;ZTF;ZTF(zr);ZTF
58850.2808449;19.0615673;0.0682799295;ZTF;ZTF(zr);ZTF
58850.2812963;19.2007885;0.0760054439;ZTF;ZTF(zr);ZTF
58850.2817477;19.2547169;0.0792266279;ZTF;ZTF(zr);ZTF
58850.2821991;19.2925148;0.0815634727;ZTF;ZTF(zr);ZTF
58850.2826389;19.2324638;0.077881515;ZTF;ZTF(zr);ZTF
58850.2835417;19.2963715;0.0818056092;ZTF;ZTF(zr);ZTF
58850.2849884;19.180706;0.074839212;ZTF;ZTF(zr);ZTF
58850.2859491;19.1458721;0.0728583485;ZTF;ZTF(zr);ZTF
58850.2864005;19.1359329;0.0723028108;ZTF;ZTF(zr);ZTF
58850.2896296;19.2372169;0.078166917;ZTF;ZTF(zr);ZTF
58850.290081;19.3030128;0.0822242051;ZTF;ZTF(zr);ZTF
58850.2909954;19.2809105;0.0808389857;ZTF;ZTF(zr);ZTF
58850.2929167;19.3011322;0.082105428;ZTF;ZTF(zr);ZTF
58850.2943056;19.2875462;0.0812525228;ZTF;ZTF(zr);ZTF
58850.296713;19.2581215;0.0794344172;ZTF;ZTF(zr);ZTF
58850.3038194;19.2766342;0.0805736184;ZTF;ZTF(zr);ZTF
58850.3066088;19.2044563;0.0762204006;ZTF;ZTF(zr);ZTF
58850.3070602;19.2464256;0.0787228346;ZTF;ZTF(zr);ZTF
58850.3111921;19.1508408;0.0731376559;ZTF;ZTF(zr);ZTF
58850.3178472;19.0829792;0.0694143325;ZTF;ZTF(zr);ZTF
58850.31875;19.02318;0.0662933886;ZTF;ZTF(zr);ZTF
58850.3295602;19.1002159;0.0703415424;ZTF;ZTF(zr);ZTF
58850.3313889;19.1270885;0.0718120709;ZTF;ZTF(zr);ZTF
58850.3452662;19.3234882;0.0835278034;ZTF;ZTF(zr);ZTF
58850.3504398;19.0306759;0.066676572;ZTF;ZTF(zr);ZTF
58850.351794;19.1182785;0.0713265985;ZTF;ZTF(zr);ZTF
58850.3621759;18.9646702;0.0633798018;ZTF;ZTF(zr);ZTF
58850.3630787;19.0468941;0.0675134584;ZTF;ZTF(zr);ZTF
58850.364456;19.1211147;0.0714825243;ZTF;ZTF(zr);ZTF
58850.366331;19.1258564;0.0717439502;ZTF;ZTF(zr);ZTF
58850.3686111;19.0690231;0.0686727539;ZTF;ZTF(zr);ZTF
58850.3734259;18.9764824;0.0639570504;ZTF;ZTF(zr);ZTF
58850.3842593;19.118969;0.071364522;ZTF;ZTF(zr);ZTF
58850.3865278;19.0372334;0.0670136586;ZTF;ZTF(zr);ZTF
58850.3869792;19.1984539;0.0758689791;ZTF;ZTF(zr);ZTF
58850.3907986;18.9940987;0.064828217;ZTF;ZTF(zr);ZTF
58850.3955671;19.1218929;0.0715253726;ZTF;ZTF(zr);ZTF
58850.3964815;19.1109715;0.0709264055;ZTF;ZTF(zr);ZTF
58850.3969329;19.1436176;0.0727319866;ZTF;ZTF(zr);ZTF
58850.3983565;19.016634;0.0659606382;ZTF;ZTF(zr);ZTF
58850.3992477;19.0709953;0.0687770993;ZTF;ZTF(zr);ZTF
58850.4010995;19.0099716;0.065623723;ZTF;ZTF(zr);ZTF
58850.4034144;18.9366245;0.0620308779;ZTF;ZTF(zr);ZTF
58850.40875;19.2380295;0.0782158449;ZTF;ZTF(zr);ZTF
58850.4101273;18.799345;0.0558541417;ZTF;ZTF(zr);ZTF
58850.4110417;19.1015587;0.07041426;ZTF;ZTF(zr);ZTF
58850.4124884;18.9342079;0.0619160868;ZTF;ZTF(zr);ZTF
58850.4129398;18.9918785;0.0647177845;ZTF;ZTF(zr);ZTF
58850.4172222;18.9802094;0.0641403645;ZTF;ZTF(zr);ZTF
58850.4222222;19.8460922;0.0981513485;ZTF;ZTF(zg);ZTF
58850.4447801;18.9632359;0.0633100346;ZTF;ZTF(zr);ZTF
58852.2545139;19.3879967;0.0877648816;ZTF;ZTF(zr);ZTF
58852.2582755;19.4249115;0.0902796909;ZTF;ZTF(zr);ZTF
58852.2615046;19.393074;0.0881068259;ZTF;ZTF(zr);ZTF
58852.2643287;19.4840603;0.0944488272;ZTF;ZTF(zr);ZTF
58852.2698148;19.452692;0.0922162458;ZTF;ZTF(zr);ZTF
58852.2707292;19.418148;0.0898139253;ZTF;ZTF(zr);ZTF
58852.2725347;19.3427677;0.0847733468;ZTF;ZTF(zr);ZTF
58852.2763426;19.3878841;0.0877572596;ZTF;ZTF(zr);ZTF
58852.2853935;19.5007973;0.0956600979;ZTF;ZTF(zr);ZTF
58852.2900579;19.3023567;0.0821827948;ZTF;ZTF(zr);ZTF
58852.2998727;19.3468933;0.0850421786;ZTF;ZTF(zr);ZTF
58852.3017014;19.3957767;0.0882893503;ZTF;ZTF(zr);ZTF
58852.3053935;19.5077324;0.0961660594;ZTF;ZTF(zr);ZTF
58852.3082292;19.3950653;0.0882412493;ZTF;ZTF(zr);ZTF
58852.308669;19.4212456;0.0900269896;ZTF;ZTF(zr);ZTF
58852.3105093;19.3952217;0.0882517993;ZTF;ZTF(zr);ZTF
58852.3157755;19.4220314;0.0900810957;ZTF;ZTF(zr);ZTF
58852.3162269;19.3567009;0.0856844634;ZTF;ZTF(zr);ZTF
58852.3171296;19.3711395;0.0866384208;ZTF;ZTF(zr);ZTF
58852.3213542;19.3117046;0.0827751681;ZTF;ZTF(zr);ZTF
58852.3227546;19.3048134;0.0823380128;ZTF;ZTF(zr);ZTF
58852.3270139;19.3737354;0.0868109465;ZTF;ZTF(zr);ZTF
58852.332581;19.5693703;0.100770123;ZTF;ZTF(zr);ZTF
58852.3348958;19.43297;0.0908375233;ZTF;ZTF(zr);ZTF
58852.3372454;19.4694481;0.0934027284;ZTF;ZTF(zr);ZTF
58852.3376968;19.3214397;0.0833965242;ZTF;ZTF(zr);ZTF
58852.3395255;19.4167633;0.0897188932;ZTF;ZTF(zr);ZTF
58852.3422917;19.4097404;0.0892381519;ZTF;ZTF(zr);ZTF
58852.3450463;19.4487076;0.0919361934;ZTF;ZTF(zr);ZTF
58852.349294;19.4077988;0.0891056433;ZTF;ZTF(zr);ZTF
58852.3501968;19.4285851;0.0905336291;ZTF;ZTF(zr);ZTF
58852.3543171;19.5672607;0.100609325;ZTF;ZTF(zr);ZTF
58852.3547685;19.4594059;0.0926899835;ZTF;ZTF(zr);ZTF
58852.36;19.5063019;0.0960614979;ZTF;ZTF(zr);ZTF
58852.3632639;19.3475399;0.0850843489;ZTF;ZTF(zr);ZTF
58852.3650694;19.4612579;0.092821084;ZTF;ZTF(zr);ZTF
58852.3759838;19.5351257;0.098188445;ZTF;ZTF(zr);ZTF
58852.3769444;19.3543587;0.0855306387;ZTF;ZTF(zr);ZTF
58852.3787731;19.3463593;0.0850073323;ZTF;ZTF(zr);ZTF
58852.380162;19.5521355;0.0994633511;ZTF;ZTF(zr);ZTF
58852.3806134;19.4263496;0.0903789774;ZTF;ZTF(zr);ZTF
58852.3906597;19.427433;0.090453878;ZTF;ZTF(zr);ZTF
58852.3920833;19.458437;0.0926214531;ZTF;ZTF(zr);ZTF
58852.3925347;19.5218048;0.0972002968;ZTF;ZTF(zr);ZTF
58852.3962384;19.4227524;0.0901307911;ZTF;ZTF(zr);ZTF
58852.3986111;19.453167;0.0922496468;ZTF;ZTF(zr);ZTF
58852.4018519;19.5341187;0.0981134921;ZTF;ZTF(zr);ZTF
58852.4088889;19.4346733;0.0909558684;ZTF;ZTF(zr);ZTF
58852.4093403;19.4492149;0.0919717625;ZTF;ZTF(zr);ZTF
58852.4097917;19.2917252;0.0815139264;ZTF;ZTF(zr);ZTF
58852.4102431;19.3555031;0.0856057554;ZTF;ZTF(zr);ZTF
58852.4129861;19.2612915;0.0796284303;ZTF;ZTF(zr);ZTF
58852.4134375;19.2675591;0.0800132006;ZTF;ZTF(zr);ZTF
58852.4138889;19.3911705;0.0879784524;ZTF;ZTF(zr);ZTF
58852.415706;19.4207592;0.0899935067;ZTF;ZTF(zr);ZTF
58854.2654167;18.7721596;0.0547114573;ZTF;ZTF(zr);ZTF
58854.2658681;18.8120441;0.056396801;ZTF;ZTF(zr);ZTF
58854.2695833;18.7988777;0.0558342822;ZTF;ZTF(zr);ZTF
58854.2718287;18.7895393;0.0554389916;ZTF;ZTF(zr);ZTF
58854.2769907;18.7798901;0.0550337844;ZTF;ZTF(zr);ZTF
58854.2840972;18.9488621;0.0626157448;ZTF;ZTF(zr);ZTF
58854.2897454;18.77211;0.0547093712;ZTF;ZTF(zr);ZTF
58854.2911343;18.9030285;0.0604547635;ZTF;ZTF(zr);ZTF
58854.2920255;18.8404522;0.0576314703;ZTF;ZTF(zr);ZTF
58854.2929977;18.3521786;0.0400231965;ZTF;ZTF(zr);ZTF
58854.3013079;18.7845211;0.0552278683;ZTF;ZTF(zr);ZTF
58854.3111343;18.6168156;0.0486573428;ZTF;ZTF(zr);ZTF
58854.3229514;18.677021;0.0509103239;ZTF;ZTF(zr);ZTF
58854.3406597;18.8212433;0.0567934215;ZTF;ZTF(zr);ZTF
58854.3472106;19.0403175;0.0671727955;ZTF;ZTF(zr);ZTF
58854.3515741;18.7747574;0.0548195317;ZTF;ZTF(zr);ZTF
58854.3557176;19.005127;0.0653798506;ZTF;ZTF(zr);ZTF
58854.3561574;18.9588509;0.0630973876;ZTF;ZTF(zr);ZTF
58854.3566088;18.7962914;0.0557244793;ZTF;ZTF(zr);ZTF
58854.3575116;18.9430809;0.0623387098;ZTF;ZTF(zr);ZTF
58854.3603588;18.9003792;0.0603322573;ZTF;ZTF(zr);ZTF
58854.3739699;18.9600277;0.063154377;ZTF;ZTF(zr);ZTF
58854.3748727;18.8448067;0.0578232966;ZTF;ZTF(zr);ZTF
58854.3804977;18.7609138;0.0542462319;ZTF;ZTF(zr);ZTF
58854.3863426;18.9668446;0.0634856597;ZTF;ZTF(zr);ZTF
58854.386794;18.8583698;0.0584251434;ZTF;ZTF(zr);ZTF
58854.3896181;18.8368053;0.0574713573;ZTF;ZTF(zr);ZTF
58854.3914352;19.1455269;0.0728389546;ZTF;ZTF(zr);ZTF
58854.3946875;19.0529575;0.0678290799;ZTF;ZTF(zr);ZTF
58854.4118171;18.9333496;0.0618753545;ZTF;ZTF(zr);ZTF
58854.4414468;18.7055206;0.0520173833;ZTF;ZTF(zr);ZTF
58855.3074421;19.2747993;0.0804600269;ZTF;ZTF(zr);ZTF
58855.3078935;19.0895042;0.060518425;ZTF;ZTF(zr);ZTF
58856.2258796;20.2011147;0.127581745;ZTF;ZTF(zg);ZTF
58856.2779167;19.3550167;0.0855738223;ZTF;ZTF(zr);ZTF
58861.2989005;19.1775398;0.0746569633;ZTF;ZTF(zr);ZTF
58864.1921412;20.2880363;0.135822341;ZTF;ZTF(zg);ZTF
58864.2491898;19.4293766;0.0905884206;ZTF;ZTF(zr);ZTF
58867.3394329;19.3354721;0.0842999518;ZTF;ZTF(zr);ZTF
58867.3873843;20.1495285;0.122883275;ZTF;ZTF(zg);ZTF
58871.2154861;20.1117229;0.119531535;ZTF;ZTF(zg);ZTF
58873.2337616;19.2982235;0.0819220915;ZTF;ZTF(zr);ZTF
58873.2471181;19.3443356;0.0732239783;ZTF;ZTF(zr);ZTF
58873.2475694;19.3774567;0.0750438869;ZTF;ZTF(zr);ZTF
58875.2743519;19.4049911;0.0889143944;ZTF;ZTF(zr);ZTF
58875.3164236;19.9356403;0.104939163;ZTF;ZTF(zg);ZTF
58876.2093981;20.6870766;0.172824264;ZTF;ZTF(zg);ZTF
58876.2537963;19.4499016;0.0920199901;ZTF;ZTF(zr);ZTF
58877.2282755;20.2029495;0.12775138;ZTF;ZTF(zg);ZTF
58878.2554861;19.7857609;0.0938120708;ZTF;ZTF(zg);ZTF
58878.2873264;19.1318436;0.072075516;ZTF;ZTF(zr);ZTF
58878.2882292;19.2038345;0.0761838928;ZTF;ZTF(zr);ZTF
58879.2080903;20.1885719;0.126426071;ZTF;ZTF(zg);ZTF
58879.289456;18.8542442;0.0582414009;ZTF;ZTF(zr);ZTF
58879.2941204;19.0178299;0.0660212934;ZTF;ZTF(zr);ZTF
58880.2934954;19.378849;0.087151885;ZTF;ZTF(zr);ZTF
58881.2119444;19.9567337;0.106599554;ZTF;ZTF(zg);ZTF
58881.2263542;19.8402596;0.0977236852;ZTF;ZTF(zg);ZTF
58881.2675;19.2499714;0.0789379478;ZTF;ZTF(zr);ZTF
58881.2884028;19.3725681;0.0867333263;ZTF;ZTF(zr);ZTF
58882.2026273;19.1014557;0.0704087093;ZTF;ZTF(zr);ZTF
58882.2030787;19.2103348;0.0662609413;ZTF;ZTF(zr);ZTF
58882.2091435;19.089592;0.0697686076;ZTF;ZTF(zr);ZTF
58883.2262847;19.0811958;0.0693191066;ZTF;ZTF(zr);ZTF
58883.2267361;19.1618214;0.0638954043;ZTF;ZTF(zr);ZTF
58883.2271875;19.0515862;0.0588177219;ZTF;ZTF(zr);ZTF
58884.249919;19.0797081;0.0692397803;ZTF;ZTF(zr);ZTF
58891.1351389;19.3301125;0.0839537904;ZTF;ZTF(zr);ZTF
58891.1692361;20.1502323;0.122946352;ZTF;ZTF(zg);ZTF
58891.1701389;20.1988926;0.127376407;ZTF;ZTF(zg);ZTF
58891.2661111;19.4093513;0.0892115384;ZTF;ZTF(zr);ZTF
58891.2683796;19.5001488;0.0821317211;ZTF;ZTF(zr);ZTF
58891.268831;19.3879242;0.0756272972;ZTF;ZTF(zr);ZTF
58891.2770833;19.2760239;0.0805358067;ZTF;ZTF(zr);ZTF
58892.2701157;19.3018837;0.0821529105;ZTF;ZTF(zr);ZTF
58892.2901736;19.2520962;0.0683628246;ZTF;ZTF(zr);ZTF
58892.290625;19.1982002;0.0656616315;ZTF;ZTF(zr);ZTF
58893.2094213;20.458519;0.153125092;ZTF;ZTF(zg);ZTF
58893.2708449;19.4284;0.0905207545;ZTF;ZTF(zr);ZTF
58894.2065394;20.1723614;0.124945134;ZTF;ZTF(zg);ZTF
58894.2074421;20.4730034;0.15466097;ZTF;ZTF(zg);ZTF
58894.228287;19.4178219;0.0897915736;ZTF;ZTF(zr);ZTF
58894.2291898;19.2929115;0.0815882757;ZTF;ZTF(zr);ZTF
58894.241331;19.2942829;0.0816743895;ZTF;ZTF(zr);ZTF
58895.2547454;19.3632908;0.0861186162;ZTF;ZTF(zr);ZTF
58896.2262616;20.3086777;0.137838364;ZTF;ZTF(zg);ZTF
58898.1469097;19.4613914;0.0928305462;ZTF;ZTF(zr);ZTF
58898.1478125;19.3640385;0.0861679912;ZTF;ZTF(zr);ZTF
58898.2519444;20.2712631;0.134200796;ZTF;ZTF(zg);ZTF
58899.2112153;20.3786335;0.144835144;ZTF;ZTF(zg);ZTF
58899.2470602;19.4683533;0.0933248103;ZTF;ZTF(zr);ZTF
58900.2490394;19.3374443;0.0728502721;ZTF;ZTF(zr);ZTF
58900.2494907;19.3640175;0.0743006393;ZTF;ZTF(zr);ZTF
58900.2764352;20.4153252;0.148603931;ZTF;ZTF(zg);ZTF
58903.1909722;19.463419;0.092974171;ZTF;ZTF(zr);ZTF
58903.2503356;20.3673859;0.143693194;ZTF;ZTF(zg);ZTF
58903.2871181;20.0168133;0.111458756;ZTF;ZTF(zg);ZTF
58904.2083565;19.4313736;0.0907267854;ZTF;ZTF(zr);ZTF
58904.2700694;20.3090649;0.137876287;ZTF;ZTF(zg);ZTF
58905.2015278;19.0620098;0.0683031604;ZTF;ZTF(zr);ZTF
58905.2108796;19.0632553;0.0683686733;ZTF;ZTF(zr);ZTF
58905.2289583;19.17593;0.0645749569;ZTF;ZTF(zr);ZTF
58905.2294097;19.2988758;0.0707902983;ZTF;ZTF(zr);ZTF
58905.2552083;20.0524139;0.114429705;ZTF;ZTF(zg);ZTF
58906.2097454;19.2428093;0.0785041153;ZTF;ZTF(zr);ZTF
58906.2106481;19.0246067;0.0663661584;ZTF;ZTF(zr);ZTF
58906.2552662;20.2859592;0.135620788;ZTF;ZTF(zg);ZTF
58906.256169;20.1164474;0.119946241;ZTF;ZTF(zg);ZTF
58909.1431829;19.0707626;0.0687647313;ZTF;ZTF(zr);ZTF
58909.1441551;18.9147034;0.0609975979;ZTF;ZTF(zr);ZTF
58909.2109954;19.9391212;0.105211526;ZTF;ZTF(zg);ZTF
58911.1912269;19.2119408;0.0766608343;ZTF;ZTF(zr);ZTF
58912.1907176;19.5283279;0.0976830795;ZTF;ZTF(zr);ZTF
58912.1916319;19.5137882;0.0966098979;ZTF;ZTF(zr);ZTF
58912.248831;19.8953972;0.101836793;ZTF;ZTF(zg);ZTF
58913.1860532;19.3555546;0.0856091231;ZTF;ZTF(zr);ZTF
58938.170463;19.233036;0.0779158249;ZTF;ZTF(zr);ZTF
58938.60217723;15.308;0.502;NEOWISE;WISE(W2);NEOWISE
58938.60217723;15.247;0.118;NEOWISE;WISE(W1);NEOWISE
58938.73295326;14.982;0.434;NEOWISE;WISE(W2);NEOWISE
58938.73295326;15.437;0.178;NEOWISE;WISE(W1);NEOWISE
58938.86372935;14.82;0.423;NEOWISE;WISE(W2);NEOWISE
58938.86372935;15.353;0.126;NEOWISE;WISE(W1);NEOWISE
58938.9291811;15.601;0.526;NEOWISE;WISE(W2);NEOWISE
58938.9291811;15.631;0.152;NEOWISE;WISE(W1);NEOWISE
58938.99450549;15.711;0.18;NEOWISE;WISE(W1);NEOWISE
58938.99450549;15.085;0.473;NEOWISE;WISE(W2);NEOWISE
58939.05995713;15.288;0.128;NEOWISE;WISE(W1);NEOWISE
58939.12528152;15.285;0.141;NEOWISE;WISE(W1);NEOWISE
58939.1714005;19.5229568;0.0972853675;ZTF;ZTF(zr);ZTF
58939.19022391;15.315;0.145;NEOWISE;WISE(W1);NEOWISE
58939.1962384;19.2635117;0.0689480305;ZTF;ZTF(zr);ZTF
58939.1966898;19.3113327;0.0714497864;ZTF;ZTF(zr);ZTF
58939.32150926;15.102;0.118;NEOWISE;WISE(W1);NEOWISE
58939.45228538;14.647;0.257;NEOWISE;WISE(W2);NEOWISE
58939.45228538;15.475;0.146;NEOWISE;WISE(W1);NEOWISE
58939.58306138;15.112;0.162;NEOWISE;WISE(W1);NEOWISE
58939.58318874;15.112;0.126;NEOWISE;WISE(W1);NEOWISE
58939.58318874;15.064;0.422;NEOWISE;WISE(W2);NEOWISE
58942.39481433;14.04;0.37;NEOWISE;WISE(W2);NEOWISE
58942.39481433;15.482;0.183;NEOWISE;WISE(W1);NEOWISE
58942.46013863;15.692;0.224;NEOWISE;WISE(W1);NEOWISE
58954.1906019;19.3797455;0.0872117653;ZTF;ZTF(zr);ZTF
58955.1937037;19.4562187;0.0924647748;ZTF;ZTF(zr);ZTF
58956.1701157;19.4178238;0.0897916481;ZTF;ZTF(zr);ZTF
58956.1832986;19.3506775;0.0852894261;ZTF;ZTF(zr);ZTF
58956.2083796;20.128891;0.121044002;ZTF;ZTF(zg);ZTF
58962.1925463;20.2130356;0.128687978;ZTF;ZTF(zg);ZTF
58963.1668056;20.3039017;0.137369975;ZTF;ZTF(zg);ZTF
58963.1710648;20.1935234;0.126881301;ZTF;ZTF(zg);ZTF
58964.1616898;20.3900566;0.146001279;ZTF;ZTF(zg);ZTF
58964.2234375;19.5404987;0.0985896438;ZTF;ZTF(zr);ZTF
58965.1925579;20.2562904;0.132765889;ZTF;ZTF(zg);ZTF
58966.1629745;19.4213905;0.0900369138;ZTF;ZTF(zr);ZTF
58967.2035764;20.1742744;0.12511909;ZTF;ZTF(zg);ZTF
58975.1631944;19.3473015;0.0850687847;ZTF;ZTF(zr);ZTF
59122.5307986;19.5362625;0.0982732251;ZTF;ZTF(zr);ZTF
59124.4629051;19.1517296;0.073187694;ZTF;ZTF(zr);ZTF
59130.523044;19.1478844;0.072971344;ZTF;ZTF(zr);ZTF
59134.5114352;19.1309032;0.0624299757;ZTF;ZTF(zr);ZTF
59134.5118981;19.1330948;0.0625327602;ZTF;ZTF(zr);ZTF
59135.475162;20.2025795;0.127717197;ZTF;ZTF(zg);ZTF
59135.5038426;19.3630829;0.08610484;ZTF;ZTF(zr);ZTF
59136.5283102;19.4714603;0.0804254413;ZTF;ZTF(zr);ZTF
59136.5287731;19.4647255;0.0800291821;ZTF;ZTF(zr);ZTF
59137.4561806;20.3260365;0.139550999;ZTF;ZTF(zg);ZTF
59137.5032755;19.2493477;0.0789000094;ZTF;ZTF(zr);ZTF
59139.5169444;19.3453217;0.0849396288;ZTF;ZTF(zr);ZTF
59141.4631481;20.2748642;0.13454783;ZTF;ZTF(zg);ZTF
59141.4843519;19.3096123;0.0826422274;ZTF;ZTF(zr);ZTF
59143.4985185;19.3794651;0.087193042;ZTF;ZTF(zr);ZTF
59143.5080093;20.2035484;0.127807036;ZTF;ZTF(zg);ZTF
59145.4635185;20.0507927;0.114292942;ZTF;ZTF(zg);ZTF
59148.22514815;15.462;0.147;NEOWISE;WISE(W1);NEOWISE
59148.22514815;14.361;0.216;NEOWISE;WISE(W2);NEOWISE
59148.35592409;14.625;0.284;NEOWISE;WISE(W2);NEOWISE
59148.35592409;15.502;0.152;NEOWISE;WISE(W1);NEOWISE
59148.48669998;14.87;0.448;NEOWISE;WISE(W2);NEOWISE
59148.48669998;14.977;0.107;NEOWISE;WISE(W1);NEOWISE
59148.61747593;15.111;0.414;NEOWISE;WISE(W2);NEOWISE
59148.61747593;15.486;0.159;NEOWISE;WISE(W1);NEOWISE
59148.68280021;15.034;0.417;NEOWISE;WISE(W2);NEOWISE
59148.68280021;14.974;0.113;NEOWISE;WISE(W1);NEOWISE
59148.74825177;15.049;0.108;NEOWISE;WISE(W1);NEOWISE
59148.8135761;15.197;0.177;NEOWISE;WISE(W1);NEOWISE
59148.8135761;15.025;0.41;NEOWISE;WISE(W2);NEOWISE
59148.81370343;14.728;0.326;NEOWISE;WISE(W2);NEOWISE
59148.81370343;15.736;0.216;NEOWISE;WISE(W1);NEOWISE
59148.87902775;15.405;0.133;NEOWISE;WISE(W1);NEOWISE
59148.94447932;14.712;0.294;NEOWISE;WISE(W2);NEOWISE
59148.94447932;15.192;0.114;NEOWISE;WISE(W1);NEOWISE
59149.07526049;15.698;0.176;NEOWISE;WISE(W1);NEOWISE
59149.5160185;20.0445766;0.113769837;ZTF;ZTF(zg);ZTF
59151.5246875;19.2360153;0.0780946687;ZTF;ZTF(zr);ZTF
59152.4271875;19.2272739;0.0671061575;ZTF;ZTF(zr);ZTF
59152.4276505;19.1527023;0.0634597763;ZTF;ZTF(zr);ZTF
59153.4789931;19.4425125;0.0915022492;ZTF;ZTF(zr);ZTF
59153.5088426;19.6576366;0.085200794;ZTF;ZTF(zg);ZTF
59156.5114236;19.3219376;0.0834283754;ZTF;ZTF(zr);ZTF
59163.5304745;19.2610817;0.0688230991;ZTF;ZTF(zr);ZTF
59163.5309491;19.2992134;0.0708080828;ZTF;ZTF(zr);ZTF
59165.4431597;20.2155342;0.128920808;ZTF;ZTF(zg);ZTF
59165.4614005;19.3797131;0.0872096121;ZTF;ZTF(zr);ZTF
59166.4567708;19.2778664;0.0696904957;ZTF;ZTF(zr);ZTF
59166.4572338;19.305088;0.0711184889;ZTF;ZTF(zr);ZTF
59166.5128588;19.2833519;0.0965800285;ZTF;ZTF(zi);ZTF
59168.437338;19.3420391;0.0847259611;ZTF;ZTF(zr);ZTF
59168.4643981;20.3126564;0.138229549;ZTF;ZTF(zg);ZTF
59170.4628009;20.1856117;0.126154482;ZTF;ZTF(zg);ZTF
59170.5067824;19.2903595;0.0814284459;ZTF;ZTF(zr);ZTF
59173.4421991;20.1698246;0.124714673;ZTF;ZTF(zg);ZTF
59178.4908565;20.4820499;0.155625358;ZTF;ZTF(zg);ZTF
59180.4442361;19.0607891;0.0682390407;ZTF;ZTF(zr);ZTF
59182.4748611;19.3880043;0.0877653658;ZTF;ZTF(zr);ZTF
59184.4051852;19.0339108;0.0805869326;ZTF;ZTF(zi);ZTF
59185.393912;19.3466949;0.0850291774;ZTF;ZTF(zr);ZTF
59189.3583449;19.2933769;0.0816175267;ZTF;ZTF(zr);ZTF
59189.48625;20.1528358;0.123180121;ZTF;ZTF(zg);ZTF
59193.3977431;19.2830849;0.0809742659;ZTF;ZTF(zr);ZTF
59193.4574537;20.0949688;0.102388129;ZTF;ZTF(zg);ZTF
59193.4579282;20.4530602;0.127397746;ZTF;ZTF(zg);ZTF
59194.379456;19.4647064;0.0930655226;ZTF;ZTF(zr);ZTF
59194.4018519;20.0565224;0.114776939;ZTF;ZTF(zg);ZTF
59194.4191435;19.8714714;0.100032628;ZTF;ZTF(zg);ZTF
59194.4580208;20.1967049;0.127174407;ZTF;ZTF(zg);ZTF
59194.4645139;19.3088837;0.0825959817;ZTF;ZTF(zr);ZTF
59194.4868171;19.1714287;0.074306421;ZTF;ZTF(zr);ZTF
59196.3924306;19.1239319;0.0716377348;ZTF;ZTF(zr);ZTF
59196.4144213;19.8388062;0.0976174176;ZTF;ZTF(zg);ZTF
59196.4560532;19.9570465;0.106624313;ZTF;ZTF(zg);ZTF
59196.4636227;19.0472412;0.0675314814;ZTF;ZTF(zr);ZTF
59196.4756829;19.1793747;0.0747625157;ZTF;ZTF(zr);ZTF
59198.3781134;20.3905468;0.146051332;ZTF;ZTF(zg);ZTF
59198.3976852;20.2560616;0.132744044;ZTF;ZTF(zg);ZTF
59198.4282986;19.2556782;0.0792852864;ZTF;ZTF(zr);ZTF
59199.2617014;19.0728626;0.0688759759;ZTF;ZTF(zr);ZTF
59199.3590625;20.0041313;0.110416964;ZTF;ZTF(zg);ZTF
59199.3799074;19.1714497;0.0743076503;ZTF;ZTF(zr);ZTF
59199.3808449;19.1039772;0.0705455095;ZTF;ZTF(zr);ZTF
59199.4215741;20.2395782;0.131178528;ZTF;ZTF(zg);ZTF
59199.4225116;20.3688126;0.143837586;ZTF;ZTF(zg);ZTF
59199.4400231;18.9329109;0.0747786909;ZTF;ZTF(zi);ZTF
59200.4139931;20.3116302;0.138128445;ZTF;ZTF(zg);ZTF
59201.4093981;19.9351158;0.104898185;ZTF;ZTF(zg);ZTF
59201.4103588;19.9901485;0.109278247;ZTF;ZTF(zg);ZTF
59202.3393171;20.0624714;0.115281574;ZTF;ZTF(zg);ZTF
59202.3886343;19.3006134;0.0820727125;ZTF;ZTF(zr);ZTF
59202.4165856;19.3745708;0.0868665576;ZTF;ZTF(zr);ZTF
59202.4585648;18.8534336;0.070476301;ZTF;ZTF(zi);ZTF
59202.4850926;20.2477455;0.131952345;ZTF;ZTF(zg);ZTF
59203.3747222;20.0377998;0.113201976;ZTF;ZTF(zg);ZTF
59203.3800231;19.9140739;0.103265971;ZTF;ZTF(zg);ZTF
59203.4141435;19.9202633;0.103743665;ZTF;ZTF(zg);ZTF
59203.4283912;18.933651;0.0618896633;ZTF;ZTF(zr);ZTF
59203.4293403;19.0268784;0.0664821938;ZTF;ZTF(zr);ZTF
59203.4536574;19.1633987;0.0738483593;ZTF;ZTF(zr);ZTF
59204.3212037;20.2349472;0.130741149;ZTF;ZTF(zg);ZTF
59204.3623032;19.3518448;0.0853658244;ZTF;ZTF(zr);ZTF
59204.4361806;19.3898792;0.0878915116;ZTF;ZTF(zr);ZTF
59204.4578241;20.3234425;0.139294088;ZTF;ZTF(zg);ZTF
59205.220544;19.3771591;0.087039046;ZTF;ZTF(zr);ZTF
59210.2937269;19.2980633;0.0819120258;ZTF;ZTF(zr);ZTF
59210.3861806;19.4795437;0.0941243321;ZTF;ZTF(zr);ZTF
59210.3993287;19.4217453;0.0900613815;ZTF;ZTF(zr);ZTF
59216.4643634;18.8102093;0.0682338476;ZTF;ZTF(zi);ZTF
59217.3394444;19.4359589;0.0910452306;ZTF;ZTF(zr);ZTF
59217.3802315;19.3161373;0.0830575526;ZTF;ZTF(zr);ZTF
59217.4242593;19.967083;0.107422769;ZTF;ZTF(zg);ZTF
59218.2672801;20.4608307;0.153369665;ZTF;ZTF(zg);ZTF
59218.3591435;20.0441437;0.113733396;ZTF;ZTF(zg);ZTF
59218.3800463;19.3639641;0.0861631036;ZTF;ZTF(zr);ZTF
59218.3809838;19.430027;0.0906334221;ZTF;ZTF(zr);ZTF
59218.437581;20.2352657;0.111999169;ZTF;ZTF(zg);ZTF
59218.4462153;19.4553566;0.0924039707;ZTF;ZTF(zr);ZTF
59219.2916898;20.0122738;0.111084849;ZTF;ZTF(zg);ZTF
59219.3194213;19.1986332;0.0758794174;ZTF;ZTF(zr);ZTF
59219.3636343;19.3504601;0.0852752402;ZTF;ZTF(zr);ZTF
59219.3806944;18.8845558;0.0721332133;ZTF;ZTF(zi);ZTF
59219.4121065;20.1029015;0.11876063;ZTF;ZTF(zg);ZTF
59220.2887269;19.2451096;0.0786431432;ZTF;ZTF(zr);ZTF
59220.3320718;20.2069111;0.128118634;ZTF;ZTF(zg);ZTF
59220.3421991;20.12957;0.121104196;ZTF;ZTF(zg);ZTF
59221.3335301;20.1581917;0.123662323;ZTF;ZTF(zg);ZTF
59221.3594329;19.3954811;0.0882693678;ZTF;ZTF(zr);ZTF
59221.381412;20.1011829;0.118610889;ZTF;ZTF(zg);ZTF
59221.4191319;19.2184525;0.0770461187;ZTF;ZTF(zr);ZTF
59222.3316782;19.3128204;0.0828461498;ZTF;ZTF(zr);ZTF
59222.3378588;19.4008713;0.0886344388;ZTF;ZTF(zr);ZTF
59222.3601968;20.2625027;0.133359894;ZTF;ZTF(zg);ZTF
59222.3810764;20.2646542;0.133565962;ZTF;ZTF(zg);ZTF
59222.4162731;20.2379341;0.131023079;ZTF;ZTF(zg);ZTF
59222.4229861;19.0005875;0.0786280632;ZTF;ZTF(zi);ZTF
59222.4483565;19.3972588;0.0883895755;ZTF;ZTF(zr);ZTF
59223.2732523;19.3052635;0.082366541;ZTF;ZTF(zr);ZTF
59223.3585185;19.1918297;0.0754829869;ZTF;ZTF(zr);ZTF
59223.3960648;20.2128143;0.128667325;ZTF;ZTF(zg);ZTF
59224.2896181;19.2700157;0.0801645443;ZTF;ZTF(zr);ZTF
59224.3497106;20.1230812;0.120530352;ZTF;ZTF(zg);ZTF
59224.3602083;19.2475662;0.0787919685;ZTF;ZTF(zr);ZTF
59224.361169;19.2579765;0.0794256106;ZTF;ZTF(zr);ZTF
59224.4001273;20.0444412;0.113758437;ZTF;ZTF(zg);ZTF
59225.2321875;20.0814743;0.116905734;ZTF;ZTF(zg);ZTF
59225.2564699;19.3651619;0.0862422213;ZTF;ZTF(zr);ZTF
59225.3196296;19.0704308;0.0827819407;ZTF;ZTF(zi);ZTF
59225.3294792;18.9995861;0.0785698593;ZTF;ZTF(zi);ZTF
59225.3530671;20.2306652;0.130337879;ZTF;ZTF(zg);ZTF
59225.3740972;20.1153183;0.103756733;ZTF;ZTF(zg);ZTF
59225.3745602;20.2323074;0.111792758;ZTF;ZTF(zg);ZTF
59225.379919;19.4051476;0.0889250189;ZTF;ZTF(zr);ZTF
59226.267662;19.2064037;0.0763347149;ZTF;ZTF(zr);ZTF
59226.3194213;20.1237488;0.120589271;ZTF;ZTF(zg);ZTF
59226.3374769;20.0065269;0.110613145;ZTF;ZTF(zg);ZTF
59226.384919;20.0651436;0.115508616;ZTF;ZTF(zg);ZTF
59226.3987384;19.3577442;0.0857530534;ZTF;ZTF(zr);ZTF
59226.4366782;19.3780231;0.0870967135;ZTF;ZTF(zr);ZTF
59227.3620602;19.4072227;0.0890663788;ZTF;ZTF(zr);ZTF
59227.4211111;20.2802219;0.135065153;ZTF;ZTF(zg);ZTF
59228.2665972;20.2322598;0.130487978;ZTF;ZTF(zg);ZTF
59228.2977778;18.8986149;0.0728933886;ZTF;ZTF(zi);ZTF
59228.3205093;19.3106098;0.082705602;ZTF;ZTF(zr);ZTF
59228.3417708;19.3812752;0.087314032;ZTF;ZTF(zr);ZTF
59228.3656134;20.303503;0.137330964;ZTF;ZTF(zg);ZTF
59228.3802315;20.3555355;0.142497197;ZTF;ZTF(zg);ZTF
59228.4469444;19.3904152;0.0879275426;ZTF;ZTF(zr);ZTF
59229.2914583;19.0661621;0.0685217381;ZTF;ZTF(zr);ZTF
59229.3005671;19.9984055;0.10994944;ZTF;ZTF(zg);ZTF
59229.3745023;19.7424126;0.0908080041;ZTF;ZTF(zg);ZTF
59229.4186806;19.1846638;0.0750676468;ZTF;ZTF(zr);ZTF
59230.2592477;19.2899323;0.0814016685;ZTF;ZTF(zr);ZTF
59230.2901736;19.3169975;0.0831124112;ZTF;ZTF(zr);ZTF
59230.3292708;20.1507835;0.122995771;ZTF;ZTF(zg);ZTF
59230.3377662;20.2498207;0.132149711;ZTF;ZTF(zg);ZTF
59230.3514815;20.2154846;0.110621713;ZTF;ZTF(zg);ZTF
59230.3519444;20.2132378;0.110465705;ZTF;ZTF(zg);ZTF
59230.3567593;20.2839012;0.135421291;ZTF;ZTF(zg);ZTF
59230.4331713;19.2122822;0.0766810328;ZTF;ZTF(zr);ZTF
59231.2589352;19.8926983;0.101631775;ZTF;ZTF(zg);ZTF
59231.3335764;19.4367256;0.0910985619;ZTF;ZTF(zr);ZTF
59231.3389468;19.0008125;0.0786411688;ZTF;ZTF(zi);ZTF
59231.3577431;19.3216152;0.0834077597;ZTF;ZTF(zr);ZTF
59231.3785995;20.2677612;0.13386409;ZTF;ZTF(zg);ZTF
59232.2862153;20.3370895;0.140649632;ZTF;ZTF(zg);ZTF
59232.2979745;19.4358902;0.0910404995;ZTF;ZTF(zr);ZTF
59232.3504745;19.4053822;0.0889410079;ZTF;ZTF(zr);ZTF
59232.351412;19.4944477;0.0951988772;ZTF;ZTF(zr);ZTF
59232.3819676;20.3916931;0.146168783;ZTF;ZTF(zg);ZTF
59233.3612616;19.9663029;0.107360564;ZTF;ZTF(zg);ZTF
59248.2359491;19.3491268;0.0851879939;ZTF;ZTF(zr);ZTF
59248.2478125;19.234848;0.0780245662;ZTF;ZTF(zr);ZTF
59248.2540972;19.9691525;0.107588097;ZTF;ZTF(zg);ZTF
59248.2550463;20.2684612;0.133931428;ZTF;ZTF(zg);ZTF
59250.2457407;19.0525913;0.0678099841;ZTF;ZTF(zr);ZTF
59250.2466782;19.041172;0.06721697;ZTF;ZTF(zr);ZTF
59250.2575926;20.3309364;0.140037224;ZTF;ZTF(zg);ZTF
59251.2351852;18.8717194;0.0714454949;ZTF;ZTF(zi);ZTF
59251.2706366;20.1619778;0.124004036;ZTF;ZTF(zg);ZTF
59251.2970833;19.4207134;0.0899903029;ZTF;ZTF(zr);ZTF
59252.2052546;19.2988644;0.0819624737;ZTF;ZTF(zr);ZTF
59252.268287;20.2388306;0.131107777;ZTF;ZTF(zg);ZTF
59254.2314468;20.1293068;0.121080756;ZTF;ZTF(zg);ZTF
59254.2556134;19.3919277;0.0880294815;ZTF;ZTF(zr);ZTF
59254.319919;18.8967266;0.0727908537;ZTF;ZTF(zi);ZTF
59254.3357523;19.3051491;0.0823592991;ZTF;ZTF(zr);ZTF
59254.3362269;19.3914642;0.0879982263;ZTF;ZTF(zr);ZTF
59254.3366898;19.469305;0.093392536;ZTF;ZTF(zr);ZTF
59254.3371644;19.3617859;0.0860192403;ZTF;ZTF(zr);ZTF
59254.3376273;19.4062252;0.0889983997;ZTF;ZTF(zr);ZTF
59256.2121759;19.3718815;0.0866876841;ZTF;ZTF(zr);ZTF
59260.2543981;19.3113308;0.082751438;ZTF;ZTF(zr);ZTF
59260.3224306;18.9159756;0.073842302;ZTF;ZTF(zi);ZTF
59263.2343287;18.8234673;0.0568897873;ZTF;ZTF(zr);ZTF
59263.2977662;18.3782082;0.049347911;ZTF;ZTF(zi);ZTF
59264.2871065;20.1498375;0.106099769;ZTF;ZTF(zg);ZTF
59265.2034144;20.0460777;0.113896057;ZTF;ZTF(zg);ZTF
59265.253206;19.2353001;0.0780516937;ZTF;ZTF(zr);ZTF
59265.2877778;20.2104416;0.110271573;ZTF;ZTF(zg);ZTF
59265.2882523;20.328434;0.118555233;ZTF;ZTF(zg);ZTF
59266.2032986;18.8282928;0.0691637471;ZTF;ZTF(zi);ZTF
59267.2338194;20.082531;0.116996579;ZTF;ZTF(zg);ZTF
59267.2976852;19.201458;0.0760446563;ZTF;ZTF(zr);ZTF
59271.2568287;19.2442856;0.0785933211;ZTF;ZTF(zr);ZTF
59273.2364699;19.2285614;0.077647984;ZTF;ZTF(zr);ZTF
59274.3065509;18.5591774;0.0565126538;ZTF;ZTF(zi);ZTF
59275.171169;20.2043839;0.127884313;ZTF;ZTF(zg);ZTF
59275.2331019;19.2821083;0.0809134915;ZTF;ZTF(zr);ZTF
59278.186875;19.1904774;0.0754043758;ZTF;ZTF(zr);ZTF
59281.2252546;19.2159939;0.0769004002;ZTF;ZTF(zr);ZTF
59291.2183333;19.4377422;0.0911693648;ZTF;ZTF(zr);ZTF
59293.1527315;19.9880333;0.109106936;ZTF;ZTF(zg);ZTF
59293.1712037;19.3843613;0.0875207558;ZTF;ZTF(zr);ZTF
59301.1737269;19.4603195;0.0927545801;ZTF;ZTF(zr);ZTF
59303.1526273;19.4768639;0.0939323008;ZTF;ZTF(zr);ZTF
59303.175081;19.0150318;0.0794720054;ZTF;ZTF(zi);ZTF
59305.56259072;15.328;0.204;NEOWISE;WISE(W1);NEOWISE
59305.56259072;14.715;0.289;NEOWISE;WISE(W2);NEOWISE
59305.56271803;15.237;0.114;NEOWISE;WISE(W1);NEOWISE
59305.56271803;15.104;0.379;NEOWISE;WISE(W2);NEOWISE
59305.69336678;15.12;0.453;NEOWISE;WISE(W2);NEOWISE
59305.69336678;15.292;0.122;NEOWISE;WISE(W1);NEOWISE
59305.82414284;14.99;0.351;NEOWISE;WISE(W2);NEOWISE
59305.82414284;14.849;0.121;NEOWISE;WISE(W1);NEOWISE
59305.95491895;15.376;0.129;NEOWISE;WISE(W1);NEOWISE
59305.95491895;15.028;0.316;NEOWISE;WISE(W2);NEOWISE
59306.02024391;15.156;0.397;NEOWISE;WISE(W2);NEOWISE
59306.02024391;15.08;0.099;NEOWISE;WISE(W1);NEOWISE
59306.08556825;15.176;0.377;NEOWISE;WISE(W2);NEOWISE
59306.08556825;15.749;0.187;NEOWISE;WISE(W1);NEOWISE
59306.15101997;15.426;0.134;NEOWISE;WISE(W1);NEOWISE
59306.1838194;20.2907944;0.136090457;ZTF;ZTF(zg);ZTF
59306.21634436;15.336;0.461;NEOWISE;WISE(W2);NEOWISE
59306.21634436;15.416;0.135;NEOWISE;WISE(W1);NEOWISE
59306.2279051;19.3518353;0.0853652135;ZTF;ZTF(zr);ZTF
59306.28166872;15.084;0.131;NEOWISE;WISE(W1);NEOWISE
59306.28166872;14.634;0.26;NEOWISE;WISE(W2);NEOWISE
59306.41244472;15.339;0.129;NEOWISE;WISE(W1);NEOWISE
59306.41244472;14.548;0.343;NEOWISE;WISE(W2);NEOWISE
59306.54322083;15.579;0.155;NEOWISE;WISE(W1);NEOWISE
59307.1742361;18.9737854;0.0770829991;ZTF;ZTF(zi);ZTF
59308.2490162;20.2005291;0.127527535;ZTF;ZTF(zg);ZTF
59310.1953125;19.2730064;0.0803491622;ZTF;ZTF(zr);ZTF
59312.1618056;19.0045433;0.0788584501;ZTF;ZTF(zi);ZTF
59312.1706481;19.356966;0.0857018605;ZTF;ZTF(zr);ZTF
59312.2086111;20.3999348;0.147014946;ZTF;ZTF(zg);ZTF
59314.2074074;20.0777225;0.116583429;ZTF;ZTF(zg);ZTF
59315.1765625;19.0221176;0.0798888728;ZTF;ZTF(zi);ZTF
59316.1576505;19.2793961;0.0807449445;ZTF;ZTF(zr);ZTF
59319.1731134;20.1950893;0.127025604;ZTF;ZTF(zg);ZTF
59319.1978588;19.2350521;0.0780368;ZTF;ZTF(zr);ZTF
59321.1733102;20.1510715;0.123021677;ZTF;ZTF(zg);ZTF
59321.2023958;19.5605927;0.10010273;ZTF;ZTF(zr);ZTF
59328.1630671;19.4316444;0.0907455459;ZTF;ZTF(zr);ZTF
59334.1667477;20.2043915;0.127884984;ZTF;ZTF(zg);ZTF
59336.2048727;19.1419582;0.0726391077;ZTF;ZTF(zr);ZTF
59336.2241898;20.0933285;0.117928855;ZTF;ZTF(zg);ZTF
59338.1845833;20.2765789;0.134713203;ZTF;ZTF(zg);ZTF
59344.1866551;20.2144814;0.128822565;ZTF;ZTF(zg);ZTF
59344.1977662;19.5378952;0.0983950868;ZTF;ZTF(zr);ZTF
59460.5083102;19.333292;0.0841589645;ZTF;ZTF(zr);ZTF
59460.5107292;19.3736248;0.0868036598;ZTF;ZTF(zr);ZTF
59460.5131597;19.4381447;0.0911974385;ZTF;ZTF(zr);ZTF
59460.5155787;18.9317627;0.0618001595;ZTF;ZTF(zr);ZTF
59461.5073611;19.2858639;0.0811474398;ZTF;ZTF(zr);ZTF
59461.5097801;19.4222851;0.0900985822;ZTF;ZTF(zr);ZTF
59461.5121991;19.3517723;0.0853610709;ZTF;ZTF(zr);ZTF
59461.5146296;19.4226112;0.0901210085;ZTF;ZTF(zr);ZTF
59461.5170486;19.2313652;0.0778157339;ZTF;ZTF(zr);ZTF
59462.5089468;19.3088894;0.0825963616;ZTF;ZTF(zr);ZTF
59462.5113773;19.4717751;0.0935686007;ZTF;ZTF(zr);ZTF
59462.5137963;19.3239441;0.0835570171;ZTF;ZTF(zr);ZTF
59462.5162153;19.4774837;0.0939766839;ZTF;ZTF(zr);ZTF
59463.5140394;19.60252;0.103326119;ZTF;ZTF(zr);ZTF
59463.5164699;19.2326069;0.0778900906;ZTF;ZTF(zr);ZTF
59469.5003588;19.2920685;0.0815354437;ZTF;ZTF(zr);ZTF
59469.5028356;19.2931805;0.0816051885;ZTF;ZTF(zr);ZTF
59469.5053241;19.3175449;0.0831473693;ZTF;ZTF(zr);ZTF
59469.5078009;19.4282131;0.0905078873;ZTF;ZTF(zr);ZTF
59469.5102778;19.3481312;0.0851229653;ZTF;ZTF(zr);ZTF
59470.5009491;19.3310642;0.084015131;ZTF;ZTF(zr);ZTF
59470.5033681;19.3981781;0.0884518102;ZTF;ZTF(zr);ZTF
59470.505787;19.246418;0.078722395;ZTF;ZTF(zr);ZTF
59470.508206;19.4008827;0.0886351615;ZTF;ZTF(zr);ZTF
59470.5106366;19.3357506;0.08431793;ZTF;ZTF(zr);ZTF
59471.5016782;19.4127045;0.0894407257;ZTF;ZTF(zr);ZTF
59471.5040972;19.3087692;0.0825887248;ZTF;ZTF(zr);ZTF
59471.5065278;19.4124928;0.089426212;ZTF;ZTF(zr);ZTF
59471.5089583;19.4038219;0.0888348445;ZTF;ZTF(zr);ZTF
59471.5113773;19.3324432;0.0841041431;ZTF;ZTF(zr);ZTF
59472.5008218;19.2668343;0.0799686015;ZTF;ZTF(zr);ZTF
59472.5032407;19.2553406;0.0792647079;ZTF;ZTF(zr);ZTF
59472.5056597;19.2424316;0.0784812868;ZTF;ZTF(zr);ZTF
59472.5080787;19.4539833;0.0923071653;ZTF;ZTF(zr);ZTF
59472.5105093;19.1979923;0.0758419633;ZTF;ZTF(zr);ZTF
59484.4926505;19.5674648;0.100624852;ZTF;ZTF(zr);ZTF
59489.4468519;19.2516308;0.0790387988;ZTF;ZTF(zr);ZTF
59489.5074769;20.2465553;0.131839395;ZTF;ZTF(zg);ZTF
59496.4759028;19.2561455;0.0793137997;ZTF;ZTF(zr);ZTF
59500.4784144;20.1156464;0.119875841;ZTF;ZTF(zg);ZTF
59500.5125579;19.377573;0.0870667249;ZTF;ZTF(zr);ZTF
59503.411794;18.9868908;0.0644703135;ZTF;ZTF(zr);ZTF
59509.5004282;19.3836098;0.0874704123;ZTF;ZTF(zr);ZTF
59512.45427786;14.441;0.228;NEOWISE;WISE(W2);NEOWISE
59512.45427786;15.778;0.197;NEOWISE;WISE(W1);NEOWISE
59512.58492644;15.415;0.147;NEOWISE;WISE(W1);NEOWISE
59512.71570247;15.057;0.149;NEOWISE;WISE(W1);NEOWISE
59512.84635109;15.299;0.14;NEOWISE;WISE(W1);NEOWISE
59512.84635109;14.716;0.347;NEOWISE;WISE(W2);NEOWISE
59512.91167545;15.042;0.119;NEOWISE;WISE(W1);NEOWISE
59512.97699976;15.543;0.201;NEOWISE;WISE(W1);NEOWISE
59512.97699976;14.516;0.396;NEOWISE;WISE(W2);NEOWISE
59513.04245144;15.655;0.173;NEOWISE;WISE(W1);NEOWISE
59513.10777569;15.003;0.102;NEOWISE;WISE(W1);NEOWISE
59513.17310006;15.169;0.123;NEOWISE;WISE(W1);NEOWISE
59513.17310006;14.927;0.449;NEOWISE;WISE(W2);NEOWISE
59513.30374863;15.551;0.178;NEOWISE;WISE(W1);NEOWISE
59513.30374863;14.876;0.428;NEOWISE;WISE(W2);NEOWISE
59513.43452466;14.82;0.461;NEOWISE;WISE(W2);NEOWISE
59513.43452466;15.485;0.146;NEOWISE;WISE(W1);NEOWISE
59516.17967443;15.22;0.124;NEOWISE;WISE(W1);NEOWISE
59516.31032306;15.599;0.187;NEOWISE;WISE(W1);NEOWISE
59516.44097168;15.049;0.125;NEOWISE;WISE(W1);NEOWISE
59518.4634259;18.9564095;0.0760957673;ZTF;ZTF(zi);ZTF
59518.504919;19.4207649;0.0899939165;ZTF;ZTF(zr);ZTF
59521.5002778;18.8449764;0.0700321719;ZTF;ZTF(zi);ZTF
59522.4463773;20.3793945;0.144912601;ZTF;ZTF(zg);ZTF
59522.4825694;19.2855949;0.0811307132;ZTF;ZTF(zr);ZTF
59524.4465046;19.3650169;0.0862326846;ZTF;ZTF(zr);ZTF
59524.4827778;18.9783287;0.0773429945;ZTF;ZTF(zi);ZTF
59524.5090278;20.2512741;0.13228783;ZTF;ZTF(zg);ZTF
59526.4872338;19.3229828;0.0834953934;ZTF;ZTF(zr);ZTF
59527.5058218;19.079998;0.0833653584;ZTF;ZTF(zi);ZTF
59529.4058449;19.2172527;0.0769749656;ZTF;ZTF(zr);ZTF
59529.5060301;20.1604767;0.123868376;ZTF;ZTF(zg);ZTF
59530.5040278;18.5155525;0.0546917319;ZTF;ZTF(zi);ZTF
59531.4379167;19.3769035;0.0870220363;ZTF;ZTF(zr);ZTF
59531.4658565;20.1725731;0.124964446;ZTF;ZTF(zg);ZTF
59536.420706;19.6042252;0.0818451643;ZTF;ZTF(zg);ZTF
59536.4828125;19.3919296;0.0880296454;ZTF;ZTF(zr);ZTF
59540.4626505;19.0211983;0.0798346922;ZTF;ZTF(zi);ZTF
59550.3785417;19.2814064;0.0808698237;ZTF;ZTF(zr);ZTF
59550.4217593;20.2670231;0.133793339;ZTF;ZTF(zg);ZTF
59622.2905903;19.3913574;0.0879910663;ZTF;ZTF(zr);ZTF
59627.3426852;19.0771599;0.0691041499;ZTF;ZTF(zr);ZTF
59628.2259144;18.9147186;0.0737731829;ZTF;ZTF(zi);ZTF
59629.3255903;19.1754704;0.0745380819;ZTF;ZTF(zr);ZTF
59636.2113079;20.3767929;0.144647852;ZTF;ZTF(zg);ZTF
59636.3307176;19.2109051;0.0765997097;ZTF;ZTF(zr);ZTF
59637.2449537;18.7871361;0.0670645833;ZTF;ZTF(zi);ZTF
59639.2001968;20.2404099;0.112358272;ZTF;ZTF(zg);ZTF
59640.2065856;20.3336411;0.14030607;ZTF;ZTF(zg);ZTF
59640.2318634;19.3777351;0.0870775431;ZTF;ZTF(zr);ZTF
59640.2790162;19.0033627;0.0787895992;ZTF;ZTF(zi);ZTF
59669.78986065;15.071;0.103;NEOWISE;WISE(W1);NEOWISE
59669.92038273;14.917;0.512;NEOWISE;WISE(W2);NEOWISE
59669.92038273;15.235;0.12;NEOWISE;WISE(W1);NEOWISE
59670.05103153;15.307;0.122;NEOWISE;WISE(W1);NEOWISE
59670.11584659;15.621;0.154;NEOWISE;WISE(W1);NEOWISE
59670.11584659;15.037;0.335;NEOWISE;WISE(W2);NEOWISE
59670.181553;15.341;0.165;NEOWISE;WISE(W1);NEOWISE
59670.181553;15.036;0.328;NEOWISE;WISE(W2);NEOWISE
59670.24687737;15.413;0.538;NEOWISE;WISE(W2);NEOWISE
59670.24687737;15.822;0.19;NEOWISE;WISE(W1);NEOWISE
59670.31220179;15.544;0.157;NEOWISE;WISE(W1);NEOWISE
59670.31220179;15.174;0.461;NEOWISE;WISE(W2);NEOWISE
59670.37752625;14.779;0.361;NEOWISE;WISE(W2);NEOWISE
59670.37752625;15.311;0.204;NEOWISE;WISE(W1);NEOWISE
59670.50804769;15.27;0.14;NEOWISE;WISE(W1);NEOWISE
59670.50804769;14.9;0.32;NEOWISE;WISE(W2);NEOWISE
59670.63869652;15.332;0.126;NEOWISE;WISE(W1);NEOWISE
59670.769218;15.242;0.373;NEOWISE;WISE(W2);NEOWISE
59670.769218;15.528;0.145;NEOWISE;WISE(W1);NEOWISE
59672.1534375;20.3234444;0.139294326;ZTF;ZTF(zg);ZTF
59672.1921296;19.0327644;0.0805188119;ZTF;ZTF(zi);ZTF
59674.2244676;19.4205627;0.0899799764;ZTF;ZTF(zr);ZTF
59675.1768634;18.982975;0.0776097327;ZTF;ZTF(zi);ZTF
59682.159375;19.1873894;0.0752253309;ZTF;ZTF(zr);ZTF
59687.160081;19.5364227;0.0982851386;ZTF;ZTF(zr);ZTF
59689.1610764;19.8368568;0.0974750519;ZTF;ZTF(zg);ZTF
59689.1846412;19.1793423;0.0747606605;ZTF;ZTF(zr);ZTF
59693.1713542;19.3005085;0.0820660889;ZTF;ZTF(zr);ZTF
59695.1636458;19.09482;0.0842759833;ZTF;ZTF(zi);ZTF
59695.1744213;20.2833786;0.135370702;ZTF;ZTF(zg);ZTF
59695.197037;19.3254566;0.0836541504;ZTF;ZTF(zr);ZTF
59697.2037847;20.0512714;0.114333354;ZTF;ZTF(zg);ZTF
59700.1935764;20.2591438;0.133038476;ZTF;ZTF(zg);ZTF
59703.1816204;20.0122967;0.111086801;ZTF;ZTF(zg);ZTF
59708.1924769;19.0724564;0.0688544363;ZTF;ZTF(zr);ZTF
59710.1795602;19.832674;0.0971701592;ZTF;ZTF(zg);ZTF
59710.2144329;19.2135811;0.0767577067;ZTF;ZTF(zr);ZTF
59825.5107292;18.906599;0.0606202334;ZTF;ZTF(zr);ZTF
59825.5155903;19.0945301;0.0700342804;ZTF;ZTF(zr);ZTF
59827.5079051;19.3033447;0.0822451562;ZTF;ZTF(zr);ZTF
59827.5103356;19.4376945;0.0911660492;ZTF;ZTF(zr);ZTF
59827.5127546;19.1209869;0.0714754984;ZTF;ZTF(zr);ZTF
59827.5151852;18.9954777;0.0648969561;ZTF;ZTF(zr);ZTF
59828.5094213;19.295784;0.0817686617;ZTF;ZTF(zr);ZTF
59828.5118634;19.0359745;0.0669488087;ZTF;ZTF(zr);ZTF
59828.514294;19.331234;0.0840261281;ZTF;ZTF(zr);ZTF
59846.474375;19.3314495;0.0840399712;ZTF;ZTF(zr);ZTF
59851.4774306;20.2266388;0.111397579;ZTF;ZTF(zg);ZTF
59852.4707639;20.264019;0.114011727;ZTF;ZTF(zg);ZTF
59853.4462037;19.4122639;0.0894105434;ZTF;ZTF(zr);ZTF
59853.4786343;20.4340897;0.126054019;ZTF;ZTF(zg);ZTF
59853.4937731;20.3467445;0.141614333;ZTF;ZTF(zg);ZTF
59856.4428819;20.1946659;0.126986504;ZTF;ZTF(zg);ZTF
59856.49875;19.8853645;0.127432749;ZTF;ZTF(zr);ZTF
59858.4690972;20.2221699;0.129540727;ZTF;ZTF(zg);ZTF
59860.4453472;19.5316715;0.0979313925;ZTF;ZTF(zr);ZTF
59860.5037384;20.2446041;0.131654397;ZTF;ZTF(zg);ZTF
59863.4963542;19.3816032;0.087335974;ZTF;ZTF(zr);ZTF
59871.4832407;20.0957012;0.118134521;ZTF;ZTF(zg);ZTF
59871.5048727;19.3913765;0.0879923552;ZTF;ZTF(zr);ZTF
59874.4629745;20.1479015;0.122737505;ZTF;ZTF(zg);ZTF
59874.4980208;19.4021454;0.0887208581;ZTF;ZTF(zr);ZTF
59876.4792477;18.7267494;0.0640944317;ZTF;ZTF(zi);ZTF
59878.4430787;20.1657257;0.124343067;ZTF;ZTF(zg);ZTF
59878.4835301;19.303524;0.0822565258;ZTF;ZTF(zr);ZTF
59879.55427505;15.036;0.37;NEOWISE;WISE(W2);NEOWISE
59879.55427505;15.17;0.115;NEOWISE;WISE(W1);NEOWISE
59879.68517898;14.739;0.458;NEOWISE;WISE(W2);NEOWISE
59879.68517898;15.681;0.199;NEOWISE;WISE(W1);NEOWISE
59879.81544564;15.252;0.123;NEOWISE;WISE(W1);NEOWISE
59879.9458396;15.205;0.125;NEOWISE;WISE(W1);NEOWISE
59880.0110366;15.351;0.142;NEOWISE;WISE(W1);NEOWISE
59880.0110366;15.303;0.458;NEOWISE;WISE(W2);NEOWISE
59880.07623361;15.432;0.152;NEOWISE;WISE(W1);NEOWISE
59880.14143061;15.308;0.13;NEOWISE;WISE(W1);NEOWISE
59880.14143061;15.292;0.481;NEOWISE;WISE(W2);NEOWISE
59880.20611826;14.645;0.266;NEOWISE;WISE(W2);NEOWISE
59880.20611826;15.376;0.13;NEOWISE;WISE(W1);NEOWISE
59880.27169726;15.307;0.156;NEOWISE;WISE(W1);NEOWISE
59880.27169726;14.757;0.287;NEOWISE;WISE(W2);NEOWISE
59880.40209123;15.05;0.164;NEOWISE;WISE(W1);NEOWISE
59880.40209123;15.263;0.523;NEOWISE;WISE(W2);NEOWISE
59880.4344907;20.0960522;0.118164927;ZTF;ZTF(zg);ZTF
59880.4637037;19.2626648;0.0797125921;ZTF;ZTF(zr);ZTF
59880.5067593;19.0383263;0.0808496326;ZTF;ZTF(zi);ZTF
59880.5214815;19.0602875;0.0821672007;ZTF;ZTF(zi);ZTF
59880.53248523;14.706;0.299;NEOWISE;WISE(W2);NEOWISE
59880.53248523;15.516;0.176;NEOWISE;WISE(W1);NEOWISE
59882.4847917;19.0375214;0.0670285299;ZTF;ZTF(zr);ZTF
59882.508831;19.8306141;0.0970203429;ZTF;ZTF(zg);ZTF
59883.4670023;18.9495792;0.0757107809;ZTF;ZTF(zi);ZTF
59889.4370949;18.8220501;0.0688413754;ZTF;ZTF(zi);ZTF
59889.5024537;19.3036919;0.0822671503;ZTF;ZTF(zr);ZTF
59899.46;18.4621696;0.0433737077;ZTF;ZTF(zr);ZTF
59901.462662;20.081192;0.116881534;ZTF;ZTF(zg);ZTF
59901.4841088;19.2959461;0.0817788467;ZTF;ZTF(zr);ZTF
59902.3441551;18.8707542;0.0713939965;ZTF;ZTF(zi);ZTF
59903.393044;20.2290611;0.130187005;ZTF;ZTF(zg);ZTF
59903.4383565;19.284029;0.0810330585;ZTF;ZTF(zr);ZTF
59905.4637847;19.151556;0.0878387317;ZTF;ZTF(zi);ZTF
59908.4413773;19.7610817;0.0920902863;ZTF;ZTF(zg);ZTF
59908.4831713;19.0341244;0.0668536276;ZTF;ZTF(zr);ZTF
59910.4637384;19.4747086;0.093778111;ZTF;ZTF(zr);ZTF
59910.4844097;20.1580143;0.123646207;ZTF;ZTF(zg);ZTF
59910.4997338;19.9636822;0.0938106626;ZTF;ZTF(zg);ZTF
59913.3948264;18.9008675;0.073015891;ZTF;ZTF(zi);ZTF
59914.4225463;19.7014523;0.111289836;ZTF;ZTF(zr);ZTF
59923.360787;19.2465973;0.0787332207;ZTF;ZTF(zr);ZTF
59930.3680556;20.5220604;0.159338951;ZTF;ZTF(zg);ZTF
59930.3906944;19.3966351;0.0883473903;ZTF;ZTF(zr);ZTF
59930.4127083;20.1771622;0.107971951;ZTF;ZTF(zg);ZTF
59932.4022106;18.9193783;0.0740295574;ZTF;ZTF(zi);ZTF
59933.3793981;19.3918419;0.0880236924;ZTF;ZTF(zr);ZTF
59935.3998843;19.0605278;0.0821817443;ZTF;ZTF(zi);ZTF
59937.338125;19.3730736;0.0867669359;ZTF;ZTF(zr);ZTF
59937.3751389;20.2260571;0.129904926;ZTF;ZTF(zg);ZTF
59956.297419;19.4529533;0.092234619;ZTF;ZTF(zr);ZTF
59966.278287;18.8719845;0.0714596063;ZTF;ZTF(zi);ZTF
59967.2946181;18.9852486;0.0643890426;ZTF;ZTF(zr);ZTF
59968.3256366;19.9245415;0.0913458914;ZTF;ZTF(zg);ZTF
59969.2334491;18.7860775;0.0670113936;ZTF;ZTF(zi);ZTF
59969.2729051;20.0935764;0.117950343;ZTF;ZTF(zg);ZTF
59969.3136343;19.1998463;0.0759503543;ZTF;ZTF(zr);ZTF
59971.2936574;19.185936;0.0751411989;ZTF;ZTF(zr);ZTF
59971.315544;19.2339516;0.067442067;ZTF;ZTF(zr);ZTF
59972.3256134;20.329401;0.118623793;ZTF;ZTF(zg);ZTF
59984.2709144;19.240799;0.0783827156;ZTF;ZTF(zr);ZTF
59984.3119792;19.1332169;0.062538527;ZTF;ZTF(zr);ZTF
59994.231412;19.2783222;0.0806782842;ZTF;ZTF(zr);ZTF
59994.2543171;20.0894299;0.117591582;ZTF;ZTF(zg);ZTF
60017.2082755;20.5347366;0.16037488;ZTF;ZTF(zg);ZTF
60021.1703125;19.3011818;0.082108587;ZTF;ZTF(zr);ZTF
60021.1946296;20.0487862;0.11412397;ZTF;ZTF(zg);ZTF
60036.87404354;15.837;0.235;NEOWISE;WISE(W1);NEOWISE
60037.00405572;15.245;0.164;NEOWISE;WISE(W1);NEOWISE
60037.13406788;15.749;0.189;NEOWISE;WISE(W1);NEOWISE
60037.2640801;15.288;0.126;NEOWISE;WISE(W1);NEOWISE
60037.2640801;15.003;0.442;NEOWISE;WISE(W2);NEOWISE
60037.3290225;15.704;0.197;NEOWISE;WISE(W1);NEOWISE
60037.39396491;15.367;0.126;NEOWISE;WISE(W1);NEOWISE
60037.39396491;14.843;0.312;NEOWISE;WISE(W2);NEOWISE
60037.45903468;15.128;0.112;NEOWISE;WISE(W1);NEOWISE
60037.52397713;15.303;0.126;NEOWISE;WISE(W1);NEOWISE
60037.58891948;14.969;0.098;NEOWISE;WISE(W1);NEOWISE
60037.58904679;14.909;0.306;NEOWISE;WISE(W2);NEOWISE
60037.58904679;15.209;0.117;NEOWISE;WISE(W1);NEOWISE
60037.71893165;15.402;0.134;NEOWISE;WISE(W1);NEOWISE
60037.71893165;14.733;0.298;NEOWISE;WISE(W2);NEOWISE
60037.84894387;14.586;0.27;NEOWISE;WISE(W2);NEOWISE
60037.84894387;14.962;0.101;NEOWISE;WISE(W1);NEOWISE
60037.97895604;15.91;0.238;NEOWISE;WISE(W1);NEOWISE
60043.1904514;19.4174461;0.0897657722;ZTF;ZTF(zr);ZTF
60045.1575347;20.2750187;0.134562552;ZTF;ZTF(zg);ZTF
60045.2160301;19.426487;0.0903885365;ZTF;ZTF(zr);ZTF
60049.1927662;19.4084053;0.0891470164;ZTF;ZTF(zr);ZTF
60051.1722801;19.4163589;0.0896911621;ZTF;ZTF(zr);ZTF
60051.1939815;20.2737217;0.134437516;ZTF;ZTF(zg);ZTF
60053.1949306;19.2999973;0.0820338577;ZTF;ZTF(zr);ZTF
60055.1754398;20.1769848;0.125366047;ZTF;ZTF(zg);ZTF
60055.1945833;19.3238678;0.0835521221;ZTF;ZTF(zr);ZTF
60057.1808218;19.4652958;0.0931074247;ZTF;ZTF(zr);ZTF
60057.1954282;20.1902809;0.126583084;ZTF;ZTF(zg);ZTF
60059.1979282;19.3328285;0.0841290131;ZTF;ZTF(zr);ZTF
60065.2084491;19.4881344;0.0947423354;ZTF;ZTF(zr);ZTF
60073.1746528;19.3892555;0.0878495425;ZTF;ZTF(zr);ZTF
60192.5080903;19.4229546;0.0901446715;ZTF;ZTF(zr);ZTF
60192.5105208;19.3805771;0.0872673914;ZTF;ZTF(zr);ZTF
60192.5129398;19.3428879;0.0847811773;ZTF;ZTF(zr);ZTF
60194.5085185;19.4152355;0.089614071;ZTF;ZTF(zr);ZTF
60194.5109491;19.4126778;0.0894389376;ZTF;ZTF(zr);ZTF
60194.5133912;19.3959408;0.088300474;ZTF;ZTF(zr);ZTF
60194.5158333;19.1994991;0.0759300068;ZTF;ZTF(zr);ZTF
60199.4998495;19.1939411;0.0756057799;ZTF;ZTF(zr);ZTF
60199.5023264;19.2061329;0.0763188228;ZTF;ZTF(zr);ZTF
60199.5048032;19.1237431;0.0716273561;ZTF;ZTF(zr);ZTF
60199.5072801;19.3286934;0.0838623121;ZTF;ZTF(zr);ZTF
60199.5097569;19.1643944;0.0739049911;ZTF;ZTF(zr);ZTF
60200.5002662;19.3517838;0.0853618383;ZTF;ZTF(zr);ZTF
60200.5052546;19.1986217;0.0758787319;ZTF;ZTF(zr);ZTF
60200.5077315;19.3955975;0.0882772654;ZTF;ZTF(zr);ZTF
60200.5102199;19.358551;0.0858061463;ZTF;ZTF(zr);ZTF
60201.5012269;18.8904171;0.0598741286;ZTF;ZTF(zr);ZTF
60201.5036458;19.3560562;0.0856420919;ZTF;ZTF(zr);ZTF
60201.5060648;19.2847157;0.0810758471;ZTF;ZTF(zr);ZTF
60201.5084954;19.3344765;0.0842355564;ZTF;ZTF(zr);ZTF
60201.5109259;19.3741512;0.0868386328;ZTF;ZTF(zr);ZTF
60202.5010995;19.1861763;0.0751550719;ZTF;ZTF(zr);ZTF
60202.5035185;19.343729;0.0848358795;ZTF;ZTF(zr);ZTF
60202.5059491;19.2724648;0.0803156495;ZTF;ZTF(zr);ZTF
60202.5083796;19.4091358;0.0891968161;ZTF;ZTF(zr);ZTF
60202.5107986;19.4854813;0.0945511162;ZTF;ZTF(zr);ZTF
60220.5082523;19.3412762;0.0846763775;ZTF;ZTF(zr);ZTF
60222.4865741;19.1181774;0.0713210255;ZTF;ZTF(zr);ZTF
60229.5033333;19.1036263;0.0705264062;ZTF;ZTF(zr);ZTF
60232.4517014;20.2864037;0.135664046;ZTF;ZTF(zg);ZTF
60232.503669;19.4655895;0.0931282565;ZTF;ZTF(zr);ZTF
60234.4756597;20.2717705;0.134249687;ZTF;ZTF(zg);ZTF
60236.4336806;20.2536392;0.132513061;ZTF;ZTF(zg);ZTF
60236.4965509;19.262352;0.0796933696;ZTF;ZTF(zr);ZTF
60238.455787;20.5237179;0.159474373;ZTF;ZTF(zg);ZTF
60238.5003472;19.394186;0.088181898;ZTF;ZTF(zr);ZTF
60241.4324306;19.0689278;0.0686677173;ZTF;ZTF(zr);ZTF
60241.4703472;19.9249763;0.104108803;ZTF;ZTF(zg);ZTF
60243.70361624;14.754;0.323;NEOWISE;WISE(W2);NEOWISE
60243.70361624;15.386;0.139;NEOWISE;WISE(W1);NEOWISE
60243.70374355;15.513;0.183;NEOWISE;WISE(W1);NEOWISE
60243.70374355;14.918;0.325;NEOWISE;WISE(W2);NEOWISE
60243.83299159;15.125;0.135;NEOWISE;WISE(W1);NEOWISE
60243.83299159;15.119;0.519;NEOWISE;WISE(W2);NEOWISE
60243.96236692;15.225;0.503;NEOWISE;WISE(W2);NEOWISE
60243.96236692;15.345;0.135;NEOWISE;WISE(W1);NEOWISE
60244.09174227;15.354;0.137;NEOWISE;WISE(W1);NEOWISE
60244.09174227;14.889;0.367;NEOWISE;WISE(W2);NEOWISE
60244.15643046;14.563;0.258;NEOWISE;WISE(W2);NEOWISE
60244.15643046;15.297;0.133;NEOWISE;WISE(W1);NEOWISE
60244.22111808;15.199;0.12;NEOWISE;WISE(W1);NEOWISE
60244.28580575;15.151;0.134;NEOWISE;WISE(W1);NEOWISE
60244.28580575;14.807;0.31;NEOWISE;WISE(W2);NEOWISE
60244.4151811;15.433;0.151;NEOWISE;WISE(W1);NEOWISE
60244.4151811;15.122;0.441;NEOWISE;WISE(W2);NEOWISE
60244.54455645;15.258;0.124;NEOWISE;WISE(W1);NEOWISE
60244.54455645;14.669;0.288;NEOWISE;WISE(W2);NEOWISE
60244.67380447;16.19;0.354;NEOWISE;WISE(W1);NEOWISE
60244.67380447;14.889;0.387;NEOWISE;WISE(W2);NEOWISE
60244.67393178;15.381;0.503;NEOWISE;WISE(W2);NEOWISE
60244.67393178;15.354;0.13;NEOWISE;WISE(W1);NEOWISE
60245.5031481;19.1573105;0.0735029429;ZTF;ZTF(zr);ZTF
60248.4886458;19.1287918;0.0719063431;ZTF;ZTF(zr);ZTF
60254.4783449;20.2994671;0.136936113;ZTF;ZTF(zg);ZTF
60258.4006713;20.0903816;0.117673799;ZTF;ZTF(zg);ZTF
60258.4427083;19.2337818;0.077960588;ZTF;ZTF(zr);ZTF
60260.3955787;19.3293285;0.0839032382;ZTF;ZTF(zr);ZTF
60260.4766898;20.1647263;0.124252409;ZTF;ZTF(zg);ZTF
60262.4376273;20.314827;0.138443202;ZTF;ZTF(zg);ZTF
60262.4685532;19.3373222;0.084419772;ZTF;ZTF(zr);ZTF
60287.4196528;19.8877163;0.101254351;ZTF;ZTF(zg);ZTF
60289.3985417;20.2956066;0.136559278;ZTF;ZTF(zg);ZTF
60291.3391667;19.2486095;0.0788552314;ZTF;ZTF(zr);ZTF
60296.4205324;19.3123055;0.0828133821;ZTF;ZTF(zr);ZTF
60296.4632407;20.0394516;0.113340013;ZTF;ZTF(zg);ZTF
60315.2710648;19.280859;0.0808358118;ZTF;ZTF(zr);ZTF
60322.3160764;20.0623665;0.115272656;ZTF;ZTF(zg);ZTF
60324.3225347;19.3760567;0.0869655982;ZTF;ZTF(zr);ZTF
60326.3040856;20.1749954;0.125184864;ZTF;ZTF(zg);ZTF
60328.3753241;19.4391422;0.0912669897;ZTF;ZTF(zr);ZTF
60338.2796759;18.9362717;0.0620140992;ZTF;ZTF(zr);ZTF
60340.3158796;19.4099674;0.0892536193;ZTF;ZTF(zr);ZTF
60352.2531366;20.2202148;0.12935783;ZTF;ZTF(zg);ZTF
60354.256169;19.3480701;0.0851189941;ZTF;ZTF(zr);ZTF
60354.2760417;20.4308567;0.150219426;ZTF;ZTF(zg);ZTF
60357.2982755;19.2991257;0.0819789246;ZTF;ZTF(zr);ZTF
60357.3678704;20.3236961;0.139319107;ZTF;ZTF(zg);ZTF
60369.3005671;19.44417;0.0916181281;ZTF;ZTF(zr);ZTF
60378.2066782;20.4463596;0.151843324;ZTF;ZTF(zg);ZTF
60378.2138657;19.3893681;0.0878570825;ZTF;ZTF(zr);ZTF
60397.2364699;19.3068027;0.0824639946;ZTF;ZTF(zr);ZTF
60403.3048148;20.0254402;0.112172537;ZTF;ZTF(zg);ZTF
60407.2036227;20.4030361;0.147334248;ZTF;ZTF(zg);ZTF
60422.2158681;20.0834274;0.117073745;ZTF;ZTF(zg);ZTF
60422.2576736;19.3132668;0.082874611;ZTF;ZTF(zr);ZTF
60429.1824421;20.1003628;0.118539512;ZTF;ZTF(zg);ZTF
60429.195787;19.68396;0.109845094;ZTF;ZTF(zr);ZTF
60433.1854398;19.3154869;0.0830160454;ZTF;ZTF(zr);ZTF
60433.1992593;20.0794201;0.11672911;ZTF;ZTF(zg);ZTF
60555.50641199993;18.64230048437873;0.09299426128896876;ZTF;ZTF(zr);ZTF
60555.50687499996;18.601984107396746;0.09894043269536316;ZTF;ZTF(zr);ZTF
60556.50442129979;18.568863173410847;0.08922992687544541;ZTF;ZTF(zr);ZTF
60557.503287000116;18.64832017823367;0.12204548204834482;ZTF;ZTF(zr);ZTF
60557.50627310015;18.629381571067917;0.1023899470782519;ZTF;ZTF(zr);ZTF
60558.50399310002;18.51649318534903;0.11727420082657468;ZTF;ZTF(zr);ZTF
60558.50737270014;18.54297310118993;0.13298211453874853;ZTF;ZTF(zr);ZTF
60558.51082180021;18.51394947659694;0.13067953326183332;ZTF;ZTF(zr);ZTF
60561.50434029987;18.515533760516075;0.10318203667102174;ZTF;ZTF(zr);ZTF
60561.50434029987;18.515546571100817;0.10318088561198067;ZTF;ZTF(zr);ZTF
60561.5073032002;18.478491837666382;0.09884803085560112;ZTF;ZTF(zr);ZTF
60561.51218750002;18.603554976712037;0.11159043358868542;ZTF;ZTF(zr);ZTF
60562.506713000126;18.571332584006193;0.08775865476381117;ZTF;ZTF(zr);ZTF
60562.50914350012;18.549862552428763;0.08736163384891595;ZTF;ZTF(zr);ZTF
60562.512048599776;18.469582616145214;0.08303648783870231;ZTF;ZTF(zr);ZTF
60574.472661999986;18.356943865928432;0.1005465844922955;ZTF;ZTF(zr);ZTF
60574.499259300064;18.24449230025432;0.1219624499706399;ZTF;ZTF(zg);ZTF
60593.45657410007;18.441738776673994;0.05789656527771392;ZTF;ZTF(zr);ZTF
60593.49771990022;18.515960700322307;0.09670406977264624;ZTF;ZTF(zg);ZTF
60595.4622105998;18.506893919638983;0.07285728783099864;ZTF;ZTF(zg);ZTF
60595.51828699978;18.509310512946893;0.061438984934017477;ZTF;ZTF(zr);ZTF
60597.50190970022;18.487847726142878;0.06517073639245469;ZTF;ZTF(zr);ZTF
60599.428669000044;18.405177055344907;0.10177567208522925;ZTF;ZTF(zr);ZTF
60599.479409699794;18.505119149012373;0.09531328053906435;ZTF;ZTF(zg);ZTF
60602.46065969998;18.498171429598194;0.1939539147889333;ZTF;ZTF(zg);ZTF
60602.50398149993;18.50336095182731;0.0976164030918779;ZTF;ZTF(zr);ZTF
60604.45798610011;18.530374041334383;0.0667439360510727;ZTF;ZTF(zr);ZTF
60604.48006939981;18.687838152588366;0.08981898532618045;ZTF;ZTF(zg);ZTF
60609.413263900205;18.711879662959387;0.09610181421434652;ZTF;ZTF(zg);ZTF
60609.47770830011;18.603295586488596;0.07174118580141144;ZTF;ZTF(zr);ZTF
60611.44265050022;18.62164670264187;0.07481250153483657;ZTF;ZTF(zr);ZTF
60615.42622689996;18.811389547166502;0.08336342556753044;ZTF;ZTF(zg);ZTF
