MJD;Magnitude;Error;Facility;Filter;Observer
55295.2554367;13.893;0.054;ALLWISE;WISE(W1);ALLWISE
55295.2554367;14.393;0.207;ALLWISE;WISE(W2);ALLWISE
55295.2554367;14.342;0.101;ALLWISE;WISE(W1);ALLWISE
55295.2554367;15.251;0.542;ALLWISE;WISE(W2);ALLWISE
55295.3877408;14.412;0.116;ALLWISE;WISE(W1);ALLWISE
55295.3877408;14.079;0.067;ALLWISE;WISE(W1);ALLWISE
55295.3877408;14.346;0.23;ALLWISE;WISE(W2);ALLWISE
55295.3877408;14.05;0.149;ALLWISE;WISE(W2);ALLWISE
55295.3878682;13.538;0.282;ALLWISE;WISE(W2);ALLWISE
55295.3878682;14.285;0.124;ALLWISE;WISE(W1);ALLWISE
55295.3878682;14.098;0.07;ALLWISE;WISE(W1);ALLWISE
55295.3878682;13.49;0.174;ALLWISE;WISE(W2);ALLWISE
55295.5201723;14.108;0.06;ALLWISE;WISE(W1);ALLWISE
55295.5201723;14.164;0.182;ALLWISE;WISE(W2);ALLWISE
55295.5201723;14.403;0.128;ALLWISE;WISE(W1);ALLWISE
55295.5201723;14.457;0.284;ALLWISE;WISE(W2);ALLWISE
55295.6524764;14.068;0.062;ALLWISE;WISE(W1);ALLWISE
55295.6524764;14.041;0.165;ALLWISE;WISE(W2);ALLWISE
55295.6524764;14.331;0.102;ALLWISE;WISE(W1);ALLWISE
55295.6524764;14.61;0.297;ALLWISE;WISE(W2);ALLWISE
55295.7185648;13.993;0.16;ALLWISE;WISE(W2);ALLWISE
55295.7185648;14.37;0.126;ALLWISE;WISE(W1);ALLWISE
55295.7185648;14.029;0.069;ALLWISE;WISE(W1);ALLWISE
55295.7185648;14.384;0.287;ALLWISE;WISE(W2);ALLWISE
55295.7847804;13.787;0.121;ALLWISE;WISE(W2);ALLWISE
55295.7847804;13.876;0.054;ALLWISE;WISE(W1);ALLWISE
55295.7847804;14.133;0.192;ALLWISE;WISE(W2);ALLWISE
55295.7847804;14.302;0.095;ALLWISE;WISE(W1);ALLWISE
55295.8508688;14.312;0.193;ALLWISE;WISE(W2);ALLWISE
55295.8508688;14.275;0.093;ALLWISE;WISE(W1);ALLWISE
55295.8508688;14.732;0.34;ALLWISE;WISE(W2);ALLWISE
55295.8508688;13.917;0.053;ALLWISE;WISE(W1);ALLWISE
55295.9170845;14.565;0.123;ALLWISE;WISE(W1);ALLWISE
55295.9170845;14.377;0.247;ALLWISE;WISE(W2);ALLWISE
55295.9170845;14.193;0.181;ALLWISE;WISE(W2);ALLWISE
55295.9170845;14.162;0.064;ALLWISE;WISE(W1);ALLWISE
55295.983173;14.208;0.093;ALLWISE;WISE(W1);ALLWISE
55295.983173;14.769;0.338;ALLWISE;WISE(W2);ALLWISE
55295.983173;13.949;0.057;ALLWISE;WISE(W1);ALLWISE
55295.983173;14.093;0.153;ALLWISE;WISE(W2);ALLWISE
55296.1154771;13.791;0.048;ALLWISE;WISE(W1);ALLWISE
55296.1154771;14.713;0.321;ALLWISE;WISE(W2);ALLWISE
55296.1154771;14.133;0.093;ALLWISE;WISE(W1);ALLWISE
55296.1154771;14.264;0.166;ALLWISE;WISE(W2);ALLWISE
55296.1156045;14.192;0.162;ALLWISE;WISE(W2);ALLWISE
55296.1156045;13.963;0.055;ALLWISE;WISE(W1);ALLWISE
55296.1156045;14.67;0.296;ALLWISE;WISE(W2);ALLWISE
55296.1156045;14.293;0.101;ALLWISE;WISE(W1);ALLWISE
55296.2479085;14.29;0.112;ALLWISE;WISE(W1);ALLWISE
55296.2479085;14.158;0.189;ALLWISE;WISE(W2);ALLWISE
55296.2479085;13.731;0.114;ALLWISE;WISE(W2);ALLWISE
55296.2479085;13.948;0.063;ALLWISE;WISE(W1);ALLWISE
55475.2081954;14.235;0.24;ALLWISE;WISE(W2);ALLWISE
55475.2081954;14.201;0.063;ALLWISE;WISE(W1);ALLWISE
55475.2081954;14.531;0.078;ALLWISE;WISE(W1);ALLWISE
55475.2083227;13.897;0.119;ALLWISE;WISE(W2);ALLWISE
55475.2083227;14.515;0.259;ALLWISE;WISE(W2);ALLWISE
55475.2083227;14.456;0.097;ALLWISE;WISE(W1);ALLWISE
55475.2083227;13.981;0.056;ALLWISE;WISE(W1);ALLWISE
55475.3404994;14.252;0.068;ALLWISE;WISE(W1);ALLWISE
55475.3404994;14.733;0.246;ALLWISE;WISE(W2);ALLWISE
55475.3404994;14.236;0.165;ALLWISE;WISE(W2);ALLWISE
55475.3404994;14.709;0.116;ALLWISE;WISE(W1);ALLWISE
55475.4728034;14.113;0.151;ALLWISE;WISE(W2);ALLWISE
55475.4728034;14.019;0.051;ALLWISE;WISE(W1);ALLWISE
55475.4728034;14.839;0.27;ALLWISE;WISE(W2);ALLWISE
55475.4728034;14.371;0.071;ALLWISE;WISE(W1);ALLWISE
55475.5388916;14.016;0.052;ALLWISE;WISE(W1);ALLWISE
55475.5388916;14.86;0.329;ALLWISE;WISE(W2);ALLWISE
55475.5388916;14.36;0.067;ALLWISE;WISE(W1);ALLWISE
55475.5388916;13.971;0.138;ALLWISE;WISE(W2);ALLWISE
55475.6051073;14.108;0.189;ALLWISE;WISE(W2);ALLWISE
55475.6051073;14.784;0.258;ALLWISE;WISE(W2);ALLWISE
55475.6051073;14.458;0.076;ALLWISE;WISE(W1);ALLWISE
55475.6051073;14.075;0.063;ALLWISE;WISE(W1);ALLWISE
55475.6711956;13.983;0.154;ALLWISE;WISE(W2);ALLWISE
55475.6711956;14.519;0.199;ALLWISE;WISE(W2);ALLWISE
55475.6711956;14.398;0.068;ALLWISE;WISE(W1);ALLWISE
55475.6711956;14.017;0.05;ALLWISE;WISE(W1);ALLWISE
55475.737284;13.86;0.117;ALLWISE;WISE(W2);ALLWISE
55475.737284;14.02;0.053;ALLWISE;WISE(W1);ALLWISE
55475.737284;14.332;0.068;ALLWISE;WISE(W1);ALLWISE
55475.737284;14.29;0.17;ALLWISE;WISE(W2);ALLWISE
55475.8034996;14.196;0.145;ALLWISE;WISE(W2);ALLWISE
55475.8034996;14.249;0.067;ALLWISE;WISE(W1);ALLWISE
55475.8034996;14.028;0.062;ALLWISE;WISE(W1);ALLWISE
55475.8034996;13.776;0.126;ALLWISE;WISE(W2);ALLWISE
55475.9356763;14.428;0.187;ALLWISE;WISE(W2);ALLWISE
55475.9356763;14.068;0.137;ALLWISE;WISE(W2);ALLWISE
55475.9356763;13.859;0.047;ALLWISE;WISE(W1);ALLWISE
55475.9356763;14.421;0.073;ALLWISE;WISE(W1);ALLWISE
55475.9358037;14.755;0.253;ALLWISE;WISE(W2);ALLWISE
55475.9358037;14.068;0.137;ALLWISE;WISE(W2);ALLWISE
55475.9358037;13.849;0.048;ALLWISE;WISE(W1);ALLWISE
55475.9358037;14.324;0.068;ALLWISE;WISE(W1);ALLWISE
55476.0679804;13.992;0.131;ALLWISE;WISE(W2);ALLWISE
55476.0679804;14.129;0.067;ALLWISE;WISE(W1);ALLWISE
55476.0679804;14.757;0.26;ALLWISE;WISE(W2);ALLWISE
55476.0679804;14.494;0.085;ALLWISE;WISE(W1);ALLWISE
55476.2002843;14.358;0.081;ALLWISE;WISE(W1);ALLWISE
55476.2002843;13.929;0.128;ALLWISE;WISE(W2);ALLWISE
55476.2002843;13.991;0.053;ALLWISE;WISE(W1);ALLWISE
55476.2002843;14.521;0.227;ALLWISE;WISE(W2);ALLWISE
55908.9005487;18.9956;0.005981;PS1;PS1(r);PS1
55961.6198956;19.5685;0.009397;PS1;PS1(g);PS1
56005.6174589;18.5434;0.007307;PS1;PS1(z);PS1
56400.1342266;18.5378;0.003767;PS1;PS1(i);PS1
56939.89981858;14.456;0.086;NEOWISE;WISE(W1);NEOWISE
56939.89981858;9.7;0.022;NEOWISE;WISE(W2);NEOWISE
56939.89994594;13.676;0.189;NEOWISE;WISE(W2);NEOWISE
56939.89994594;13.901;0.05;NEOWISE;WISE(W1);NEOWISE
56940.03135862;13.988;0.061;NEOWISE;WISE(W1);NEOWISE
56940.03135862;13.904;0.148;NEOWISE;WISE(W2);NEOWISE
56940.16289866;13.919;0.145;NEOWISE;WISE(W2);NEOWISE
56940.16289866;14.006;0.063;NEOWISE;WISE(W1);NEOWISE
56940.22873234;13.951;0.049;NEOWISE;WISE(W1);NEOWISE
56940.22873234;13.853;0.134;NEOWISE;WISE(W2);NEOWISE
56940.29443865;13.996;0.053;NEOWISE;WISE(W1);NEOWISE
56940.29443865;14.214;0.267;NEOWISE;WISE(W2);NEOWISE
56940.36014501;13.931;0.051;NEOWISE;WISE(W1);NEOWISE
56940.36014501;13.951;0.189;NEOWISE;WISE(W2);NEOWISE
56940.36027237;13.903;0.142;NEOWISE;WISE(W2);NEOWISE
56940.36027237;14.099;0.065;NEOWISE;WISE(W1);NEOWISE
56940.42597874;13.949;0.052;NEOWISE;WISE(W1);NEOWISE
56940.42597874;13.583;0.11;NEOWISE;WISE(W2);NEOWISE
56940.49168505;13.978;0.076;NEOWISE;WISE(W1);NEOWISE
56940.49168505;13.897;0.146;NEOWISE;WISE(W2);NEOWISE
56940.62322509;13.854;0.142;NEOWISE;WISE(W2);NEOWISE
56940.62322509;13.993;0.052;NEOWISE;WISE(W1);NEOWISE
56940.75476522;13.977;0.053;NEOWISE;WISE(W1);NEOWISE
56940.75476522;13.721;0.118;NEOWISE;WISE(W2);NEOWISE
57119.37995792;14.103;0.059;NEOWISE;WISE(W1);NEOWISE
57119.37995792;14.096;0.198;NEOWISE;WISE(W2);NEOWISE
57119.51124347;14.414;0.31;NEOWISE;WISE(W2);NEOWISE
57119.51124347;13.919;0.053;NEOWISE;WISE(W1);NEOWISE
57119.64252897;13.708;0.132;NEOWISE;WISE(W2);NEOWISE
57119.64252897;13.88;0.052;NEOWISE;WISE(W1);NEOWISE
57119.77381453;13.922;0.086;NEOWISE;WISE(W1);NEOWISE
57119.77381453;13.908;0.154;NEOWISE;WISE(W2);NEOWISE
57119.83952098;13.705;0.121;NEOWISE;WISE(W2);NEOWISE
57119.83952098;14.022;0.056;NEOWISE;WISE(W1);NEOWISE
57119.90522735;13.877;0.197;NEOWISE;WISE(W2);NEOWISE
57119.90522735;13.967;0.062;NEOWISE;WISE(W1);NEOWISE
57119.97080649;13.961;0.055;NEOWISE;WISE(W1);NEOWISE
57119.97080649;13.816;0.183;NEOWISE;WISE(W2);NEOWISE
57120.03651295;13.858;0.051;NEOWISE;WISE(W1);NEOWISE
57120.03651295;13.746;0.121;NEOWISE;WISE(W2);NEOWISE
57120.10209205;13.909;0.181;NEOWISE;WISE(W2);NEOWISE
57120.10209205;13.94;0.057;NEOWISE;WISE(W1);NEOWISE
57120.2333776;13.923;0.079;NEOWISE;WISE(W1);NEOWISE
57120.2333776;14.036;0.174;NEOWISE;WISE(W2);NEOWISE
57120.36466311;13.596;0.128;NEOWISE;WISE(W2);NEOWISE
57120.36466311;14.006;0.062;NEOWISE;WISE(W1);NEOWISE
57124.30374211;14.09;0.092;NEOWISE;WISE(W1);NEOWISE
57124.30374211;13.555;0.261;NEOWISE;WISE(W2);NEOWISE
57298.79617873;13.964;0.054;NEOWISE;WISE(W1);NEOWISE
57298.79617873;13.817;0.142;NEOWISE;WISE(W2);NEOWISE
57299.0584951;13.89;0.049;NEOWISE;WISE(W1);NEOWISE
57299.0584951;13.704;0.157;NEOWISE;WISE(W2);NEOWISE
57299.18965332;13.911;0.051;NEOWISE;WISE(W1);NEOWISE
57299.18965332;13.827;0.137;NEOWISE;WISE(W2);NEOWISE
57299.25523236;14.005;0.195;NEOWISE;WISE(W2);NEOWISE
57299.25523236;13.994;0.058;NEOWISE;WISE(W1);NEOWISE
57299.32081149;13.651;0.124;NEOWISE;WISE(W2);NEOWISE
57299.32081149;13.983;0.067;NEOWISE;WISE(W1);NEOWISE
57299.38639058;13.826;0.052;NEOWISE;WISE(W1);NEOWISE
57299.38639058;13.616;0.143;NEOWISE;WISE(W2);NEOWISE
57299.4519697;13.919;0.143;NEOWISE;WISE(W2);NEOWISE
57299.4519697;14.304;0.076;NEOWISE;WISE(W1);NEOWISE
57299.45209703;13.301;0.087;NEOWISE;WISE(W1);NEOWISE
57299.45209703;13.658;0.107;NEOWISE;WISE(W2);NEOWISE
57299.51767615;13.634;0.117;NEOWISE;WISE(W2);NEOWISE
57299.51767615;13.904;0.055;NEOWISE;WISE(W1);NEOWISE
57299.64883432;13.78;0.131;NEOWISE;WISE(W2);NEOWISE
57299.64883432;14.07;0.054;NEOWISE;WISE(W1);NEOWISE
57299.77999244;13.922;0.139;NEOWISE;WISE(W2);NEOWISE
57299.77999244;13.89;0.048;NEOWISE;WISE(W1);NEOWISE
57486.40567792;13.974;0.049;NEOWISE;WISE(W1);NEOWISE
57486.5367091;13.78;0.14;NEOWISE;WISE(W2);NEOWISE
57486.5367091;14.06;0.052;NEOWISE;WISE(W1);NEOWISE
57486.6678677;13.836;0.127;NEOWISE;WISE(W2);NEOWISE
57486.6678677;13.94;0.047;NEOWISE;WISE(W1);NEOWISE
57486.79889897;13.983;0.052;NEOWISE;WISE(W1);NEOWISE
57486.79889897;13.783;0.121;NEOWISE;WISE(W2);NEOWISE
57486.8644783;13.919;0.137;NEOWISE;WISE(W2);NEOWISE
57486.8644783;13.94;0.052;NEOWISE;WISE(W1);NEOWISE
57486.92993025;14.011;0.065;NEOWISE;WISE(W1);NEOWISE
57486.92993025;14.093;0.198;NEOWISE;WISE(W2);NEOWISE
57486.99550957;14.026;0.053;NEOWISE;WISE(W1);NEOWISE
57486.99550957;13.858;0.142;NEOWISE;WISE(W2);NEOWISE
57487.06096148;13.97;0.118;NEOWISE;WISE(W1);NEOWISE
57487.06096148;13.69;0.115;NEOWISE;WISE(W2);NEOWISE
57487.06108889;13.772;0.044;NEOWISE;WISE(W1);NEOWISE
57487.06108889;13.657;0.124;NEOWISE;WISE(W2);NEOWISE
57487.12654081;13.942;0.048;NEOWISE;WISE(W1);NEOWISE
57487.12654081;13.744;0.161;NEOWISE;WISE(W2);NEOWISE
57487.25757208;13.8;0.131;NEOWISE;WISE(W2);NEOWISE
57487.25757208;13.924;0.063;NEOWISE;WISE(W1);NEOWISE
57487.38873068;13.957;0.049;NEOWISE;WISE(W1);NEOWISE
57487.38873068;13.727;0.116;NEOWISE;WISE(W2);NEOWISE
57657.83037458;14.009;0.055;NEOWISE;WISE(W1);NEOWISE
57657.83037458;14.483;0.295;NEOWISE;WISE(W2);NEOWISE
57657.96140576;14.246;0.079;NEOWISE;WISE(W1);NEOWISE
57657.96140576;13.692;0.191;NEOWISE;WISE(W2);NEOWISE
57658.09244069;13.928;0.135;NEOWISE;WISE(W2);NEOWISE
57658.09244069;14.237;0.082;NEOWISE;WISE(W1);NEOWISE
57658.22347194;13.976;0.051;NEOWISE;WISE(W1);NEOWISE
57658.22347194;13.72;0.116;NEOWISE;WISE(W2);NEOWISE
57658.28892383;13.731;0.132;NEOWISE;WISE(W2);NEOWISE
57658.28892383;13.985;0.052;NEOWISE;WISE(W1);NEOWISE
57658.35450309;14.037;0.055;NEOWISE;WISE(W1);NEOWISE
57658.35450309;13.775;0.145;NEOWISE;WISE(W2);NEOWISE
57658.41995507;13.795;0.046;NEOWISE;WISE(W1);NEOWISE
57658.41995507;13.746;0.151;NEOWISE;WISE(W2);NEOWISE
57658.55098626;14.044;0.065;NEOWISE;WISE(W1);NEOWISE
57658.55098626;13.809;0.143;NEOWISE;WISE(W2);NEOWISE
57658.68201745;14.037;0.059;NEOWISE;WISE(W1);NEOWISE
57658.68201745;13.948;0.165;NEOWISE;WISE(W2);NEOWISE
57658.81304866;13.965;0.164;NEOWISE;WISE(W2);NEOWISE
57658.81304866;14.09;0.06;NEOWISE;WISE(W1);NEOWISE
57850.6186958;14.213;0.182;NEOWISE;WISE(W2);NEOWISE
57850.6186958;13.925;0.053;NEOWISE;WISE(W1);NEOWISE
57850.74972712;13.795;0.144;NEOWISE;WISE(W2);NEOWISE
57850.74972712;13.964;0.051;NEOWISE;WISE(W1);NEOWISE
57850.88063108;13.67;0.137;NEOWISE;WISE(W2);NEOWISE
57850.88063108;14.062;0.055;NEOWISE;WISE(W1);NEOWISE
57850.94608306;13.777;0.134;NEOWISE;WISE(W2);NEOWISE
57850.94608306;13.993;0.058;NEOWISE;WISE(W1);NEOWISE
57851.01152873;13.865;0.148;NEOWISE;WISE(W2);NEOWISE
57851.01152873;13.749;0.05;NEOWISE;WISE(W1);NEOWISE
57851.01165609;13.98;0.054;NEOWISE;WISE(W1);NEOWISE
57851.01165609;13.815;0.138;NEOWISE;WISE(W2);NEOWISE
57851.07710801;13.691;0.14;NEOWISE;WISE(W2);NEOWISE
57851.07710801;13.99;0.054;NEOWISE;WISE(W1);NEOWISE
57851.14255999;13.931;0.152;NEOWISE;WISE(W2);NEOWISE
57851.14255999;13.876;0.054;NEOWISE;WISE(W1);NEOWISE
57851.20801187;14.112;0.068;NEOWISE;WISE(W1);NEOWISE
57851.20801187;13.979;0.158;NEOWISE;WISE(W2);NEOWISE
57851.339043;13.89;0.048;NEOWISE;WISE(W1);NEOWISE
57851.339043;13.845;0.154;NEOWISE;WISE(W2);NEOWISE
57851.46994685;13.526;0.118;NEOWISE;WISE(W2);NEOWISE
57851.46994685;14.04;0.06;NEOWISE;WISE(W1);NEOWISE
57851.60085071;13.904;0.053;NEOWISE;WISE(W1);NEOWISE
57851.60085071;13.755;0.136;NEOWISE;WISE(W2);NEOWISE
57851.60097802;13.766;0.135;NEOWISE;WISE(W2);NEOWISE
57851.60097802;13.816;0.052;NEOWISE;WISE(W1);NEOWISE
58018.3879949;13.558;0.098;NEOWISE;WISE(W2);NEOWISE
58018.3879949;14.053;0.062;NEOWISE;WISE(W1);NEOWISE
58018.51889826;13.807;0.05;NEOWISE;WISE(W1);NEOWISE
58018.51902564;13.879;0.173;NEOWISE;WISE(W2);NEOWISE
58018.51902564;13.968;0.056;NEOWISE;WISE(W1);NEOWISE
58018.64992905;13.821;0.231;NEOWISE;WISE(W2);NEOWISE
58018.64992905;14.002;0.056;NEOWISE;WISE(W1);NEOWISE
58018.71538072;13.994;0.06;NEOWISE;WISE(W1);NEOWISE
58018.71538072;13.836;0.165;NEOWISE;WISE(W2);NEOWISE
58018.78083243;14.125;0.06;NEOWISE;WISE(W1);NEOWISE
58018.78083243;13.934;0.18;NEOWISE;WISE(W2);NEOWISE
58018.84628414;13.867;0.047;NEOWISE;WISE(W1);NEOWISE
58018.84628414;13.663;0.196;NEOWISE;WISE(W2);NEOWISE
58018.91173584;14.144;0.058;NEOWISE;WISE(W1);NEOWISE
58018.97718751;13.834;0.124;NEOWISE;WISE(W2);NEOWISE
58018.97718751;15.155;0.178;NEOWISE;WISE(W1);NEOWISE
58019.10821825;13.85;0.132;NEOWISE;WISE(W2);NEOWISE
58019.10821825;14.049;0.051;NEOWISE;WISE(W1);NEOWISE
58019.23912157;13.615;0.116;NEOWISE;WISE(W2);NEOWISE
58019.23912157;14.132;0.06;NEOWISE;WISE(W1);NEOWISE
58019.37002491;13.848;0.127;NEOWISE;WISE(W2);NEOWISE
58019.37002491;14.093;0.058;NEOWISE;WISE(W1);NEOWISE
58025.72037352;13.862;0.096;NEOWISE;WISE(W1);NEOWISE
58025.72037352;12.634;0.279;NEOWISE;WISE(W2);NEOWISE
58214.72689818;14.041;0.058;NEOWISE;WISE(W1);NEOWISE
58214.72689818;13.673;0.164;NEOWISE;WISE(W2);NEOWISE
58214.85780169;13.992;0.062;NEOWISE;WISE(W1);NEOWISE
58214.85780169;13.779;0.222;NEOWISE;WISE(W2);NEOWISE
58214.98870529;14.003;0.261;NEOWISE;WISE(W2);NEOWISE
58214.98870529;14.083;0.062;NEOWISE;WISE(W1);NEOWISE
58215.11960884;14.189;0.076;NEOWISE;WISE(W1);NEOWISE
58215.11960884;13.679;0.259;NEOWISE;WISE(W2);NEOWISE
58215.1850606;13.972;0.261;NEOWISE;WISE(W2);NEOWISE
58215.1850606;13.873;0.051;NEOWISE;WISE(W1);NEOWISE
58215.2505124;14.111;0.068;NEOWISE;WISE(W1);NEOWISE
58215.2505124;13.628;0.21;NEOWISE;WISE(W2);NEOWISE
58215.31596414;13.88;0.057;NEOWISE;WISE(W1);NEOWISE
58215.4468677;13.977;0.072;NEOWISE;WISE(W1);NEOWISE
58215.4468677;13.949;0.384;NEOWISE;WISE(W2);NEOWISE
58215.57764446;14.028;0.096;NEOWISE;WISE(W1);NEOWISE
58215.57764446;13.967;0.411;NEOWISE;WISE(W2);NEOWISE
58215.57777183;13.677;0.059;NEOWISE;WISE(W1);NEOWISE
58215.57777183;14.096;0.489;NEOWISE;WISE(W2);NEOWISE
58217.73780764;13.989;0.061;NEOWISE;WISE(W1);NEOWISE
58217.73780764;14.269;0.28;NEOWISE;WISE(W2);NEOWISE
58217.86871115;13.737;0.206;NEOWISE;WISE(W2);NEOWISE
58217.86871115;14.085;0.076;NEOWISE;WISE(W1);NEOWISE
58217.99961475;13.615;0.152;NEOWISE;WISE(W2);NEOWISE
58217.99961475;13.939;0.063;NEOWISE;WISE(W1);NEOWISE
58218.13051825;13.973;0.065;NEOWISE;WISE(W1);NEOWISE
58218.13051825;13.548;0.147;NEOWISE;WISE(W2);NEOWISE
58218.19597;14.029;0.054;NEOWISE;WISE(W1);NEOWISE
58218.19597;13.765;0.157;NEOWISE;WISE(W2);NEOWISE
58218.26142181;13.671;0.168;NEOWISE;WISE(W2);NEOWISE
58218.26142181;14.022;0.055;NEOWISE;WISE(W1);NEOWISE
58218.32687355;13.987;0.053;NEOWISE;WISE(W1);NEOWISE
58218.32687355;13.658;0.131;NEOWISE;WISE(W2);NEOWISE
58218.392198;13.751;0.046;NEOWISE;WISE(W1);NEOWISE
58218.392198;13.763;0.138;NEOWISE;WISE(W2);NEOWISE
58218.39232536;13.755;0.142;NEOWISE;WISE(W2);NEOWISE
58218.39232536;13.989;0.052;NEOWISE;WISE(W1);NEOWISE
58218.58855325;13.729;0.138;NEOWISE;WISE(W2);NEOWISE
58218.58855325;13.974;0.065;NEOWISE;WISE(W1);NEOWISE
58218.58868061;14.007;0.065;NEOWISE;WISE(W1);NEOWISE
58218.58868061;13.843;0.134;NEOWISE;WISE(W2);NEOWISE
58218.71945676;13.995;0.056;NEOWISE;WISE(W1);NEOWISE
58218.71945676;13.511;0.102;NEOWISE;WISE(W2);NEOWISE
58232.5003588;19.667202;0.105169944;ZTF;ZTF(zg);ZTF
58247.4590625;18.4670639;0.035826847;ZTF;ZTF(zr);ZTF
58254.4800116;18.5057297;0.0367921665;ZTF;ZTF(zr);ZTF
58268.4183912;18.2989674;0.031985905;ZTF;ZTF(zr);ZTF
58272.4802083;18.2384109;0.0307340734;ZTF;ZTF(zr);ZTF
58278.3759144;19.3141632;0.0824737474;ZTF;ZTF(zg);ZTF
58278.4799421;18.5708275;0.0384916738;ZTF;ZTF(zr);ZTF
58285.3396181;18.4318905;0.0349762551;ZTF;ZTF(zr);ZTF
58285.340081;18.4602718;0.035660591;ZTF;ZTF(zr);ZTF
58285.3405324;18.5124836;0.0369641148;ZTF;ZTF(zr);ZTF
58285.3409954;18.4960651;0.0365478694;ZTF;ZTF(zr);ZTF
58285.3414468;18.5562;0.0381015018;ZTF;ZTF(zr);ZTF
58285.3418981;18.4895039;0.0363831632;ZTF;ZTF(zr);ZTF
58285.3423611;18.5071449;0.0368281342;ZTF;ZTF(zr);ZTF
58285.3428125;18.5484524;0.0378968082;ZTF;ZTF(zr);ZTF
58285.3432755;18.5449791;0.0378054716;ZTF;ZTF(zr);ZTF
58285.3437269;18.5694714;0.0384553149;ZTF;ZTF(zr);ZTF
58285.3441782;18.5605793;0.0382178165;ZTF;ZTF(zr);ZTF
58285.3446412;18.4166069;0.0346146263;ZTF;ZTF(zr);ZTF
58285.3450926;18.5275993;0.0373525657;ZTF;ZTF(zr);ZTF
58285.3455556;18.4390106;0.0351463407;ZTF;ZTF(zr);ZTF
58285.3460069;18.5345325;0.0375324339;ZTF;ZTF(zr);ZTF
58285.3464583;18.5980759;0.0392317064;ZTF;ZTF(zr);ZTF
58285.3469213;18.4765568;0.0360608697;ZTF;ZTF(zr);ZTF
58285.3473727;18.5152779;0.0370355472;ZTF;ZTF(zr);ZTF
58285.3478356;18.5620708;0.0382575206;ZTF;ZTF(zr);ZTF
58285.348287;18.5082626;0.0368565358;ZTF;ZTF(zr);ZTF
58285.3487384;18.5136833;0.0369947515;ZTF;ZTF(zr);ZTF
58285.3492014;18.5118389;0.0369476564;ZTF;ZTF(zr);ZTF
58285.3496528;18.478466;0.0361081809;ZTF;ZTF(zr);ZTF
58286.3450347;18.4598217;0.0356495939;ZTF;ZTF(zr);ZTF
58286.3454861;18.5072937;0.036831893;ZTF;ZTF(zr);ZTF
58286.3459491;18.4424915;0.0352298878;ZTF;ZTF(zr);ZTF
58286.346412;18.5510216;0.037964534;ZTF;ZTF(zr);ZTF
58286.3468634;18.5396423;0.0376656689;ZTF;ZTF(zr);ZTF
58286.3473264;18.4139595;0.0345524661;ZTF;ZTF(zr);ZTF
58286.3477778;18.4867992;0.0363155305;ZTF;ZTF(zr);ZTF
58286.3482292;18.4071426;0.0343930833;ZTF;ZTF(zr);ZTF
58286.3486921;18.5069656;0.0368235633;ZTF;ZTF(zr);ZTF
58286.3491435;18.4432755;0.0352487452;ZTF;ZTF(zr);ZTF
58286.3495949;18.5088673;0.0368719175;ZTF;ZTF(zr);ZTF
58286.3500579;18.4275112;0.034872137;ZTF;ZTF(zr);ZTF
58286.3505093;18.483923;0.036243815;ZTF;ZTF(zr);ZTF
58286.3509722;18.4682865;0.0358568914;ZTF;ZTF(zr);ZTF
58286.3514236;18.5456181;0.0378222503;ZTF;ZTF(zr);ZTF
58286.352338;18.4626427;0.0357184932;ZTF;ZTF(zr);ZTF
58286.3528009;18.4888058;0.0363657102;ZTF;ZTF(zr);ZTF
58286.3532523;18.44137;0.0352029614;ZTF;ZTF(zr);ZTF
58286.3537153;18.6520309;0.0407488458;ZTF;ZTF(zr);ZTF
58286.3541667;18.4382534;0.035128206;ZTF;ZTF(zr);ZTF
58286.3546296;18.5476913;0.037876755;ZTF;ZTF(zr);ZTF
58286.355081;18.4393578;0.0351546891;ZTF;ZTF(zr);ZTF
58286.355544;18.4091225;0.0344392583;ZTF;ZTF(zr);ZTF
58286.3559954;18.4050083;0.0343433544;ZTF;ZTF(zr);ZTF
58286.3564468;18.3857441;0.0338987932;ZTF;ZTF(zr);ZTF
58286.3569097;18.4860535;0.0362969302;ZTF;ZTF(zr);ZTF
58286.3573611;18.549509;0.0379246324;ZTF;ZTF(zr);ZTF
58286.3578241;18.4678574;0.0358463451;ZTF;ZTF(zr);ZTF
58286.358287;18.3941288;0.0340913869;ZTF;ZTF(zr);ZTF
58286.3587384;18.4344082;0.0350362919;ZTF;ZTF(zr);ZTF
58286.3591898;18.3688812;0.0335157141;ZTF;ZTF(zr);ZTF
58286.3596528;18.5004578;0.0366586633;ZTF;ZTF(zr);ZTF
58286.3601157;18.4705811;0.0359133519;ZTF;ZTF(zr);ZTF
58286.3605671;18.4967422;0.0365649126;ZTF;ZTF(zr);ZTF
58286.3610301;18.526741;0.0373303741;ZTF;ZTF(zr);ZTF
58286.3614815;18.5760765;0.0386329144;ZTF;ZTF(zr);ZTF
58286.3628472;18.4088058;0.0344318785;ZTF;ZTF(zr);ZTF
58286.3633102;18.4484215;0.0353728086;ZTF;ZTF(zr);ZTF
58286.3637616;18.5903187;0.0390192792;ZTF;ZTF(zr);ZTF
58286.3642245;18.4526558;0.035475295;ZTF;ZTF(zr);ZTF
58286.3646759;18.3785019;0.0337335803;ZTF;ZTF(zr);ZTF
58286.3651389;18.4700317;0.0358998217;ZTF;ZTF(zr);ZTF
58286.3655903;18.4646893;0.0357686058;ZTF;ZTF(zr);ZTF
58286.3660417;18.6485958;0.0406501479;ZTF;ZTF(zr);ZTF
58286.3665046;18.4185791;0.0346610099;ZTF;ZTF(zr);ZTF
58286.366956;18.4285526;0.0348968729;ZTF;ZTF(zr);ZTF
58286.367419;18.4941063;0.0364986025;ZTF;ZTF(zr);ZTF
58286.3683333;18.4804745;0.036158029;ZTF;ZTF(zr);ZTF
58286.3687847;18.4456749;0.0353065282;ZTF;ZTF(zr);ZTF
58286.3692477;18.4329338;0.035001114;ZTF;ZTF(zr);ZTF
58286.3697106;18.539959;0.0376739576;ZTF;ZTF(zr);ZTF
58286.370162;18.4741631;0.0360016748;ZTF;ZTF(zr);ZTF
58286.3706134;18.392067;0.0340438932;ZTF;ZTF(zr);ZTF
58286.3710764;18.5008354;0.0366682112;ZTF;ZTF(zr);ZTF
58286.3715278;18.4550648;0.0355337784;ZTF;ZTF(zr);ZTF
58286.3719907;18.4960079;0.0365464278;ZTF;ZTF(zr);ZTF
58286.3724537;18.38871;0.0339667574;ZTF;ZTF(zr);ZTF
58286.3729051;18.3883553;0.0339586325;ZTF;ZTF(zr);ZTF
58286.3733565;18.4301662;0.0349352062;ZTF;ZTF(zr);ZTF
58286.3738194;18.4380398;0.0351230986;ZTF;ZTF(zr);ZTF
58286.3742708;18.4647713;0.0357706174;ZTF;ZTF(zr);ZTF
58286.3747338;18.4330368;0.0350035541;ZTF;ZTF(zr);ZTF
58286.3751852;18.5123444;0.0369605571;ZTF;ZTF(zr);ZTF
58286.3756481;18.3723221;0.0335934199;ZTF;ZTF(zr);ZTF
58286.3760995;18.4809074;0.0361687765;ZTF;ZTF(zr);ZTF
58286.3765625;18.3997803;0.0342219882;ZTF;ZTF(zr);ZTF
58286.3770139;18.3940105;0.0340886675;ZTF;ZTF(zr);ZTF
58286.3774769;18.4382458;0.0351280347;ZTF;ZTF(zr);ZTF
58286.3779282;18.5379505;0.0376214944;ZTF;ZTF(zr);ZTF
58286.3783912;18.5829391;0.0388184786;ZTF;ZTF(zr);ZTF
58286.3788426;18.4492798;0.035393551;ZTF;ZTF(zr);ZTF
58286.3793056;18.4153728;0.0345856361;ZTF;ZTF(zr);ZTF
58286.3797569;18.4696217;0.0358897261;ZTF;ZTF(zr);ZTF
58286.3802083;18.5647335;0.0383285247;ZTF;ZTF(zr);ZTF
58286.3806713;18.4803886;0.0361558981;ZTF;ZTF(zr);ZTF
58286.3811343;18.552351;0.03799963;ZTF;ZTF(zr);ZTF
58286.3815856;18.4661446;0.0358042903;ZTF;ZTF(zr);ZTF
58286.382037;18.4799156;0.0361441448;ZTF;ZTF(zr);ZTF
58286.3825;18.447094;0.0353407413;ZTF;ZTF(zr);ZTF
58286.382963;18.411417;0.0344929025;ZTF;ZTF(zr);ZTF
58286.3834144;18.52911;0.0373916626;ZTF;ZTF(zr);ZTF
58286.3838773;18.5353203;0.0375529453;ZTF;ZTF(zr);ZTF
58286.3843287;18.522871;0.0372305289;ZTF;ZTF(zr);ZTF
58286.3847801;18.489233;0.0363763906;ZTF;ZTF(zr);ZTF
58286.3852431;18.5371609;0.0376009084;ZTF;ZTF(zr);ZTF
58286.3856944;18.5903149;0.039019186;ZTF;ZTF(zr);ZTF
58286.3861574;18.4331264;0.0350056887;ZTF;ZTF(zr);ZTF
58286.3866088;18.4379997;0.0351221263;ZTF;ZTF(zr);ZTF
58286.3870602;18.488266;0.0363522023;ZTF;ZTF(zr);ZTF
58286.3875231;18.4211044;0.0347205512;ZTF;ZTF(zr);ZTF
58286.3879745;18.5800896;0.0387412943;ZTF;ZTF(zr);ZTF
58286.3884375;18.3574867;0.0332599878;ZTF;ZTF(zr);ZTF
58286.3888889;18.5428314;0.0377491526;ZTF;ZTF(zr);ZTF
58286.3898032;18.4052753;0.0343495682;ZTF;ZTF(zr);ZTF
58286.3907176;18.428257;0.0348898508;ZTF;ZTF(zr);ZTF
58286.3911806;18.6134758;0.0396576189;ZTF;ZTF(zr);ZTF
58286.3916319;18.3830109;0.0338363089;ZTF;ZTF(zr);ZTF
58286.3920949;18.3685799;0.033508908;ZTF;ZTF(zr);ZTF
58286.3925463;18.3642311;0.0334110446;ZTF;ZTF(zr);ZTF
58286.3929977;18.4213276;0.0347258113;ZTF;ZTF(zr);ZTF
58286.3934606;18.3580399;0.0332723409;ZTF;ZTF(zr);ZTF
58286.393912;18.4077301;0.0344067588;ZTF;ZTF(zr);ZTF
58286.394375;18.3561344;0.0332298167;ZTF;ZTF(zr);ZTF
58286.3948264;18.408329;0.034420751;ZTF;ZTF(zr);ZTF
58286.3952778;18.4257469;0.0348303057;ZTF;ZTF(zr);ZTF
58286.3957407;18.4333897;0.0350119695;ZTF;ZTF(zr);ZTF
58286.3962037;18.3572884;0.0332555696;ZTF;ZTF(zr);ZTF
58286.3988079;19.0754757;0.0696437061;ZTF;ZTF(zg);ZTF
58287.3483449;18.4013653;0.0342587158;ZTF;ZTF(zr);ZTF
58287.3487963;18.3188095;0.032410644;ZTF;ZTF(zr);ZTF
58287.3492593;18.3753262;0.0336614586;ZTF;ZTF(zr);ZTF
58287.3497106;18.3892612;0.0339794233;ZTF;ZTF(zr);ZTF
58287.350162;18.4548416;0.035528332;ZTF;ZTF(zr);ZTF
58287.350625;18.5154991;0.0370412208;ZTF;ZTF(zr);ZTF
58287.3510764;18.534729;0.0375375524;ZTF;ZTF(zr);ZTF
58287.3515394;18.3860359;0.0339054763;ZTF;ZTF(zr);ZTF
58287.3519907;18.5136528;0.0369939916;ZTF;ZTF(zr);ZTF
58287.3524537;18.3669357;0.0334718749;ZTF;ZTF(zr);ZTF
58287.3529051;18.4333878;0.0350119397;ZTF;ZTF(zr);ZTF
58287.3533681;18.4299622;0.0349303521;ZTF;ZTF(zr);ZTF
58287.3538194;18.5204697;0.0371687077;ZTF;ZTF(zr);ZTF
58287.3542708;18.4084568;0.0344237275;ZTF;ZTF(zr);ZTF
58287.3547338;18.450058;0.0354123786;ZTF;ZTF(zr);ZTF
58287.3551852;18.4095478;0.0344491974;ZTF;ZTF(zr);ZTF
58287.3561111;18.356987;0.0332488343;ZTF;ZTF(zr);ZTF
58287.3570255;18.355011;0.033204753;ZTF;ZTF(zr);ZTF
58287.3574769;18.3914623;0.034029983;ZTF;ZTF(zr);ZTF
58287.3579282;18.4452362;0.0352959558;ZTF;ZTF(zr);ZTF
58287.3583912;18.5696888;0.0384611301;ZTF;ZTF(zr);ZTF
58287.3588426;18.345438;0.0329923369;ZTF;ZTF(zr);ZTF
58287.3593056;18.3377647;0.0328233317;ZTF;ZTF(zr);ZTF
58287.3597569;18.4787025;0.0361140333;ZTF;ZTF(zr);ZTF
58287.3602083;18.4641361;0.0357550569;ZTF;ZTF(zr);ZTF
58287.3606713;18.4528675;0.0354804136;ZTF;ZTF(zr);ZTF
58287.3611227;18.4603405;0.0356622487;ZTF;ZTF(zr);ZTF
58287.3615741;18.582592;0.0388090648;ZTF;ZTF(zr);ZTF
58287.3624884;18.386179;0.0339087546;ZTF;ZTF(zr);ZTF
58287.3629514;18.4852028;0.036275696;ZTF;ZTF(zr);ZTF
58287.3634028;18.436882;0.0350953937;ZTF;ZTF(zr);ZTF
58287.3638657;18.4656467;0.0357920714;ZTF;ZTF(zr);ZTF
58287.3643171;18.4343357;0.0350345522;ZTF;ZTF(zr);ZTF
58287.3652315;18.5581608;0.0381535254;ZTF;ZTF(zr);ZTF
58287.3661458;18.4128246;0.0345258638;ZTF;ZTF(zr);ZTF
58287.3670602;18.4344635;0.0350375958;ZTF;ZTF(zr);ZTF
58287.3675116;18.3052845;0.0321203321;ZTF;ZTF(zr);ZTF
58287.3679745;18.4758453;0.0360432863;ZTF;ZTF(zr);ZTF
58287.3684259;18.463501;0.0357394964;ZTF;ZTF(zr);ZTF
58287.3688773;18.3746605;0.0336463787;ZTF;ZTF(zr);ZTF
58287.3693403;18.3212128;0.0324625932;ZTF;ZTF(zr);ZTF
58287.3697917;18.4268398;0.0348562188;ZTF;ZTF(zr);ZTF
58287.3702546;18.4162407;0.0346060246;ZTF;ZTF(zr);ZTF
58287.370706;18.4122734;0.0345129669;ZTF;ZTF(zr);ZTF
58287.3711574;18.3882542;0.0339563079;ZTF;ZTF(zr);ZTF
58287.3716204;18.3898621;0.0339932181;ZTF;ZTF(zr);ZTF
58287.3720718;18.37397;0.0336307101;ZTF;ZTF(zr);ZTF
58287.3725347;18.3761501;0.0336801484;ZTF;ZTF(zr);ZTF
58287.3729861;18.4335747;0.0350163728;ZTF;ZTF(zr);ZTF
58287.3734491;18.2964935;0.0319334418;ZTF;ZTF(zr);ZTF
58287.3739005;18.4098511;0.0344562978;ZTF;ZTF(zr);ZTF
58287.3743634;18.4680386;0.0358507968;ZTF;ZTF(zr);ZTF
58287.3748148;18.3720818;0.0335879736;ZTF;ZTF(zr);ZTF
58287.3752662;18.5194054;0.0371413566;ZTF;ZTF(zr);ZTF
58287.3757292;18.2711067;0.0314017311;ZTF;ZTF(zr);ZTF
58287.3761806;18.452425;0.0354696885;ZTF;ZTF(zr);ZTF
58287.3766435;18.3991451;0.0342072733;ZTF;ZTF(zr);ZTF
58287.3775579;18.2684078;0.0313458927;ZTF;ZTF(zr);ZTF
58287.3780093;18.3270569;0.0325893834;ZTF;ZTF(zr);ZTF
58287.3784722;18.3716106;0.033577323;ZTF;ZTF(zr);ZTF
58287.3789236;18.4007435;0.0342443138;ZTF;ZTF(zr);ZTF
58287.3793866;18.2623138;0.0312203001;ZTF;ZTF(zr);ZTF
58287.379838;18.2666607;0.0313098319;ZTF;ZTF(zr);ZTF
58287.3802894;18.5209789;0.0371817984;ZTF;ZTF(zr);ZTF
58287.3807523;18.4220314;0.034742415;ZTF;ZTF(zr);ZTF
58287.3812037;18.4120293;0.0345072448;ZTF;ZTF(zr);ZTF
58287.3816667;18.2871437;0.0317362472;ZTF;ZTF(zr);ZTF
58287.3821181;18.4008274;0.0342462435;ZTF;ZTF(zr);ZTF
58287.382581;18.5671597;0.0383934043;ZTF;ZTF(zr);ZTF
58287.3830324;18.2992058;0.0319909677;ZTF;ZTF(zr);ZTF
58287.3834954;18.3805103;0.0337793007;ZTF;ZTF(zr);ZTF
58287.3839468;18.3513584;0.0331234969;ZTF;ZTF(zr);ZTF
58287.3844097;18.5830364;0.038821131;ZTF;ZTF(zr);ZTF
58287.3848611;18.3951683;0.0341153629;ZTF;ZTF(zr);ZTF
58287.3853241;18.3435097;0.0329497494;ZTF;ZTF(zr);ZTF
58287.3857755;18.3811493;0.0337938629;ZTF;ZTF(zr);ZTF
58287.3862384;18.4663029;0.0358081758;ZTF;ZTF(zr);ZTF
58287.3866898;18.2994289;0.0319956951;ZTF;ZTF(zr);ZTF
58287.3871528;18.3251667;0.0325482972;ZTF;ZTF(zr);ZTF
58287.3876042;18.2507782;0.0309843924;ZTF;ZTF(zr);ZTF
58287.3880671;18.2327747;0.0306208935;ZTF;ZTF(zr);ZTF
58287.3885185;18.3778;0.0337176174;ZTF;ZTF(zr);ZTF
58287.3889815;18.2336845;0.0306391176;ZTF;ZTF(zr);ZTF
58287.3898958;18.2177715;0.0303223319;ZTF;ZTF(zr);ZTF
58287.3903472;18.3586559;0.033286117;ZTF;ZTF(zr);ZTF
58287.3907986;18.229948;0.0305643454;ZTF;ZTF(zr);ZTF
58287.3912616;18.2206879;0.0303800553;ZTF;ZTF(zr);ZTF
58287.391713;18.1894913;0.0297700688;ZTF;ZTF(zr);ZTF
58287.3921759;18.2892723;0.0317810141;ZTF;ZTF(zr);ZTF
58287.3926273;18.2124538;0.0302174389;ZTF;ZTF(zr);ZTF
58287.3930787;18.2798615;0.0315837637;ZTF;ZTF(zr);ZTF
58287.3935417;18.2240982;0.030447755;ZTF;ZTF(zr);ZTF
58287.3939931;18.2585526;0.0311431177;ZTF;ZTF(zr);ZTF
58287.394456;18.1193066;0.0284572393;ZTF;ZTF(zr);ZTF
58287.3949074;18.2204132;0.0303746201;ZTF;ZTF(zr);ZTF
58287.3953704;18.1480637;0.0289853886;ZTF;ZTF(zr);ZTF
58287.3958218;18.2531033;0.0310317427;ZTF;ZTF(zr);ZTF
58287.3962847;18.5366535;0.037587665;ZTF;ZTF(zr);ZTF
58289.4397106;18.5106335;0.0369169191;ZTF;ZTF(zr);ZTF
58301.3554282;18.5373344;0.037605416;ZTF;ZTF(zr);ZTF
58304.3550116;18.5794964;0.0387252346;ZTF;ZTF(zr);ZTF
58334.3156019;19.5322609;0.0959863365;ZTF;ZTF(zg);ZTF
58334.3378588;18.4455242;0.0353028812;ZTF;ZTF(zr);ZTF
58337.325463;18.47295;0.0359717421;ZTF;ZTF(zr);ZTF
58345.3089352;19.1813316;0.0750824735;ZTF;ZTF(zg);ZTF
58348.2103935;18.5297108;0.0374072231;ZTF;ZTF(zr);ZTF
58365.129537;18.6303711;0.0401313864;ZTF;ZTF(zr);ZTF
58365.2512963;19.316433;0.0826055855;ZTF;ZTF(zg);ZTF
58378.87801884;13.987;0.265;NEOWISE;WISE(W2);NEOWISE
58378.87801884;14.031;0.068;NEOWISE;WISE(W1);NEOWISE
58379.13918888;14.365;0.451;NEOWISE;WISE(W2);NEOWISE
58379.13918888;14.05;0.102;NEOWISE;WISE(W1);NEOWISE
58379.40150486;14.281;0.119;NEOWISE;WISE(W1);NEOWISE
58379.40150486;13.744;0.442;NEOWISE;WISE(W2);NEOWISE
58379.46695654;13.943;0.083;NEOWISE;WISE(W1);NEOWISE
58379.46695654;14.112;0.51;NEOWISE;WISE(W2);NEOWISE
58379.53228086;13.598;0.347;NEOWISE;WISE(W2);NEOWISE
58379.53228086;13.944;0.098;NEOWISE;WISE(W1);NEOWISE
58379.53240817;13.697;0.345;NEOWISE;WISE(W2);NEOWISE
58379.53240817;14.393;0.129;NEOWISE;WISE(W1);NEOWISE
58379.59773249;14.343;0.12;NEOWISE;WISE(W1);NEOWISE
58381.88764985;14.077;0.281;NEOWISE;WISE(W2);NEOWISE
58381.88764985;13.91;0.055;NEOWISE;WISE(W1);NEOWISE
58382.0184258;13.385;0.146;NEOWISE;WISE(W2);NEOWISE
58382.0184258;13.916;0.057;NEOWISE;WISE(W1);NEOWISE
58382.14932916;14.077;0.058;NEOWISE;WISE(W1);NEOWISE
58382.14932916;13.649;0.218;NEOWISE;WISE(W2);NEOWISE
58382.28023247;14.124;0.063;NEOWISE;WISE(W1);NEOWISE
58382.28023247;13.684;0.2;NEOWISE;WISE(W2);NEOWISE
58382.34568414;13.59;0.123;NEOWISE;WISE(W2);NEOWISE
58382.34568414;13.887;0.058;NEOWISE;WISE(W1);NEOWISE
58382.41113582;13.918;0.049;NEOWISE;WISE(W1);NEOWISE
58382.41113582;13.767;0.147;NEOWISE;WISE(W2);NEOWISE
58382.47646014;13.925;0.188;NEOWISE;WISE(W2);NEOWISE
58382.47646014;13.854;0.058;NEOWISE;WISE(W1);NEOWISE
58382.47658745;13.87;0.208;NEOWISE;WISE(W2);NEOWISE
58382.47658745;13.933;0.073;NEOWISE;WISE(W1);NEOWISE
58382.60736345;14.105;0.061;NEOWISE;WISE(W1);NEOWISE
58382.60736345;13.887;0.223;NEOWISE;WISE(W2);NEOWISE
58382.73826671;13.821;0.164;NEOWISE;WISE(W2);NEOWISE
58382.73826671;14.195;0.061;NEOWISE;WISE(W1);NEOWISE
58382.86917007;13.582;0.144;NEOWISE;WISE(W2);NEOWISE
58382.86917007;13.98;0.055;NEOWISE;WISE(W1);NEOWISE
58581.9439911;13.521;0.119;NEOWISE;WISE(W2);NEOWISE
58581.9439911;14.0;0.055;NEOWISE;WISE(W1);NEOWISE
58582.07489454;14.066;0.208;NEOWISE;WISE(W2);NEOWISE
58582.07489454;13.987;0.053;NEOWISE;WISE(W1);NEOWISE
58582.20567066;13.648;0.117;NEOWISE;WISE(W2);NEOWISE
58582.20567066;13.881;0.058;NEOWISE;WISE(W1);NEOWISE
58582.33657404;13.9;0.052;NEOWISE;WISE(W1);NEOWISE
58582.33657404;13.934;0.148;NEOWISE;WISE(W2);NEOWISE
58582.46735016;14.331;0.073;NEOWISE;WISE(W1);NEOWISE
58582.53280187;14.37;0.072;NEOWISE;WISE(W1);NEOWISE
58582.53280187;13.81;0.19;NEOWISE;WISE(W2);NEOWISE
58582.66370527;14.122;0.066;NEOWISE;WISE(W1);NEOWISE
58582.66370527;13.994;0.2;NEOWISE;WISE(W2);NEOWISE
58582.79448142;13.898;0.056;NEOWISE;WISE(W1);NEOWISE
58582.79448142;14.305;0.286;NEOWISE;WISE(W2);NEOWISE
58582.92538486;13.772;0.141;NEOWISE;WISE(W2);NEOWISE
58582.92538486;14.024;0.065;NEOWISE;WISE(W1);NEOWISE
58635.3965741;18.5260162;0.0373116471;ZTF;ZTF(zr);ZTF
58642.380081;19.2658367;0.0797109753;ZTF;ZTF(zg);ZTF
58642.4803356;18.5288181;0.0373840965;ZTF;ZTF(zr);ZTF
58645.4010185;19.3949108;0.0872783512;ZTF;ZTF(zg);ZTF
58645.480706;18.5237389;0.0372528918;ZTF;ZTF(zr);ZTF
58658.3792708;18.2844353;0.0316794254;ZTF;ZTF(zr);ZTF
58658.4413773;19.1436462;0.0731008723;ZTF;ZTF(zg);ZTF
58662.3183102;18.5923042;0.0390735008;ZTF;ZTF(zr);ZTF
58662.422037;19.3154526;0.0825485736;ZTF;ZTF(zg);ZTF
58665.3152199;18.6121521;0.0396207981;ZTF;ZTF(zr);ZTF
58665.3156829;18.5821114;0.0387960449;ZTF;ZTF(zr);ZTF
58666.3064815;18.6149597;0.0396989584;ZTF;ZTF(zr);ZTF
58666.3069329;18.517374;0.0370892286;ZTF;ZTF(zr);ZTF
58668.2927431;19.3005142;0.0816848874;ZTF;ZTF(zg);ZTF
58668.3346181;18.5553761;0.0380796716;ZTF;ZTF(zr);ZTF
58674.2980903;18.6749954;0.0414160229;ZTF;ZTF(zr);ZTF
58677.2718634;18.7390194;0.0433462411;ZTF;ZTF(zr);ZTF
58685.314213;18.4656105;0.0357911922;ZTF;ZTF(zr);ZTF
58692.3143981;18.4412537;0.0352001563;ZTF;ZTF(zr);ZTF
58694.252662;18.5175056;0.0370926186;ZTF;ZTF(zr);ZTF
58694.253125;18.486412;0.0363058895;ZTF;ZTF(zr);ZTF
58694.2673264;18.4730473;0.0359741263;ZTF;ZTF(zr);ZTF
58694.2677778;18.6168213;0.0397509038;ZTF;ZTF(zr);ZTF
58703.2169097;18.541563;0.0377159305;ZTF;ZTF(zr);ZTF
58703.2409838;18.7040482;0.0422789454;ZTF;ZTF(zr);ZTF
58703.2488773;18.6464443;0.0405884795;ZTF;ZTF(zr);ZTF
58703.2515394;18.5916767;0.0390563607;ZTF;ZTF(zr);ZTF
58703.2663657;18.6750126;0.0414165184;ZTF;ZTF(zr);ZTF
58703.2668171;18.7299347;0.0430659316;ZTF;ZTF(zr);ZTF
58715.1714815;18.6152077;0.0397058688;ZTF;ZTF(zr);ZTF
58715.1719329;18.5730572;0.0385516025;ZTF;ZTF(zr);ZTF
58715.1948148;18.5284138;0.0373736359;ZTF;ZTF(zr);ZTF
58715.2230208;18.5482159;0.0378905609;ZTF;ZTF(zr);ZTF
58715.2234722;18.5635872;0.0382979475;ZTF;ZTF(zr);ZTF
58716.1893519;18.4278107;0.0348792411;ZTF;ZTF(zr);ZTF
58716.206331;18.5495949;0.0379268937;ZTF;ZTF(zr);ZTF
58716.2126273;18.6119137;0.0396141671;ZTF;ZTF(zr);ZTF
58716.2160301;18.6209679;0.0398668684;ZTF;ZTF(zr);ZTF
58716.218588;18.5794621;0.0387243368;ZTF;ZTF(zr);ZTF
58716.2235995;18.4212914;0.0347249396;ZTF;ZTF(zr);ZTF
58716.22875;18.4847603;0.0362646692;ZTF;ZTF(zr);ZTF
58716.233669;18.5028038;0.0367179997;ZTF;ZTF(zr);ZTF
58716.2379514;18.5723648;0.0385329835;ZTF;ZTF(zr);ZTF
58716.2471528;18.5148487;0.037024565;ZTF;ZTF(zr);ZTF
58716.2476042;18.3941002;0.0340907276;ZTF;ZTF(zr);ZTF
58717.1736458;18.5209579;0.0371812768;ZTF;ZTF(zr);ZTF
58717.1740972;18.561779;0.0382497422;ZTF;ZTF(zr);ZTF
58717.1838657;18.2200947;0.0303682908;ZTF;ZTF(zr);ZTF
58717.1900116;18.4720631;0.0359498598;ZTF;ZTF(zr);ZTF
58717.1920833;18.5286045;0.0373785719;ZTF;ZTF(zr);ZTF
58717.2022917;18.6484451;0.0406458415;ZTF;ZTF(zr);ZTF
58717.203206;18.5259991;0.037311215;ZTF;ZTF(zr);ZTF
58717.2059375;18.6540871;0.0408080593;ZTF;ZTF(zr);ZTF
58717.2100116;18.3264503;0.0325761884;ZTF;ZTF(zr);ZTF
58717.2129167;18.5722389;0.038529586;ZTF;ZTF(zr);ZTF
58717.232662;18.5611973;0.0382342562;ZTF;ZTF(zr);ZTF
58717.2331134;18.4233322;0.0347731486;ZTF;ZTF(zr);ZTF
58717.3059722;18.3416634;0.0329090692;ZTF;ZTF(zr);ZTF
58718.2002546;18.7547379;0.0438363478;ZTF;ZTF(zr);ZTF
58718.200706;18.6408596;0.0404289737;ZTF;ZTF(zr);ZTF
58718.2101042;18.6745644;0.0414033718;ZTF;ZTF(zr);ZTF
58718.2231597;18.6017227;0.039332062;ZTF;ZTF(zr);ZTF
58718.2245718;18.4692764;0.035881225;ZTF;ZTF(zr);ZTF
58718.2256019;18.5787773;0.0387058072;ZTF;ZTF(zr);ZTF
58718.2298958;18.5316467;0.0374574326;ZTF;ZTF(zr);ZTF
58718.2348264;18.5740852;0.0385792516;ZTF;ZTF(zr);ZTF
58718.2395486;18.5819111;0.0387906171;ZTF;ZTF(zr);ZTF
58718.2491667;18.5888805;0.0389800332;ZTF;ZTF(zr);ZTF
58718.2496181;18.458456;0.0356162824;ZTF;ZTF(zr);ZTF
58719.1722338;18.5453224;0.037814483;ZTF;ZTF(zr);ZTF
58719.1726852;18.5513916;0.0379742831;ZTF;ZTF(zr);ZTF
58719.1816667;18.4690628;0.0358759724;ZTF;ZTF(zr);ZTF
58719.1821181;18.4508343;0.0354311652;ZTF;ZTF(zr);ZTF
58719.1912269;18.4247322;0.0348062813;ZTF;ZTF(zr);ZTF
58719.1916782;18.6898384;0.0418542288;ZTF;ZTF(zr);ZTF
58719.1936343;18.4313965;0.0349644758;ZTF;ZTF(zr);ZTF
58719.1983102;18.5070229;0.0368250199;ZTF;ZTF(zr);ZTF
58719.2032986;18.4481602;0.0353665017;ZTF;ZTF(zr);ZTF
58719.2095486;18.5191326;0.0371343754;ZTF;ZTF(zr);ZTF
58719.2104514;18.5277672;0.0373569168;ZTF;ZTF(zr);ZTF
58719.236169;18.2208862;0.030383978;ZTF;ZTF(zr);ZTF
58719.2366204;18.3583069;0.0332783088;ZTF;ZTF(zr);ZTF
58720.191794;18.4004478;0.0342374593;ZTF;ZTF(zr);ZTF
58720.2023843;18.5440826;0.0377819464;ZTF;ZTF(zr);ZTF
58720.2052894;18.5341434;0.0375223234;ZTF;ZTF(zr);ZTF
58720.2081366;18.4550858;0.0355342701;ZTF;ZTF(zr);ZTF
58720.225463;18.6117649;0.0396100283;ZTF;ZTF(zr);ZTF
58720.2285764;18.6421528;0.0404658206;ZTF;ZTF(zr);ZTF
58720.2371644;18.4865971;0.0363105014;ZTF;ZTF(zr);ZTF
58720.2405671;18.4789619;0.0361204818;ZTF;ZTF(zr);ZTF
58720.2458333;18.4620323;0.0357035697;ZTF;ZTF(zr);ZTF
58720.2540509;18.6898899;0.0418557525;ZTF;ZTF(zr);ZTF
58720.2545023;18.5769901;0.0386575498;ZTF;ZTF(zr);ZTF
58721.1814352;18.6840935;0.0416839756;ZTF;ZTF(zr);ZTF
58722.170544;18.2247944;0.0304616019;ZTF;ZTF(zr);ZTF
58722.1709954;18.2047997;0.0300673172;ZTF;ZTF(zr);ZTF
58722.1893981;18.5267944;0.0373317599;ZTF;ZTF(zr);ZTF
58722.1898495;18.478447;0.0361077078;ZTF;ZTF(zr);ZTF
58722.1973727;18.5329895;0.0374923237;ZTF;ZTF(zr);ZTF
58722.2030787;18.6385689;0.0403637439;ZTF;ZTF(zr);ZTF
58722.2145139;18.6289101;0.0400901698;ZTF;ZTF(zr);ZTF
58722.2218171;18.6210442;0.0398690067;ZTF;ZTF(zr);ZTF
58722.2227894;18.6218224;0.0398908257;ZTF;ZTF(zr);ZTF
58722.2276042;18.6363983;0.0403020605;ZTF;ZTF(zr);ZTF
58722.2380324;18.5855942;0.0388905928;ZTF;ZTF(zr);ZTF
58722.2384838;18.5958862;0.0391715914;ZTF;ZTF(zr);ZTF
58723.2145833;18.6206245;0.0398572497;ZTF;ZTF(zr);ZTF
58723.2150347;18.5688782;0.0384394005;ZTF;ZTF(zr);ZTF
58723.2520255;18.6369076;0.0403165147;ZTF;ZTF(zr);ZTF
58723.2524769;18.5672722;0.0383963995;ZTF;ZTF(zr);ZTF
58724.1470602;18.6490936;0.0406644419;ZTF;ZTF(zr);ZTF
58724.2160069;18.6732521;0.0413649008;ZTF;ZTF(zr);ZTF
58724.2164468;18.6309109;0.0401466489;ZTF;ZTF(zr);ZTF
58724.2508333;18.6448078;0.0405416787;ZTF;ZTF(zr);ZTF
58724.2512847;18.6447163;0.0405390523;ZTF;ZTF(zr);ZTF
58724.2567245;19.3816795;0.0864748806;ZTF;ZTF(zg);ZTF
58726.1772917;18.5406055;0.0376908556;ZTF;ZTF(zr);ZTF
58726.1777431;18.7808475;0.0446649157;ZTF;ZTF(zr);ZTF
58726.185;18.5989342;0.0392552949;ZTF;ZTF(zr);ZTF
58726.1921644;18.6858978;0.0417373404;ZTF;ZTF(zr);ZTF
58726.1990394;18.6932983;0.0419571586;ZTF;ZTF(zr);ZTF
58726.2079977;18.5974693;0.0392150395;ZTF;ZTF(zr);ZTF
58726.2095602;18.5866356;0.0389189012;ZTF;ZTF(zr);ZTF
58726.2139005;18.5121918;0.0369566642;ZTF;ZTF(zr);ZTF
58726.2218981;18.4748573;0.0360188484;ZTF;ZTF(zr);ZTF
58726.2223495;18.34235;0.0329241976;ZTF;ZTF(zr);ZTF
58726.2285995;18.5632629;0.0382892974;ZTF;ZTF(zr);ZTF
58726.2360648;18.3317375;0.0326913707;ZTF;ZTF(zr);ZTF
58726.2365162;18.3555641;0.0332170874;ZTF;ZTF(zr);ZTF
58727.1913773;18.4550304;0.0355329402;ZTF;ZTF(zr);ZTF
58727.1918287;18.540638;0.0376917273;ZTF;ZTF(zr);ZTF
58727.2022106;18.5674973;0.038402427;ZTF;ZTF(zr);ZTF
58727.202662;18.4403248;0.0351778716;ZTF;ZTF(zr);ZTF
58727.2128241;18.5418739;0.0377240479;ZTF;ZTF(zr);ZTF
58727.217338;18.6342831;0.0402420796;ZTF;ZTF(zr);ZTF
58727.2189236;18.6339874;0.0402337015;ZTF;ZTF(zr);ZTF
58727.2291088;18.5785236;0.0386989415;ZTF;ZTF(zr);ZTF
58727.2306597;18.4524212;0.0354696028;ZTF;ZTF(zr);ZTF
58727.2418866;18.5033054;0.0367307104;ZTF;ZTF(zr);ZTF
58727.2474074;18.4676762;0.0358418971;ZTF;ZTF(zr);ZTF
58727.2478588;18.4375858;0.0351122245;ZTF;ZTF(zr);ZTF
58727.2606019;18.4570599;0.0355822779;ZTF;ZTF(zr);ZTF
58727.2610532;18.5065746;0.0368136279;ZTF;ZTF(zr);ZTF
58730.1782176;18.5970726;0.0392041393;ZTF;ZTF(zr);ZTF
58730.178669;18.5527573;0.0380103737;ZTF;ZTF(zr);ZTF
58730.2014236;18.5152073;0.0370337404;ZTF;ZTF(zr);ZTF
58731.1937963;18.7341042;0.0431943238;ZTF;ZTF(zr);ZTF
58746.16724946;14.017;0.067;NEOWISE;WISE(W1);NEOWISE
58746.16724946;14.408;0.321;NEOWISE;WISE(W2);NEOWISE
58746.29802534;13.936;0.156;NEOWISE;WISE(W2);NEOWISE
58746.29802534;14.171;0.061;NEOWISE;WISE(W1);NEOWISE
58746.42892847;13.58;0.136;NEOWISE;WISE(W2);NEOWISE
58746.42892847;14.205;0.088;NEOWISE;WISE(W1);NEOWISE
58746.49425278;13.832;0.17;NEOWISE;WISE(W2);NEOWISE
58746.49425278;14.075;0.056;NEOWISE;WISE(W1);NEOWISE
58746.55970435;13.775;0.163;NEOWISE;WISE(W2);NEOWISE
58746.55970435;14.051;0.056;NEOWISE;WISE(W1);NEOWISE
58746.62515588;13.85;0.064;NEOWISE;WISE(W1);NEOWISE
58746.62515588;13.972;0.181;NEOWISE;WISE(W2);NEOWISE
58746.69060745;13.897;0.072;NEOWISE;WISE(W1);NEOWISE
58746.69060745;13.573;0.106;NEOWISE;WISE(W2);NEOWISE
58746.75593176;14.219;0.224;NEOWISE;WISE(W2);NEOWISE
58746.75593176;13.933;0.054;NEOWISE;WISE(W1);NEOWISE
58746.8868349;14.148;0.165;NEOWISE;WISE(W2);NEOWISE
58746.8868349;14.179;0.062;NEOWISE;WISE(W1);NEOWISE
58747.01761078;11.61;0.049;NEOWISE;WISE(W2);NEOWISE
58747.01761078;14.537;0.095;NEOWISE;WISE(W1);NEOWISE
58775.087581;18.4994659;0.0366336107;ZTF;ZTF(zr);ZTF
58778.0845139;18.4058685;0.0343633927;ZTF;ZTF(zr);ZTF
58783.0809954;18.6051407;0.0394263938;ZTF;ZTF(zr);ZTF
58946.15714212;14.259;0.07;NEOWISE;WISE(W1);NEOWISE
58946.15714212;13.718;0.135;NEOWISE;WISE(W2);NEOWISE
58946.15726948;14.051;0.056;NEOWISE;WISE(W1);NEOWISE
58946.15726948;14.057;0.183;NEOWISE;WISE(W2);NEOWISE
58946.28804554;14.045;0.054;NEOWISE;WISE(W1);NEOWISE
58946.28804554;13.764;0.132;NEOWISE;WISE(W2);NEOWISE
58946.41882162;14.123;0.072;NEOWISE;WISE(W1);NEOWISE
58946.41882162;13.641;0.208;NEOWISE;WISE(W2);NEOWISE
58946.48414597;13.723;0.122;NEOWISE;WISE(W2);NEOWISE
58946.48414597;13.958;0.051;NEOWISE;WISE(W1);NEOWISE
58946.54959769;13.718;0.176;NEOWISE;WISE(W2);NEOWISE
58946.54959769;14.086;0.067;NEOWISE;WISE(W1);NEOWISE
58946.61492204;14.099;0.06;NEOWISE;WISE(W1);NEOWISE
58946.61492204;13.797;0.125;NEOWISE;WISE(W2);NEOWISE
58946.61504935;13.98;0.056;NEOWISE;WISE(W1);NEOWISE
58946.61504935;14.132;0.182;NEOWISE;WISE(W2);NEOWISE
58946.6803737;13.925;0.194;NEOWISE;WISE(W2);NEOWISE
58946.6803737;14.008;0.055;NEOWISE;WISE(W1);NEOWISE
58946.74582542;14.062;0.055;NEOWISE;WISE(W1);NEOWISE
58946.74582542;13.712;0.12;NEOWISE;WISE(W2);NEOWISE
58946.87660153;13.913;0.203;NEOWISE;WISE(W2);NEOWISE
58946.87660153;14.056;0.058;NEOWISE;WISE(W1);NEOWISE
58947.00737759;14.04;0.219;NEOWISE;WISE(W2);NEOWISE
58947.00737759;14.126;0.061;NEOWISE;WISE(W1);NEOWISE
58947.13815372;14.087;0.057;NEOWISE;WISE(W1);NEOWISE
58947.13815372;13.786;0.135;NEOWISE;WISE(W2);NEOWISE
58953.87458098;14.079;0.081;NEOWISE;WISE(W1);NEOWISE
58953.87458098;14.244;0.436;NEOWISE;WISE(W2);NEOWISE
59041.2927546;18.632473;0.040190801;ZTF;ZTF(zr);ZTF
59041.3562037;19.2236767;0.0773697197;ZTF;ZTF(zg);ZTF
59045.272037;19.3514519;0.0846632048;ZTF;ZTF(zg);ZTF
59049.3552546;18.5661526;0.0383664556;ZTF;ZTF(zr);ZTF
59110.19672906;14.219;0.066;NEOWISE;WISE(W1);NEOWISE
59110.19672906;13.428;0.123;NEOWISE;WISE(W2);NEOWISE
59110.32801431;14.012;0.05;NEOWISE;WISE(W1);NEOWISE
59110.32801431;13.882;0.141;NEOWISE;WISE(W2);NEOWISE
59110.45879013;13.894;0.14;NEOWISE;WISE(W2);NEOWISE
59110.45879013;14.163;0.066;NEOWISE;WISE(W1);NEOWISE
59110.58956591;14.065;0.052;NEOWISE;WISE(W1);NEOWISE
59110.58956591;13.768;0.153;NEOWISE;WISE(W2);NEOWISE
59110.65489013;14.038;0.065;NEOWISE;WISE(W1);NEOWISE
59110.65489013;13.935;0.2;NEOWISE;WISE(W2);NEOWISE
59110.72034169;13.704;0.118;NEOWISE;WISE(W2);NEOWISE
59110.72034169;13.961;0.05;NEOWISE;WISE(W1);NEOWISE
59110.78566595;14.17;0.216;NEOWISE;WISE(W2);NEOWISE
59110.78566595;13.978;0.061;NEOWISE;WISE(W1);NEOWISE
59110.78579331;14.019;0.057;NEOWISE;WISE(W1);NEOWISE
59110.78579331;14.407;0.289;NEOWISE;WISE(W2);NEOWISE
59110.91656914;13.919;0.152;NEOWISE;WISE(W2);NEOWISE
59110.91656914;14.011;0.05;NEOWISE;WISE(W1);NEOWISE
59111.04734502;14.055;0.054;NEOWISE;WISE(W1);NEOWISE
59111.04734502;13.871;0.12;NEOWISE;WISE(W2);NEOWISE
59111.17812086;14.089;0.06;NEOWISE;WISE(W1);NEOWISE
59111.17812086;13.872;0.124;NEOWISE;WISE(W2);NEOWISE
59128.168912;19.0853062;0.0701321587;ZTF;ZTF(zg);ZTF
59131.0958796;18.5777321;0.0386775658;ZTF;ZTF(zr);ZTF
59131.1478935;19.0730877;0.0695255622;ZTF;ZTF(zg);ZTF
59313.11512748;14.059;0.061;NEOWISE;WISE(W1);NEOWISE
59313.11512748;13.812;0.157;NEOWISE;WISE(W2);NEOWISE
59313.24577618;14.006;0.058;NEOWISE;WISE(W1);NEOWISE
59313.24577618;14.287;0.224;NEOWISE;WISE(W2);NEOWISE
59313.2459035;14.118;0.072;NEOWISE;WISE(W1);NEOWISE
59313.2459035;13.887;0.142;NEOWISE;WISE(W2);NEOWISE
59313.37655219;13.699;0.166;NEOWISE;WISE(W2);NEOWISE
59313.37655219;14.093;0.058;NEOWISE;WISE(W1);NEOWISE
59313.50732819;14.105;0.057;NEOWISE;WISE(W1);NEOWISE
59313.50732819;14.471;0.351;NEOWISE;WISE(W2);NEOWISE
59313.57265248;14.139;0.066;NEOWISE;WISE(W1);NEOWISE
59313.57265248;14.202;0.226;NEOWISE;WISE(W2);NEOWISE
59313.63797679;14.055;0.176;NEOWISE;WISE(W2);NEOWISE
59313.63797679;14.013;0.078;NEOWISE;WISE(W1);NEOWISE
59313.63810416;13.74;0.133;NEOWISE;WISE(W2);NEOWISE
59313.63810416;14.041;0.057;NEOWISE;WISE(W1);NEOWISE
59313.70342848;13.965;0.053;NEOWISE;WISE(W1);NEOWISE
59313.70342848;13.737;0.161;NEOWISE;WISE(W2);NEOWISE
59313.76875343;14.014;0.054;NEOWISE;WISE(W1);NEOWISE
59313.76875343;13.792;0.122;NEOWISE;WISE(W2);NEOWISE
59313.83420507;13.943;0.183;NEOWISE;WISE(W2);NEOWISE
59313.83420507;14.041;0.058;NEOWISE;WISE(W1);NEOWISE
59313.96485376;13.932;0.149;NEOWISE;WISE(W2);NEOWISE
59313.96485376;14.145;0.07;NEOWISE;WISE(W1);NEOWISE
59314.09562977;13.869;0.143;NEOWISE;WISE(W2);NEOWISE
59314.09562977;14.074;0.057;NEOWISE;WISE(W1);NEOWISE
59353.4389699;18.0828323;0.0278062634;ZTF;ZTF(zr);ZTF
59356.438831;19.1764927;0.0748252049;ZTF;ZTF(zg);ZTF
59359.4181019;18.5189896;0.037130706;ZTF;ZTF(zr);ZTF
59365.4331829;18.5135651;0.0369917378;ZTF;ZTF(zr);ZTF
59365.4404977;19.24189;0.0783732757;ZTF;ZTF(zg);ZTF
59367.3972801;18.5591717;0.0381803736;ZTF;ZTF(zr);ZTF
59369.3958912;19.3455391;0.0843126848;ZTF;ZTF(zg);ZTF
59369.4388889;18.5619392;0.0382539965;ZTF;ZTF(zr);ZTF
59371.395544;19.2620335;0.0794971734;ZTF;ZTF(zg);ZTF
59371.4395486;18.5723305;0.0385320522;ZTF;ZTF(zr);ZTF
59376.4183218;18.4353371;0.0350584611;ZTF;ZTF(zr);ZTF
59378.3551736;19.2825279;0.0806556568;ZTF;ZTF(zg);ZTF
59382.3552431;18.6277618;0.0400577709;ZTF;ZTF(zr);ZTF
59384.3353704;18.6197758;0.0398334861;ZTF;ZTF(zr);ZTF
59386.3565162;18.2551193;0.0310728829;ZTF;ZTF(zr);ZTF
59394.4382292;18.594492;0.039133396;ZTF;ZTF(zr);ZTF
59397.4229051;19.2833977;0.0807051808;ZTF;ZTF(zg);ZTF
59400.3358796;18.5178585;0.0371016748;ZTF;ZTF(zr);ZTF
59406.3561921;19.3165188;0.0826105699;ZTF;ZTF(zg);ZTF
59408.3139468;18.777916;0.0445709825;ZTF;ZTF(zr);ZTF
59408.3352894;19.3779545;0.0862499028;ZTF;ZTF(zg);ZTF
59410.3770602;18.7071838;0.0423733443;ZTF;ZTF(zr);ZTF
59412.3155208;19.4147034;0.0884918794;ZTF;ZTF(zg);ZTF
59427.3144444;18.4820213;0.0361964591;ZTF;ZTF(zr);ZTF
59434.2516551;19.4015961;0.0876866654;ZTF;ZTF(zg);ZTF
59439.2098032;18.5546341;0.038060002;ZTF;ZTF(zr);ZTF
59441.2523495;19.2897034;0.0810648426;ZTF;ZTF(zg);ZTF
59447.2304861;18.4575481;0.035594184;ZTF;ZTF(zr);ZTF
59450.2737153;18.5671329;0.038392663;ZTF;ZTF(zr);ZTF
59452.2303125;18.5951633;0.0391517915;ZTF;ZTF(zr);ZTF
59457.2326968;19.3110943;0.0822957531;ZTF;ZTF(zg);ZTF
59460.2324537;18.6031399;0.0393711478;ZTF;ZTF(zr);ZTF
59462.2310185;18.2054405;0.0300798547;ZTF;ZTF(zr);ZTF
59464.1686806;19.4169598;0.0886311308;ZTF;ZTF(zg);ZTF
59464.2115162;18.6754456;0.0414292142;ZTF;ZTF(zr);ZTF
59466.1690278;18.5492802;0.0379186012;ZTF;ZTF(zr);ZTF
59468.1688079;19.3080769;0.0821211338;ZTF;ZTF(zg);ZTF
59468.2310069;18.7210178;0.0427928977;ZTF;ZTF(zr);ZTF
59470.1689352;18.6428146;0.0404847376;ZTF;ZTF(zr);ZTF
59470.2104977;19.4034595;0.0878007561;ZTF;ZTF(zg);ZTF
59474.2103009;18.6212635;0.0398751535;ZTF;ZTF(zr);ZTF
59477.19544471;14.341;0.22;NEOWISE;WISE(W2);NEOWISE
59477.19544471;13.997;0.053;NEOWISE;WISE(W1);NEOWISE
59477.32622057;14.066;0.06;NEOWISE;WISE(W1);NEOWISE
59477.32622057;14.168;0.196;NEOWISE;WISE(W2);NEOWISE
59477.4568691;13.881;0.055;NEOWISE;WISE(W1);NEOWISE
59477.4568691;13.939;0.237;NEOWISE;WISE(W2);NEOWISE
59477.58764494;14.034;0.061;NEOWISE;WISE(W1);NEOWISE
59477.58764494;14.394;0.271;NEOWISE;WISE(W2);NEOWISE
59477.65296912;13.877;0.049;NEOWISE;WISE(W1);NEOWISE
59477.65296912;13.88;0.141;NEOWISE;WISE(W2);NEOWISE
59477.71829338;13.684;0.12;NEOWISE;WISE(W2);NEOWISE
59477.71829338;14.138;0.06;NEOWISE;WISE(W1);NEOWISE
59477.7836177;14.173;0.085;NEOWISE;WISE(W1);NEOWISE
59477.7836177;14.069;0.184;NEOWISE;WISE(W2);NEOWISE
59477.84906928;14.147;0.166;NEOWISE;WISE(W2);NEOWISE
59477.84906928;13.962;0.05;NEOWISE;WISE(W1);NEOWISE
59477.91439354;14.133;0.055;NEOWISE;WISE(W1);NEOWISE
59477.91439354;14.095;0.193;NEOWISE;WISE(W2);NEOWISE
59478.04504213;13.943;0.136;NEOWISE;WISE(W2);NEOWISE
59478.04504213;14.173;0.06;NEOWISE;WISE(W1);NEOWISE
59478.17581793;13.607;0.102;NEOWISE;WISE(W2);NEOWISE
59478.17581793;14.125;0.057;NEOWISE;WISE(W1);NEOWISE
59478.1882639;18.384655;0.0338739008;ZTF;ZTF(zr);ZTF
59480.1884606;18.489872;0.0363923833;ZTF;ZTF(zr);ZTF
59488.1312731;19.3338966;0.0836261213;ZTF;ZTF(zg);ZTF
59488.1691667;18.4924431;0.036456842;ZTF;ZTF(zr);ZTF
59490.1296181;18.5451889;0.0378109813;ZTF;ZTF(zr);ZTF
59677.33285682;13.941;0.052;NEOWISE;WISE(W1);NEOWISE
59677.33285682;14.379;0.235;NEOWISE;WISE(W2);NEOWISE
59677.46337829;13.604;0.118;NEOWISE;WISE(W2);NEOWISE
59677.46337829;15.675;0.239;NEOWISE;WISE(W1);NEOWISE
59677.59402708;14.13;0.234;NEOWISE;WISE(W2);NEOWISE
59677.59402708;13.889;0.055;NEOWISE;WISE(W1);NEOWISE
59677.72454903;14.113;0.095;NEOWISE;WISE(W1);NEOWISE
59677.72454903;13.95;0.173;NEOWISE;WISE(W2);NEOWISE
59677.78987345;14.125;0.06;NEOWISE;WISE(W1);NEOWISE
59677.78987345;13.753;0.142;NEOWISE;WISE(W2);NEOWISE
59677.85519787;14.042;0.062;NEOWISE;WISE(W1);NEOWISE
59677.85519787;14.072;0.196;NEOWISE;WISE(W2);NEOWISE
59677.92039497;13.707;0.129;NEOWISE;WISE(W2);NEOWISE
59677.92039497;14.273;0.074;NEOWISE;WISE(W1);NEOWISE
59677.92052228;14.128;0.071;NEOWISE;WISE(W1);NEOWISE
59677.92052228;13.93;0.166;NEOWISE;WISE(W2);NEOWISE
59677.98571934;13.931;0.152;NEOWISE;WISE(W2);NEOWISE
59677.98571934;14.013;0.076;NEOWISE;WISE(W1);NEOWISE
59678.05104376;13.493;0.11;NEOWISE;WISE(W2);NEOWISE
59678.05104376;13.923;0.052;NEOWISE;WISE(W1);NEOWISE
59678.18156523;14.081;0.074;NEOWISE;WISE(W1);NEOWISE
59678.18156523;14.312;0.376;NEOWISE;WISE(W2);NEOWISE
59678.31221397;14.122;0.073;NEOWISE;WISE(W1);NEOWISE
59678.31221397;14.018;0.208;NEOWISE;WISE(W2);NEOWISE
59678.4427355;13.81;0.135;NEOWISE;WISE(W2);NEOWISE
59678.4427355;14.154;0.059;NEOWISE;WISE(W1);NEOWISE
59721.4389699;18.5334473;0.0375042185;ZTF;ZTF(zr);ZTF
59726.4160417;18.6963291;0.0420476049;ZTF;ZTF(zr);ZTF
59726.4397106;19.2989082;0.0815925226;ZTF;ZTF(zg);ZTF
59729.4396181;18.3385334;0.0328402147;ZTF;ZTF(zr);ZTF
59732.4181944;19.059185;0.0688415915;ZTF;ZTF(zg);ZTF
59732.4397338;18.3877373;0.0339444466;ZTF;ZTF(zr);ZTF
59734.4398495;18.4406204;0.0351849645;ZTF;ZTF(zr);ZTF
59737.440162;18.5067673;0.0368185341;ZTF;ZTF(zr);ZTF
59739.3760185;19.2200737;0.0771726295;ZTF;ZTF(zg);ZTF
59739.4194444;18.4193115;0.0346782804;ZTF;ZTF(zr);ZTF
59741.3553935;18.6498184;0.0406852476;ZTF;ZTF(zr);ZTF
59743.4397338;18.4581776;0.0356095135;ZTF;ZTF(zr);ZTF
59748.3718519;18.5050831;0.0367757715;ZTF;ZTF(zr);ZTF
59748.3782523;18.9640961;0.0643415749;ZTF;ZTF(zg);ZTF
59750.3570833;17.9554138;0.0256895926;ZTF;ZTF(zr);ZTF
59752.3824306;18.5604248;0.0382136926;ZTF;ZTF(zr);ZTF
59755.3346644;18.5136509;0.036993932;ZTF;ZTF(zr);ZTF
59755.3779398;19.0433712;0.0680718124;ZTF;ZTF(zg);ZTF
59757.3141204;19.3653088;0.0854896531;ZTF;ZTF(zg);ZTF
59759.3142824;18.6083641;0.0395156182;ZTF;ZTF(zr);ZTF
59761.3135417;19.3386765;0.0839073956;ZTF;ZTF(zg);ZTF
59763.3289005;18.5689373;0.0384409949;ZTF;ZTF(zr);ZTF
59763.3559954;19.2526817;0.0789735764;ZTF;ZTF(zg);ZTF
59765.3348148;18.5896378;0.0390007049;ZTF;ZTF(zr);ZTF
59768.3344792;19.4511318;0.0907620341;ZTF;ZTF(zg);ZTF
59768.354838;19.1073151;0.0712380707;ZTF;ZTF(zg);ZTF
59770.3552894;19.2660103;0.0797207803;ZTF;ZTF(zg);ZTF
59776.3718981;18.6076488;0.0394957997;ZTF;ZTF(zr);ZTF
59779.3140278;18.4628067;0.0357225202;ZTF;ZTF(zr);ZTF
59781.2723495;19.4021435;0.0877201632;ZTF;ZTF(zg);ZTF
59783.3137847;19.3761368;0.0861402452;ZTF;ZTF(zg);ZTF
59783.3578009;18.620369;0.0398501046;ZTF;ZTF(zr);ZTF
59787.2932292;18.6103249;0.0395700186;ZTF;ZTF(zr);ZTF
59789.2731134;19.1195793;0.0718616843;ZTF;ZTF(zg);ZTF
59797.281875;19.2313576;0.0777914673;ZTF;ZTF(zg);ZTF
59799.209838;18.5232449;0.0372401401;ZTF;ZTF(zr);ZTF
59802.2516319;18.7225513;0.0428397283;ZTF;ZTF(zr);ZTF
59805.2951389;18.7697792;0.0443114303;ZTF;ZTF(zr);ZTF
59809.2319097;19.4139481;0.0884452835;ZTF;ZTF(zg);ZTF
59809.2955208;18.5078545;0.0368461683;ZTF;ZTF(zr);ZTF
59812.2302662;19.4017677;0.0876971632;ZTF;ZTF(zg);ZTF
59814.2771875;19.2904415;0.0811070204;ZTF;ZTF(zg);ZTF
59818.1902778;19.0498962;0.0683883652;ZTF;ZTF(zg);ZTF
59818.2624884;18.5120106;0.0369520374;ZTF;ZTF(zr);ZTF
59820.1690162;19.0485363;0.0683223084;ZTF;ZTF(zg);ZTF
59824.1897801;19.4034367;0.0877993703;ZTF;ZTF(zg);ZTF
59826.1681019;18.5556946;0.0380881019;ZTF;ZTF(zr);ZTF
59826.2020949;19.4952469;0.0935743153;ZTF;ZTF(zg);ZTF
59837.1482523;19.4776382;0.0924435109;ZTF;ZTF(zg);ZTF
59841.51208016;13.927;0.151;NEOWISE;WISE(W2);NEOWISE
59841.51208016;13.719;0.056;NEOWISE;WISE(W1);NEOWISE
59841.64247406;14.068;0.061;NEOWISE;WISE(W1);NEOWISE
59841.64247406;14.098;0.203;NEOWISE;WISE(W2);NEOWISE
59841.77286801;13.988;0.074;NEOWISE;WISE(W1);NEOWISE
59841.77286801;14.283;0.211;NEOWISE;WISE(W2);NEOWISE
59841.77299538;13.984;0.055;NEOWISE;WISE(W1);NEOWISE
59841.77299538;13.868;0.152;NEOWISE;WISE(W2);NEOWISE
59841.8381923;14.186;0.207;NEOWISE;WISE(W2);NEOWISE
59841.8381923;13.973;0.052;NEOWISE;WISE(W1);NEOWISE
59841.90338928;13.887;0.126;NEOWISE;WISE(W2);NEOWISE
59841.90338928;14.07;0.055;NEOWISE;WISE(W1);NEOWISE
59841.96858625;14.149;0.057;NEOWISE;WISE(W1);NEOWISE
59841.96858625;13.928;0.151;NEOWISE;WISE(W2);NEOWISE
59842.09898015;14.093;0.059;NEOWISE;WISE(W1);NEOWISE
59842.09898015;13.738;0.165;NEOWISE;WISE(W2);NEOWISE
59842.147338;19.2375336;0.0781321675;ZTF;ZTF(zg);ZTF
59842.229374;13.669;0.189;NEOWISE;WISE(W2);NEOWISE
59842.229374;14.228;0.063;NEOWISE;WISE(W1);NEOWISE
59842.35976786;13.693;0.133;NEOWISE;WISE(W2);NEOWISE
59842.35976786;14.11;0.06;NEOWISE;WISE(W1);NEOWISE
59842.49016176;13.893;0.143;NEOWISE;WISE(W2);NEOWISE
59842.49016176;14.189;0.062;NEOWISE;WISE(W1);NEOWISE
59844.1478009;18.5413799;0.0377111286;ZTF;ZTF(zr);ZTF
59846.1485417;18.7055683;0.0423246771;ZTF;ZTF(zr);ZTF
59848.2057407;18.5630302;0.0382830985;ZTF;ZTF(zr);ZTF
59850.1280324;18.7639713;0.0441272631;ZTF;ZTF(zr);ZTF
59852.1699769;18.6592484;0.0409571156;ZTF;ZTF(zr);ZTF
59862.1281366;18.6681652;0.0412162133;ZTF;ZTF(zr);ZTF
59864.1257407;19.2742081;0.0801835507;ZTF;ZTF(zg);ZTF
60041.65266022;14.048;0.057;NEOWISE;WISE(W1);NEOWISE
60041.65266022;14.095;0.172;NEOWISE;WISE(W2);NEOWISE
60041.65278753;13.899;0.15;NEOWISE;WISE(W2);NEOWISE
60041.65278753;14.073;0.059;NEOWISE;WISE(W1);NEOWISE
60041.78267238;13.955;0.051;NEOWISE;WISE(W1);NEOWISE
60041.78267238;13.846;0.163;NEOWISE;WISE(W2);NEOWISE
60041.91268456;13.837;0.056;NEOWISE;WISE(W1);NEOWISE
60041.91268456;13.694;0.186;NEOWISE;WISE(W2);NEOWISE
60041.97762697;13.79;0.133;NEOWISE;WISE(W2);NEOWISE
60041.97762697;14.121;0.075;NEOWISE;WISE(W1);NEOWISE
60042.04256456;14.024;0.058;NEOWISE;WISE(W1);NEOWISE
60042.04256456;13.85;0.15;NEOWISE;WISE(W2);NEOWISE
60042.04269198;13.973;0.192;NEOWISE;WISE(W2);NEOWISE
60042.04269198;13.917;0.054;NEOWISE;WISE(W1);NEOWISE
60042.10763429;13.779;0.163;NEOWISE;WISE(W2);NEOWISE
60042.10763429;13.997;0.054;NEOWISE;WISE(W1);NEOWISE
60042.1725767;13.725;0.165;NEOWISE;WISE(W2);NEOWISE
60042.1725767;14.148;0.061;NEOWISE;WISE(W1);NEOWISE
60042.23751905;13.941;0.055;NEOWISE;WISE(W1);NEOWISE
60042.23751905;14.304;0.268;NEOWISE;WISE(W2);NEOWISE
60042.23764637;14.049;0.061;NEOWISE;WISE(W1);NEOWISE
60042.23764637;13.682;0.152;NEOWISE;WISE(W2);NEOWISE
60042.36753109;13.909;0.188;NEOWISE;WISE(W2);NEOWISE
60042.36753109;13.836;0.056;NEOWISE;WISE(W1);NEOWISE
60042.49754317;13.905;0.055;NEOWISE;WISE(W1);NEOWISE
60042.49754317;13.969;0.186;NEOWISE;WISE(W2);NEOWISE
60042.62742789;13.869;0.163;NEOWISE;WISE(W2);NEOWISE
60042.62742789;13.878;0.087;NEOWISE;WISE(W1);NEOWISE
60085.4175231;18.4606934;0.0356708653;ZTF;ZTF(zr);ZTF
60087.4387037;19.4263325;0.0892114192;ZTF;ZTF(zg);ZTF
60089.4176968;19.379982;0.0863722637;ZTF;ZTF(zg);ZTF
60089.4396644;18.3493176;0.0330782011;ZTF;ZTF(zr);ZTF
60092.4129745;18.5493011;0.0379191674;ZTF;ZTF(zr);ZTF
60094.3964468;19.2901096;0.081088081;ZTF;ZTF(zg);ZTF
60094.4512153;18.5788727;0.0387083851;ZTF;ZTF(zr);ZTF
60099.3966667;18.5834408;0.0388320908;ZTF;ZTF(zr);ZTF
60110.3976273;19.4180489;0.0886983499;ZTF;ZTF(zg);ZTF
60112.3778241;18.3991222;0.034206748;ZTF;ZTF(zr);ZTF
60115.335787;18.4309444;0.0349537246;ZTF;ZTF(zr);ZTF
60115.3971296;19.2160378;0.0769523606;ZTF;ZTF(zg);ZTF
60118.3554282;18.3558121;0.033222612;ZTF;ZTF(zr);ZTF
60120.3764931;18.4578915;0.0356025435;ZTF;ZTF(zr);ZTF
60122.4113079;19.233572;0.0779135078;ZTF;ZTF(zg);ZTF
60122.4403704;18.5061531;0.0368029401;ZTF;ZTF(zr);ZTF
60126.3685532;18.6223412;0.0399053693;ZTF;ZTF(zr);ZTF
60133.3586574;18.5487957;0.0379058495;ZTF;ZTF(zr);ZTF
60138.3566782;18.6895256;0.0418449529;ZTF;ZTF(zr);ZTF
60141.3140509;19.3337574;0.0836179256;ZTF;ZTF(zg);ZTF
60145.2934606;18.5047989;0.0367685705;ZTF;ZTF(zr);ZTF
60145.3516551;19.3783207;0.0862719864;ZTF;ZTF(zg);ZTF
60147.2723032;18.508419;0.0368605107;ZTF;ZTF(zr);ZTF
60149.2512384;18.6536045;0.0407941453;ZTF;ZTF(zr);ZTF
60149.3349537;19.444046;0.0903167501;ZTF;ZTF(zg);ZTF
60151.3561111;18.6712914;0.0413075387;ZTF;ZTF(zr);ZTF
60161.3367245;18.6761761;0.0414506681;ZTF;ZTF(zr);ZTF
60163.2721296;18.6477699;0.0406264514;ZTF;ZTF(zr);ZTF
60165.313206;19.1040649;0.0710736513;ZTF;ZTF(zg);ZTF
60172.1890856;18.4706707;0.0359155536;ZTF;ZTF(zr);ZTF
60172.2308565;19.0809937;0.0699174851;ZTF;ZTF(zg);ZTF
60174.2105787;18.3114948;0.0322532058;ZTF;ZTF(zr);ZTF
60181.2546875;18.2823582;0.0316359475;ZTF;ZTF(zr);ZTF
60185.1899421;18.2669353;0.0313154906;ZTF;ZTF(zr);ZTF
60185.2431134;18.8304195;0.0585242398;ZTF;ZTF(zg);ZTF
60187.1685532;18.8933887;0.0611921139;ZTF;ZTF(zg);ZTF
60191.168287;18.16008;0.0292100608;ZTF;ZTF(zr);ZTF
60191.16828700015;18.131919794014518;0.0884777980258688;ZTF;ZTF(zr);ZTF
60193.2525231;18.2030563;0.0300332718;ZTF;ZTF(zr);ZTF
60195.149294;18.5284939;0.0473999158;ZTF;ZTF(zg);ZTF
60195.14929400012;18.487131571416665;0.080365126545894;ZTF;ZTF(zg);ZTF
60198.21072919993;18.416061237387577;0.07577942054852889;ZTF;ZTF(zg);ZTF
60198.2107292;18.4803143;0.0458611883;ZTF;ZTF(zg);ZTF
60201.14876159979;18.05042247397393;0.07888324675145751;ZTF;ZTF(zr);ZTF
60201.1487616;18.0979481;0.0280735083;ZTF;ZTF(zr);ZTF
60201.19232639996;18.35880155979537;0.07305803499507105;ZTF;ZTF(zg);ZTF
60201.1923264;18.3901176;0.0431403145;ZTF;ZTF(zg);ZTF
60203.1895833;18.0476952;0.0271986183;ZTF;ZTF(zr);ZTF
60203.18958330015;18.000712291002255;0.07709490703108964;ZTF;ZTF(zr);ZTF
60205.1684491;18.0774555;0.0277120657;ZTF;ZTF(zr);ZTF
60205.16844910011;18.015535089731586;0.08378595083567976;ZTF;ZTF(zr);ZTF
60205.67860149;13.813;0.142;NEOWISE;WISE(W2);NEOWISE
60205.67860149;14.169;0.06;NEOWISE;WISE(W1);NEOWISE
60205.80810403;13.986;0.074;NEOWISE;WISE(W1);NEOWISE
60205.80810403;13.725;0.154;NEOWISE;WISE(W2);NEOWISE
60205.93760661;14.103;0.165;NEOWISE;WISE(W2);NEOWISE
60205.93760661;14.026;0.065;NEOWISE;WISE(W1);NEOWISE
60205.93773392;13.484;0.14;NEOWISE;WISE(W2);NEOWISE
60205.93773392;13.964;0.051;NEOWISE;WISE(W1);NEOWISE
60206.06723645;14.041;0.056;NEOWISE;WISE(W1);NEOWISE
60206.06723645;14.081;0.196;NEOWISE;WISE(W2);NEOWISE
60206.1314147;13.672;0.123;NEOWISE;WISE(W2);NEOWISE
60206.1314147;13.846;0.062;NEOWISE;WISE(W1);NEOWISE
60206.19622963;13.635;0.107;NEOWISE;WISE(W2);NEOWISE
60206.19622963;14.151;0.059;NEOWISE;WISE(W1);NEOWISE
60206.26142654;13.894;0.051;NEOWISE;WISE(W1);NEOWISE
60206.26142654;13.534;0.138;NEOWISE;WISE(W2);NEOWISE
60206.32624142;14.062;0.057;NEOWISE;WISE(W1);NEOWISE
60206.32624142;13.711;0.12;NEOWISE;WISE(W2);NEOWISE
60206.39105639;13.954;0.049;NEOWISE;WISE(W1);NEOWISE
60206.39105639;14.058;0.173;NEOWISE;WISE(W2);NEOWISE
60206.52005013;13.946;0.05;NEOWISE;WISE(W1);NEOWISE
60206.52005013;14.165;0.246;NEOWISE;WISE(W2);NEOWISE
60206.65006198;14.183;0.074;NEOWISE;WISE(W1);NEOWISE
60206.65006198;13.728;0.109;NEOWISE;WISE(W2);NEOWISE
60207.21305559995;18.359178638612548;0.06479474954876228;ZTF;ZTF(zg);ZTF
60207.2130556;18.3863907;0.0430322476;ZTF;ZTF(zg);ZTF
60213.1670139;18.0717049;0.0350400172;ZTF;ZTF(zg);ZTF
60213.1889005;17.9053993;0.0249217451;ZTF;ZTF(zr);ZTF
60213.18890050007;17.981547836057047;0.11430204715596343;ZTF;ZTF(zr);ZTF
60215.1712269;18.4816303;0.0459024087;ZTF;ZTF(zg);ZTF
60215.17122690007;18.403456930220013;0.10235827158784946;ZTF;ZTF(zg);ZTF
60217.14834489999;18.111593269647912;0.10333832932075711;ZTF;ZTF(zr);ZTF
60217.1483449;18.239399;0.0307539757;ZTF;ZTF(zr);ZTF
60221.12759259995;18.14575597968573;0.09980371625557805;ZTF;ZTF(zr);ZTF
60221.1275926;18.1499825;0.0290211141;ZTF;ZTF(zr);ZTF
60223.128043999895;18.50169224874256;0.08274754612780783;ZTF;ZTF(zg);ZTF
60223.128044;18.464695;0.0453753211;ZTF;ZTF(zg);ZTF
60223.1696295999;18.07215631901975;0.10308306058923641;ZTF;ZTF(zr);ZTF
60223.1696296;18.0303612;0.026905708;ZTF;ZTF(zr);ZTF
60227.1233565;18.4532356;0.0450228155;ZTF;ZTF(zg);ZTF
60227.123356500175;18.55064012531846;0.09238803794538666;ZTF;ZTF(zg);ZTF
60231.126956;18.1234055;0.0285317171;ZTF;ZTF(zr);ZTF
60449.4179514;18.7663555;0.0559382774;ZTF;ZTF(zg);ZTF
60461.3972801;18.5619373;0.038253963;ZTF;ZTF(zr);ZTF
60461.4187384;19.1955204;0.0758417398;ZTF;ZTF(zg);ZTF
60469.378287;18.254282;0.0310557969;ZTF;ZTF(zr);ZTF
60469.4188657;19.0056381;0.066269666;ZTF;ZTF(zg);ZTF
60472.3711921;18.430294;0.0349382348;ZTF;ZTF(zr);ZTF
60474.4185301;19.1623135;0.074076131;ZTF;ZTF(zg);ZTF
60476.3764236;19.0098305;0.0664675012;ZTF;ZTF(zg);ZTF
60479.3554861;18.4786282;0.0361122005;ZTF;ZTF(zr);ZTF
60481.3349074;18.5826111;0.03880959;ZTF;ZTF(zr);ZTF
60487.3992014;18.4321003;0.0349812545;ZTF;ZTF(zr);ZTF
60489.3557176;18.2348824;0.0306631476;ZTF;ZTF(zr);ZTF
