MJD;Magnitude;Error;Facility;Filter;Observer
53360.43819189;20.397224;0.030007444;SDSS;SDSS(r);SDSS
53360.43902116;19.823492;0.027082045;SDSS;SDSS(i);SDSS
53360.43985042;24.700312;0.6669381;SDSS;SDSS(u);SDSS
53360.44067969;19.419254;0.061291132;SDSS;SDSS(z);SDSS
53360.44150895;21.690619;0.055658653;SDSS;SDSS(g);SDSS
53470.26082;19.76;0.26;CRTS;CRTS(CL);CRTS
53470.26812;19.91;0.28;CRTS;CRTS(CL);CRTS
53470.27543;19.77;0.26;CRTS;CRTS(CL);CRTS
53470.28272;20.5;0.39;CRTS;CRTS(CL);CRTS
53490.23534;19.15;0.18;CRTS;CRTS(CL);CRTS
53490.24348;19.84;0.25;CRTS;CRTS(CL);CRTS
53490.25162;19.49;0.21;CRTS;CRTS(CL);CRTS
53711.47639;19.59;0.22;CRTS;CRTS(CL);CRTS
53711.48666;19.77;0.25;CRTS;CRTS(CL);CRTS
53711.49703;19.93;0.27;CRTS;CRTS(CL);CRTS
53711.50753;19.64;0.23;CRTS;CRTS(CL);CRTS
53728.46929;19.62;0.24;CRTS;CRTS(CL);CRTS
53728.48547;19.42;0.22;CRTS;CRTS(CL);CRTS
53728.49355;20.01;0.29;CRTS;CRTS(CL);CRTS
53737.41639;19.49;0.21;CRTS;CRTS(CL);CRTS
53740.43819;20.04;0.28;CRTS;CRTS(CL);CRTS
53740.44679;19.91;0.26;CRTS;CRTS(CL);CRTS
53740.45533;20.37;0.33;CRTS;CRTS(CL);CRTS
53740.46391;20.08;0.29;CRTS;CRTS(CL);CRTS
53767.49984;19.94;0.27;CRTS;CRTS(CL);CRTS
53767.50471;20.72;0.41;CRTS;CRTS(CL);CRTS
53793.37938;20.34;0.33;CRTS;CRTS(CL);CRTS
53793.38578;19.61;0.23;CRTS;CRTS(CL);CRTS
53793.3922;19.61;0.23;CRTS;CRTS(CL);CRTS
53793.3986;19.76;0.25;CRTS;CRTS(CL);CRTS
53818.25107;19.77;0.26;CRTS;CRTS(CL);CRTS
53818.25774;19.98;0.28;CRTS;CRTS(CL);CRTS
53818.26443;19.5;0.22;CRTS;CRTS(CL);CRTS
53831.17055;19.67;0.25;CRTS;CRTS(CL);CRTS
53831.17716;20.25;0.34;CRTS;CRTS(CL);CRTS
53851.26712;20.62;0.41;CRTS;CRTS(CL);CRTS
53851.276;20.4;0.36;CRTS;CRTS(CL);CRTS
53851.28492;19.89;0.27;CRTS;CRTS(CL);CRTS
53851.29386;19.47;0.22;CRTS;CRTS(CL);CRTS
53860.21285;20.03;0.3;CRTS;CRTS(CL);CRTS
53860.21931;18.9;0.17;CRTS;CRTS(CL);CRTS
53860.22577;20.0;0.29;CRTS;CRTS(CL);CRTS
53860.23225;19.43;0.22;CRTS;CRTS(CL);CRTS
54062.48653;19.85;0.24;CRTS;CRTS(CL);CRTS
54062.49498;19.99;0.26;CRTS;CRTS(CL);CRTS
54062.50346;20.27;0.3;CRTS;CRTS(CL);CRTS
54062.51189;20.0;0.26;CRTS;CRTS(CL);CRTS
54096.34423;19.82;0.26;CRTS;CRTS(CL);CRTS
54096.35383;19.82;0.25;CRTS;CRTS(CL);CRTS
54096.36343;19.62;0.22;CRTS;CRTS(CL);CRTS
54096.37298;19.99;0.27;CRTS;CRTS(CL);CRTS
54115.30754;19.63;0.22;CRTS;CRTS(CL);CRTS
54115.32938;19.7;0.23;CRTS;CRTS(CL);CRTS
54115.3402;20.07;0.27;CRTS;CRTS(CL);CRTS
54129.40529;20.5;0.35;CRTS;CRTS(CL);CRTS
54129.41065;19.96;0.26;CRTS;CRTS(CL);CRTS
54129.42136;20.19;0.29;CRTS;CRTS(CL);CRTS
54141.37817;19.8;0.26;CRTS;CRTS(CL);CRTS
54141.38413;19.88;0.26;CRTS;CRTS(CL);CRTS
54141.39007;19.94;0.28;CRTS;CRTS(CL);CRTS
54141.39604;19.77;0.24;CRTS;CRTS(CL);CRTS
54156.25936;20.83;0.47;CRTS;CRTS(CL);CRTS
54156.26808;20.16;0.33;CRTS;CRTS(CL);CRTS
54156.27679;20.26;0.34;CRTS;CRTS(CL);CRTS
54156.28552;19.82;0.27;CRTS;CRTS(CL);CRTS
54174.32805;20.01;0.27;CRTS;CRTS(CL);CRTS
54174.3345;19.83;0.24;CRTS;CRTS(CL);CRTS
54174.34091;19.68;0.23;CRTS;CRTS(CL);CRTS
54174.34732;20.33;0.32;CRTS;CRTS(CL);CRTS
54185.24373;19.77;0.24;CRTS;CRTS(CL);CRTS
54185.25244;19.96;0.27;CRTS;CRTS(CL);CRTS
54185.26113;19.33;0.19;CRTS;CRTS(CL);CRTS
54185.26982;19.98;0.27;CRTS;CRTS(CL);CRTS
54230.23764;20.14;0.3;CRTS;CRTS(CL);CRTS
54230.25052;19.85;0.26;CRTS;CRTS(CL);CRTS
54230.25693;19.89;0.26;CRTS;CRTS(CL);CRTS
54236.23048;19.63;0.24;CRTS;CRTS(CL);CRTS
54236.23802;19.35;0.21;CRTS;CRTS(CL);CRTS
54236.24554;20.08;0.3;CRTS;CRTS(CL);CRTS
54236.25307;19.88;0.27;CRTS;CRTS(CL);CRTS
54275.19135;18.83;0.16;CRTS;CRTS(CL);CRTS
54275.19777;19.69;0.25;CRTS;CRTS(CL);CRTS
54392.51131;19.79;0.25;CRTS;CRTS(CL);CRTS
54422.45302;20.57;0.38;CRTS;CRTS(CL);CRTS
54422.46012;19.76;0.24;CRTS;CRTS(CL);CRTS
54422.46722;19.89;0.26;CRTS;CRTS(CL);CRTS
54422.47439;19.91;0.26;CRTS;CRTS(CL);CRTS
54451.46534;19.27;0.18;CRTS;CRTS(CL);CRTS
54451.47278;20.49;0.35;CRTS;CRTS(CL);CRTS
54451.48022;19.93;0.26;CRTS;CRTS(CL);CRTS
54451.48764;19.93;0.25;CRTS;CRTS(CL);CRTS
54478.37078;19.97;0.27;CRTS;CRTS(CL);CRTS
54480.39136;20.01;0.27;CRTS;CRTS(CL);CRTS
54480.39797;20.33;0.32;CRTS;CRTS(CL);CRTS
54480.40457;19.72;0.23;CRTS;CRTS(CL);CRTS
54480.41116;20.07;0.27;CRTS;CRTS(CL);CRTS
54499.29472;19.97;0.26;CRTS;CRTS(CL);CRTS
54499.30198;20.18;0.29;CRTS;CRTS(CL);CRTS
54499.30919;20.58;0.37;CRTS;CRTS(CL);CRTS
54499.31638;20.13;0.29;CRTS;CRTS(CL);CRTS
54507.23214;20.57;0.39;CRTS;CRTS(CL);CRTS
54507.25573;20.66;0.48;CRTS;CRTS(CL);CRTS
54525.25359;19.98;0.29;CRTS;CRTS(CL);CRTS
54525.26069;19.76;0.26;CRTS;CRTS(CL);CRTS
54525.26778;19.99;0.3;CRTS;CRTS(CL);CRTS
54525.27484;19.57;0.23;CRTS;CRTS(CL);CRTS
54536.20914;20.71;0.33;CRTS;CRTS(CL);CRTS
54536.21506;19.75;0.2;CRTS;CRTS(CL);CRTS
54536.22098;19.72;0.2;CRTS;CRTS(CL);CRTS
54536.22688;20.06;0.24;CRTS;CRTS(CL);CRTS
54557.33365;19.66;0.23;CRTS;CRTS(CL);CRTS
54557.34226;19.55;0.21;CRTS;CRTS(CL);CRTS
54557.35088;19.95;0.27;CRTS;CRTS(CL);CRTS
54557.35955;19.71;0.24;CRTS;CRTS(CL);CRTS
54564.27106;19.55;0.21;CRTS;CRTS(CL);CRTS
54564.27753;19.45;0.2;CRTS;CRTS(CL);CRTS
54564.28399;19.82;0.25;CRTS;CRTS(CL);CRTS
54564.29045;19.72;0.23;CRTS;CRTS(CL);CRTS
54587.13161;19.45;0.2;CRTS;CRTS(CL);CRTS
54587.13706;20.18;0.3;CRTS;CRTS(CL);CRTS
54587.14253;19.74;0.24;CRTS;CRTS(CL);CRTS
54587.14794;19.68;0.23;CRTS;CRTS(CL);CRTS
54593.2213;19.78;0.25;CRTS;CRTS(CL);CRTS
54593.22774;19.59;0.23;CRTS;CRTS(CL);CRTS
54593.23416;20.16;0.3;CRTS;CRTS(CL);CRTS
54628.16898;19.98;0.27;CRTS;CRTS(CL);CRTS
54628.17792;20.33;0.33;CRTS;CRTS(CL);CRTS
54628.18244;19.56;0.22;CRTS;CRTS(CL);CRTS
54641.19855;19.78;0.26;CRTS;CRTS(CL);CRTS
54805.44637;20.19;0.3;CRTS;CRTS(CL);CRTS
54805.4529;20.7;0.39;CRTS;CRTS(CL);CRTS
54805.45957;19.92;0.26;CRTS;CRTS(CL);CRTS
54833.44485;19.74;0.23;CRTS;CRTS(CL);CRTS
54833.45265;20.0;0.26;CRTS;CRTS(CL);CRTS
54833.46046;19.56;0.21;CRTS;CRTS(CL);CRTS
54833.46833;20.01;0.26;CRTS;CRTS(CL);CRTS
54860.33579;20.14;0.28;CRTS;CRTS(CL);CRTS
54860.34207;19.59;0.21;CRTS;CRTS(CL);CRTS
54860.34837;19.46;0.2;CRTS;CRTS(CL);CRTS
54866.36809;19.93;0.25;CRTS;CRTS(CL);CRTS
54866.37906;20.15;0.28;CRTS;CRTS(CL);CRTS
54866.38996;19.81;0.24;CRTS;CRTS(CL);CRTS
54866.40108;19.98;0.26;CRTS;CRTS(CL);CRTS
54883.30069;19.78;0.24;CRTS;CRTS(CL);CRTS
54883.30678;19.94;0.3;CRTS;CRTS(CL);CRTS
54883.31969;19.81;0.25;CRTS;CRTS(CL);CRTS
54893.22479;20.34;0.32;CRTS;CRTS(CL);CRTS
54893.23094;19.67;0.23;CRTS;CRTS(CL);CRTS
54893.23713;19.87;0.25;CRTS;CRTS(CL);CRTS
54904.3657972;19.763416290283203;0.13146992027759552;PTF;PTF(R);PTF
54907.34407;20.1;0.28;CRTS;CRTS(CL);CRTS
54907.35364;20.08;0.28;CRTS;CRTS(CL);CRTS
54907.35846;21.0;0.46;CRTS;CRTS(CL);CRTS
54918.18625;19.97;0.27;CRTS;CRTS(CL);CRTS
54918.19114;19.85;0.25;CRTS;CRTS(CL);CRTS
54918.19601;19.87;0.25;CRTS;CRTS(CL);CRTS
54918.20074;19.82;0.24;CRTS;CRTS(CL);CRTS
54924.2118;19.34;0.19;CRTS;CRTS(CL);CRTS
54924.21658;21.0;0.47;CRTS;CRTS(CL);CRTS
54951.31486;19.86;0.26;CRTS;CRTS(CL);CRTS
54951.32281;20.2;0.31;CRTS;CRTS(CL);CRTS
54951.33078;20.24;0.32;CRTS;CRTS(CL);CRTS
54951.33873;19.49;0.21;CRTS;CRTS(CL);CRTS
54976.21962;19.28;0.19;CRTS;CRTS(CL);CRTS
54976.23542;19.49;0.22;CRTS;CRTS(CL);CRTS
54976.24575;19.71;0.24;CRTS;CRTS(CL);CRTS
55004.18678;19.94;0.27;CRTS;CRTS(CL);CRTS
55004.20145;19.69;0.24;CRTS;CRTS(CL);CRTS
55143.52264;20.06;0.29;CRTS;CRTS(CL);CRTS
55155.50109;20.92;0.58;CRTS;CRTS(CL);CRTS
55155.50654;20.15;0.37;CRTS;CRTS(CL);CRTS
55184.47977;19.82;0.24;CRTS;CRTS(CL);CRTS
55184.4879;19.28;0.18;CRTS;CRTS(CL);CRTS
55184.4961;19.33;0.19;CRTS;CRTS(CL);CRTS
55184.50445;20.79;0.41;CRTS;CRTS(CL);CRTS
55211.42501;20.79;0.41;CRTS;CRTS(CL);CRTS
55211.43248;19.37;0.19;CRTS;CRTS(CL);CRTS
55211.44748;19.18;0.18;CRTS;CRTS(CL);CRTS
55242.2968;19.75;0.24;CRTS;CRTS(CL);CRTS
55242.30372;20.19;0.3;CRTS;CRTS(CL);CRTS
55242.31071;20.03;0.28;CRTS;CRTS(CL);CRTS
55242.31764;19.89;0.26;CRTS;CRTS(CL);CRTS
55259.39014;20.48;0.35;CRTS;CRTS(CL);CRTS
55259.39589;19.6;0.22;CRTS;CRTS(CL);CRTS
55259.40173;19.69;0.23;CRTS;CRTS(CL);CRTS
55259.40751;20.41;0.34;CRTS;CRTS(CL);CRTS
55269.21222;19.8;0.21;CRTS;CRTS(CL);CRTS
55269.21997;19.58;0.19;CRTS;CRTS(CL);CRTS
55269.22774;20.27;0.27;CRTS;CRTS(CL);CRTS
55269.23556;20.11;0.24;CRTS;CRTS(CL);CRTS
55271.27867;19.17;0.18;CRTS;CRTS(CL);CRTS
55271.28608;20.25;0.31;CRTS;CRTS(CL);CRTS
55271.29358;19.76;0.24;CRTS;CRTS(CL);CRTS
55271.30098;19.53;0.21;CRTS;CRTS(CL);CRTS
55280.23315;19.97;0.27;CRTS;CRTS(CL);CRTS
55280.23989;19.76;0.24;CRTS;CRTS(CL);CRTS
55296.25686;19.86;0.25;CRTS;CRTS(CL);CRTS
55296.26253;20.12;0.29;CRTS;CRTS(CL);CRTS
55296.2683;20.06;0.28;CRTS;CRTS(CL);CRTS
55296.27402;19.85;0.25;CRTS;CRTS(CL);CRTS
55303.23455;20.01;0.28;CRTS;CRTS(CL);CRTS
55303.24141;19.98;0.28;CRTS;CRTS(CL);CRTS
55303.24826;19.63;0.23;CRTS;CRTS(CL);CRTS
55328.26011;20.0;0.28;CRTS;CRTS(CL);CRTS
55328.26653;20.71;0.41;CRTS;CRTS(CL);CRTS
55328.27304;19.64;0.23;CRTS;CRTS(CL);CRTS
55328.27959;19.33;0.2;CRTS;CRTS(CL);CRTS
55343.45247;15.555;0.156;ALLWISE;WISE(W1);ALLWISE
55343.45247;15.27;0.381;ALLWISE;WISE(W2);ALLWISE
55343.5847687;15.18;0.375;ALLWISE;WISE(W2);ALLWISE
55343.5847687;15.662;0.172;ALLWISE;WISE(W1);ALLWISE
55343.7170725;16.055;0.211;ALLWISE;WISE(W1);ALLWISE
55343.8493763;15.348;0.414;ALLWISE;WISE(W2);ALLWISE
55343.8493763;15.702;0.178;ALLWISE;WISE(W1);ALLWISE
55343.9154646;16.522;0.375;ALLWISE;WISE(W1);ALLWISE
55343.9816802;15.18;0.357;ALLWISE;WISE(W2);ALLWISE
55343.9816802;15.739;0.176;ALLWISE;WISE(W1);ALLWISE
55344.0477685;15.351;0.417;ALLWISE;WISE(W2);ALLWISE
55344.0477685;16.285;0.273;ALLWISE;WISE(W1);ALLWISE
55344.1139841;15.376;0.45;ALLWISE;WISE(W2);ALLWISE
55344.1139841;15.696;0.166;ALLWISE;WISE(W1);ALLWISE
55344.1800723;15.319;0.138;ALLWISE;WISE(W1);ALLWISE
55344.312376;15.964;0.22;ALLWISE;WISE(W1);ALLWISE
55344.4446799;15.777;0.188;ALLWISE;WISE(W1);ALLWISE
55344.4446799;15.115;0.334;ALLWISE;WISE(W2);ALLWISE
55361.2011;20.07;0.29;CRTS;CRTS(CL);CRTS
55361.20564;19.81;0.25;CRTS;CRTS(CL);CRTS
55361.21022;20.07;0.29;CRTS;CRTS(CL);CRTS
55361.21489;19.87;0.26;CRTS;CRTS(CL);CRTS
55533.5012174;15.684;0.17;ALLWISE;WISE(W1);ALLWISE
55533.6335217;15.084;0.339;ALLWISE;WISE(W2);ALLWISE
55533.6335217;16.357;0.335;ALLWISE;WISE(W1);ALLWISE
55533.7658261;15.365;0.433;ALLWISE;WISE(W2);ALLWISE
55533.7658261;15.818;0.185;ALLWISE;WISE(W1);ALLWISE
55533.8980031;15.345;0.456;ALLWISE;WISE(W2);ALLWISE
55533.8980031;15.572;0.175;ALLWISE;WISE(W1);ALLWISE
55533.9642188;15.881;0.229;ALLWISE;WISE(W1);ALLWISE
55534.0303074;15.958;0.249;ALLWISE;WISE(W1);ALLWISE
55534.0963958;15.874;0.192;ALLWISE;WISE(W1);ALLWISE
55534.1626117;16.094;0.341;ALLWISE;WISE(W1);ALLWISE
55534.1626117;15.016;0.312;ALLWISE;WISE(W2);ALLWISE
55534.2287002;16.128;0.245;ALLWISE;WISE(W1);ALLWISE
55534.3610045;16.005;0.228;ALLWISE;WISE(W1);ALLWISE
55534.4931815;15.123;0.363;ALLWISE;WISE(W2);ALLWISE
55534.4931815;15.93;0.272;ALLWISE;WISE(W1);ALLWISE
55534.6254858;15.624;0.538;ALLWISE;WISE(W2);ALLWISE
55534.6254858;16.582;0.355;ALLWISE;WISE(W1);ALLWISE
55577.39307;20.14;0.38;CRTS;CRTS(CL);CRTS
55577.40026;20.76;0.53;CRTS;CRTS(CL);CRTS
55577.4076;20.75;0.53;CRTS;CRTS(CL);CRTS
55618.38999;20.25;0.32;CRTS;CRTS(CL);CRTS
55618.39747;19.35;0.21;CRTS;CRTS(CL);CRTS
55618.405;20.34;0.34;CRTS;CRTS(CL);CRTS
55618.41251;19.87;0.27;CRTS;CRTS(CL);CRTS
55625.30717;20.07;0.22;CRTS;CRTS(CL);CRTS
55625.31631;21.21;0.4;CRTS;CRTS(CL);CRTS
55625.32547;19.74;0.18;CRTS;CRTS(CL);CRTS
55625.3346;19.85;0.19;CRTS;CRTS(CL);CRTS
55646.33033;19.66;0.24;CRTS;CRTS(CL);CRTS
55646.33657;20.01;0.29;CRTS;CRTS(CL);CRTS
55646.34296;19.76;0.25;CRTS;CRTS(CL);CRTS
55646.34932;19.89;0.27;CRTS;CRTS(CL);CRTS
55684.24617;20.11;0.3;CRTS;CRTS(CL);CRTS
55684.25478;20.01;0.29;CRTS;CRTS(CL);CRTS
55684.26333;20.06;0.3;CRTS;CRTS(CL);CRTS
55684.272;19.52;0.22;CRTS;CRTS(CL);CRTS
55853.1513788;21.6109;0.056541;PS1;PS1(g);PS1
55862.50718;20.55;0.48;CRTS;CRTS(CL);CRTS
55924.43787;19.76;0.24;CRTS;CRTS(CL);CRTS
55924.44552;19.58;0.22;CRTS;CRTS(CL);CRTS
55924.45316;20.05;0.28;CRTS;CRTS(CL);CRTS
55924.46089;19.99;0.27;CRTS;CRTS(CL);CRTS
55949.32582;19.87;0.26;CRTS;CRTS(CL);CRTS
55949.33596;20.43;0.35;CRTS;CRTS(CL);CRTS
55949.34619;19.65;0.23;CRTS;CRTS(CL);CRTS
55949.35645;19.69;0.23;CRTS;CRTS(CL);CRTS
55958.35038;20.15;0.29;CRTS;CRTS(CL);CRTS
55958.35554;19.79;0.25;CRTS;CRTS(CL);CRTS
55958.36227;19.9;0.26;CRTS;CRTS(CL);CRTS
55958.36743;20.19;0.3;CRTS;CRTS(CL);CRTS
55975.43715;20.12;0.29;CRTS;CRTS(CL);CRTS
55975.44445;19.68;0.23;CRTS;CRTS(CL);CRTS
55975.45186;19.58;0.22;CRTS;CRTS(CL);CRTS
55975.45921;19.86;0.26;CRTS;CRTS(CL);CRTS
55977.3417232;19.4979;0.014798;PS1;PS1(z);PS1
55982.41249;19.84;0.25;CRTS;CRTS(CL);CRTS
55982.417;19.53;0.22;CRTS;CRTS(CL);CRTS
55982.42149;20.12;0.29;CRTS;CRTS(CL);CRTS
55982.42604;19.82;0.25;CRTS;CRTS(CL);CRTS
55988.28533;20.13;0.29;CRTS;CRTS(CL);CRTS
55988.29231;19.74;0.24;CRTS;CRTS(CL);CRTS
55988.29922;19.52;0.21;CRTS;CRTS(CL);CRTS
55988.30611;19.64;0.23;CRTS;CRTS(CL);CRTS
56011.23302;19.8;0.25;CRTS;CRTS(CL);CRTS
56011.23873;19.93;0.27;CRTS;CRTS(CL);CRTS
56011.24432;19.93;0.27;CRTS;CRTS(CL);CRTS
56011.24994;19.51;0.21;CRTS;CRTS(CL);CRTS
56018.30822;19.6;0.22;CRTS;CRTS(CL);CRTS
56018.32536;19.61;0.22;CRTS;CRTS(CL);CRTS
56018.33397;19.61;0.23;CRTS;CRTS(CL);CRTS
56036.20163;19.83;0.26;CRTS;CRTS(CL);CRTS
56036.20508;20.24;0.32;CRTS;CRTS(CL);CRTS
56036.22227;20.21;0.34;CRTS;CRTS(CL);CRTS
56063.2338;19.81;0.25;CRTS;CRTS(CL);CRTS
56063.24042;19.29;0.19;CRTS;CRTS(CL);CRTS
56063.24726;19.81;0.25;CRTS;CRTS(CL);CRTS
56063.25394;19.94;0.26;CRTS;CRTS(CL);CRTS
56069.19331;20.01;0.27;CRTS;CRTS(CL);CRTS
56069.20009;19.45;0.2;CRTS;CRTS(CL);CRTS
56069.2069;19.91;0.26;CRTS;CRTS(CL);CRTS
56069.21374;20.05;0.28;CRTS;CRTS(CL);CRTS
56076.5336189;19.7038;0.010579;PS1;PS1(i);PS1
56096.18709;19.71;0.21;CRTS;CRTS(CL);CRTS
56096.19456;19.69;0.2;CRTS;CRTS(CL);CRTS
56096.20941;19.49;0.19;CRTS;CRTS(CL);CRTS
56189.0826629;20.568;0.025025;PS1;PS1(r);PS1
56264.45116;20.6;0.39;CRTS;CRTS(CL);CRTS
56297.3905;19.75;0.24;CRTS;CRTS(CL);CRTS
56297.39846;19.81;0.25;CRTS;CRTS(CL);CRTS
56310.4173;20.42;0.39;CRTS;CRTS(CL);CRTS
56330.45627;20.4;0.34;CRTS;CRTS(CL);CRTS
56330.46205;19.93;0.27;CRTS;CRTS(CL);CRTS
56330.46786;20.13;0.3;CRTS;CRTS(CL);CRTS
56330.47366;19.91;0.26;CRTS;CRTS(CL);CRTS
56337.29789;19.8;0.21;CRTS;CRTS(CL);CRTS
56337.30811;19.81;0.21;CRTS;CRTS(CL);CRTS
56337.31836;20.2;0.26;CRTS;CRTS(CL);CRTS
56337.32866;19.57;0.19;CRTS;CRTS(CL);CRTS
56341.51071;19.61;0.2;CRTS;CRTS(CL);CRTS
56341.51708;19.23;0.17;CRTS;CRTS(CL);CRTS
56341.52345;19.44;0.18;CRTS;CRTS(CL);CRTS
56341.5299;20.16;0.26;CRTS;CRTS(CL);CRTS
56353.40241;19.97;0.27;CRTS;CRTS(CL);CRTS
56353.40808;19.6;0.23;CRTS;CRTS(CL);CRTS
56353.41375;19.21;0.19;CRTS;CRTS(CL);CRTS
56353.41939;19.76;0.24;CRTS;CRTS(CL);CRTS
56362.42142;19.96;0.27;CRTS;CRTS(CL);CRTS
56362.42832;19.6;0.23;CRTS;CRTS(CL);CRTS
56362.44221;19.88;0.26;CRTS;CRTS(CL);CRTS
56368.23555;19.74;0.25;CRTS;CRTS(CL);CRTS
56368.24575;20.65;0.4;CRTS;CRTS(CL);CRTS
56368.2561;19.9;0.27;CRTS;CRTS(CL);CRTS
56386.2487;19.56;0.22;CRTS;CRTS(CL);CRTS
56386.25375;19.47;0.22;CRTS;CRTS(CL);CRTS
56386.25878;19.59;0.23;CRTS;CRTS(CL);CRTS
56395.16835;19.78;0.28;CRTS;CRTS(CL);CRTS
56395.17508;19.75;0.26;CRTS;CRTS(CL);CRTS
56395.18188;20.28;0.33;CRTS;CRTS(CL);CRTS
56395.18859;19.53;0.23;CRTS;CRTS(CL);CRTS
56414.19181;20.28;0.33;CRTS;CRTS(CL);CRTS
56414.19851;19.91;0.27;CRTS;CRTS(CL);CRTS
56414.20526;20.13;0.3;CRTS;CRTS(CL);CRTS
56414.21199;20.18;0.31;CRTS;CRTS(CL);CRTS
56443.20644;19.78;0.26;CRTS;CRTS(CL);CRTS
56443.21254;19.99;0.29;CRTS;CRTS(CL);CRTS
56443.2187;19.86;0.27;CRTS;CRTS(CL);CRTS
56443.22485;20.13;0.31;CRTS;CRTS(CL);CRTS
56463.16444;19.4;0.21;CRTS;CRTS(CL);CRTS
56463.17965;19.67;0.24;CRTS;CRTS(CL);CRTS
56662.5603472;19.7846736907959;0.14583498239517212;PTF;PTF(R);PTF
56670.5185072;19.964740753173828;0.18244820833206177;PTF;PTF(R);PTF
56670.5498472;19.73919677734375;0.10511913895606995;PTF;PTF(R);PTF
56670.5827872;20.25652503967285;0.2075919210910797;PTF;PTF(R);PTF
56679.5311172;20.14990997314453;0.11192918568849564;PTF;PTF(R);PTF
56679.5638672;20.07842445373535;0.11059509217739105;PTF;PTF(R);PTF
56805.57585196;16.717;0.433;NEOWISE;WISE(W1);NEOWISE
56805.70751909;16.151;0.261;NEOWISE;WISE(W1);NEOWISE
56805.83905895;14.57;0.342;NEOWISE;WISE(W2);NEOWISE
56805.83905895;15.803;0.226;NEOWISE;WISE(W1);NEOWISE
56805.97072609;15.479;0.142;NEOWISE;WISE(W1);NEOWISE
56806.03643236;15.826;0.242;NEOWISE;WISE(W1);NEOWISE
56806.10226595;16.334;0.315;NEOWISE;WISE(W1);NEOWISE
56806.10226595;14.999;0.318;NEOWISE;WISE(W2);NEOWISE
56806.16809949;15.484;0.346;NEOWISE;WISE(W1);NEOWISE
56806.23380572;16.578;0.365;NEOWISE;WISE(W1);NEOWISE
56806.23393308;15.897;0.215;NEOWISE;WISE(W1);NEOWISE
56806.23393308;15.289;0.396;NEOWISE;WISE(W2);NEOWISE
56806.29963926;15.802;0.197;NEOWISE;WISE(W1);NEOWISE
56806.43130649;14.7;0.285;NEOWISE;WISE(W2);NEOWISE
56806.43130649;15.492;0.156;NEOWISE;WISE(W1);NEOWISE
56806.56284617;15.638;0.221;NEOWISE;WISE(W1);NEOWISE
56995.61582023;16.045;0.242;NEOWISE;WISE(W1);NEOWISE
56995.74723325;15.917;0.199;NEOWISE;WISE(W1);NEOWISE
56995.74736057;15.634;0.152;NEOWISE;WISE(W1);NEOWISE
56995.74736057;14.504;0.301;NEOWISE;WISE(W2);NEOWISE
56995.87877354;15.654;0.159;NEOWISE;WISE(W1);NEOWISE
56995.94448006;15.629;0.158;NEOWISE;WISE(W1);NEOWISE
56996.01018652;15.091;0.407;NEOWISE;WISE(W2);NEOWISE
56996.01018652;15.488;0.207;NEOWISE;WISE(W1);NEOWISE
56996.07589303;15.279;0.508;NEOWISE;WISE(W2);NEOWISE
56996.07589303;15.75;0.187;NEOWISE;WISE(W1);NEOWISE
56996.14159954;15.912;0.333;NEOWISE;WISE(W1);NEOWISE
56996.14172691;15.673;0.172;NEOWISE;WISE(W1);NEOWISE
56996.20743337;15.222;0.417;NEOWISE;WISE(W2);NEOWISE
56996.20743337;15.726;0.205;NEOWISE;WISE(W1);NEOWISE
56996.33884644;16.037;0.226;NEOWISE;WISE(W1);NEOWISE
56996.47025941;16.034;0.241;NEOWISE;WISE(W1);NEOWISE
56996.47025941;15.338;0.479;NEOWISE;WISE(W2);NEOWISE
56996.60179971;15.191;0.463;NEOWISE;WISE(W2);NEOWISE
56996.60179971;16.319;0.502;NEOWISE;WISE(W1);NEOWISE
57164.57453348;16.041;0.254;NEOWISE;WISE(W1);NEOWISE
57164.70581881;16.038;0.221;NEOWISE;WISE(W1);NEOWISE
57164.77139779;15.646;0.161;NEOWISE;WISE(W1);NEOWISE
57164.83697676;16.171;0.27;NEOWISE;WISE(W1);NEOWISE
57164.9026831;15.886;0.184;NEOWISE;WISE(W1);NEOWISE
57164.96826213;15.868;0.187;NEOWISE;WISE(W1);NEOWISE
57165.03384111;15.991;0.417;NEOWISE;WISE(W1);NEOWISE
57165.16512638;15.784;0.172;NEOWISE;WISE(W1);NEOWISE
57165.16512638;15.453;0.465;NEOWISE;WISE(W2);NEOWISE
57165.29641165;15.45;0.136;NEOWISE;WISE(W1);NEOWISE
57165.42756961;16.233;0.259;NEOWISE;WISE(W1);NEOWISE
57168.70868369;15.787;0.185;NEOWISE;WISE(W1);NEOWISE
57357.52266105;15.848;0.337;NEOWISE;WISE(W1);NEOWISE
57357.65369223;16.522;0.404;NEOWISE;WISE(W1);NEOWISE
57357.65369223;14.777;0.387;NEOWISE;WISE(W2);NEOWISE
57357.65381955;16.105;0.269;NEOWISE;WISE(W1);NEOWISE
57357.78485074;16.119;0.257;NEOWISE;WISE(W1);NEOWISE
57357.91600925;16.249;0.32;NEOWISE;WISE(W1);NEOWISE
57357.98158852;16.303;0.351;NEOWISE;WISE(W1);NEOWISE
57358.0471677;15.702;0.196;NEOWISE;WISE(W1);NEOWISE
57358.11274698;16.029;0.229;NEOWISE;WISE(W1);NEOWISE
57358.1783262;15.665;0.185;NEOWISE;WISE(W1);NEOWISE
57358.24390543;16.039;0.243;NEOWISE;WISE(W1);NEOWISE
57358.37506389;16.002;0.255;NEOWISE;WISE(W1);NEOWISE
57358.5062224;14.234;0.4;NEOWISE;WISE(W2);NEOWISE
57358.5062224;15.611;0.166;NEOWISE;WISE(W1);NEOWISE
57360.40789672;16.119;0.242;NEOWISE;WISE(W1);NEOWISE
57360.53905531;15.786;0.193;NEOWISE;WISE(W1);NEOWISE
57360.67021387;15.677;0.234;NEOWISE;WISE(W1);NEOWISE
57360.80137241;15.981;0.214;NEOWISE;WISE(W1);NEOWISE
57360.86695166;15.877;0.194;NEOWISE;WISE(W1);NEOWISE
57360.86695166;15.125;0.429;NEOWISE;WISE(W2);NEOWISE
57360.9981102;15.456;0.163;NEOWISE;WISE(W1);NEOWISE
57361.06368949;15.651;0.218;NEOWISE;WISE(W1);NEOWISE
57361.12926874;15.63;0.148;NEOWISE;WISE(W1);NEOWISE
57361.12926874;15.044;0.413;NEOWISE;WISE(W2);NEOWISE
57361.26029987;15.83;0.21;NEOWISE;WISE(W1);NEOWISE
57361.26042723;15.958;0.227;NEOWISE;WISE(W1);NEOWISE
57361.39145841;16.005;0.249;NEOWISE;WISE(W1);NEOWISE
57361.39145841;15.087;0.365;NEOWISE;WISE(W2);NEOWISE
57526.28264072;16.438;0.434;NEOWISE;WISE(W1);NEOWISE
57526.4136715;15.883;0.231;NEOWISE;WISE(W1);NEOWISE
57526.54470225;15.897;0.239;NEOWISE;WISE(W1);NEOWISE
57526.675733;16.054;0.225;NEOWISE;WISE(W1);NEOWISE
57526.67586031;16.295;0.281;NEOWISE;WISE(W1);NEOWISE
57526.74131205;16.72;0.438;NEOWISE;WISE(W1);NEOWISE
57526.80676374;15.878;0.198;NEOWISE;WISE(W1);NEOWISE
57526.80689105;15.696;0.196;NEOWISE;WISE(W1);NEOWISE
57526.87234279;15.629;0.188;NEOWISE;WISE(W1);NEOWISE
57526.93792189;15.568;0.219;NEOWISE;WISE(W1);NEOWISE
57527.00337362;15.205;0.409;NEOWISE;WISE(W2);NEOWISE
57527.00337362;15.828;0.204;NEOWISE;WISE(W1);NEOWISE
57527.13440436;15.76;0.18;NEOWISE;WISE(W1);NEOWISE
57527.2654351;15.259;0.421;NEOWISE;WISE(W2);NEOWISE
57527.2654351;15.865;0.193;NEOWISE;WISE(W1);NEOWISE
57527.39646586;16.3;0.279;NEOWISE;WISE(W1);NEOWISE
57724.60864473;15.995;0.221;NEOWISE;WISE(W1);NEOWISE
57724.60864473;15.275;0.426;NEOWISE;WISE(W2);NEOWISE
57724.60877209;15.781;0.287;NEOWISE;WISE(W1);NEOWISE
57724.73967583;16.066;0.234;NEOWISE;WISE(W1);NEOWISE
57724.87070683;16.123;0.247;NEOWISE;WISE(W1);NEOWISE
57724.87070683;15.248;0.48;NEOWISE;WISE(W2);NEOWISE
57725.00173784;15.665;0.186;NEOWISE;WISE(W1);NEOWISE
57725.06718972;15.668;0.18;NEOWISE;WISE(W1);NEOWISE
57725.1982213;16.364;0.318;NEOWISE;WISE(W1);NEOWISE
57725.1982213;15.072;0.387;NEOWISE;WISE(W2);NEOWISE
57725.26367309;15.003;0.358;NEOWISE;WISE(W2);NEOWISE
57725.26367309;15.868;0.224;NEOWISE;WISE(W1);NEOWISE
57725.32925229;15.958;0.243;NEOWISE;WISE(W1);NEOWISE
57725.46015597;15.662;0.206;NEOWISE;WISE(W1);NEOWISE
57725.46028329;16.196;0.292;NEOWISE;WISE(W1);NEOWISE
57725.59118698;15.762;0.205;NEOWISE;WISE(W1);NEOWISE
57725.72221797;15.989;0.2;NEOWISE;WISE(W1);NEOWISE
57886.79822784;16.355;0.461;NEOWISE;WISE(W1);NEOWISE
57887.06016199;15.83;0.222;NEOWISE;WISE(W1);NEOWISE
57887.12561365;16.389;0.311;NEOWISE;WISE(W1);NEOWISE
57887.12561365;14.969;0.311;NEOWISE;WISE(W2);NEOWISE
57887.19106531;15.155;0.456;NEOWISE;WISE(W2);NEOWISE
57887.19106531;15.598;0.181;NEOWISE;WISE(W1);NEOWISE
57887.25651698;15.492;0.513;NEOWISE;WISE(W2);NEOWISE
57887.25651698;15.795;0.184;NEOWISE;WISE(W1);NEOWISE
57887.25664434;15.779;0.173;NEOWISE;WISE(W1);NEOWISE
57887.322096;15.174;0.201;NEOWISE;WISE(W1);NEOWISE
57887.38754766;15.749;0.171;NEOWISE;WISE(W1);NEOWISE
57887.45299937;15.897;0.2;NEOWISE;WISE(W1);NEOWISE
57887.51845103;15.24;0.41;NEOWISE;WISE(W2);NEOWISE
57887.51845103;15.761;0.173;NEOWISE;WISE(W1);NEOWISE
57887.64935435;16.265;0.351;NEOWISE;WISE(W1);NEOWISE
57887.64948171;16.254;0.362;NEOWISE;WISE(W1);NEOWISE
57887.78038509;15.679;0.163;NEOWISE;WISE(W1);NEOWISE
58088.92191898;15.026;0.379;NEOWISE;WISE(W2);NEOWISE
58088.92191898;15.744;0.21;NEOWISE;WISE(W1);NEOWISE
58088.92204634;16.172;0.254;NEOWISE;WISE(W1);NEOWISE
58089.05294986;14.896;0.427;NEOWISE;WISE(W2);NEOWISE
58089.05294986;15.954;0.21;NEOWISE;WISE(W1);NEOWISE
58089.18385333;16.123;0.336;NEOWISE;WISE(W1);NEOWISE
58089.24930502;14.724;0.297;NEOWISE;WISE(W2);NEOWISE
58089.24930502;16.083;0.267;NEOWISE;WISE(W1);NEOWISE
58089.31475676;14.727;0.353;NEOWISE;WISE(W2);NEOWISE
58089.3802085;16.045;0.31;NEOWISE;WISE(W1);NEOWISE
58089.44566028;15.941;0.222;NEOWISE;WISE(W1);NEOWISE
58089.51111196;14.876;0.393;NEOWISE;WISE(W2);NEOWISE
58089.51111196;15.519;0.205;NEOWISE;WISE(W1);NEOWISE
58089.64201547;15.601;0.197;NEOWISE;WISE(W1);NEOWISE
58089.77291899;15.877;0.237;NEOWISE;WISE(W1);NEOWISE
58089.90394983;15.852;0.195;NEOWISE;WISE(W1);NEOWISE
58089.90394983;15.461;0.542;NEOWISE;WISE(W2);NEOWISE
58097.16998616;15.743;0.195;NEOWISE;WISE(W1);NEOWISE
58216.2241204;19.8124466;0.126303509;ZTF;ZTF(zr);ZTF
58216.261956;20.595808;0.177769184;ZTF;ZTF(zg);ZTF
58217.2409838;19.8470726;0.129144818;ZTF;ZTF(zr);ZTF
58217.2583333;20.0337887;0.144828767;ZTF;ZTF(zr);ZTF
58218.2731134;20.0770073;0.148498565;ZTF;ZTF(zr);ZTF
58218.2740278;20.0277405;0.144315198;ZTF;ZTF(zr);ZTF
58218.2992014;19.9781265;0.140109479;ZTF;ZTF(zr);ZTF
58218.3002199;20.0084305;0.142676592;ZTF;ZTF(zr);ZTF
58219.2434838;19.9039574;0.133869067;ZTF;ZTF(zr);ZTF
58219.2599537;20.1459885;0.154333666;ZTF;ZTF(zr);ZTF
58221.2289468;19.7871742;0.124248385;ZTF;ZTF(zr);ZTF
58224.2255556;19.7827225;0.123888128;ZTF;ZTF(zr);ZTF
58226.2538194;20.0561676;0.14672941;ZTF;ZTF(zr);ZTF
58227.2425231;19.9604187;0.138613194;ZTF;ZTF(zr);ZTF
58227.2434606;20.2545433;0.163331836;ZTF;ZTF(zr);ZTF
58233.1756713;19.8842125;0.132222116;ZTF;ZTF(zr);ZTF
58242.2567014;20.1577358;0.15532127;ZTF;ZTF(zr);ZTF
58242.2576389;19.9654198;0.139035448;ZTF;ZTF(zr);ZTF
58243.1693287;20.0842171;0.149110317;ZTF;ZTF(zr);ZTF
58243.2100579;21.2922497;0.234513164;ZTF;ZTF(zg);ZTF
58244.1698843;19.915884;0.134867236;ZTF;ZTF(zr);ZTF
58245.1691319;19.9418945;0.137051791;ZTF;ZTF(zr);ZTF
58245.1700579;20.01437;0.143180385;ZTF;ZTF(zr);ZTF
58246.2140741;19.8682938;0.130899638;ZTF;ZTF(zr);ZTF
58247.22254233;15.748;0.161;NEOWISE;WISE(W1);NEOWISE
58247.2348264;20.1406784;0.153886542;ZTF;ZTF(zr);ZTF
58247.3538277;16.312;0.312;NEOWISE;WISE(W1);NEOWISE
58247.48422167;15.679;0.181;NEOWISE;WISE(W1);NEOWISE
58247.6156344;15.821;0.186;NEOWISE;WISE(W1);NEOWISE
58247.68108611;15.866;0.178;NEOWISE;WISE(W1);NEOWISE
58247.74653777;15.763;0.174;NEOWISE;WISE(W1);NEOWISE
58247.74653777;15.169;0.404;NEOWISE;WISE(W2);NEOWISE
58247.81198943;15.138;0.459;NEOWISE;WISE(W2);NEOWISE
58247.81198943;16.388;0.286;NEOWISE;WISE(W1);NEOWISE
58247.87744115;15.817;0.195;NEOWISE;WISE(W1);NEOWISE
58247.94289286;15.697;0.151;NEOWISE;WISE(W1);NEOWISE
58248.07366891;15.877;0.182;NEOWISE;WISE(W1);NEOWISE
58248.1709722;21.6157799;0.260873556;ZTF;ZTF(zg);ZTF
58248.20406288;15.619;0.149;NEOWISE;WISE(W1);NEOWISE
58248.2290162;21.3917694;0.242621779;ZTF;ZTF(zg);ZTF
58248.235787;20.2410774;0.162235156;ZTF;ZTF(zr);ZTF
58248.2367245;20.0655899;0.147529498;ZTF;ZTF(zr);ZTF
58248.33547557;15.989;0.205;NEOWISE;WISE(W1);NEOWISE
58254.191875;19.9029274;0.133782968;ZTF;ZTF(zr);ZTF
58254.1928009;19.9926319;0.141337395;ZTF;ZTF(zr);ZTF
58255.2388194;19.8453197;0.129000351;ZTF;ZTF(zr);ZTF
58257.2024074;19.7128506;0.10420534;ZTF;ZTF(zi);ZTF
58257.2033449;19.6532402;0.100123897;ZTF;ZTF(zi);ZTF
58257.2129167;20.0554695;0.146670103;ZTF;ZTF(zr);ZTF
58257.2143056;20.0996475;0.150418594;ZTF;ZTF(zr);ZTF
58258.205787;20.0841866;0.149107903;ZTF;ZTF(zr);ZTF
58260.1692245;20.1387959;0.1537278;ZTF;ZTF(zr);ZTF
58262.1974884;19.9599838;0.138576493;ZTF;ZTF(zr);ZTF
58263.2280787;19.9871674;0.140874594;ZTF;ZTF(zr);ZTF
58266.233669;19.7829704;0.123908184;ZTF;ZTF(zr);ZTF
58267.2887847;19.9212494;0.135316953;ZTF;ZTF(zr);ZTF
58269.1845718;19.931509;0.136178315;ZTF;ZTF(zr);ZTF
58269.1854977;19.9179192;0.13503778;ZTF;ZTF(zr);ZTF
58270.1741435;20.0995502;0.150410533;ZTF;ZTF(zr);ZTF
58271.1860069;20.0862465;0.149282649;ZTF;ZTF(zr);ZTF
58272.1663773;19.9426785;0.137117714;ZTF;ZTF(zr);ZTF
58277.235162;19.9698563;0.139410287;ZTF;ZTF(zr);ZTF
58278.1935532;21.0300274;0.213148117;ZTF;ZTF(zg);ZTF
58278.2376736;20.301548;0.167099193;ZTF;ZTF(zr);ZTF
58280.1993519;20.2243652;0.160865009;ZTF;ZTF(zr);ZTF
58280.2003588;20.0805874;0.148802474;ZTF;ZTF(zr);ZTF
58280.2144444;21.3314152;0.237704277;ZTF;ZTF(zg);ZTF
58280.2153704;21.1805096;0.225408912;ZTF;ZTF(zg);ZTF
58281.1958565;19.9277935;0.135866195;ZTF;ZTF(zr);ZTF
58282.1942361;19.9890366;0.14103286;ZTF;ZTF(zr);ZTF
58283.1968171;19.9955006;0.141580477;ZTF;ZTF(zr);ZTF
58283.2014815;20.0978451;0.150265887;ZTF;ZTF(zr);ZTF
58283.2552778;21.2180309;0.228466034;ZTF;ZTF(zg);ZTF
58284.2035185;19.9792404;0.140203759;ZTF;ZTF(zr);ZTF
58286.218206;21.1544571;0.223286271;ZTF;ZTF(zg);ZTF
58289.2191319;19.8727283;0.131267518;ZTF;ZTF(zr);ZTF
58292.1948843;20.5605087;0.174893141;ZTF;ZTF(zg);ZTF
58426.5427199;20.0640545;0.147399142;ZTF;ZTF(zr);ZTF
58432.5534028;19.8276463;0.127547219;ZTF;ZTF(zr);ZTF
58438.5561574;19.9964294;0.141659155;ZTF;ZTF(zr);ZTF
58438.5570718;20.1472664;0.154441237;ZTF;ZTF(zr);ZTF
58440.5242014;20.162014;0.155680448;ZTF;ZTF(zr);ZTF
58442.5273148;20.0399265;0.145350114;ZTF;ZTF(zr);ZTF
58443.4771296;20.2195625;0.160469353;ZTF;ZTF(zr);ZTF
58448.5458565;20.1176491;0.151942536;ZTF;ZTF(zr);ZTF
58449.5243634;19.8084259;0.125975445;ZTF;ZTF(zr);ZTF
58450.5438194;20.0981789;0.150294155;ZTF;ZTF(zr);ZTF
58455.4643866;20.2066879;0.159405559;ZTF;ZTF(zr);ZTF
58455.92574563;16.792;0.443;NEOWISE;WISE(W1);NEOWISE
58455.92574563;15.087;0.419;NEOWISE;WISE(W2);NEOWISE
58456.05664914;16.102;0.243;NEOWISE;WISE(W1);NEOWISE
58456.18704322;15.988;0.222;NEOWISE;WISE(W1);NEOWISE
58456.25300426;15.804;0.226;NEOWISE;WISE(W1);NEOWISE
58456.31832863;15.985;0.272;NEOWISE;WISE(W1);NEOWISE
58456.38378037;15.98;0.212;NEOWISE;WISE(W1);NEOWISE
58456.44923205;16.21;0.266;NEOWISE;WISE(W1);NEOWISE
58456.44923205;15.258;0.444;NEOWISE;WISE(W2);NEOWISE
58456.51417448;16.073;0.244;NEOWISE;WISE(W1);NEOWISE
58456.64558726;15.603;0.159;NEOWISE;WISE(W1);NEOWISE
58456.77636337;15.658;0.221;NEOWISE;WISE(W1);NEOWISE
58456.77649073;15.224;0.431;NEOWISE;WISE(W2);NEOWISE
58456.77649073;15.578;0.187;NEOWISE;WISE(W1);NEOWISE
58456.90726689;15.806;0.216;NEOWISE;WISE(W1);NEOWISE
58461.5378356;19.9511414;0.137830719;ZTF;ZTF(zr);ZTF
58461.5388542;20.0600815;0.147061646;ZTF;ZTF(zr);ZTF
58464.5402199;20.1717606;0.156497091;ZTF;ZTF(zr);ZTF
58464.5463426;20.0066814;0.14252837;ZTF;ZTF(zr);ZTF
58465.5051273;20.1153622;0.151749164;ZTF;ZTF(zr);ZTF
58468.5165046;20.0120735;0.142985597;ZTF;ZTF(zr);ZTF
58471.5416319;19.9190407;0.135131806;ZTF;ZTF(zr);ZTF
58472.5234722;21.3933868;0.242753625;ZTF;ZTF(zg);ZTF
58472.5243866;21.1239223;0.220798373;ZTF;ZTF(zg);ZTF
58474.4988773;20.0319443;0.144672275;ZTF;ZTF(zr);ZTF
58476.5040972;19.9529095;0.137979746;ZTF;ZTF(zr);ZTF
58486.4839815;20.2032928;0.159124225;ZTF;ZTF(zr);ZTF
58491.5283565;19.8739815;0.131371543;ZTF;ZTF(zr);ZTF
58494.4531366;20.1336117;0.153290734;ZTF;ZTF(zr);ZTF
58494.4767014;21.5548573;0.255909681;ZTF;ZTF(zg);ZTF
58508.4799884;19.7897797;0.124459527;ZTF;ZTF(zr);ZTF
58514.4355556;19.9769611;0.140010953;ZTF;ZTF(zr);ZTF
58526.4893634;20.0712318;0.148008436;ZTF;ZTF(zr);ZTF
58543.3376968;20.0058632;0.142458826;ZTF;ZTF(zr);ZTF
58546.2744097;21.0939636;0.218357444;ZTF;ZTF(zg);ZTF
58556.2826273;20.1708984;0.15642488;ZTF;ZTF(zr);ZTF
58559.2541551;19.9801159;0.140277788;ZTF;ZTF(zr);ZTF
58567.2351736;20.1957893;0.158501342;ZTF;ZTF(zr);ZTF
58572.2581019;20.9471626;0.20639658;ZTF;ZTF(zg);ZTF
58572.2747338;19.9270592;0.135804534;ZTF;ZTF(zr);ZTF
58580.2254977;20.008194;0.142656565;ZTF;ZTF(zr);ZTF
58582.3028819;19.5341225;0.0923304036;ZTF;ZTF(zi);ZTF
58583.255544;19.9137592;0.134689182;ZTF;ZTF(zr);ZTF
58586.1904051;20.2555809;0.163416192;ZTF;ZTF(zr);ZTF
58600.1908449;21.1171303;0.220245004;ZTF;ZTF(zg);ZTF
58608.2345139;20.0829906;0.149006367;ZTF;ZTF(zr);ZTF
58608.2774653;21.237402;0.230044365;ZTF;ZTF(zg);ZTF
58611.41839549;15.875;0.18;NEOWISE;WISE(W1);NEOWISE
58611.68007478;16.012;0.204;NEOWISE;WISE(W1);NEOWISE
58611.81085076;16.08;0.221;NEOWISE;WISE(W1);NEOWISE
58611.87630247;16.056;0.25;NEOWISE;WISE(W1);NEOWISE
58611.94162681;15.572;0.145;NEOWISE;WISE(W1);NEOWISE
58612.00707845;15.817;0.302;NEOWISE;WISE(W1);NEOWISE
58612.07253015;16.053;0.239;NEOWISE;WISE(W1);NEOWISE
58612.13747249;15.701;0.16;NEOWISE;WISE(W1);NEOWISE
58612.1727894;21.5821171;0.258130789;ZTF;ZTF(zg);ZTF
58612.1925231;19.9748287;0.139830619;ZTF;ZTF(zr);ZTF
58612.39953373;15.976;0.199;NEOWISE;WISE(W1);NEOWISE
58612.39953373;15.708;0.538;NEOWISE;WISE(W2);NEOWISE
58612.3996611;15.741;0.168;NEOWISE;WISE(W1);NEOWISE
58612.52993192;15.637;0.153;NEOWISE;WISE(W1);NEOWISE
58628.1944907;21.4676552;0.248804808;ZTF;ZTF(zg);ZTF
58633.1694792;19.9147873;0.134775341;ZTF;ZTF(zr);ZTF
58633.1856134;20.0911617;0.149699375;ZTF;ZTF(zr);ZTF
58633.2429167;21.0986309;0.218737721;ZTF;ZTF(zg);ZTF
58634.1845833;20.1560001;0.155175492;ZTF;ZTF(zr);ZTF
58634.1952894;21.3803654;0.241692662;ZTF;ZTF(zg);ZTF
58635.1961227;21.6273861;0.261819124;ZTF;ZTF(zg);ZTF
58635.2394329;20.0204773;0.143698737;ZTF;ZTF(zr);ZTF
58636.2441667;20.8768463;0.200667381;ZTF;ZTF(zg);ZTF
58637.1790625;20.1993942;0.158800811;ZTF;ZTF(zr);ZTF
58639.1790394;20.1317368;0.153132632;ZTF;ZTF(zr);ZTF
58642.2224074;19.9870377;0.140863687;ZTF;ZTF(zr);ZTF
58654.1753819;19.9075966;0.134173378;ZTF;ZTF(zr);ZTF
58658.1818056;20.0497379;0.146183327;ZTF;ZTF(zr);ZTF
58658.1941898;20.9692154;0.208193302;ZTF;ZTF(zg);ZTF
58662.1787384;19.8365364;0.128277302;ZTF;ZTF(zr);ZTF
58667.2074074;20.8954372;0.202182055;ZTF;ZTF(zg);ZTF
58667.226331;19.9021149;0.133715034;ZTF;ZTF(zr);ZTF
58672.197662;20.041893;0.145516932;ZTF;ZTF(zr);ZTF
58769.526956;19.9293633;0.13599807;ZTF;ZTF(zr);ZTF
58769.5318287;19.5705261;0.107419692;ZTF;ZTF(zr);ZTF
58773.5361111;19.8293858;0.127690002;ZTF;ZTF(zr);ZTF
58777.5330787;19.9410095;0.136977226;ZTF;ZTF(zr);ZTF
58785.5120833;19.93297;0.13630107;ZTF;ZTF(zr);ZTF
58792.5093171;20.0544319;0.146581993;ZTF;ZTF(zr);ZTF
58799.4879398;20.0779877;0.148581952;ZTF;ZTF(zr);ZTF
58806.5190972;19.587656;0.0957718194;ZTF;ZTF(zi);ZTF
58806.5195486;19.5876675;0.0957725942;ZTF;ZTF(zi);ZTF
58806.52;19.4908581;0.089623481;ZTF;ZTF(zi);ZTF
58806.5204514;19.6571732;0.10038954;ZTF;ZTF(zi);ZTF
58806.5209028;19.4546604;0.0874103233;ZTF;ZTF(zi);ZTF
58806.5213542;19.5178299;0.0913031921;ZTF;ZTF(zi);ZTF
58806.5218056;19.5645905;0.0942766294;ZTF;ZTF(zi);ZTF
58806.5222569;19.4462833;0.0869048834;ZTF;ZTF(zi);ZTF
58806.5227083;19.3586349;0.0817686543;ZTF;ZTF(zi);ZTF
58811.5230324;19.4554977;0.0874610245;ZTF;ZTF(zi);ZTF
58811.5241782;19.4576397;0.0875906795;ZTF;ZTF(zi);ZTF
58811.5253241;19.4336853;0.0861495435;ZTF;ZTF(zi);ZTF
58811.5264699;19.3789272;0.0829330981;ZTF;ZTF(zi);ZTF
58812.5534606;20.0021324;0.142142653;ZTF;ZTF(zr);ZTF
58820.05009259;15.638;0.163;NEOWISE;WISE(W1);NEOWISE
58820.05021991;16.201;0.33;NEOWISE;WISE(W1);NEOWISE
58820.18048668;15.409;0.5;NEOWISE;WISE(W2);NEOWISE
58820.18048668;16.016;0.224;NEOWISE;WISE(W1);NEOWISE
58820.31177204;15.657;0.178;NEOWISE;WISE(W1);NEOWISE
58820.44267549;15.69;0.157;NEOWISE;WISE(W1);NEOWISE
58820.5076178;15.766;0.223;NEOWISE;WISE(W1);NEOWISE
58820.57345153;15.33;0.204;NEOWISE;WISE(W1);NEOWISE
58820.70422762;15.412;0.14;NEOWISE;WISE(W1);NEOWISE
58820.70435498;16.245;0.36;NEOWISE;WISE(W1);NEOWISE
58820.76967929;16.166;0.271;NEOWISE;WISE(W1);NEOWISE
58820.76967929;15.233;0.456;NEOWISE;WISE(W2);NEOWISE
58820.90058274;15.622;0.17;NEOWISE;WISE(W1);NEOWISE
58821.03135883;15.872;0.197;NEOWISE;WISE(W1);NEOWISE
58821.16175293;14.889;0.333;NEOWISE;WISE(W2);NEOWISE
58821.16175293;15.481;0.144;NEOWISE;WISE(W1);NEOWISE
58828.4235069;20.0040436;0.142304555;ZTF;ZTF(zr);ZTF
58830.4708102;19.4617233;0.087838456;ZTF;ZTF(zi);ZTF
58830.471956;19.4558353;0.0874814466;ZTF;ZTF(zi);ZTF
58830.4731019;19.457798;0.0876002833;ZTF;ZTF(zi);ZTF
58831.4754282;19.337328;0.0805620849;ZTF;ZTF(zi);ZTF
58831.4765741;19.4533062;0.0873284414;ZTF;ZTF(zi);ZTF
58831.4777199;19.5083694;0.0907110721;ZTF;ZTF(zi);ZTF
58831.4788657;19.5356827;0.0924292803;ZTF;ZTF(zi);ZTF
58833.4774074;19.6807461;0.115791768;ZTF;ZTF(zr);ZTF
58835.5357986;19.3615322;0.0819340274;ZTF;ZTF(zi);ZTF
58836.5059259;19.9847031;0.140665978;ZTF;ZTF(zr);ZTF
58837.5249306;19.4024563;0.0843018517;ZTF;ZTF(zi);ZTF
58846.463287;20.0591278;0.146980673;ZTF;ZTF(zr);ZTF
58846.5209259;21.3335266;0.237876296;ZTF;ZTF(zg);ZTF
58849.4512384;20.096283;0.15013352;ZTF;ZTF(zr);ZTF
58851.4731366;20.0151939;0.143250376;ZTF;ZTF(zr);ZTF
58852.4428472;19.9383621;0.136754543;ZTF;ZTF(zr);ZTF
58855.3974074;19.5945339;0.0962212905;ZTF;ZTF(zi);ZTF
58855.5372569;19.9311409;0.13614738;ZTF;ZTF(zr);ZTF
58855.5381713;20.0726414;0.148128048;ZTF;ZTF(zr);ZTF
58859.3841667;19.387476;0.0834280923;ZTF;ZTF(zi);ZTF
58859.3976273;19.5160446;0.0911911801;ZTF;ZTF(zi);ZTF
58859.4246296;19.8007889;0.1253535;ZTF;ZTF(zr);ZTF
58859.4406944;20.0134697;0.143104136;ZTF;ZTF(zr);ZTF
58861.3572917;19.2238159;0.0744088218;ZTF;ZTF(zi);ZTF
58863.4602199;19.556778;0.0937744901;ZTF;ZTF(zi);ZTF
58863.4812731;19.5487442;0.0932602733;ZTF;ZTF(zi);ZTF
58863.5452546;20.2367344;0.161880106;ZTF;ZTF(zr);ZTF
58864.3258218;20.0873985;0.149380326;ZTF;ZTF(zr);ZTF
58864.3452894;20.0868454;0.149333403;ZTF;ZTF(zr);ZTF
58864.3781481;19.4740582;0.0885904431;ZTF;ZTF(zi);ZTF
58864.5447454;19.5360756;0.0924541503;ZTF;ZTF(zi);ZTF
58866.3554051;20.0946884;0.149998337;ZTF;ZTF(zr);ZTF
58866.3563079;19.9111214;0.134468272;ZTF;ZTF(zr);ZTF
58866.4006019;20.9833488;0.209344864;ZTF;ZTF(zg);ZTF
58866.4254861;19.4912567;0.0896480903;ZTF;ZTF(zi);ZTF
58866.4431713;19.4433441;0.0867281184;ZTF;ZTF(zi);ZTF
58866.5056829;20.118969;0.152054012;ZTF;ZTF(zr);ZTF
58866.5460417;21.1527557;0.223147631;ZTF;ZTF(zg);ZTF
58867.3567824;19.8965588;0.133251041;ZTF;ZTF(zr);ZTF
58867.466794;20.0248718;0.144071698;ZTF;ZTF(zr);ZTF
58867.5075926;19.5144577;0.0910917521;ZTF;ZTF(zi);ZTF
58867.5288542;19.4528332;0.0872998461;ZTF;ZTF(zi);ZTF
58871.3586921;19.4231243;0.0855207592;ZTF;ZTF(zi);ZTF
58871.3806829;19.6134605;0.0974664986;ZTF;ZTF(zi);ZTF
58871.4362847;21.297966;0.234978914;ZTF;ZTF(zg);ZTF
58871.4868171;20.1174698;0.151927412;ZTF;ZTF(zr);ZTF
58871.4877315;19.8290291;0.127660647;ZTF;ZTF(zr);ZTF
58871.5059028;19.9859543;0.14077194;ZTF;ZTF(zr);ZTF
58872.4623611;19.5354996;0.092417635;ZTF;ZTF(zi);ZTF
58872.4869329;19.4319878;0.0860482007;ZTF;ZTF(zi);ZTF
58873.2911343;19.9417229;0.137037337;ZTF;ZTF(zr);ZTF
58873.3195718;20.0222397;0.14384827;ZTF;ZTF(zr);ZTF
58873.3937963;21.2247086;0.229010224;ZTF;ZTF(zg);ZTF
58873.4016319;21.455862;0.247843862;ZTF;ZTF(zg);ZTF
58873.4218866;19.5225887;0.091602236;ZTF;ZTF(zi);ZTF
58873.443044;19.41572;0.0850823373;ZTF;ZTF(zi);ZTF
58875.2917593;20.037117;0.145111382;ZTF;ZTF(zr);ZTF
58875.3114815;19.6877899;0.116340689;ZTF;ZTF(zr);ZTF
58875.3794097;19.5267334;0.0918633044;ZTF;ZTF(zi);ZTF
58875.4002778;19.4418125;0.0866362005;ZTF;ZTF(zi);ZTF
58876.2961343;19.9724808;0.139632061;ZTF;ZTF(zr);ZTF
58876.3734259;21.2403603;0.230285406;ZTF;ZTF(zg);ZTF
58876.3989468;19.4383965;0.0864313319;ZTF;ZTF(zi);ZTF
58876.4214005;19.5058422;0.0905534327;ZTF;ZTF(zi);ZTF
58877.3943287;20.7395573;0.189481497;ZTF;ZTF(zg);ZTF
58877.4012847;19.4733047;0.0885443538;ZTF;ZTF(zi);ZTF
58877.4212616;19.4736557;0.0885658637;ZTF;ZTF(zi);ZTF
58877.4846181;20.1488323;0.154573023;ZTF;ZTF(zr);ZTF
58877.485544;20.0436058;0.145662516;ZTF;ZTF(zr);ZTF
58878.350162;19.8570385;0.12996769;ZTF;ZTF(zr);ZTF
58878.3595949;19.9224243;0.135415554;ZTF;ZTF(zr);ZTF
58878.3828819;20.9678326;0.208080649;ZTF;ZTF(zg);ZTF
58878.4012037;19.5107574;0.0908602178;ZTF;ZTF(zi);ZTF
58878.4211458;19.550272;0.0933579057;ZTF;ZTF(zi);ZTF
58879.3643171;19.8155632;0.126558051;ZTF;ZTF(zr);ZTF
58879.3781829;19.4536991;0.0873522162;ZTF;ZTF(zi);ZTF
58879.4001273;19.4089336;0.0846822113;ZTF;ZTF(zi);ZTF
58880.3044213;20.0796928;0.148726597;ZTF;ZTF(zr);ZTF
58880.3419213;20.0951824;0.150040358;ZTF;ZTF(zr);ZTF
58880.3614699;19.4754295;0.0886744335;ZTF;ZTF(zi);ZTF
58880.3790046;19.5023518;0.0903360993;ZTF;ZTF(zi);ZTF
58880.4402662;21.1818962;0.225521922;ZTF;ZTF(zg);ZTF
58880.5180208;20.0367641;0.145081401;ZTF;ZTF(zr);ZTF
58881.318669;20.0342331;0.144866616;ZTF;ZTF(zr);ZTF
58881.3592824;19.9339523;0.136383623;ZTF;ZTF(zr);ZTF
58881.3823727;19.5055943;0.0905379802;ZTF;ZTF(zi);ZTF
58881.4022106;19.5039749;0.0904370621;ZTF;ZTF(zi);ZTF
58883.3331134;19.4368744;0.0863401964;ZTF;ZTF(zi);ZTF
58883.3584606;19.3905525;0.0836068988;ZTF;ZTF(zi);ZTF
58884.3156134;19.4563313;0.0875114724;ZTF;ZTF(zi);ZTF
58884.4926505;19.8643112;0.130569577;ZTF;ZTF(zr);ZTF
58884.5139583;19.8724289;0.131242692;ZTF;ZTF(zr);ZTF
58885.3153241;19.3536682;0.0814859569;ZTF;ZTF(zi);ZTF
58885.3585532;19.363451;0.0820436701;ZTF;ZTF(zi);ZTF
58886.2916782;20.0869999;0.14934656;ZTF;ZTF(zr);ZTF
58886.3364468;19.6380558;0.0991031453;ZTF;ZTF(zi);ZTF
58886.3586574;19.3939972;0.0838074386;ZTF;ZTF(zi);ZTF
58886.510081;19.9217796;0.135361448;ZTF;ZTF(zr);ZTF
58888.316713;19.2323341;0.0748545751;ZTF;ZTF(zi);ZTF
58891.320706;19.7930679;0.124726161;ZTF;ZTF(zr);ZTF
58891.3365972;19.4030609;0.0843372792;ZTF;ZTF(zi);ZTF
58891.3564236;19.4009438;0.0842132419;ZTF;ZTF(zi);ZTF
58891.4949306;20.0427876;0.145593062;ZTF;ZTF(zr);ZTF
58891.4958449;20.0008392;0.142032906;ZTF;ZTF(zr);ZTF
58892.3302431;20.005909;0.142462879;ZTF;ZTF(zr);ZTF
58892.3998958;19.3772659;0.0828371793;ZTF;ZTF(zi);ZTF
58892.4247222;19.4008274;0.0842064694;ZTF;ZTF(zi);ZTF
58893.3107176;19.9810848;0.140359789;ZTF;ZTF(zr);ZTF
58893.3140509;19.9991074;0.141886085;ZTF;ZTF(zr);ZTF
58893.3365278;19.4467354;0.0869320855;ZTF;ZTF(zi);ZTF
58893.3583681;19.5871754;0.0957404822;ZTF;ZTF(zi);ZTF
58894.3337153;21.2877502;0.234146595;ZTF;ZTF(zg);ZTF
58894.4004745;19.4952698;0.0898964554;ZTF;ZTF(zi);ZTF
58894.4692593;20.1389465;0.153740674;ZTF;ZTF(zr);ZTF
58894.4701736;19.9069958;0.134123147;ZTF;ZTF(zr);ZTF
58894.4884838;19.9636993;0.138890162;ZTF;ZTF(zr);ZTF
58895.3331134;19.502346;0.0903357267;ZTF;ZTF(zi);ZTF
58895.3376968;19.4048271;0.0844408944;ZTF;ZTF(zi);ZTF
58895.4262269;19.9860783;0.140782431;ZTF;ZTF(zr);ZTF
58895.4787153;20.1430798;0.154088765;ZTF;ZTF(zr);ZTF
58896.2724537;19.9644108;0.138950273;ZTF;ZTF(zr);ZTF
58896.2940046;20.0035896;0.142266139;ZTF;ZTF(zr);ZTF
58896.316794;19.4484749;0.0870368555;ZTF;ZTF(zi);ZTF
58896.3365394;19.4337158;0.0861513913;ZTF;ZTF(zi);ZTF
58898.3409144;20.1469841;0.15441756;ZTF;ZTF(zr);ZTF
58898.3529977;19.8726768;0.131263286;ZTF;ZTF(zr);ZTF
58898.3747917;19.9900055;0.141114935;ZTF;ZTF(zr);ZTF
58898.3956829;21.6751041;0.265707135;ZTF;ZTF(zg);ZTF
58898.4170139;21.4042149;0.243635774;ZTF;ZTF(zg);ZTF
58898.423588;21.408432;0.243979454;ZTF;ZTF(zg);ZTF
58899.3298727;20.1286983;0.152876049;ZTF;ZTF(zr);ZTF
58899.3367824;20.0732899;0.148183078;ZTF;ZTF(zr);ZTF
58899.3534838;20.0852051;0.14919427;ZTF;ZTF(zr);ZTF
58899.3785648;21.5731716;0.257401943;ZTF;ZTF(zg);ZTF
58899.416794;21.2042637;0.227344394;ZTF;ZTF(zg);ZTF
58899.4207523;21.3948479;0.242872596;ZTF;ZTF(zg);ZTF
58899.4216667;21.3551941;0.239641786;ZTF;ZTF(zg);ZTF
58899.445162;20.2479763;0.162797943;ZTF;ZTF(zr);ZTF
58900.3155556;20.9222946;0.204370379;ZTF;ZTF(zg);ZTF
58900.3295949;21.3233795;0.23704958;ZTF;ZTF(zg);ZTF
58900.4003472;20.0294361;0.144459307;ZTF;ZTF(zr);ZTF
58900.403125;20.1199226;0.152134642;ZTF;ZTF(zr);ZTF
58900.4207292;19.9547348;0.138133645;ZTF;ZTF(zr);ZTF
58900.4566551;20.1620483;0.155683249;ZTF;ZTF(zr);ZTF
58901.3787847;20.0079803;0.142638355;ZTF;ZTF(zr);ZTF
58901.3796875;19.9825993;0.140487909;ZTF;ZTF(zr);ZTF
58901.4022106;19.9219494;0.135375723;ZTF;ZTF(zr);ZTF
58901.4229282;20.0266113;0.144219458;ZTF;ZTF(zr);ZTF
58901.4443981;19.8157253;0.126571283;ZTF;ZTF(zr);ZTF
58901.4637963;19.9959087;0.141615018;ZTF;ZTF(zr);ZTF
58903.2924306;21.2966728;0.234873652;ZTF;ZTF(zg);ZTF
58903.3192361;21.6476116;0.263467073;ZTF;ZTF(zg);ZTF
58903.3196875;21.3786392;0.241551995;ZTF;ZTF(zg);ZTF
58903.3989815;19.9439793;0.137227297;ZTF;ZTF(zr);ZTF
58903.4342593;20.1265659;0.152696073;ZTF;ZTF(zr);ZTF
58903.4443981;20.1329441;0.153234422;ZTF;ZTF(zr);ZTF
58903.4736227;20.0840416;0.149095565;ZTF;ZTF(zr);ZTF
58903.4865509;19.9239464;0.135543272;ZTF;ZTF(zr);ZTF
58904.2259954;19.8195915;0.1268875;ZTF;ZTF(zr);ZTF
58904.2442708;20.1410103;0.153914437;ZTF;ZTF(zr);ZTF
58904.2451852;20.0643291;0.147422433;ZTF;ZTF(zr);ZTF
58904.3110185;21.2390823;0.230181336;ZTF;ZTF(zg);ZTF
58904.3156829;19.4181976;0.0852287933;ZTF;ZTF(zi);ZTF
58904.3376736;19.4575005;0.0875823051;ZTF;ZTF(zi);ZTF
58905.2250579;19.7802505;0.123688281;ZTF;ZTF(zr);ZTF
58905.2462731;19.9403267;0.136919856;ZTF;ZTF(zr);ZTF
58905.3156713;19.4290085;0.0858706012;ZTF;ZTF(zi);ZTF
58905.3380208;19.4425297;0.0866792202;ZTF;ZTF(zi);ZTF
58906.2471991;19.9700241;0.139424503;ZTF;ZTF(zr);ZTF
58906.3585069;19.4464378;0.086914219;ZTF;ZTF(zi);ZTF
58906.4198148;19.4491692;0.0870787427;ZTF;ZTF(zi);ZTF
58906.4491319;19.9579811;0.138407484;ZTF;ZTF(zr);ZTF
58906.4500463;19.9294624;0.136006355;ZTF;ZTF(zr);ZTF
58907.3118866;19.4614277;0.0878205076;ZTF;ZTF(zi);ZTF
58908.3582407;19.5018692;0.090306066;ZTF;ZTF(zi);ZTF
58908.3981366;19.5129108;0.0909948647;ZTF;ZTF(zi);ZTF
58909.3203588;20.0596619;0.147026032;ZTF;ZTF(zr);ZTF
58909.3400116;19.3452034;0.0810061321;ZTF;ZTF(zi);ZTF
58909.3589583;19.605896;0.096967347;ZTF;ZTF(zi);ZTF
58911.2171412;19.5069733;0.102790043;ZTF;ZTF(zr);ZTF
58911.2364236;19.8489742;0.129301727;ZTF;ZTF(zr);ZTF
58911.2476273;19.6997948;0.117280066;ZTF;ZTF(zr);ZTF
58911.2755903;19.4391422;0.0864760578;ZTF;ZTF(zi);ZTF
58911.2944097;19.4294281;0.0858956054;ZTF;ZTF(zi);ZTF
58911.4016898;20.8616066;0.199425697;ZTF;ZTF(zg);ZTF
58912.2936574;19.4085712;0.0846608952;ZTF;ZTF(zi);ZTF
58912.3171528;19.5285797;0.0919798389;ZTF;ZTF(zi);ZTF
58912.4224306;20.0601387;0.147066504;ZTF;ZTF(zr);ZTF
58912.4233449;19.998867;0.14186576;ZTF;ZTF(zr);ZTF
58913.2209722;19.9728241;0.139661089;ZTF;ZTF(zr);ZTF
58913.2464468;19.9746418;0.139814794;ZTF;ZTF(zr);ZTF
58913.3376157;19.4938545;0.0898088291;ZTF;ZTF(zi);ZTF
58913.3565394;19.531683;0.0921759382;ZTF;ZTF(zi);ZTF
58913.4302315;20.2943726;0.166530848;ZTF;ZTF(zr);ZTF
58914.2751042;19.6221066;0.0980394855;ZTF;ZTF(zi);ZTF
58914.352662;20.2165985;0.160224944;ZTF;ZTF(zr);ZTF
58914.3535648;20.0661259;0.147574857;ZTF;ZTF(zr);ZTF
58914.358287;19.9817238;0.140413865;ZTF;ZTF(zr);ZTF
58915.2520255;19.4635429;0.0879490152;ZTF;ZTF(zi);ZTF
58915.2729745;19.5054855;0.0905311406;ZTF;ZTF(zi);ZTF
58915.3800231;20.0420494;0.145530298;ZTF;ZTF(zr);ZTF
58915.4050579;20.3081627;0.167620599;ZTF;ZTF(zr);ZTF
58936.2906829;21.4485664;0.247249484;ZTF;ZTF(zg);ZTF
58936.3215509;19.4407063;0.0865698159;ZTF;ZTF(zi);ZTF
58936.3399074;19.4453831;0.08685074;ZTF;ZTF(zi);ZTF
58939.2202431;20.2149277;0.16008696;ZTF;ZTF(zr);ZTF
58939.2324769;19.5180073;0.0913142636;ZTF;ZTF(zi);ZTF
58939.316169;20.9267406;0.204732656;ZTF;ZTF(zg);ZTF
58940.2375116;19.9364529;0.136593908;ZTF;ZTF(zr);ZTF
58940.253912;19.6042957;0.0968619436;ZTF;ZTF(zi);ZTF
58941.2268519;20.0623722;0.14725621;ZTF;ZTF(zr);ZTF
58941.2736227;19.3740196;0.082650125;ZTF;ZTF(zi);ZTF
58941.2984838;19.5154953;0.0911567286;ZTF;ZTF(zi);ZTF
58954.231331;20.0480957;0.146043807;ZTF;ZTF(zr);ZTF
58955.2336458;20.1274395;0.152769774;ZTF;ZTF(zr);ZTF
58955.2539931;20.0775242;0.148542479;ZTF;ZTF(zr);ZTF
58955.3030208;21.2682972;0.232561588;ZTF;ZTF(zg);ZTF
58955.3375579;19.6673012;0.101076029;ZTF;ZTF(zi);ZTF
58955.3564468;19.5163574;0.0912107602;ZTF;ZTF(zi);ZTF
58962.2661111;20.025032;0.144085258;ZTF;ZTF(zr);ZTF
58965.2830093;20.0595055;0.14701286;ZTF;ZTF(zr);ZTF
58968.2055324;20.0871868;0.149362326;ZTF;ZTF(zr);ZTF
58971.1891088;20.1831703;0.157450438;ZTF;ZTF(zr);ZTF
58974.2318866;20.0028419;0.142202675;ZTF;ZTF(zr);ZTF
58978.4991888;15.499;0.203;NEOWISE;WISE(W1);NEOWISE
58978.49931611;15.95;0.204;NEOWISE;WISE(W1);NEOWISE
58978.63009212;15.615;0.152;NEOWISE;WISE(W1);NEOWISE
58978.76086808;15.541;0.14;NEOWISE;WISE(W1);NEOWISE
58978.826193;15.977;0.209;NEOWISE;WISE(W1);NEOWISE
58978.89164462;16.009;0.197;NEOWISE;WISE(W1);NEOWISE
58978.89164462;15.241;0.478;NEOWISE;WISE(W2);NEOWISE
58978.95696896;15.716;0.209;NEOWISE;WISE(W1);NEOWISE
58978.95696896;14.957;0.302;NEOWISE;WISE(W2);NEOWISE
58979.02242067;16.088;0.226;NEOWISE;WISE(W1);NEOWISE
58979.02242067;15.421;0.492;NEOWISE;WISE(W2);NEOWISE
58979.08774502;16.399;0.333;NEOWISE;WISE(W1);NEOWISE
58979.08774502;15.316;0.534;NEOWISE;WISE(W2);NEOWISE
58979.21852098;15.456;0.208;NEOWISE;WISE(W1);NEOWISE
58979.21864834;15.69;0.531;NEOWISE;WISE(W2);NEOWISE
58979.21864834;15.911;0.186;NEOWISE;WISE(W1);NEOWISE
58979.34942427;16.324;0.327;NEOWISE;WISE(W1);NEOWISE
58979.48020028;15.471;0.171;NEOWISE;WISE(W1);NEOWISE
58980.1928241;21.4252758;0.245351791;ZTF;ZTF(zg);ZTF
58980.2476968;20.029871;0.144496143;ZTF;ZTF(zr);ZTF
58985.1891088;21.3555183;0.239668131;ZTF;ZTF(zg);ZTF
58985.2105093;19.8361206;0.128243089;ZTF;ZTF(zr);ZTF
58991.2039005;20.0494671;0.14616023;ZTF;ZTF(zr);ZTF
58994.1927894;19.8517227;0.129528522;ZTF;ZTF(zr);ZTF
58995.1879514;21.2387772;0.230156422;ZTF;ZTF(zg);ZTF
58997.2329861;20.0031223;0.142226517;ZTF;ZTF(zr);ZTF
59009.1866088;19.8898201;0.132689118;ZTF;ZTF(zr);ZTF
59014.227662;20.1226654;0.152366579;ZTF;ZTF(zr);ZTF
59017.2380671;20.1311893;0.153086364;ZTF;ZTF(zr);ZTF
59020.2392014;20.04146;0.145480275;ZTF;ZTF(zr);ZTF
59033.177581;19.4086838;0.095931612;ZTF;ZTF(zr);ZTF
59046.1718981;19.3464642;0.0917846486;ZTF;ZTF(zr);ZTF
59046.1768287;19.3445797;0.0916614085;ZTF;ZTF(zr);ZTF
59046.1817708;19.3484688;0.091915831;ZTF;ZTF(zr);ZTF
59046.1867014;19.3451004;0.0916954651;ZTF;ZTF(zr);ZTF
59048.1695833;19.2723408;0.0870437399;ZTF;ZTF(zr);ZTF
59048.1745255;19.3604622;0.092704311;ZTF;ZTF(zr);ZTF
59048.1794792;19.3289986;0.0906479284;ZTF;ZTF(zr);ZTF
59048.1844097;19.3777981;0.0938539952;ZTF;ZTF(zr);ZTF
59050.168044;19.2649708;0.0865842924;ZTF;ZTF(zr);ZTF
59050.1779167;19.2815552;0.0876212791;ZTF;ZTF(zr);ZTF
59050.1828472;19.1214657;0.0780636892;ZTF;ZTF(zr);ZTF
59052.1665741;19.2547607;0.0859512761;ZTF;ZTF(zr);ZTF
59052.179213;19.3883648;0.094560571;ZTF;ZTF(zr);ZTF
59052.1840509;19.3789749;0.0939325392;ZTF;ZTF(zr);ZTF
59052.1888889;19.200676;0.0826668218;ZTF;ZTF(zr);ZTF
59056.1710995;19.1362534;0.0789044723;ZTF;ZTF(zr);ZTF
59056.1759838;19.1563587;0.0800612569;ZTF;ZTF(zr);ZTF
59056.1808681;19.1545334;0.0799555331;ZTF;ZTF(zr);ZTF
59056.1857407;18.9946918;0.0711997747;ZTF;ZTF(zr);ZTF
59137.5215394;18.5679207;0.0523095876;ZTF;ZTF(zr);ZTF
59137.52625;18.6560688;0.0557159148;ZTF;ZTF(zr);ZTF
59137.5309606;18.6249752;0.0544868521;ZTF;ZTF(zr);ZTF
59137.5356597;18.557354;0.0519172288;ZTF;ZTF(zr);ZTF
59137.5403704;18.5055847;0.0500428528;ZTF;ZTF(zr);ZTF
59139.5194676;18.6028137;0.0536292493;ZTF;ZTF(zr);ZTF
59139.524213;18.6184349;0.054232154;ZTF;ZTF(zr);ZTF
59139.5289699;18.6357956;0.0549111217;ZTF;ZTF(zr);ZTF
59141.522419;18.6391296;0.05504255;ZTF;ZTF(zr);ZTF
59141.5271528;18.5848331;0.0529445894;ZTF;ZTF(zr);ZTF
59141.531875;18.6203175;0.0543053597;ZTF;ZTF(zr);ZTF
59141.5365972;18.6709957;0.0563168414;ZTF;ZTF(zr);ZTF
59141.541331;18.6780624;0.056603808;ZTF;ZTF(zr);ZTF
59143.524919;18.6752472;0.0564892739;ZTF;ZTF(zr);ZTF
59143.5295833;18.6686153;0.0562205315;ZTF;ZTF(zr);ZTF
59143.5342593;18.6547775;0.0556642786;ZTF;ZTF(zr);ZTF
59143.5389352;18.748251;0.059542153;ZTF;ZTF(zr);ZTF
59143.5436111;18.7438164;0.0593517013;ZTF;ZTF(zr);ZTF
59145.5233333;18.6936474;0.0572423339;ZTF;ZTF(zr);ZTF
59145.5280903;18.6263885;0.0545420349;ZTF;ZTF(zr);ZTF
59145.5328472;18.6628761;0.0559890531;ZTF;ZTF(zr);ZTF
59145.5376042;18.6949844;0.0572975054;ZTF;ZTF(zr);ZTF
59145.5423495;18.7513065;0.0596737564;ZTF;ZTF(zr);ZTF
59150.5160185;18.5777378;0.0448075011;ZTF;ZTF(zg);ZTF
59150.5454051;18.7656231;0.0602945872;ZTF;ZTF(zr);ZTF
59152.4916898;18.8453598;0.0638798997;ZTF;ZTF(zr);ZTF
59152.5458796;18.5497665;0.0439183712;ZTF;ZTF(zg);ZTF
59155.4885069;18.6275063;0.0545857511;ZTF;ZTF(zr);ZTF
59157.4941667;18.7765942;0.0607749783;ZTF;ZTF(zr);ZTF
59159.4921065;18.6875572;0.0569918603;ZTF;ZTF(zr);ZTF
59165.4858449;18.7716007;0.060555812;ZTF;ZTF(zr);ZTF
59165.5169329;18.7095776;0.0492900237;ZTF;ZTF(zg);ZTF
59168.5082523;18.708725;0.0492594466;ZTF;ZTF(zg);ZTF
59168.5372222;18.7479973;0.0595312305;ZTF;ZTF(zr);ZTF
59170.4751389;18.73106;0.0500679165;ZTF;ZTF(zg);ZTF
59170.5477778;18.7311974;0.0588133149;ZTF;ZTF(zr);ZTF
59173.4878819;18.7706432;0.0515375659;ZTF;ZTF(zg);ZTF
59176.5066435;18.8328457;0.053944651;ZTF;ZTF(zg);ZTF
59176.5531366;18.7907696;0.061401736;ZTF;ZTF(zr);ZTF
59179.4861458;18.9041348;0.0568554588;ZTF;ZTF(zg);ZTF
59181.4937731;18.9293842;0.0678991303;ZTF;ZTF(zr);ZTF
59181.5062037;18.7781296;0.0518208891;ZTF;ZTF(zg);ZTF
59183.5304398;18.8972702;0.0565678999;ZTF;ZTF(zg);ZTF
59184.31526918;15.49;0.149;NEOWISE;WISE(W1);NEOWISE
59184.31526918;15.257;0.466;NEOWISE;WISE(W2);NEOWISE
59184.5085648;18.9216251;0.0675173551;ZTF;ZTF(zr);ZTF
59184.5100116;18.904604;0.0666874796;ZTF;ZTF(zr);ZTF
59184.5768213;15.767;0.196;NEOWISE;WISE(W1);NEOWISE
59184.5768213;14.946;0.42;NEOWISE;WISE(W2);NEOWISE
59184.70759737;15.605;0.161;NEOWISE;WISE(W1);NEOWISE
59184.70759737;15.225;0.434;NEOWISE;WISE(W2);NEOWISE
59184.77292174;15.863;0.215;NEOWISE;WISE(W1);NEOWISE
59184.83837346;15.335;0.479;NEOWISE;WISE(W2);NEOWISE
59184.83837346;15.828;0.219;NEOWISE;WISE(W1);NEOWISE
59184.90369781;16.131;0.26;NEOWISE;WISE(W1);NEOWISE
59184.90382517;15.925;0.232;NEOWISE;WISE(W1);NEOWISE
59184.90382517;15.126;0.381;NEOWISE;WISE(W2);NEOWISE
59184.9691501;16.003;0.224;NEOWISE;WISE(W1);NEOWISE
59185.03447447;15.994;0.271;NEOWISE;WISE(W1);NEOWISE
59185.03460178;15.833;0.176;NEOWISE;WISE(W1);NEOWISE
59185.16525054;15.663;0.173;NEOWISE;WISE(W1);NEOWISE
59185.16537786;16.032;0.211;NEOWISE;WISE(W1);NEOWISE
59185.16537786;15.092;0.368;NEOWISE;WISE(W2);NEOWISE
59185.29602654;15.766;0.192;NEOWISE;WISE(W1);NEOWISE
59185.29615385;15.722;0.271;NEOWISE;WISE(W1);NEOWISE
59185.42680262;16.022;0.336;NEOWISE;WISE(W1);NEOWISE
59185.42680262;15.094;0.436;NEOWISE;WISE(W2);NEOWISE
59185.42692993;14.838;0.343;NEOWISE;WISE(W2);NEOWISE
59185.42692993;16.421;0.321;NEOWISE;WISE(W1);NEOWISE
59185.5067824;19.0049171;0.0612605251;ZTF;ZTF(zg);ZTF
59185.5284144;19.0452156;0.0738620684;ZTF;ZTF(zr);ZTF
59187.4907292;18.8596706;0.0645467192;ZTF;ZTF(zr);ZTF
59187.5339583;18.7697086;0.0515023172;ZTF;ZTF(zg);ZTF
59188.3843981;18.9381485;0.068332985;ZTF;ZTF(zr);ZTF
59188.5405671;18.8629112;0.0551520959;ZTF;ZTF(zg);ZTF
59189.530787;18.9550209;0.0616261587;ZTF;ZTF(zi);ZTF
59191.050684;15.698;0.323;NEOWISE;WISE(W1);NEOWISE
59191.05081138;15.873;0.22;NEOWISE;WISE(W1);NEOWISE
59193.4765625;18.9832478;0.0602839254;ZTF;ZTF(zg);ZTF
59193.5360764;18.910326;0.0669652745;ZTF;ZTF(zr);ZTF
59194.5175116;19.0464554;0.073928602;ZTF;ZTF(zr);ZTF
59194.5335417;19.0249519;0.0621782057;ZTF;ZTF(zg);ZTF
59198.4861227;18.9244804;0.067657575;ZTF;ZTF(zr);ZTF
59198.5062384;18.9123421;0.0572013073;ZTF;ZTF(zg);ZTF
59199.4899537;18.8858776;0.0587237477;ZTF;ZTF(zi);ZTF
59200.5169676;18.7885742;0.0613042563;ZTF;ZTF(zr);ZTF
59202.4444907;18.7656288;0.0540264845;ZTF;ZTF(zi);ZTF
59203.402963;18.9481163;0.0587351322;ZTF;ZTF(zg);ZTF
59203.4847569;18.8975563;0.0663469359;ZTF;ZTF(zr);ZTF
59215.4864815;18.8213539;0.0534907877;ZTF;ZTF(zg);ZTF
59216.4772222;18.9379349;0.0608948395;ZTF;ZTF(zi);ZTF
59219.3938657;18.7544975;0.0536133647;ZTF;ZTF(zi);ZTF
59219.4410764;19.1805344;0.0698006973;ZTF;ZTF(zg);ZTF
59219.4759954;18.991703;0.0710452273;ZTF;ZTF(zr);ZTF
59221.4268981;19.0060272;0.0717886984;ZTF;ZTF(zr);ZTF
59221.463831;18.969162;0.0596578456;ZTF;ZTF(zg);ZTF
59222.4346875;18.9745369;0.0624729246;ZTF;ZTF(zi);ZTF
59223.4020255;19.1298733;0.0672201067;ZTF;ZTF(zg);ZTF
59223.4693866;18.9949722;0.071214281;ZTF;ZTF(zr);ZTF
59225.4116551;19.0778122;0.0756309852;ZTF;ZTF(zr);ZTF
59225.4349769;18.7738247;0.0543329418;ZTF;ZTF(zi);ZTF
59225.443669;19.0582638;0.0637356117;ZTF;ZTF(zg);ZTF
59227.442037;19.1796989;0.0697573423;ZTF;ZTF(zg);ZTF
59228.5313773;18.912672;0.0598305725;ZTF;ZTF(zi);ZTF
59229.4324306;18.9890976;0.0709108636;ZTF;ZTF(zr);ZTF
59231.4223611;19.1722298;0.0693709776;ZTF;ZTF(zg);ZTF
59231.5066204;19.0460472;0.0656819865;ZTF;ZTF(zi);ZTF
59248.4209491;19.1405029;0.0791476741;ZTF;ZTF(zr);ZTF
59248.4637153;19.2770195;0.0749883205;ZTF;ZTF(zg);ZTF
59250.3681366;19.3385563;0.0784888715;ZTF;ZTF(zg);ZTF
59250.3792477;19.1516418;0.0797884464;ZTF;ZTF(zr);ZTF
59251.3796412;19.0107307;0.0640761107;ZTF;ZTF(zi);ZTF
59252.3202431;19.0953827;0.0766013116;ZTF;ZTF(zr);ZTF
59252.4919329;19.3229446;0.0775864273;ZTF;ZTF(zg);ZTF
59254.3614352;19.0253239;0.064734675;ZTF;ZTF(zi);ZTF
59256.3981597;19.1574192;0.080122672;ZTF;ZTF(zr);ZTF
59256.4923032;19.3495426;0.0791298524;ZTF;ZTF(zg);ZTF
59260.3387037;19.0463219;0.0656946152;ZTF;ZTF(zi);ZTF
59262.346875;19.166317;0.0806400105;ZTF;ZTF(zr);ZTF
59262.4116319;19.3879166;0.0814072043;ZTF;ZTF(zg);ZTF
59263.3337269;18.9636078;0.0619972125;ZTF;ZTF(zi);ZTF
59264.329294;19.3814163;0.0810172632;ZTF;ZTF(zg);ZTF
59264.3715162;19.1214333;0.0780618638;ZTF;ZTF(zr);ZTF
59266.350544;19.0072842;0.063921608;ZTF;ZTF(zi);ZTF
59266.3616319;19.1485214;0.0796084255;ZTF;ZTF(zr);ZTF
59266.4155903;19.3298569;0.0779847577;ZTF;ZTF(zg);ZTF
59268.350162;19.0900078;0.0763032138;ZTF;ZTF(zr);ZTF
59268.4898843;19.3643837;0.0800035447;ZTF;ZTF(zg);ZTF
59269.4015162;19.0327682;0.065073289;ZTF;ZTF(zi);ZTF
59270.3406019;19.1090736;0.0773656517;ZTF;ZTF(zr);ZTF
59270.4161574;19.4441872;0.084855862;ZTF;ZTF(zg);ZTF
59274.3309375;18.9466438;0.0612664521;ZTF;ZTF(zi);ZTF
59275.2051852;19.1576481;0.0686228573;ZTF;ZTF(zg);ZTF
59275.2234375;19.3472309;0.0789945945;ZTF;ZTF(zg);ZTF
59275.3364583;19.1449184;0.0794010982;ZTF;ZTF(zr);ZTF
59275.3451852;19.1227055;0.0781338364;ZTF;ZTF(zr);ZTF
59276.247581;19.2619133;0.0741520748;ZTF;ZTF(zg);ZTF
59276.3522917;19.1819401;0.0815558806;ZTF;ZTF(zr);ZTF
59276.3999537;19.2608109;0.0863258541;ZTF;ZTF(zr);ZTF
59276.4221065;19.3335361;0.0781976208;ZTF;ZTF(zg);ZTF
59278.2655208;19.3715992;0.0804314837;ZTF;ZTF(zg);ZTF
59278.2904745;19.1887779;0.0819597244;ZTF;ZTF(zr);ZTF
59278.3176273;19.3196869;0.0773993358;ZTF;ZTF(zg);ZTF
59278.3800926;19.0891876;0.0677001253;ZTF;ZTF(zi);ZTF
59278.4255671;19.0726757;0.0753495395;ZTF;ZTF(zr);ZTF
59278.4609144;19.1486778;0.0796174258;ZTF;ZTF(zr);ZTF
59280.2378125;19.3504944;0.0791855901;ZTF;ZTF(zg);ZTF
59280.2840856;19.213501;0.0834352076;ZTF;ZTF(zr);ZTF
59280.2980556;19.2274914;0.0842808336;ZTF;ZTF(zr);ZTF
59281.243044;19.1562977;0.0800576657;ZTF;ZTF(zr);ZTF
59281.2901736;19.1557789;0.080027625;ZTF;ZTF(zr);ZTF
59281.2911111;19.2375317;0.0848924369;ZTF;ZTF(zr);ZTF
59281.3093171;19.0862389;0.0675602108;ZTF;ZTF(zi);ZTF
59290.2566667;19.1678658;0.0807303563;ZTF;ZTF(zr);ZTF
59290.297581;19.4416847;0.084699668;ZTF;ZTF(zg);ZTF
59290.3419792;19.2202473;0.083841987;ZTF;ZTF(zr);ZTF
59290.4147685;19.3860626;0.0812957957;ZTF;ZTF(zg);ZTF
59291.2397569;19.2379684;0.084919177;ZTF;ZTF(zr);ZTF
59291.2684259;19.0521183;0.065962173;ZTF;ZTF(zi);ZTF
59291.2858333;19.3880711;0.08141651;ZTF;ZTF(zg);ZTF
59291.2867824;19.471241;0.086560443;ZTF;ZTF(zg);ZTF
59291.3370718;19.2212334;0.083901599;ZTF;ZTF(zr);ZTF
59291.3565278;19.2831459;0.0877212808;ZTF;ZTF(zr);ZTF
59292.2556366;19.2739677;0.0871454775;ZTF;ZTF(zr);ZTF
59292.3150347;19.4965572;0.0881831273;ZTF;ZTF(zg);ZTF
59292.3804167;19.2518387;0.0857708752;ZTF;ZTF(zr);ZTF
59293.2358333;19.2462177;0.0854248181;ZTF;ZTF(zr);ZTF
59293.2367708;19.304245;0.0890576988;ZTF;ZTF(zr);ZTF
59293.2704167;19.2466354;0.0854504555;ZTF;ZTF(zr);ZTF
59293.2971759;19.4061604;0.0825110078;ZTF;ZTF(zg);ZTF
59294.1799884;19.5043106;0.0886854306;ZTF;ZTF(zg);ZTF
59294.2475231;19.4789791;0.0870535746;ZTF;ZTF(zg);ZTF
59294.2733218;19.3057556;0.0891540349;ZTF;ZTF(zr);ZTF
59294.3197685;19.1182232;0.0778804645;ZTF;ZTF(zr);ZTF
59295.2651157;19.3148403;0.089735426;ZTF;ZTF(zr);ZTF
59295.2756944;19.3683128;0.0802363306;ZTF;ZTF(zg);ZTF
59295.3404051;18.996788;0.0634534657;ZTF;ZTF(zi);ZTF
59296.2464005;19.0439262;0.0737928972;ZTF;ZTF(zr);ZTF
59296.3167361;19.1506824;0.0682683364;ZTF;ZTF(zg);ZTF
59296.3177315;19.3329277;0.0781623423;ZTF;ZTF(zg);ZTF
59296.3601505;19.1113186;0.0774916559;ZTF;ZTF(zr);ZTF
59296.361088;19.1350288;0.0788345411;ZTF;ZTF(zr);ZTF
59297.2740509;19.3334064;0.0909336805;ZTF;ZTF(zr);ZTF
59298.3165856;19.0284004;0.0623375438;ZTF;ZTF(zg);ZTF
59298.3809028;18.9612141;0.0694881529;ZTF;ZTF(zr);ZTF
59302.2126273;19.3440895;0.0916294008;ZTF;ZTF(zr);ZTF
59302.2632176;19.243845;0.0852790475;ZTF;ZTF(zr);ZTF
59302.2745139;18.9071045;0.0595987439;ZTF;ZTF(zi);ZTF
59302.3282407;19.4489021;0.0851507485;ZTF;ZTF(zg);ZTF
59303.2843056;19.5994549;0.0950538665;ZTF;ZTF(zg);ZTF
59303.3608333;19.4615593;0.0859468877;ZTF;ZTF(zg);ZTF
59304.1895602;19.4934654;0.087983489;ZTF;ZTF(zg);ZTF
59304.2359028;19.515831;0.0894364119;ZTF;ZTF(zg);ZTF
59304.2770833;19.3533325;0.0922348946;ZTF;ZTF(zr);ZTF
59304.2876389;19.377861;0.0938582048;ZTF;ZTF(zr);ZTF
59304.3635764;19.4443932;0.0983801782;ZTF;ZTF(zr);ZTF
59305.3411458;19.3228245;0.0902490169;ZTF;ZTF(zr);ZTF
59305.3626505;19.1956196;0.0729514435;ZTF;ZTF(zi);ZTF
59307.2454398;19.2817478;0.0876334161;ZTF;ZTF(zr);ZTF
59307.3092824;19.5490761;0.0916346535;ZTF;ZTF(zg);ZTF
59308.310544;19.0582047;0.0662443787;ZTF;ZTF(zi);ZTF
59309.1946528;19.588398;0.0942942798;ZTF;ZTF(zg);ZTF
59309.2542245;19.3927956;0.094858177;ZTF;ZTF(zr);ZTF
59311.172338;19.3803711;0.0940256864;ZTF;ZTF(zr);ZTF
59311.173287;19.2983932;0.0886852816;ZTF;ZTF(zr);ZTF
59311.213287;19.6297741;0.0971626565;ZTF;ZTF(zg);ZTF
59311.214213;19.7136402;0.10319449;ZTF;ZTF(zg);ZTF
59311.2709144;19.2361164;0.0750533491;ZTF;ZTF(zi);ZTF
59312.3293171;19.5855179;0.0940972865;ZTF;ZTF(zg);ZTF
59313.2150463;19.2936134;0.0883820802;ZTF;ZTF(zr);ZTF
59313.227419;19.389719;0.0946514383;ZTF;ZTF(zr);ZTF
59313.2488773;19.643404;0.0981231853;ZTF;ZTF(zg);ZTF
59313.2498148;19.6376896;0.0977195129;ZTF;ZTF(zg);ZTF
59314.27125;19.3243752;0.0903490931;ZTF;ZTF(zr);ZTF
59314.3123495;19.2042351;0.0733937696;ZTF;ZTF(zi);ZTF
59315.213831;19.7568722;0.106416374;ZTF;ZTF(zg);ZTF
59315.2283218;19.714344;0.103246398;ZTF;ZTF(zg);ZTF
59316.2925694;19.4091454;0.0959629342;ZTF;ZTF(zr);ZTF
59317.1759491;19.7247887;0.104018077;ZTF;ZTF(zg);ZTF
59317.176875;19.7455235;0.105563298;ZTF;ZTF(zg);ZTF
59317.1950116;19.3969955;0.0951409638;ZTF;ZTF(zr);ZTF
59317.1959491;19.3943863;0.0949652493;ZTF;ZTF(zr);ZTF
59319.282037;18.9925747;0.0632665828;ZTF;ZTF(zi);ZTF
59321.2552546;19.7319984;0.104553387;ZTF;ZTF(zg);ZTF
59321.2894329;19.4089012;0.0959464163;ZTF;ZTF(zr);ZTF
59322.2284144;19.2563515;0.0761254355;ZTF;ZTF(zi);ZTF
59323.2593056;19.8054161;0.110123262;ZTF;ZTF(zg);ZTF
59323.3203472;19.2856026;0.0878759921;ZTF;ZTF(zr);ZTF
59325.2343171;19.2215424;0.0742902756;ZTF;ZTF(zi);ZTF
59325.2583333;19.5249672;0.104085647;ZTF;ZTF(zr);ZTF
59325.3223611;19.9215584;0.11935927;ZTF;ZTF(zg);ZTF
59329.2353125;19.43647;0.0978326425;ZTF;ZTF(zr);ZTF
59329.23625;19.4071331;0.0958263874;ZTF;ZTF(zr);ZTF
59329.3170949;19.6260891;0.0969043151;ZTF;ZTF(zg);ZTF
59334.2959722;19.161911;0.0712458044;ZTF;ZTF(zi);ZTF
59335.2077083;19.4603233;0.0994885415;ZTF;ZTF(zr);ZTF
59335.2086343;19.2963676;0.0885567069;ZTF;ZTF(zr);ZTF
59335.2557755;19.9377899;0.120689176;ZTF;ZTF(zg);ZTF
59335.256713;19.7642746;0.106975548;ZTF;ZTF(zg);ZTF
59336.2488194;19.8984756;0.117483944;ZTF;ZTF(zg);ZTF
59336.3095718;19.527174;0.104245365;ZTF;ZTF(zr);ZTF
59338.2381134;19.4244614;0.0970073342;ZTF;ZTF(zr);ZTF
59338.2390394;19.4543114;0.0990690589;ZTF;ZTF(zr);ZTF
59338.2990509;20.0372334;0.129026979;ZTF;ZTF(zg);ZTF
59338.2999769;19.8052063;0.110107034;ZTF;ZTF(zg);ZTF
59339.1905903;19.2334862;0.0749150962;ZTF;ZTF(zi);ZTF
59339.2142824;19.8989639;0.117523439;ZTF;ZTF(zg);ZTF
59339.2569907;19.3661804;0.0930822492;ZTF;ZTF(zr);ZTF
59340.2149537;19.8215847;0.111378573;ZTF;ZTF(zg);ZTF
59340.2158912;19.9791527;0.124118693;ZTF;ZTF(zg);ZTF
59340.2566898;19.5534058;0.106157862;ZTF;ZTF(zr);ZTF
59340.2576157;19.4583397;0.0993499979;ZTF;ZTF(zr);ZTF
59341.190787;19.5159798;0.103437051;ZTF;ZTF(zr);ZTF
59342.1718056;19.2117329;0.073780857;ZTF;ZTF(zi);ZTF
59342.2369213;19.8459625;0.113290139;ZTF;ZTF(zg);ZTF
59342.2574653;19.4335308;0.0976300985;ZTF;ZTF(zr);ZTF
59342.69610545;16.082;0.275;NEOWISE;WISE(W1);NEOWISE
59342.8268814;15.513;0.153;NEOWISE;WISE(W1);NEOWISE
59342.95753003;15.683;0.168;NEOWISE;WISE(W1);NEOWISE
59342.95765735;15.528;0.138;NEOWISE;WISE(W1);NEOWISE
59343.02298167;15.655;0.149;NEOWISE;WISE(W1);NEOWISE
59343.08830594;15.705;0.16;NEOWISE;WISE(W1);NEOWISE
59343.15324826;16.023;0.214;NEOWISE;WISE(W1);NEOWISE
59343.1928472;19.474411;0.100476757;ZTF;ZTF(zr);ZTF
59343.21857258;15.701;0.163;NEOWISE;WISE(W1);NEOWISE
59343.21857258;15.433;0.486;NEOWISE;WISE(W2);NEOWISE
59343.2365162;19.871088;0.115283981;ZTF;ZTF(zg);ZTF
59343.28440616;16.041;0.22;NEOWISE;WISE(W1);NEOWISE
59343.28440616;15.551;0.516;NEOWISE;WISE(W2);NEOWISE
59343.41518263;15.917;0.184;NEOWISE;WISE(W1);NEOWISE
59343.54532185;15.472;0.185;NEOWISE;WISE(W1);NEOWISE
59343.67660712;14.767;0.292;NEOWISE;WISE(W2);NEOWISE
59343.67660712;15.855;0.184;NEOWISE;WISE(W1);NEOWISE
59344.2227431;19.4616776;0.099583216;ZTF;ZTF(zr);ZTF
59344.2236806;19.5011063;0.102370314;ZTF;ZTF(zr);ZTF
59344.2884144;19.8515358;0.113730326;ZTF;ZTF(zg);ZTF
59344.2894097;19.9393005;0.1208134;ZTF;ZTF(zg);ZTF
59346.2915625;19.4734306;0.100407772;ZTF;ZTF(zr);ZTF
59346.3301157;20.0772171;0.132463127;ZTF;ZTF(zg);ZTF
59346.3310532;20.1333923;0.137360066;ZTF;ZTF(zg);ZTF
59348.1957523;19.4840107;0.101154551;ZTF;ZTF(zr);ZTF
59348.208588;19.5240879;0.104022026;ZTF;ZTF(zr);ZTF
59348.2335764;19.8664894;0.114917271;ZTF;ZTF(zg);ZTF
59348.2459028;19.8683167;0.115062885;ZTF;ZTF(zg);ZTF
59348.2757523;19.2367401;0.0750861764;ZTF;ZTF(zi);ZTF
59349.2134954;19.9349079;0.120452352;ZTF;ZTF(zg);ZTF
59350.1940509;20.0048714;0.126279265;ZTF;ZTF(zg);ZTF
59350.2058449;19.7910652;0.10901773;ZTF;ZTF(zg);ZTF
59350.2450231;19.672245;0.115131274;ZTF;ZTF(zr);ZTF
59350.2459606;19.4314651;0.0974880382;ZTF;ZTF(zr);ZTF
59352.2066435;19.7631111;0.106887504;ZTF;ZTF(zg);ZTF
59352.2405324;19.549118;0.105843507;ZTF;ZTF(zr);ZTF
59353.1785532;19.5025177;0.102471173;ZTF;ZTF(zr);ZTF
59353.2208912;19.8383217;0.112688594;ZTF;ZTF(zg);ZTF
59356.2577894;19.4111118;0.096096538;ZTF;ZTF(zr);ZTF
59356.2587269;19.4669037;0.0999492109;ZTF;ZTF(zr);ZTF
59358.1947222;19.2951012;0.0782191008;ZTF;ZTF(zi);ZTF
59359.1851968;19.4778309;0.0869802609;ZTF;ZTF(zg);ZTF
59359.1973495;19.4958763;0.101997219;ZTF;ZTF(zr);ZTF
59359.198287;19.6968517;0.117049329;ZTF;ZTF(zr);ZTF
59361.1941088;19.8474655;0.129177243;ZTF;ZTF(zr);ZTF
59361.2385995;19.7847118;0.108530827;ZTF;ZTF(zg);ZTF
59362.1850579;19.9867382;0.124753751;ZTF;ZTF(zg);ZTF
59362.240625;19.4274025;0.0972090065;ZTF;ZTF(zr);ZTF
59362.2415625;19.5972157;0.109408066;ZTF;ZTF(zr);ZTF
59363.2043866;19.4842186;0.101169236;ZTF;ZTF(zr);ZTF
59363.2392014;20.0279694;0.128237158;ZTF;ZTF(zg);ZTF
59365.1946991;20.0108719;0.126786366;ZTF;ZTF(zg);ZTF
59366.1926157;19.3613853;0.0927652046;ZTF;ZTF(zr);ZTF
59366.2478935;20.0474987;0.12990503;ZTF;ZTF(zg);ZTF
59367.1964005;19.6526203;0.113615833;ZTF;ZTF(zr);ZTF
59367.2432639;19.8771057;0.11576502;ZTF;ZTF(zg);ZTF
59369.1857176;19.5868073;0.108629622;ZTF;ZTF(zr);ZTF
59369.215;20.0092926;0.126652882;ZTF;ZTF(zg);ZTF
59370.1864931;19.3857269;0.0833266079;ZTF;ZTF(zi);ZTF
59371.2184375;19.5884247;0.108750351;ZTF;ZTF(zr);ZTF
59373.1867593;19.9888039;0.124927014;ZTF;ZTF(zg);ZTF
59373.203912;19.0598431;0.0663205236;ZTF;ZTF(zi);ZTF
59373.2257755;19.5529785;0.106126457;ZTF;ZTF(zr);ZTF
59375.2166319;19.5293045;0.104399711;ZTF;ZTF(zr);ZTF
59376.195081;19.276228;0.0771926343;ZTF;ZTF(zi);ZTF
59377.2147685;19.5846157;0.108466245;ZTF;ZTF(zr);ZTF
59379.194294;20.0517216;0.130267039;ZTF;ZTF(zg);ZTF
59379.2152199;19.5491066;0.105842628;ZTF;ZTF(zr);ZTF
59379.2581134;19.1431751;0.0703148842;ZTF;ZTF(zi);ZTF
59385.2032176;19.8386288;0.112712651;ZTF;ZTF(zg);ZTF
59385.2165741;19.5455666;0.10558366;ZTF;ZTF(zr);ZTF
59386.2355671;19.0215378;0.0645631477;ZTF;ZTF(zi);ZTF
59387.1982523;19.6334877;0.112150773;ZTF;ZTF(zr);ZTF
59402.2173264;19.6290054;0.111809358;ZTF;ZTF(zr);ZTF
59415.1776736;19.6435738;0.112921551;ZTF;ZTF(zr);ZTF
59415.1786227;19.6615505;0.114303857;ZTF;ZTF(zr);ZTF
59415.1805093;19.4241962;0.0969892144;ZTF;ZTF(zr);ZTF
59415.1814468;19.7227058;0.119085245;ZTF;ZTF(zr);ZTF
59423.1656481;19.5552387;0.106292404;ZTF;ZTF(zr);ZTF
59424.1621875;19.69627;0.117003761;ZTF;ZTF(zr);ZTF
59424.1645602;18.8516693;0.0641730204;ZTF;ZTF(zr);ZTF
59424.1669213;19.5205631;0.10376738;ZTF;ZTF(zr);ZTF
59424.169294;19.8308029;0.127806231;ZTF;ZTF(zr);ZTF
59424.1716667;19.7617855;0.122200891;ZTF;ZTF(zr);ZTF
59425.1710069;19.2886524;0.0880684108;ZTF;ZTF(zr);ZTF
59427.1601968;19.3796539;0.0939777792;ZTF;ZTF(zr);ZTF
59427.1625579;19.5160027;0.103438683;ZTF;ZTF(zr);ZTF
59427.1672917;19.3046665;0.0890845284;ZTF;ZTF(zr);ZTF
59427.1696644;19.4572468;0.0992737263;ZTF;ZTF(zr);ZTF
59428.1666088;19.5802879;0.108143985;ZTF;ZTF(zr);ZTF
59500.5287616;19.5579967;0.106495187;ZTF;ZTF(zr);ZTF
59500.5312037;19.7330475;0.119905345;ZTF;ZTF(zr);ZTF
59500.5336458;19.813427;0.126383528;ZTF;ZTF(zr);ZTF
59500.5360764;19.4319477;0.0975211561;ZTF;ZTF(zr);ZTF
59500.5385185;19.4097519;0.0960041285;ZTF;ZTF(zr);ZTF
59501.5289815;19.7158451;0.118542999;ZTF;ZTF(zr);ZTF
59501.5313426;19.6368904;0.112410463;ZTF;ZTF(zr);ZTF
59501.5337037;19.9025459;0.133751109;ZTF;ZTF(zr);ZTF
59501.5360764;19.6388664;0.112561382;ZTF;ZTF(zr);ZTF
59501.5384375;19.8692932;0.130982473;ZTF;ZTF(zr);ZTF
59502.5337384;19.1359577;0.0788875818;ZTF;ZTF(zr);ZTF
59503.5303472;19.5241528;0.104026765;ZTF;ZTF(zr);ZTF
59503.535081;19.5080605;0.102867976;ZTF;ZTF(zr);ZTF
59509.5211806;19.7259045;0.119338542;ZTF;ZTF(zr);ZTF
59509.523669;19.6362076;0.112358309;ZTF;ZTF(zr);ZTF
59509.526169;19.3245983;0.0903634727;ZTF;ZTF(zr);ZTF
59509.5286574;19.5428791;0.105387285;ZTF;ZTF(zr);ZTF
59509.5311574;19.6659241;0.114641801;ZTF;ZTF(zr);ZTF
59522.4986806;19.6374111;0.112450257;ZTF;ZTF(zr);ZTF
59524.4754398;19.8588028;0.130113587;ZTF;ZTF(zr);ZTF
59524.5511921;20.1416187;0.1380831;ZTF;ZTF(zg);ZTF
59526.4746875;20.4306927;0.163901031;ZTF;ZTF(zg);ZTF
59526.5198032;19.7599258;0.122051619;ZTF;ZTF(zr);ZTF
59529.5003009;19.7159481;0.118551105;ZTF;ZTF(zr);ZTF
59531.449537;19.9300976;0.136059761;ZTF;ZTF(zr);ZTF
59531.4850116;20.4695168;0.167322218;ZTF;ZTF(zg);ZTF
59531.5274884;19.282053;0.0775081292;ZTF;ZTF(zi);ZTF
59536.516956;19.7865219;0.124195576;ZTF;ZTF(zr);ZTF
59540.495625;19.2434349;0.0754393935;ZTF;ZTF(zi);ZTF
59550.4975231;20.7457352;0.189984798;ZTF;ZTF(zg);ZTF
59551.39409237;15.614;0.189;NEOWISE;WISE(W1);NEOWISE
59551.39409237;15.414;0.479;NEOWISE;WISE(W2);NEOWISE
59551.52423172;15.221;0.469;NEOWISE;WISE(W2);NEOWISE
59551.52423172;15.56;0.151;NEOWISE;WISE(W1);NEOWISE
59551.65538973;15.563;0.164;NEOWISE;WISE(W1);NEOWISE
59551.65538973;14.496;0.375;NEOWISE;WISE(W2);NEOWISE
59551.7860385;14.91;0.312;NEOWISE;WISE(W2);NEOWISE
59551.7860385;16.007;0.299;NEOWISE;WISE(W1);NEOWISE
59551.85149021;15.262;0.542;NEOWISE;WISE(W2);NEOWISE
59551.85149021;16.176;0.268;NEOWISE;WISE(W1);NEOWISE
59551.91681451;15.685;0.158;NEOWISE;WISE(W1);NEOWISE
59551.98213891;15.08;0.411;NEOWISE;WISE(W2);NEOWISE
59551.98213891;15.958;0.207;NEOWISE;WISE(W1);NEOWISE
59552.04746326;15.456;0.133;NEOWISE;WISE(W1);NEOWISE
59552.04746326;14.775;0.332;NEOWISE;WISE(W2);NEOWISE
59552.11227831;16.001;0.226;NEOWISE;WISE(W1);NEOWISE
59552.24343632;15.546;0.209;NEOWISE;WISE(W1);NEOWISE
59552.3742124;15.509;0.268;NEOWISE;WISE(W1);NEOWISE
59552.3742124;14.888;0.335;NEOWISE;WISE(W2);NEOWISE
59622.398831;19.8092766;0.126044855;ZTF;ZTF(zr);ZTF
59622.4203472;19.4430695;0.0867116526;ZTF;ZTF(zi);ZTF
59622.4833102;19.7294884;0.119622782;ZTF;ZTF(zr);ZTF
59622.4842708;19.9446411;0.137283012;ZTF;ZTF(zr);ZTF
59623.2760532;19.6868;0.116263479;ZTF;ZTF(zr);ZTF
59623.3977083;19.7762337;0.123363882;ZTF;ZTF(zr);ZTF
59623.4856713;20.2372131;0.146573663;ZTF;ZTF(zg);ZTF
59624.3847917;19.8747063;0.131431714;ZTF;ZTF(zr);ZTF
59625.2584259;19.7384796;0.120337419;ZTF;ZTF(zr);ZTF
59625.3198264;19.3997841;0.0841454193;ZTF;ZTF(zi);ZTF
59629.4630208;19.7438393;0.120764576;ZTF;ZTF(zr);ZTF
59629.5168634;19.675848;0.115410939;ZTF;ZTF(zr);ZTF
59630.3495718;19.4058838;0.0845029056;ZTF;ZTF(zi);ZTF
59630.4838657;19.8530598;0.12963897;ZTF;ZTF(zr);ZTF
59636.2457292;20.616293;0.179438233;ZTF;ZTF(zg);ZTF
59636.3387616;19.735733;0.120118834;ZTF;ZTF(zr);ZTF
59636.39625;19.3984947;0.0840699971;ZTF;ZTF(zi);ZTF
59636.3996412;19.7923031;0.124664068;ZTF;ZTF(zr);ZTF
59636.4135995;19.6754284;0.115378365;ZTF;ZTF(zr);ZTF
59636.453044;20.4426556;0.164959207;ZTF;ZTF(zg);ZTF
59637.2280787;20.6666508;0.183541179;ZTF;ZTF(zg);ZTF
59637.3751852;20.8692741;0.200050354;ZTF;ZTF(zg);ZTF
59638.4028704;20.4457798;0.165235162;ZTF;ZTF(zg);ZTF
59638.4403819;20.7218628;0.18803978;ZTF;ZTF(zg);ZTF
59638.4647801;19.8774834;0.131662458;ZTF;ZTF(zr);ZTF
59639.2569097;19.7315598;0.119787171;ZTF;ZTF(zr);ZTF
59639.2807176;20.5084438;0.170650959;ZTF;ZTF(zg);ZTF
59639.2816667;20.5106544;0.170831084;ZTF;ZTF(zg);ZTF
59639.2959491;19.7268066;0.119410068;ZTF;ZTF(zr);ZTF
59639.4453819;19.5915203;0.108981669;ZTF;ZTF(zr);ZTF
59640.3152199;19.7841873;0.124006569;ZTF;ZTF(zr);ZTF
59640.3989352;19.7742901;0.12320713;ZTF;ZTF(zr);ZTF
59640.4511806;20.6688919;0.183723807;ZTF;ZTF(zg);ZTF
59641.2990046;19.8748283;0.131441921;ZTF;ZTF(zr);ZTF
59641.3184954;19.8375435;0.128360122;ZTF;ZTF(zr);ZTF
59670.3534491;20.6607819;0.18306303;ZTF;ZTF(zg);ZTF
59670.3652315;19.8026676;0.125506356;ZTF;ZTF(zr);ZTF
59671.2998727;19.4609051;0.0877888054;ZTF;ZTF(zi);ZTF
59671.3380671;19.7744751;0.123222023;ZTF;ZTF(zr);ZTF
59671.4145602;20.6308823;0.180626869;ZTF;ZTF(zg);ZTF
59674.3199074;19.8041916;0.125630409;ZTF;ZTF(zr);ZTF
59674.3520949;19.6101723;0.0972492844;ZTF;ZTF(zi);ZTF
59674.3813079;20.9166222;0.203908205;ZTF;ZTF(zg);ZTF
59676.3320718;20.4036293;0.161495835;ZTF;ZTF(zg);ZTF
59676.3529398;19.7850094;0.124073111;ZTF;ZTF(zr);ZTF
59677.2698148;19.402813;0.0843227431;ZTF;ZTF(zi);ZTF
59678.2557755;19.8629341;0.130455539;ZTF;ZTF(zr);ZTF
59678.3200231;20.6492214;0.182121158;ZTF;ZTF(zg);ZTF
59680.3395602;19.5631313;0.106873348;ZTF;ZTF(zr);ZTF
59685.2781597;19.4132576;0.0849369317;ZTF;ZTF(zi);ZTF
59687.347338;19.4600639;0.099470377;ZTF;ZTF(zr);ZTF
59689.2585532;19.691309;0.116615564;ZTF;ZTF(zr);ZTF
59693.2468634;20.360775;0.157663882;ZTF;ZTF(zg);ZTF
59694.2073495;19.2194023;0.0741788074;ZTF;ZTF(zi);ZTF
59695.2129977;19.6962891;0.117005259;ZTF;ZTF(zr);ZTF
59697.2671875;20.7858524;0.193253398;ZTF;ZTF(zg);ZTF
59697.311088;19.7305641;0.119708136;ZTF;ZTF(zr);ZTF
59699.2636227;19.7257614;0.11932721;ZTF;ZTF(zr);ZTF
59700.2178588;19.4138889;0.0849742144;ZTF;ZTF(zi);ZTF
59701.261169;20.8144112;0.195580363;ZTF;ZTF(zg);ZTF
59701.2884606;20.4730949;0.167635441;ZTF;ZTF(zg);ZTF
59706.87438009;15.738;0.207;NEOWISE;WISE(W1);NEOWISE
59706.87450745;15.394;0.449;NEOWISE;WISE(W2);NEOWISE
59706.87450745;15.451;0.155;NEOWISE;WISE(W1);NEOWISE
59707.00502883;15.807;0.203;NEOWISE;WISE(W1);NEOWISE
59707.1350409;15.47;0.15;NEOWISE;WISE(W1);NEOWISE
59707.1350409;14.576;0.27;NEOWISE;WISE(W2);NEOWISE
59707.2660716;15.766;0.211;NEOWISE;WISE(W1);NEOWISE
59707.3312686;15.824;0.214;NEOWISE;WISE(W1);NEOWISE
59707.3312686;15.162;0.471;NEOWISE;WISE(W2);NEOWISE
59707.39659297;15.372;0.127;NEOWISE;WISE(W1);NEOWISE
59707.39659297;14.941;0.371;NEOWISE;WISE(W2);NEOWISE
59707.46178998;15.543;0.168;NEOWISE;WISE(W1);NEOWISE
59707.52660499;14.982;0.396;NEOWISE;WISE(W2);NEOWISE
59707.52660499;15.571;0.148;NEOWISE;WISE(W1);NEOWISE
59707.59231137;15.014;0.481;NEOWISE;WISE(W2);NEOWISE
59707.59231137;15.585;0.219;NEOWISE;WISE(W1);NEOWISE
59707.59243873;14.688;0.269;NEOWISE;WISE(W2);NEOWISE
59707.59243873;15.997;0.22;NEOWISE;WISE(W1);NEOWISE
59707.72283274;15.73;0.173;NEOWISE;WISE(W1);NEOWISE
59707.72296006;15.766;0.205;NEOWISE;WISE(W1);NEOWISE
59707.85348153;15.278;0.111;NEOWISE;WISE(W1);NEOWISE
59707.85348153;15.294;0.478;NEOWISE;WISE(W2);NEOWISE
59708.2371875;19.8447933;0.128956914;ZTF;ZTF(zr);ZTF
59710.20248493;16.158;0.309;NEOWISE;WISE(W1);NEOWISE
59710.20248493;14.709;0.486;NEOWISE;WISE(W2);NEOWISE
59710.2678092;15.49;0.161;NEOWISE;WISE(W1);NEOWISE
59710.33300622;15.392;0.171;NEOWISE;WISE(W1);NEOWISE
59710.39833058;15.436;0.172;NEOWISE;WISE(W1);NEOWISE
59710.46352755;15.86;0.227;NEOWISE;WISE(W1);NEOWISE
59710.46365491;15.705;0.216;NEOWISE;WISE(W1);NEOWISE
59710.46365491;14.937;0.47;NEOWISE;WISE(W2);NEOWISE
59710.52885191;14.97;0.515;NEOWISE;WISE(W2);NEOWISE
59710.52885191;15.464;0.156;NEOWISE;WISE(W1);NEOWISE
59710.59417628;15.393;0.173;NEOWISE;WISE(W1);NEOWISE
59710.72469762;15.746;0.211;NEOWISE;WISE(W1);NEOWISE
59710.85521899;15.521;0.166;NEOWISE;WISE(W1);NEOWISE
59711.2586111;19.6685123;0.114842065;ZTF;ZTF(zr);ZTF
59713.2362616;19.9367599;0.136619776;ZTF;ZTF(zr);ZTF
59715.176713;19.867691;0.13084963;ZTF;ZTF(zr);ZTF
59715.2127778;20.8977184;0.202367902;ZTF;ZTF(zg);ZTF
59718.2063889;19.6904583;0.116549134;ZTF;ZTF(zr);ZTF
59718.267963;19.8769302;0.131616488;ZTF;ZTF(zr);ZTF
59722.2790394;20.9531345;0.206883073;ZTF;ZTF(zg);ZTF
59724.1816551;19.4203033;0.085353449;ZTF;ZTF(zi);ZTF
59724.2450694;19.9150219;0.134794936;ZTF;ZTF(zr);ZTF
59726.2048843;19.714304;0.118421368;ZTF;ZTF(zr);ZTF
59726.2375116;20.8048096;0.194797993;ZTF;ZTF(zg);ZTF
59731.2496296;19.9232159;0.135481969;ZTF;ZTF(zr);ZTF
59732.2411458;19.2901382;0.0779479519;ZTF;ZTF(zi);ZTF
59733.2156597;19.8453083;0.128999367;ZTF;ZTF(zr);ZTF
59738.2462731;19.7699547;0.122857764;ZTF;ZTF(zr);ZTF
59739.2166088;19.3428268;0.0808718577;ZTF;ZTF(zi);ZTF
59740.1912269;19.9849663;0.140688285;ZTF;ZTF(zr);ZTF
59742.1993866;19.3037376;0.0786930993;ZTF;ZTF(zi);ZTF
59742.2377778;19.5918732;0.109008059;ZTF;ZTF(zr);ZTF
59748.1989352;19.3270588;0.0799863487;ZTF;ZTF(zi);ZTF
59755.196875;19.3845577;0.0832588151;ZTF;ZTF(zi);ZTF
59781.178287;19.7884598;0.124352477;ZTF;ZTF(zr);ZTF
59781.1792361;19.7432785;0.120719872;ZTF;ZTF(zr);ZTF
59781.1811111;19.8861942;0.132387042;ZTF;ZTF(zr);ZTF
59786.1690278;19.3751602;0.0936783552;ZTF;ZTF(zr);ZTF
59786.1737616;19.7034874;0.117569841;ZTF;ZTF(zr);ZTF
59788.1681597;19.3209381;0.0901274681;ZTF;ZTF(zr);ZTF
59789.1659028;19.9195099;0.135171086;ZTF;ZTF(zr);ZTF
59789.170625;19.913372;0.134656727;ZTF;ZTF(zr);ZTF
59789.1729977;19.6537971;0.113706335;ZTF;ZTF(zr);ZTF
59790.1702315;19.6862297;0.116219036;ZTF;ZTF(zr);ZTF
59862.531169;19.6009178;0.109685913;ZTF;ZTF(zr);ZTF
59863.5262963;19.703722;0.117588297;ZTF;ZTF(zr);ZTF
59865.5314005;19.9963455;0.141652092;ZTF;ZTF(zr);ZTF
59865.5387269;19.4572468;0.0992737263;ZTF;ZTF(zr);ZTF
59866.5287731;19.8549366;0.129793957;ZTF;ZTF(zr);ZTF
59866.5311458;19.7495461;0.121220291;ZTF;ZTF(zr);ZTF
59866.5335185;19.675211;0.115361422;ZTF;ZTF(zr);ZTF
59874.5196528;19.8850746;0.13229385;ZTF;ZTF(zr);ZTF
59874.5246412;19.7607708;0.122119442;ZTF;ZTF(zr);ZTF
59874.5271412;19.8304749;0.127779335;ZTF;ZTF(zr);ZTF
59874.5296412;20.0208073;0.143726662;ZTF;ZTF(zr);ZTF
59876.5217824;19.9002151;0.133556396;ZTF;ZTF(zr);ZTF
59876.5242593;19.7072678;0.117867112;ZTF;ZTF(zr);ZTF
59876.5267361;19.833168;0.128000438;ZTF;ZTF(zr);ZTF
59876.529213;19.8705425;0.131086096;ZTF;ZTF(zr);ZTF
59876.5316898;19.9010391;0.133625194;ZTF;ZTF(zr);ZTF
59884.5212269;21.1099987;0.219663978;ZTF;ZTF(zg);ZTF
59902.488287;18.7995148;0.0553063191;ZTF;ZTF(zi);ZTF
59902.5312384;19.8955975;0.133170858;ZTF;ZTF(zr);ZTF
59904.4766782;19.9136391;0.134679094;ZTF;ZTF(zr);ZTF
59906.4553588;19.7180672;0.118718475;ZTF;ZTF(zr);ZTF
59909.4523264;19.8434792;0.128848672;ZTF;ZTF(zr);ZTF
59913.5312037;19.9151268;0.134803712;ZTF;ZTF(zr);ZTF
59914.453831;19.3298531;0.0801426172;ZTF;ZTF(zi);ZTF
59915.51975177;15.767;0.23;NEOWISE;WISE(W1);NEOWISE
59915.51975177;15.124;0.374;NEOWISE;WISE(W2);NEOWISE
59915.51987914;15.174;0.413;NEOWISE;WISE(W2);NEOWISE
59915.51987914;16.325;0.33;NEOWISE;WISE(W1);NEOWISE
59915.65014594;15.682;0.168;NEOWISE;WISE(W1);NEOWISE
59915.65014594;14.731;0.323;NEOWISE;WISE(W2);NEOWISE
59915.78041273;14.626;0.412;NEOWISE;WISE(W2);NEOWISE
59915.78041273;15.586;0.163;NEOWISE;WISE(W1);NEOWISE
59915.91067957;15.281;0.178;NEOWISE;WISE(W1);NEOWISE
59915.91067957;14.892;0.396;NEOWISE;WISE(W2);NEOWISE
59915.9108069;15.605;0.152;NEOWISE;WISE(W1);NEOWISE
59915.9108069;15.087;0.398;NEOWISE;WISE(W2);NEOWISE
59915.97587665;15.597;0.16;NEOWISE;WISE(W1);NEOWISE
59915.97587665;14.566;0.297;NEOWISE;WISE(W2);NEOWISE
59916.04107374;16.595;0.384;NEOWISE;WISE(W1);NEOWISE
59916.04107374;14.568;0.399;NEOWISE;WISE(W2);NEOWISE
59916.10614345;14.905;0.309;NEOWISE;WISE(W2);NEOWISE
59916.10614345;15.96;0.213;NEOWISE;WISE(W1);NEOWISE
59916.10627082;15.773;0.176;NEOWISE;WISE(W1);NEOWISE
59916.10627082;15.245;0.489;NEOWISE;WISE(W2);NEOWISE
59916.17134058;15.525;0.148;NEOWISE;WISE(W1);NEOWISE
59916.17134058;14.811;0.349;NEOWISE;WISE(W2);NEOWISE
59916.23653757;14.638;0.43;NEOWISE;WISE(W2);NEOWISE
59916.23653757;15.603;0.215;NEOWISE;WISE(W1);NEOWISE
59916.49707174;15.871;0.213;NEOWISE;WISE(W1);NEOWISE
59916.49707174;15.256;0.504;NEOWISE;WISE(W2);NEOWISE
59923.4556597;19.7926292;0.12469057;ZTF;ZTF(zr);ZTF
59930.4236806;19.654789;0.113782652;ZTF;ZTF(zr);ZTF
59930.5247454;20.5592155;0.17478776;ZTF;ZTF(zg);ZTF
59931.5394907;20.6854095;0.18506968;ZTF;ZTF(zg);ZTF
59932.4582176;20.9217472;0.204325795;ZTF;ZTF(zg);ZTF
59932.4896759;20.6835537;0.184918404;ZTF;ZTF(zg);ZTF
59934.411713;20.3233738;0.154306501;ZTF;ZTF(zg);ZTF
59934.4725231;19.8785229;0.131748855;ZTF;ZTF(zr);ZTF
59935.375;19.7696667;0.122834638;ZTF;ZTF(zr);ZTF
59935.3930208;20.6972847;0.186037183;ZTF;ZTF(zg);ZTF
59935.4587731;20.7274513;0.18849504;ZTF;ZTF(zg);ZTF
59936.4764815;19.5327568;0.0922439098;ZTF;ZTF(zi);ZTF
59937.4623148;19.7746696;0.123237707;ZTF;ZTF(zr);ZTF
59937.4632639;19.8824806;0.132077962;ZTF;ZTF(zr);ZTF
59957.3117824;20.0526257;0.146428496;ZTF;ZTF(zr);ZTF
59957.4646296;19.8692589;0.130979702;ZTF;ZTF(zr);ZTF
59965.4132755;20.4123058;0.1622684;ZTF;ZTF(zg);ZTF
59965.4252894;19.4442444;0.0983699411;ZTF;ZTF(zr);ZTF
59967.446169;19.3012085;0.0785539821;ZTF;ZTF(zi);ZTF
59968.3830093;19.6914787;0.116628893;ZTF;ZTF(zr);ZTF
59970.4293056;18.9827518;0.0628330931;ZTF;ZTF(zi);ZTF
59971.3358449;19.7088718;0.11799328;ZTF;ZTF(zr);ZTF
59971.3784375;20.8155212;0.195670724;ZTF;ZTF(zg);ZTF
59971.4214699;19.8324261;0.127939552;ZTF;ZTF(zr);ZTF
59972.3001389;19.9360142;0.136557013;ZTF;ZTF(zr);ZTF
59972.3818866;19.8008385;0.125357449;ZTF;ZTF(zr);ZTF
59972.4421065;20.6702309;0.183832884;ZTF;ZTF(zg);ZTF
59972.5250347;20.7411461;0.189610839;ZTF;ZTF(zg);ZTF
59977.397419;19.9722404;0.13961181;ZTF;ZTF(zr);ZTF
59979.3812847;19.3811817;0.0830633789;ZTF;ZTF(zi);ZTF
59979.4123611;19.8854771;0.132327288;ZTF;ZTF(zr);ZTF
59984.4203356;19.6914902;0.116629727;ZTF;ZTF(zr);ZTF
59985.369213;19.3884296;0.0834834725;ZTF;ZTF(zi);ZTF
59987.4844907;19.9754467;0.139882833;ZTF;ZTF(zr);ZTF
59993.3256366;19.7304401;0.119698301;ZTF;ZTF(zr);ZTF
59994.2730208;19.9454212;0.137348667;ZTF;ZTF(zr);ZTF
59994.3513194;19.7784138;0.123539887;ZTF;ZTF(zr);ZTF
59994.3958565;19.2472916;0.0756436512;ZTF;ZTF(zi);ZTF
59994.4103009;20.9914951;0.210008621;ZTF;ZTF(zg);ZTF
59996.3060301;20.8794594;0.200880289;ZTF;ZTF(zg);ZTF
59996.3281597;19.7544212;0.121610411;ZTF;ZTF(zr);ZTF
59996.4269907;20.8297901;0.196833372;ZTF;ZTF(zg);ZTF
59996.4478935;19.9123707;0.134572878;ZTF;ZTF(zr);ZTF
60016.2666088;19.9484577;0.137604445;ZTF;ZTF(zr);ZTF
60020.2213542;20.7961197;0.194090009;ZTF;ZTF(zg);ZTF
60020.3209028;19.9347839;0.136453584;ZTF;ZTF(zr);ZTF
60030.3604398;19.627737;0.111712873;ZTF;ZTF(zr);ZTF
60036.2699769;19.7441959;0.120793;ZTF;ZTF(zr);ZTF
60043.3546065;19.9209595;0.135292649;ZTF;ZTF(zr);ZTF
60045.319537;20.9642544;0.207789063;ZTF;ZTF(zg);ZTF
60050.1821065;20.8342533;0.19719696;ZTF;ZTF(zg);ZTF
60052.2679745;20.5460701;0.173716664;ZTF;ZTF(zg);ZTF
60052.2779977;19.7500782;0.121262908;ZTF;ZTF(zr);ZTF
60058.2140509;19.7534847;0.121535376;ZTF;ZTF(zr);ZTF
60058.2993403;20.6258106;0.18021369;ZTF;ZTF(zg);ZTF
60060.2420718;20.6574516;0.18279171;ZTF;ZTF(zg);ZTF
60062.2574537;20.784256;0.193123341;ZTF;ZTF(zg);ZTF
60074.03827898;15.236;0.155;NEOWISE;WISE(W1);NEOWISE
60074.03827898;14.847;0.316;NEOWISE;WISE(W2);NEOWISE
60074.1681637;15.501;0.241;NEOWISE;WISE(W1);NEOWISE
60074.1681637;15.121;0.434;NEOWISE;WISE(W2);NEOWISE
60074.29804843;15.611;0.222;NEOWISE;WISE(W1);NEOWISE
60074.36299081;14.91;0.265;NEOWISE;WISE(W2);NEOWISE
60074.36299081;15.661;0.167;NEOWISE;WISE(W1);NEOWISE
60074.42793321;15.708;0.159;NEOWISE;WISE(W1);NEOWISE
60074.42793321;15.03;0.376;NEOWISE;WISE(W2);NEOWISE
60074.49287554;15.504;0.149;NEOWISE;WISE(W1);NEOWISE
60074.55769061;15.399;0.46;NEOWISE;WISE(W2);NEOWISE
60074.55769061;15.872;0.23;NEOWISE;WISE(W1);NEOWISE
60074.55781793;14.994;0.328;NEOWISE;WISE(W2);NEOWISE
60074.55781793;15.495;0.25;NEOWISE;WISE(W1);NEOWISE
60074.62263295;15.327;0.173;NEOWISE;WISE(W1);NEOWISE
60074.62276031;15.053;0.32;NEOWISE;WISE(W2);NEOWISE
60074.62276031;15.333;0.122;NEOWISE;WISE(W1);NEOWISE
60074.75251767;16.356;0.306;NEOWISE;WISE(W1);NEOWISE
60074.8824024;15.363;0.137;NEOWISE;WISE(W1);NEOWISE
60074.8824024;14.622;0.313;NEOWISE;WISE(W2);NEOWISE
60075.01228719;14.892;0.364;NEOWISE;WISE(W2);NEOWISE
60075.01228719;15.591;0.185;NEOWISE;WISE(W1);NEOWISE
60077.2902083;20.9810104;0.209154367;ZTF;ZTF(zg);ZTF
60079.3009028;19.7158642;0.118544497;ZTF;ZTF(zr);ZTF
60081.2349074;19.6996078;0.117265381;ZTF;ZTF(zr);ZTF
60083.2178588;19.8906136;0.13275519;ZTF;ZTF(zr);ZTF
60085.2182639;20.8705101;0.200151086;ZTF;ZTF(zg);ZTF
60086.2153125;20.8994312;0.202507496;ZTF;ZTF(zg);ZTF
60089.2360069;19.6934776;0.116785228;ZTF;ZTF(zr);ZTF
60089.2630556;20.8118916;0.195375085;ZTF;ZTF(zg);ZTF
60097.2171065;19.8375053;0.128356993;ZTF;ZTF(zr);ZTF
60105.2208796;20.7925472;0.1937989;ZTF;ZTF(zg);ZTF
60115.2196875;19.8220234;0.127086535;ZTF;ZTF(zr);ZTF
60230.53125;19.8915138;0.132830217;ZTF;ZTF(zr);ZTF
60230.5336806;19.8125324;0.126310512;ZTF;ZTF(zr);ZTF
60230.5385648;19.4059315;0.0957449302;ZTF;ZTF(zr);ZTF
60231.5311111;19.8643494;0.130572736;ZTF;ZTF(zr);ZTF
60260.4929861;20.8536263;0.198775411;ZTF;ZTF(zg);ZTF
60279.89664326;14.368;0.246;NEOWISE;WISE(W2);NEOWISE
60279.89664326;15.171;0.112;NEOWISE;WISE(W1);NEOWISE
60280.02589137;15.81;0.24;NEOWISE;WISE(W1);NEOWISE
60280.15501209;16.309;0.477;NEOWISE;WISE(W1);NEOWISE
60280.15501209;14.77;0.339;NEOWISE;WISE(W2);NEOWISE
60280.15513941;15.491;0.148;NEOWISE;WISE(W1);NEOWISE
60280.15513941;14.077;0.243;NEOWISE;WISE(W2);NEOWISE
60280.2196997;14.548;0.324;NEOWISE;WISE(W2);NEOWISE
60280.2196997;15.668;0.208;NEOWISE;WISE(W1);NEOWISE
60280.28426009;15.16;0.206;NEOWISE;WISE(W1);NEOWISE
60280.34882047;15.314;0.136;NEOWISE;WISE(W1);NEOWISE
60280.41350814;15.587;0.184;NEOWISE;WISE(W1);NEOWISE
60280.41350814;14.879;0.425;NEOWISE;WISE(W2);NEOWISE
60280.47806853;15.745;0.319;NEOWISE;WISE(W1);NEOWISE
60280.60731657;14.475;0.293;NEOWISE;WISE(W2);NEOWISE
60280.60731657;15.152;0.148;NEOWISE;WISE(W1);NEOWISE
60280.73643726;15.679;0.197;NEOWISE;WISE(W1);NEOWISE
60283.57900425;15.746;0.198;NEOWISE;WISE(W1);NEOWISE
60283.70825225;15.443;0.156;NEOWISE;WISE(W1);NEOWISE
60283.70825225;14.718;0.377;NEOWISE;WISE(W2);NEOWISE
60291.4654861;21.0028915;0.210937142;ZTF;ZTF(zg);ZTF
60315.3825231;19.8624554;0.130415857;ZTF;ZTF(zr);ZTF
60324.4041435;20.9539032;0.206945777;ZTF;ZTF(zg);ZTF
60354.4795023;21.0841446;0.21755743;ZTF;ZTF(zg);ZTF
60374.3599537;20.3454475;0.170513108;ZTF;ZTF(zr);ZTF
60398.2446181;20.8199215;0.196029305;ZTF;ZTF(zg);ZTF
60398.3682523;19.8511772;0.129483551;ZTF;ZTF(zr);ZTF
60404.328588;20.8115807;0.195349693;ZTF;ZTF(zg);ZTF
60409.1460532;19.9087315;0.134268343;ZTF;ZTF(zr);ZTF
60409.2058912;21.0296898;0.21312058;ZTF;ZTF(zg);ZTF
60409.3448611;19.3817844;0.0830981955;ZTF;ZTF(zi);ZTF
60413.3031713;20.880703;0.200981617;ZTF;ZTF(zg);ZTF
60445.2662616;20.5994606;0.17806673;ZTF;ZTF(zg);ZTF
60460.2219907;21.1736317;0.224848628;ZTF;ZTF(zg);ZTF
60462.2245255;21.0211029;0.21242094;ZTF;ZTF(zg);ZTF
