MJD;Magnitude;Error;Facility;Filter;Observer
51135.064999999944;15.263;0.204;2MASS;2MASS(K);2MASS
51135.064999999944;15.745;0.088;2MASS;2MASS(J);2MASS
51135.064999999944;14.996;0.128;2MASS;2MASS(H);2MASS
53579.78057;16.57;0.13;CRTS;CRTS(CL);CRTS
53579.79245;16.57;0.13;CRTS;CRTS(CL);CRTS
53579.80481;16.55;0.13;CRTS;CRTS(CL);CRTS
53579.81725;16.62;0.13;CRTS;CRTS(CL);CRTS
53645.67515;16.6;0.15;CRTS;CRTS(CL);CRTS
53645.68471;16.56;0.15;CRTS;CRTS(CL);CRTS
53645.69428;16.58;0.15;CRTS;CRTS(CL);CRTS
53645.70398;16.64;0.16;CRTS;CRTS(CL);CRTS
53667.6254;16.64;0.13;CRTS;CRTS(CL);CRTS
53667.63412;16.62;0.12;CRTS;CRTS(CL);CRTS
53667.64344;16.72;0.13;CRTS;CRTS(CL);CRTS
53667.65212;16.56;0.12;CRTS;CRTS(CL);CRTS
53673.29732;16.49;0.07;CRTS;CRTS(CL);CRTS
53673.30291;16.41;0.07;CRTS;CRTS(CL);CRTS
53673.3085;16.52;0.08;CRTS;CRTS(CL);CRTS
53673.31409;16.44;0.07;CRTS;CRTS(CL);CRTS
53680.24755;16.44;0.07;CRTS;CRTS(CL);CRTS
53680.25241;16.45;0.07;CRTS;CRTS(CL);CRTS
53680.25731;16.39;0.07;CRTS;CRTS(CL);CRTS
53680.26215;16.34;0.07;CRTS;CRTS(CL);CRTS
53709.57793;16.54;0.13;CRTS;CRTS(CL);CRTS
53709.58816;16.67;0.14;CRTS;CRTS(CL);CRTS
53709.59839;16.5;0.13;CRTS;CRTS(CL);CRTS
53709.60858;16.63;0.14;CRTS;CRTS(CL);CRTS
53730.49634;16.51;0.13;CRTS;CRTS(CL);CRTS
53730.50572;16.55;0.13;CRTS;CRTS(CL);CRTS
53730.51507;16.67;0.14;CRTS;CRTS(CL);CRTS
53730.52448;16.51;0.14;CRTS;CRTS(CL);CRTS
53953.72708;16.54;0.13;CRTS;CRTS(CL);CRTS
53953.73393;16.56;0.13;CRTS;CRTS(CL);CRTS
53953.7408;16.63;0.14;CRTS;CRTS(CL);CRTS
53953.7479;16.57;0.13;CRTS;CRTS(CL);CRTS
54001.67112;16.46;0.13;CRTS;CRTS(CL);CRTS
54001.67385;16.52;0.13;CRTS;CRTS(CL);CRTS
54001.67652;16.52;0.13;CRTS;CRTS(CL);CRTS
54001.67917;16.62;0.13;CRTS;CRTS(CL);CRTS
54005.37756;16.47;0.07;CRTS;CRTS(CL);CRTS
54005.38706;16.46;0.07;CRTS;CRTS(CL);CRTS
54005.39655;16.47;0.07;CRTS;CRTS(CL);CRTS
54005.40607;16.76;0.08;CRTS;CRTS(CL);CRTS
54011.61827;16.64;0.13;CRTS;CRTS(CL);CRTS
54011.63014;16.71;0.14;CRTS;CRTS(CL);CRTS
54011.64192;16.65;0.13;CRTS;CRTS(CL);CRTS
54011.65255;16.54;0.13;CRTS;CRTS(CL);CRTS
54019.63773;16.49;0.13;CRTS;CRTS(CL);CRTS
54019.64809;16.56;0.13;CRTS;CRTS(CL);CRTS
54019.65836;16.57;0.13;CRTS;CRTS(CL);CRTS
54019.66865;16.68;0.13;CRTS;CRTS(CL);CRTS
54054.55618;16.61;0.13;CRTS;CRTS(CL);CRTS
54054.56278;16.8;0.21;CRTS;CRTS(CL);CRTS
54054.56793;16.61;0.13;CRTS;CRTS(CL);CRTS
54064.25504;16.59;0.07;CRTS;CRTS(CL);CRTS
54064.26262;16.42;0.07;CRTS;CRTS(CL);CRTS
54064.27024;16.43;0.07;CRTS;CRTS(CL);CRTS
54064.27784;16.5;0.07;CRTS;CRTS(CL);CRTS
54076.50412;16.37;0.13;CRTS;CRTS(CL);CRTS
54076.51261;16.33;0.13;CRTS;CRTS(CL);CRTS
54076.52113;16.25;0.12;CRTS;CRTS(CL);CRTS
54076.52965;16.86;0.16;CRTS;CRTS(CL);CRTS
54108.49949;16.53;0.14;CRTS;CRTS(CL);CRTS
54108.50801;16.53;0.13;CRTS;CRTS(CL);CRTS
54108.51654;16.6;0.14;CRTS;CRTS(CL);CRTS
54108.52511;16.57;0.14;CRTS;CRTS(CL);CRTS
54303.703;16.59;0.14;CRTS;CRTS(CL);CRTS
54303.71097;16.48;0.13;CRTS;CRTS(CL);CRTS
54303.71904;16.64;0.2;CRTS;CRTS(CL);CRTS
54303.72698;16.55;0.14;CRTS;CRTS(CL);CRTS
54324.78795;16.64;0.11;CRTS;CRTS(CL);CRTS
54324.79643;16.57;0.11;CRTS;CRTS(CL);CRTS
54324.80466;16.49;0.1;CRTS;CRTS(CL);CRTS
54324.81308;16.54;0.11;CRTS;CRTS(CL);CRTS
54357.6162;16.55;0.11;CRTS;CRTS(CL);CRTS
54357.63356;16.46;0.1;CRTS;CRTS(CL);CRTS
54357.65153;16.58;0.11;CRTS;CRTS(CL);CRTS
54357.67123;16.54;0.11;CRTS;CRTS(CL);CRTS
54386.2898;16.48;0.07;CRTS;CRTS(CL);CRTS
54386.29719;16.51;0.07;CRTS;CRTS(CL);CRTS
54386.30464;16.45;0.07;CRTS;CRTS(CL);CRTS
54387.3579;16.5;0.07;CRTS;CRTS(CL);CRTS
54387.36338;16.47;0.07;CRTS;CRTS(CL);CRTS
54387.36886;16.5;0.07;CRTS;CRTS(CL);CRTS
54387.37435;16.51;0.07;CRTS;CRTS(CL);CRTS
54409.28624;16.39;0.07;CRTS;CRTS(CL);CRTS
54409.28946;16.34;0.07;CRTS;CRTS(CL);CRTS
54409.29266;16.41;0.07;CRTS;CRTS(CL);CRTS
54409.2959;16.48;0.07;CRTS;CRTS(CL);CRTS
54418.24657;16.44;0.07;CRTS;CRTS(CL);CRTS
54418.253;16.53;0.07;CRTS;CRTS(CL);CRTS
54418.25945;16.42;0.07;CRTS;CRTS(CL);CRTS
54418.26604;16.43;0.07;CRTS;CRTS(CL);CRTS
54445.49231;16.59;0.14;CRTS;CRTS(CL);CRTS
54445.50142;16.65;0.15;CRTS;CRTS(CL);CRTS
54445.51042;16.48;0.13;CRTS;CRTS(CL);CRTS
54445.51953;16.45;0.13;CRTS;CRTS(CL);CRTS
54475.52129;16.63;0.14;CRTS;CRTS(CL);CRTS
54475.53019;16.59;0.14;CRTS;CRTS(CL);CRTS
54475.53903;16.48;0.13;CRTS;CRTS(CL);CRTS
54475.54788;16.55;0.14;CRTS;CRTS(CL);CRTS
54644.76945;16.64;0.12;CRTS;CRTS(CL);CRTS
54644.77814;16.4;0.11;CRTS;CRTS(CL);CRTS
54644.78696;16.51;0.11;CRTS;CRTS(CL);CRTS
54644.79586;16.52;0.11;CRTS;CRTS(CL);CRTS
54702.66294;16.65;0.12;CRTS;CRTS(CL);CRTS
54702.67395;16.47;0.12;CRTS;CRTS(CL);CRTS
54702.70238;16.51;0.11;CRTS;CRTS(CL);CRTS
54702.7156;16.5;0.11;CRTS;CRTS(CL);CRTS
54702.7409;16.57;0.11;CRTS;CRTS(CL);CRTS
54702.75202;16.63;0.12;CRTS;CRTS(CL);CRTS
54703.74405;16.56;0.12;CRTS;CRTS(CL);CRTS
54703.75559;16.43;0.11;CRTS;CRTS(CL);CRTS
54703.76688;16.47;0.11;CRTS;CRTS(CL);CRTS
54703.77801;16.68;0.12;CRTS;CRTS(CL);CRTS
54719.68976;16.57;0.1;CRTS;CRTS(CL);CRTS
54719.70294;16.61;0.1;CRTS;CRTS(CL);CRTS
54719.7161;16.57;0.1;CRTS;CRTS(CL);CRTS
54719.73117;16.49;0.1;CRTS;CRTS(CL);CRTS
54733.69891;16.49;0.08;CRTS;CRTS(CL);CRTS
54733.71338;16.49;0.08;CRTS;CRTS(CL);CRTS
54733.72786;16.51;0.08;CRTS;CRTS(CL);CRTS
54733.74237;16.55;0.08;CRTS;CRTS(CL);CRTS
54766.64474;16.54;0.1;CRTS;CRTS(CL);CRTS
54766.65856;16.5;0.1;CRTS;CRTS(CL);CRTS
54766.67238;16.54;0.1;CRTS;CRTS(CL);CRTS
54766.68619;16.57;0.11;CRTS;CRTS(CL);CRTS
54794.22677;16.57;0.08;CRTS;CRTS(CL);CRTS
54794.23263;16.54;0.08;CRTS;CRTS(CL);CRTS
54794.24007;16.53;0.08;CRTS;CRTS(CL);CRTS
54794.26958;16.71;0.09;CRTS;CRTS(CL);CRTS
54804.14566;16.44;0.07;CRTS;CRTS(CL);CRTS
54804.15289;16.48;0.07;CRTS;CRTS(CL);CRTS
54804.16013;16.5;0.07;CRTS;CRTS(CL);CRTS
54804.16731;16.48;0.07;CRTS;CRTS(CL);CRTS
54820.44799;16.56;0.1;CRTS;CRTS(CL);CRTS
54820.45864;16.59;0.11;CRTS;CRTS(CL);CRTS
54820.46936;16.54;0.1;CRTS;CRTS(CL);CRTS
54820.48002;16.55;0.1;CRTS;CRTS(CL);CRTS
54832.50292;16.56;0.12;CRTS;CRTS(CL);CRTS
54832.51416;16.54;0.1;CRTS;CRTS(CL);CRTS
54832.52541;16.56;0.1;CRTS;CRTS(CL);CRTS
54832.54271;16.58;0.1;CRTS;CRTS(CL);CRTS
54860.48975;16.63;0.12;CRTS;CRTS(CL);CRTS
54860.49352;16.59;0.12;CRTS;CRTS(CL);CRTS
54860.4973;16.64;0.12;CRTS;CRTS(CL);CRTS
54860.50116;16.57;0.12;CRTS;CRTS(CL);CRTS
55035.77682;16.69;0.11;CRTS;CRTS(CL);CRTS
55035.78579;16.37;0.1;CRTS;CRTS(CL);CRTS
55035.79471;16.52;0.1;CRTS;CRTS(CL);CRTS
55035.80344;16.51;0.1;CRTS;CRTS(CL);CRTS
55090.67694;16.5;0.1;CRTS;CRTS(CL);CRTS
55090.68906;16.56;0.1;CRTS;CRTS(CL);CRTS
55090.70102;16.54;0.1;CRTS;CRTS(CL);CRTS
55090.71281;16.58;0.1;CRTS;CRTS(CL);CRTS
55098.38864;16.38;0.07;CRTS;CRTS(CL);CRTS
55098.3954;16.42;0.07;CRTS;CRTS(CL);CRTS
55098.40225;16.42;0.07;CRTS;CRTS(CL);CRTS
55098.40896;16.47;0.07;CRTS;CRTS(CL);CRTS
55104.38867;16.36;0.08;CRTS;CRTS(CL);CRTS
55104.39414;16.49;0.08;CRTS;CRTS(CL);CRTS
55104.39942;16.48;0.09;CRTS;CRTS(CL);CRTS
55104.40495;16.23;0.07;CRTS;CRTS(CL);CRTS
55124.65216;16.49;0.11;CRTS;CRTS(CL);CRTS
55124.66316;16.43;0.11;CRTS;CRTS(CL);CRTS
55124.67421;16.55;0.12;CRTS;CRTS(CL);CRTS
55124.68516;16.52;0.11;CRTS;CRTS(CL);CRTS
55146.28503;16.44;0.07;CRTS;CRTS(CL);CRTS
55146.29341;16.56;0.08;CRTS;CRTS(CL);CRTS
55146.30174;16.54;0.08;CRTS;CRTS(CL);CRTS
55146.31008;16.47;0.07;CRTS;CRTS(CL);CRTS
55153.24181;16.44;0.07;CRTS;CRTS(CL);CRTS
55153.24783;16.48;0.07;CRTS;CRTS(CL);CRTS
55153.25394;16.46;0.07;CRTS;CRTS(CL);CRTS
55153.25996;16.47;0.07;CRTS;CRTS(CL);CRTS
55184.50427;16.63;0.12;CRTS;CRTS(CL);CRTS
55184.51182;16.31;0.12;CRTS;CRTS(CL);CRTS
55184.51935;16.56;0.13;CRTS;CRTS(CL);CRTS
55184.52687;16.39;0.12;CRTS;CRTS(CL);CRTS
55207.2834353;13.985;0.048;ALLWISE;WISE(W1);ALLWISE
55207.2834353;13.994;0.049;ALLWISE;WISE(W1);ALLWISE
55207.2834353;14.219;0.165;ALLWISE;WISE(W2);ALLWISE
55207.2834353;14.207;0.17;ALLWISE;WISE(W2);ALLWISE
55207.3496514;14.112;0.132;ALLWISE;WISE(W2);ALLWISE
55207.3496514;14.07;0.054;ALLWISE;WISE(W1);ALLWISE
55207.3496514;14.065;0.054;ALLWISE;WISE(W1);ALLWISE
55207.3496514;14.109;0.132;ALLWISE;WISE(W2);ALLWISE
55215.47351;16.57;0.12;CRTS;CRTS(CL);CRTS
55215.48057;16.54;0.12;CRTS;CRTS(CL);CRTS
55215.48766;16.53;0.12;CRTS;CRTS(CL);CRTS
55215.49474;16.6;0.12;CRTS;CRTS(CL);CRTS
55393.1651898;14.015;0.151;ALLWISE;WISE(W2);ALLWISE
55393.1651898;14.013;0.136;ALLWISE;WISE(W2);ALLWISE
55393.1651898;14.125;0.06;ALLWISE;WISE(W1);ALLWISE
55393.1651898;14.108;0.059;ALLWISE;WISE(W1);ALLWISE
55393.2973662;13.796;0.102;ALLWISE;WISE(W2);ALLWISE
55393.2973662;14.077;0.059;ALLWISE;WISE(W1);ALLWISE
55393.2973662;13.809;0.103;ALLWISE;WISE(W2);ALLWISE
55393.2973662;14.039;0.057;ALLWISE;WISE(W1);ALLWISE
55393.2974935;13.923;0.12;ALLWISE;WISE(W2);ALLWISE
55393.2974935;14.021;0.054;ALLWISE;WISE(W1);ALLWISE
55393.2974935;13.917;0.122;ALLWISE;WISE(W2);ALLWISE
55393.2974935;14.004;0.053;ALLWISE;WISE(W1);ALLWISE
55393.4296699;13.999;0.051;ALLWISE;WISE(W1);ALLWISE
55393.4296699;13.975;0.128;ALLWISE;WISE(W2);ALLWISE
55393.4296699;14.069;0.057;ALLWISE;WISE(W1);ALLWISE
55393.4296699;13.968;0.127;ALLWISE;WISE(W2);ALLWISE
55393.4958855;14.18;0.06;ALLWISE;WISE(W1);ALLWISE
55393.4958855;14.177;0.06;ALLWISE;WISE(W1);ALLWISE
55393.4958855;13.865;0.13;ALLWISE;WISE(W2);ALLWISE
55393.4958855;13.865;0.129;ALLWISE;WISE(W2);ALLWISE
55393.5619736;14.108;0.062;ALLWISE;WISE(W1);ALLWISE
55393.5619736;14.1;0.056;ALLWISE;WISE(W1);ALLWISE
55393.5619736;13.907;0.116;ALLWISE;WISE(W2);ALLWISE
55393.5619736;13.919;0.118;ALLWISE;WISE(W2);ALLWISE
55393.6281892;13.959;0.122;ALLWISE;WISE(W2);ALLWISE
55393.6281892;14.133;0.06;ALLWISE;WISE(W1);ALLWISE
55393.6281892;14.135;0.058;ALLWISE;WISE(W1);ALLWISE
55393.6281892;13.951;0.122;ALLWISE;WISE(W2);ALLWISE
55393.6942774;13.839;0.12;ALLWISE;WISE(W2);ALLWISE
55393.6942774;14.144;0.058;ALLWISE;WISE(W1);ALLWISE
55393.6942774;14.102;0.056;ALLWISE;WISE(W1);ALLWISE
55393.6942774;13.839;0.115;ALLWISE;WISE(W2);ALLWISE
55393.760493;13.981;0.125;ALLWISE;WISE(W2);ALLWISE
55393.760493;14.089;0.064;ALLWISE;WISE(W1);ALLWISE
55393.760493;14.09;0.063;ALLWISE;WISE(W1);ALLWISE
55393.760493;13.982;0.125;ALLWISE;WISE(W2);ALLWISE
55393.8265812;14.087;0.057;ALLWISE;WISE(W1);ALLWISE
55393.8265812;14.06;0.152;ALLWISE;WISE(W2);ALLWISE
55393.8265812;14.092;0.057;ALLWISE;WISE(W1);ALLWISE
55393.8265812;14.067;0.152;ALLWISE;WISE(W2);ALLWISE
55394.0251005;13.994;0.05;ALLWISE;WISE(W1);ALLWISE
55394.0251005;13.985;0.117;ALLWISE;WISE(W2);ALLWISE
55394.0251005;13.996;0.118;ALLWISE;WISE(W2);ALLWISE
55394.0251005;13.992;0.05;ALLWISE;WISE(W1);ALLWISE
55394.1572769;14.304;0.068;ALLWISE;WISE(W1);ALLWISE
55394.1572769;13.895;0.121;ALLWISE;WISE(W2);ALLWISE
55394.1572769;14.306;0.068;ALLWISE;WISE(W1);ALLWISE
55394.1572769;13.889;0.123;ALLWISE;WISE(W2);ALLWISE
55394.1574042;13.979;0.129;ALLWISE;WISE(W2);ALLWISE
55394.1574042;14.087;0.057;ALLWISE;WISE(W1);ALLWISE
55394.1574042;13.969;0.127;ALLWISE;WISE(W2);ALLWISE
55394.2895806;14.051;0.126;ALLWISE;WISE(W2);ALLWISE
55394.2895806;14.081;0.064;ALLWISE;WISE(W1);ALLWISE
55394.2895806;14.052;0.126;ALLWISE;WISE(W2);ALLWISE
55394.2895806;14.103;0.065;ALLWISE;WISE(W1);ALLWISE
55437.69097;16.57;0.13;CRTS;CRTS(CL);CRTS
55437.72163;16.6;0.13;CRTS;CRTS(CL);CRTS
55503.29463;16.47;0.07;CRTS;CRTS(CL);CRTS
55503.30501;16.4;0.07;CRTS;CRTS(CL);CRTS
55503.3102;16.46;0.07;CRTS;CRTS(CL);CRTS
55513.26571;16.4;0.07;CRTS;CRTS(CL);CRTS
55513.28169;16.45;0.07;CRTS;CRTS(CL);CRTS
55513.28928;16.49;0.07;CRTS;CRTS(CL);CRTS
55533.18661;16.44;0.07;CRTS;CRTS(CL);CRTS
55533.20462;16.42;0.07;CRTS;CRTS(CL);CRTS
55533.21361;16.37;0.07;CRTS;CRTS(CL);CRTS
55542.17308;16.47;0.08;CRTS;CRTS(CL);CRTS
55542.18618;16.42;0.08;CRTS;CRTS(CL);CRTS
55542.19274;16.58;0.11;CRTS;CRTS(CL);CRTS
55544.13374;16.5;0.07;CRTS;CRTS(CL);CRTS
55544.14626;16.45;0.07;CRTS;CRTS(CL);CRTS
55544.15254;16.42;0.07;CRTS;CRTS(CL);CRTS
55568.9787887;14.114;0.148;ALLWISE;WISE(W2);ALLWISE
55568.9787887;14.014;0.061;ALLWISE;WISE(W1);ALLWISE
55568.9787887;14.118;0.148;ALLWISE;WISE(W2);ALLWISE
55568.9787887;14.019;0.061;ALLWISE;WISE(W1);ALLWISE
55568.9789161;13.985;0.147;ALLWISE;WISE(W2);ALLWISE
55568.9789161;14.248;0.064;ALLWISE;WISE(W1);ALLWISE
55568.9789161;14.242;0.064;ALLWISE;WISE(W1);ALLWISE
55568.9789161;13.97;0.144;ALLWISE;WISE(W2);ALLWISE
55569.1110931;14.173;0.148;ALLWISE;WISE(W2);ALLWISE
55569.1110931;14.177;0.067;ALLWISE;WISE(W1);ALLWISE
55569.1110931;14.119;0.066;ALLWISE;WISE(W1);ALLWISE
55569.1110931;14.183;0.15;ALLWISE;WISE(W2);ALLWISE
55569.2433975;14.256;0.076;ALLWISE;WISE(W1);ALLWISE
55569.2433975;14.19;0.164;ALLWISE;WISE(W2);ALLWISE
55569.2433975;14.243;0.075;ALLWISE;WISE(W1);ALLWISE
55569.2433975;14.198;0.165;ALLWISE;WISE(W2);ALLWISE
55569.3094861;14.193;0.148;ALLWISE;WISE(W2);ALLWISE
55569.3094861;14.129;0.057;ALLWISE;WISE(W1);ALLWISE
55569.3094861;14.197;0.149;ALLWISE;WISE(W2);ALLWISE
55569.3094861;14.111;0.056;ALLWISE;WISE(W1);ALLWISE
55569.3755746;13.772;0.107;ALLWISE;WISE(W2);ALLWISE
55569.3755746;14.055;0.056;ALLWISE;WISE(W1);ALLWISE
55569.3755746;13.764;0.106;ALLWISE;WISE(W2);ALLWISE
55569.3755746;14.051;0.056;ALLWISE;WISE(W1);ALLWISE
55569.3757019;14.059;0.059;ALLWISE;WISE(W1);ALLWISE
55569.3757019;14.105;0.061;ALLWISE;WISE(W1);ALLWISE
55569.3757019;13.95;0.123;ALLWISE;WISE(W2);ALLWISE
55569.3757019;13.96;0.125;ALLWISE;WISE(W2);ALLWISE
55569.4417905;14.018;0.053;ALLWISE;WISE(W1);ALLWISE
55569.4417905;13.878;0.119;ALLWISE;WISE(W2);ALLWISE
55569.4417905;14.17;0.061;ALLWISE;WISE(W1);ALLWISE
55569.4417905;13.861;0.117;ALLWISE;WISE(W2);ALLWISE
55569.507879;14.148;0.056;ALLWISE;WISE(W1);ALLWISE
55569.507879;14.206;0.172;ALLWISE;WISE(W2);ALLWISE
55569.507879;14.162;0.057;ALLWISE;WISE(W1);ALLWISE
55569.5739675;14.158;0.154;ALLWISE;WISE(W2);ALLWISE
55569.5739675;14.123;0.069;ALLWISE;WISE(W1);ALLWISE
55569.5739675;14.085;0.067;ALLWISE;WISE(W1);ALLWISE
55569.5739675;14.151;0.153;ALLWISE;WISE(W2);ALLWISE
55569.5740948;14.148;0.152;ALLWISE;WISE(W2);ALLWISE
55569.5740948;14.075;0.06;ALLWISE;WISE(W1);ALLWISE
55569.5740948;14.149;0.152;ALLWISE;WISE(W2);ALLWISE
55569.5740948;14.062;0.059;ALLWISE;WISE(W1);ALLWISE
55569.6401833;14.464;0.196;ALLWISE;WISE(W2);ALLWISE
55569.6401833;14.159;0.063;ALLWISE;WISE(W1);ALLWISE
55569.6401833;14.477;0.198;ALLWISE;WISE(W2);ALLWISE
55569.6401833;14.123;0.061;ALLWISE;WISE(W1);ALLWISE
55569.7062719;14.123;0.054;ALLWISE;WISE(W1);ALLWISE
55569.7062719;14.131;0.143;ALLWISE;WISE(W2);ALLWISE
55569.7062719;14.161;0.056;ALLWISE;WISE(W1);ALLWISE
55569.7062719;14.137;0.144;ALLWISE;WISE(W2);ALLWISE
55569.8385762;14.077;0.064;ALLWISE;WISE(W1);ALLWISE
55569.8385762;14.135;0.147;ALLWISE;WISE(W2);ALLWISE
55569.8385762;14.053;0.062;ALLWISE;WISE(W1);ALLWISE
55569.8385762;14.129;0.146;ALLWISE;WISE(W2);ALLWISE
55569.9707533;14.044;0.056;ALLWISE;WISE(W1);ALLWISE
55569.9707533;14.015;0.055;ALLWISE;WISE(W1);ALLWISE
55569.9708807;14.132;0.096;ALLWISE;WISE(W1);ALLWISE
55569.9708807;14.085;0.139;ALLWISE;WISE(W2);ALLWISE
55569.9708807;14.249;0.107;ALLWISE;WISE(W1);ALLWISE
55569.9708807;14.084;0.139;ALLWISE;WISE(W2);ALLWISE
55570.1030577;13.918;0.12;ALLWISE;WISE(W2);ALLWISE
55570.1030577;14.2;0.059;ALLWISE;WISE(W1);ALLWISE
55570.1030577;14.174;0.058;ALLWISE;WISE(W1);ALLWISE
55570.1030577;13.906;0.119;ALLWISE;WISE(W2);ALLWISE
55574.0048282;14.121;0.153;ALLWISE;WISE(W2);ALLWISE
55574.0048282;14.042;0.057;ALLWISE;WISE(W1);ALLWISE
55574.0048282;14.109;0.152;ALLWISE;WISE(W2);ALLWISE
55574.0048282;14.04;0.057;ALLWISE;WISE(W1);ALLWISE
55574.0709168;14.174;0.155;ALLWISE;WISE(W2);ALLWISE
55574.0709168;14.281;0.067;ALLWISE;WISE(W1);ALLWISE
55574.0709168;14.282;0.068;ALLWISE;WISE(W1);ALLWISE
55574.0709168;14.189;0.158;ALLWISE;WISE(W2);ALLWISE
55588.46765;16.51;0.11;CRTS;CRTS(CL);CRTS
55588.48883;16.61;0.11;CRTS;CRTS(CL);CRTS
55795.78316;16.36;0.09;CRTS;CRTS(CL);CRTS
55795.79262;16.5;0.1;CRTS;CRTS(CL);CRTS
55795.80214;16.45;0.1;CRTS;CRTS(CL);CRTS
55795.81166;16.65;0.1;CRTS;CRTS(CL);CRTS
55853.33425;16.47;0.07;CRTS;CRTS(CL);CRTS
55853.34027;16.48;0.07;CRTS;CRTS(CL);CRTS
55853.3463;16.49;0.07;CRTS;CRTS(CL);CRTS
55853.35231;16.47;0.07;CRTS;CRTS(CL);CRTS
55865.29241;16.36;0.07;CRTS;CRTS(CL);CRTS
55865.29859;16.47;0.07;CRTS;CRTS(CL);CRTS
55865.30476;16.48;0.07;CRTS;CRTS(CL);CRTS
55865.31101;16.46;0.07;CRTS;CRTS(CL);CRTS
55926.48959;16.58;0.1;CRTS;CRTS(CL);CRTS
55926.49902;16.56;0.1;CRTS;CRTS(CL);CRTS
55926.50857;16.59;0.11;CRTS;CRTS(CL);CRTS
55926.51822;16.46;0.1;CRTS;CRTS(CL);CRTS
55971.43293;16.53;0.1;CRTS;CRTS(CL);CRTS
55971.44078;16.55;0.1;CRTS;CRTS(CL);CRTS
55971.44867;16.57;0.1;CRTS;CRTS(CL);CRTS
55971.45656;16.44;0.1;CRTS;CRTS(CL);CRTS
55980.4810861;18.0381;0.004;PS1;PS1(r);PS1
56037.4665854;18.7035;0.004826;PS1;PS1(g);PS1
56179.70919;16.63;0.08;CRTS;CRTS(CL);CRTS
56179.7211;16.6;0.09;CRTS;CRTS(CL);CRTS
56179.73268;16.62;0.09;CRTS;CRTS(CL);CRTS
56179.74429;16.46;0.08;CRTS;CRTS(CL);CRTS
56214.66919;16.55;0.1;CRTS;CRTS(CL);CRTS
56214.68047;16.54;0.1;CRTS;CRTS(CL);CRTS
56214.69183;16.62;0.1;CRTS;CRTS(CL);CRTS
56214.7032;16.45;0.09;CRTS;CRTS(CL);CRTS
56220.31287;16.48;0.07;CRTS;CRTS(CL);CRTS
56220.31901;16.39;0.07;CRTS;CRTS(CL);CRTS
56220.32515;16.49;0.07;CRTS;CRTS(CL);CRTS
56220.3313;16.47;0.07;CRTS;CRTS(CL);CRTS
56269.1716;16.46;0.07;CRTS;CRTS(CL);CRTS
56269.18065;16.39;0.07;CRTS;CRTS(CL);CRTS
56269.18961;16.42;0.07;CRTS;CRTS(CL);CRTS
56269.19864;16.53;0.07;CRTS;CRTS(CL);CRTS
56302.48122;16.5;0.09;CRTS;CRTS(CL);CRTS
56302.49319;16.48;0.09;CRTS;CRTS(CL);CRTS
56302.50524;16.5;0.09;CRTS;CRTS(CL);CRTS
56302.51726;16.57;0.1;CRTS;CRTS(CL);CRTS
56488.5961665;17.8316;0.002169;PS1;PS1(i);PS1
56552.38908;16.53;0.08;CRTS;CRTS(CL);CRTS
56552.39415;16.49;0.08;CRTS;CRTS(CL);CRTS
56552.39932;16.5;0.08;CRTS;CRTS(CL);CRTS
56552.40439;16.45;0.07;CRTS;CRTS(CL);CRTS
56588.2987;16.45;0.07;CRTS;CRTS(CL);CRTS
56588.30477;16.55;0.08;CRTS;CRTS(CL);CRTS
56588.31084;16.49;0.07;CRTS;CRTS(CL);CRTS
56588.31693;16.47;0.07;CRTS;CRTS(CL);CRTS
56665.25248837;13.933;0.166;NEOWISE;WISE(W2);NEOWISE
56665.25248837;14.057;0.076;NEOWISE;WISE(W1);NEOWISE
56669.27128052;14.092;0.173;NEOWISE;WISE(W2);NEOWISE
56669.27128052;14.023;0.054;NEOWISE;WISE(W1);NEOWISE
56669.27140784;14.113;0.056;NEOWISE;WISE(W1);NEOWISE
56669.27140784;14.091;0.188;NEOWISE;WISE(W2);NEOWISE
56669.40307552;13.968;0.05;NEOWISE;WISE(W1);NEOWISE
56669.40307552;14.125;0.198;NEOWISE;WISE(W2);NEOWISE
56669.53487049;14.174;0.179;NEOWISE;WISE(W2);NEOWISE
56669.53487049;14.067;0.053;NEOWISE;WISE(W1);NEOWISE
56669.66666544;14.086;0.05;NEOWISE;WISE(W1);NEOWISE
56669.66666544;14.114;0.159;NEOWISE;WISE(W2);NEOWISE
56669.73249926;14.161;0.064;NEOWISE;WISE(W1);NEOWISE
56669.73249926;14.001;0.143;NEOWISE;WISE(W2);NEOWISE
56669.79846044;14.214;0.054;NEOWISE;WISE(W1);NEOWISE
56669.79846044;13.46;0.116;NEOWISE;WISE(W2);NEOWISE
56669.99608926;14.079;0.049;NEOWISE;WISE(W1);NEOWISE
56669.99608926;14.043;0.201;NEOWISE;WISE(W2);NEOWISE
56670.12788426;14.131;0.157;NEOWISE;WISE(W2);NEOWISE
56670.12788426;14.006;0.051;NEOWISE;WISE(W1);NEOWISE
56670.25967926;14.013;0.188;NEOWISE;WISE(W2);NEOWISE
56670.25967926;14.011;0.051;NEOWISE;WISE(W1);NEOWISE
56670.39147431;14.057;0.05;NEOWISE;WISE(W1);NEOWISE
56670.39147431;13.976;0.158;NEOWISE;WISE(W2);NEOWISE
56855.15310155;15.18;0.529;NEOWISE;WISE(W2);NEOWISE
56855.15310155;14.104;0.055;NEOWISE;WISE(W1);NEOWISE
56855.28464126;14.24;0.206;NEOWISE;WISE(W2);NEOWISE
56855.28464126;14.08;0.051;NEOWISE;WISE(W1);NEOWISE
56855.41618102;13.984;0.05;NEOWISE;WISE(W1);NEOWISE
56855.41618102;14.373;0.241;NEOWISE;WISE(W2);NEOWISE
56855.48201458;14.069;0.059;NEOWISE;WISE(W1);NEOWISE
56855.48201458;14.312;0.187;NEOWISE;WISE(W2);NEOWISE
56855.54784574;14.53;0.334;NEOWISE;WISE(W2);NEOWISE
56855.54784574;14.009;0.057;NEOWISE;WISE(W1);NEOWISE
56855.61355198;14.533;0.073;NEOWISE;WISE(W1);NEOWISE
56855.61355198;14.264;0.191;NEOWISE;WISE(W2);NEOWISE
56855.67938549;14.293;0.19;NEOWISE;WISE(W2);NEOWISE
56855.67938549;14.066;0.082;NEOWISE;WISE(W1);NEOWISE
56855.74521904;14.138;0.054;NEOWISE;WISE(W1);NEOWISE
56855.74521904;13.9;0.216;NEOWISE;WISE(W2);NEOWISE
56855.81092528;14.259;0.172;NEOWISE;WISE(W2);NEOWISE
56855.81092528;14.097;0.062;NEOWISE;WISE(W1);NEOWISE
56855.87675888;14.098;0.057;NEOWISE;WISE(W1);NEOWISE
56855.87675888;14.2;0.21;NEOWISE;WISE(W2);NEOWISE
56856.00829861;14.032;0.056;NEOWISE;WISE(W1);NEOWISE
56856.00829861;13.96;0.166;NEOWISE;WISE(W2);NEOWISE
56856.13983836;14.001;0.063;NEOWISE;WISE(W1);NEOWISE
56856.13983836;14.184;0.207;NEOWISE;WISE(W2);NEOWISE
56856.27150542;13.773;0.191;NEOWISE;WISE(W2);NEOWISE
56856.27150542;14.126;0.057;NEOWISE;WISE(W1);NEOWISE
56858.17915056;13.957;0.143;NEOWISE;WISE(W2);NEOWISE
56858.17915056;14.144;0.061;NEOWISE;WISE(W1);NEOWISE
56858.17927792;14.206;0.065;NEOWISE;WISE(W1);NEOWISE
56858.17927792;14.21;0.166;NEOWISE;WISE(W2);NEOWISE
56858.31081757;14.036;0.135;NEOWISE;WISE(W2);NEOWISE
56858.31081757;13.919;0.047;NEOWISE;WISE(W1);NEOWISE
56858.44235736;14.19;0.06;NEOWISE;WISE(W1);NEOWISE
56858.50819087;14.055;0.06;NEOWISE;WISE(W1);NEOWISE
56858.50819087;14.416;0.294;NEOWISE;WISE(W2);NEOWISE
56858.57389705;14.079;0.053;NEOWISE;WISE(W1);NEOWISE
56858.57389705;14.267;0.19;NEOWISE;WISE(W2);NEOWISE
56858.63973056;14.12;0.056;NEOWISE;WISE(W1);NEOWISE
56858.63973056;13.852;0.146;NEOWISE;WISE(W2);NEOWISE
56858.70543679;14.013;0.149;NEOWISE;WISE(W2);NEOWISE
56858.70543679;14.132;0.067;NEOWISE;WISE(W1);NEOWISE
56858.70556411;14.118;0.053;NEOWISE;WISE(W1);NEOWISE
56858.70556411;14.118;0.16;NEOWISE;WISE(W2);NEOWISE
56858.7712703;14.221;0.182;NEOWISE;WISE(W2);NEOWISE
56858.7712703;14.007;0.05;NEOWISE;WISE(W1);NEOWISE
56858.83710385;14.261;0.202;NEOWISE;WISE(W2);NEOWISE
56858.83710385;14.084;0.053;NEOWISE;WISE(W1);NEOWISE
56858.90281009;13.992;0.145;NEOWISE;WISE(W2);NEOWISE
56858.90281009;14.037;0.075;NEOWISE;WISE(W1);NEOWISE
56859.03434987;14.231;0.202;NEOWISE;WISE(W2);NEOWISE
56859.03434987;14.143;0.058;NEOWISE;WISE(W1);NEOWISE
56859.0344772;14.117;0.198;NEOWISE;WISE(W2);NEOWISE
56859.0344772;14.148;0.059;NEOWISE;WISE(W1);NEOWISE
56859.16601693;14.119;0.061;NEOWISE;WISE(W1);NEOWISE
56859.16601693;14.154;0.208;NEOWISE;WISE(W2);NEOWISE
56859.29755663;14.112;0.051;NEOWISE;WISE(W1);NEOWISE
56859.29755663;14.016;0.142;NEOWISE;WISE(W2);NEOWISE
57033.10433172;14.035;0.147;NEOWISE;WISE(W2);NEOWISE
57033.10433172;13.961;0.048;NEOWISE;WISE(W1);NEOWISE
57033.23574468;14.189;0.061;NEOWISE;WISE(W1);NEOWISE
57033.23574468;13.868;0.135;NEOWISE;WISE(W2);NEOWISE
57033.36715774;14.081;0.05;NEOWISE;WISE(W1);NEOWISE
57033.36715774;13.978;0.127;NEOWISE;WISE(W2);NEOWISE
57033.43286422;13.997;0.049;NEOWISE;WISE(W1);NEOWISE
57033.43286422;14.896;0.436;NEOWISE;WISE(W2);NEOWISE
57033.49857075;14.156;0.156;NEOWISE;WISE(W2);NEOWISE
57033.49857075;14.054;0.054;NEOWISE;WISE(W1);NEOWISE
57033.56427728;14.246;0.208;NEOWISE;WISE(W2);NEOWISE
57033.56427728;14.062;0.05;NEOWISE;WISE(W1);NEOWISE
57033.62998381;14.116;0.059;NEOWISE;WISE(W1);NEOWISE
57033.62998381;13.697;0.138;NEOWISE;WISE(W2);NEOWISE
57033.69569034;13.998;0.124;NEOWISE;WISE(W2);NEOWISE
57033.69569034;14.023;0.05;NEOWISE;WISE(W1);NEOWISE
57033.82697598;13.934;0.083;NEOWISE;WISE(W1);NEOWISE
57033.82697598;14.159;0.151;NEOWISE;WISE(W2);NEOWISE
57033.82710334;13.994;0.128;NEOWISE;WISE(W2);NEOWISE
57033.82710334;14.075;0.058;NEOWISE;WISE(W1);NEOWISE
57033.95838904;14.216;0.178;NEOWISE;WISE(W2);NEOWISE
57033.95838904;14.065;0.049;NEOWISE;WISE(W1);NEOWISE
57033.9585164;12.992;0.037;NEOWISE;WISE(W1);NEOWISE
57033.9585164;14.038;0.131;NEOWISE;WISE(W2);NEOWISE
57219.92098466;14.094;0.053;NEOWISE;WISE(W1);NEOWISE
57219.92098466;14.155;0.155;NEOWISE;WISE(W2);NEOWISE
57220.05226986;13.99;0.146;NEOWISE;WISE(W2);NEOWISE
57220.05226986;14.163;0.056;NEOWISE;WISE(W1);NEOWISE
57220.18342766;14.089;0.051;NEOWISE;WISE(W1);NEOWISE
57220.18342766;14.231;0.163;NEOWISE;WISE(W2);NEOWISE
57220.31471281;14.16;0.205;NEOWISE;WISE(W2);NEOWISE
57220.31471281;14.064;0.048;NEOWISE;WISE(W1);NEOWISE
57220.38029168;14.019;0.144;NEOWISE;WISE(W2);NEOWISE
57220.38029168;13.901;0.055;NEOWISE;WISE(W1);NEOWISE
57220.4458706;14.436;0.301;NEOWISE;WISE(W2);NEOWISE
57220.4458706;12.047;0.043;NEOWISE;WISE(W1);NEOWISE
57220.51144953;14.087;0.05;NEOWISE;WISE(W1);NEOWISE
57220.51144953;14.201;0.184;NEOWISE;WISE(W2);NEOWISE
57220.57702834;13.896;0.143;NEOWISE;WISE(W2);NEOWISE
57220.57702834;14.206;0.065;NEOWISE;WISE(W1);NEOWISE
57220.64273463;14.162;0.056;NEOWISE;WISE(W1);NEOWISE
57220.64273463;14.558;0.244;NEOWISE;WISE(W2);NEOWISE
57220.70831354;14.065;0.05;NEOWISE;WISE(W1);NEOWISE
57220.70831354;14.098;0.147;NEOWISE;WISE(W2);NEOWISE
57220.77389251;14.004;0.049;NEOWISE;WISE(W1);NEOWISE
57220.77389251;14.092;0.145;NEOWISE;WISE(W2);NEOWISE
57220.90505087;14.038;0.056;NEOWISE;WISE(W1);NEOWISE
57221.03633612;14.425;0.193;NEOWISE;WISE(W2);NEOWISE
57221.03633612;14.058;0.053;NEOWISE;WISE(W1);NEOWISE
57392.69838112;14.224;0.161;NEOWISE;WISE(W2);NEOWISE
57392.69838112;14.105;0.051;NEOWISE;WISE(W1);NEOWISE
57392.82941236;14.091;0.057;NEOWISE;WISE(W1);NEOWISE
57392.82941236;13.733;0.119;NEOWISE;WISE(W2);NEOWISE
57392.82953969;14.044;0.162;NEOWISE;WISE(W2);NEOWISE
57392.82953969;14.137;0.055;NEOWISE;WISE(W1);NEOWISE
57393.09172954;13.843;0.12;NEOWISE;WISE(W2);NEOWISE
57393.09172954;14.079;0.053;NEOWISE;WISE(W1);NEOWISE
57393.15730874;14.024;0.049;NEOWISE;WISE(W1);NEOWISE
57393.15730874;14.127;0.171;NEOWISE;WISE(W2);NEOWISE
57393.222888;14.178;0.053;NEOWISE;WISE(W1);NEOWISE
57393.222888;14.067;0.14;NEOWISE;WISE(W2);NEOWISE
57393.2884673;13.97;0.145;NEOWISE;WISE(W2);NEOWISE
57393.2884673;14.148;0.053;NEOWISE;WISE(W1);NEOWISE
57393.35391925;14.152;0.059;NEOWISE;WISE(W1);NEOWISE
57393.35391925;14.405;0.206;NEOWISE;WISE(W2);NEOWISE
57393.35404661;13.983;0.148;NEOWISE;WISE(W2);NEOWISE
57393.35404661;14.124;0.062;NEOWISE;WISE(W1);NEOWISE
57393.41949855;14.122;0.165;NEOWISE;WISE(W2);NEOWISE
57393.41949855;14.095;0.071;NEOWISE;WISE(W1);NEOWISE
57393.48507785;13.885;0.141;NEOWISE;WISE(W2);NEOWISE
57393.48507785;14.058;0.049;NEOWISE;WISE(W1);NEOWISE
57393.55065711;14.075;0.055;NEOWISE;WISE(W1);NEOWISE
57393.55065711;14.021;0.196;NEOWISE;WISE(W2);NEOWISE
57393.68181567;14.095;0.053;NEOWISE;WISE(W1);NEOWISE
57393.68181567;14.065;0.175;NEOWISE;WISE(W2);NEOWISE
57393.81297422;13.948;0.128;NEOWISE;WISE(W2);NEOWISE
57393.81297422;14.062;0.06;NEOWISE;WISE(W1);NEOWISE
57584.16888529;13.987;0.055;NEOWISE;WISE(W1);NEOWISE
57584.16888529;13.814;0.174;NEOWISE;WISE(W2);NEOWISE
57584.29991576;13.889;0.159;NEOWISE;WISE(W2);NEOWISE
57584.29991576;14.028;0.052;NEOWISE;WISE(W1);NEOWISE
57584.43094686;13.929;0.18;NEOWISE;WISE(W2);NEOWISE
57584.43094686;14.191;0.068;NEOWISE;WISE(W1);NEOWISE
57584.49652583;14.07;0.18;NEOWISE;WISE(W2);NEOWISE
57584.49652583;14.143;0.064;NEOWISE;WISE(W1);NEOWISE
57584.56197749;14.406;0.284;NEOWISE;WISE(W2);NEOWISE
57584.56197749;13.991;0.059;NEOWISE;WISE(W1);NEOWISE
57584.62755646;14.344;0.202;NEOWISE;WISE(W2);NEOWISE
57584.62755646;14.036;0.049;NEOWISE;WISE(W1);NEOWISE
57584.69300802;14.086;0.152;NEOWISE;WISE(W2);NEOWISE
57584.69300802;14.129;0.056;NEOWISE;WISE(W1);NEOWISE
57584.75858704;14.005;0.052;NEOWISE;WISE(W1);NEOWISE
57584.75858704;14.424;0.296;NEOWISE;WISE(W2);NEOWISE
57584.82403863;14.141;0.163;NEOWISE;WISE(W2);NEOWISE
57584.82403863;14.143;0.057;NEOWISE;WISE(W1);NEOWISE
57584.88949029;14.165;0.063;NEOWISE;WISE(W1);NEOWISE
57584.88949029;14.244;0.184;NEOWISE;WISE(W2);NEOWISE
57584.88961766;14.046;0.056;NEOWISE;WISE(W1);NEOWISE
57584.88961766;14.171;0.224;NEOWISE;WISE(W2);NEOWISE
57585.02052087;14.158;0.212;NEOWISE;WISE(W2);NEOWISE
57585.02052087;14.173;0.067;NEOWISE;WISE(W1);NEOWISE
57585.02064823;14.056;0.055;NEOWISE;WISE(W1);NEOWISE
57585.02064823;13.879;0.131;NEOWISE;WISE(W2);NEOWISE
57585.15155149;14.093;0.082;NEOWISE;WISE(W1);NEOWISE
57585.15155149;14.122;0.168;NEOWISE;WISE(W2);NEOWISE
57585.15167881;14.223;0.194;NEOWISE;WISE(W2);NEOWISE
57585.15167881;14.138;0.056;NEOWISE;WISE(W1);NEOWISE
57585.28258207;13.879;0.061;NEOWISE;WISE(W1);NEOWISE
57585.28258207;13.784;0.143;NEOWISE;WISE(W2);NEOWISE
57585.28270939;14.271;0.192;NEOWISE;WISE(W2);NEOWISE
57585.28270939;14.037;0.053;NEOWISE;WISE(W1);NEOWISE
57751.8869126;14.095;0.051;NEOWISE;WISE(W1);NEOWISE
57751.8869126;14.257;0.188;NEOWISE;WISE(W2);NEOWISE
57752.01794377;14.212;0.057;NEOWISE;WISE(W1);NEOWISE
57752.01794377;14.087;0.215;NEOWISE;WISE(W2);NEOWISE
57752.14884752;14.598;0.232;NEOWISE;WISE(W2);NEOWISE
57752.14884752;14.785;0.151;NEOWISE;WISE(W1);NEOWISE
57752.2798786;14.041;0.059;NEOWISE;WISE(W1);NEOWISE
57752.2798786;13.938;0.159;NEOWISE;WISE(W2);NEOWISE
57752.34533047;14.073;0.052;NEOWISE;WISE(W1);NEOWISE
57752.34533047;13.995;0.16;NEOWISE;WISE(W2);NEOWISE
57752.41090971;14.211;0.252;NEOWISE;WISE(W2);NEOWISE
57752.41090971;14.015;0.049;NEOWISE;WISE(W1);NEOWISE
57752.47636154;14.126;0.066;NEOWISE;WISE(W1);NEOWISE
57752.47636154;14.217;0.232;NEOWISE;WISE(W2);NEOWISE
57752.54181346;14.133;0.058;NEOWISE;WISE(W1);NEOWISE
57752.54181346;13.991;0.151;NEOWISE;WISE(W2);NEOWISE
57752.54194079;13.77;0.154;NEOWISE;WISE(W2);NEOWISE
57752.54194079;14.122;0.067;NEOWISE;WISE(W1);NEOWISE
57752.60739271;13.464;0.122;NEOWISE;WISE(W2);NEOWISE
57752.60739271;14.044;0.052;NEOWISE;WISE(W1);NEOWISE
57752.67284463;13.827;0.185;NEOWISE;WISE(W2);NEOWISE
57752.67284463;14.041;0.049;NEOWISE;WISE(W1);NEOWISE
57752.73842388;14.157;0.057;NEOWISE;WISE(W1);NEOWISE
57752.73842388;13.914;0.121;NEOWISE;WISE(W2);NEOWISE
57752.86932772;14.004;0.049;NEOWISE;WISE(W1);NEOWISE
57752.86932772;13.806;0.117;NEOWISE;WISE(W2);NEOWISE
57753.00035884;14.007;0.051;NEOWISE;WISE(W1);NEOWISE
57753.00035884;13.931;0.151;NEOWISE;WISE(W2);NEOWISE
57759.74661102;14.031;0.053;NEOWISE;WISE(W1);NEOWISE
57759.74661102;14.063;0.277;NEOWISE;WISE(W2);NEOWISE
57948.31004508;13.886;0.14;NEOWISE;WISE(W2);NEOWISE
57948.31004508;14.033;0.054;NEOWISE;WISE(W1);NEOWISE
57948.44094825;14.39;0.063;NEOWISE;WISE(W1);NEOWISE
57948.44094825;14.103;0.153;NEOWISE;WISE(W2);NEOWISE
57948.57185142;14.407;0.067;NEOWISE;WISE(W1);NEOWISE
57948.57185142;13.982;0.205;NEOWISE;WISE(W2);NEOWISE
57948.63730301;14.163;0.193;NEOWISE;WISE(W2);NEOWISE
57948.63730301;14.242;0.064;NEOWISE;WISE(W1);NEOWISE
57948.70288196;14.191;0.248;NEOWISE;WISE(W2);NEOWISE
57948.70288196;14.189;0.058;NEOWISE;WISE(W1);NEOWISE
57948.7683335;14.421;0.077;NEOWISE;WISE(W1);NEOWISE
57948.7683335;13.948;0.209;NEOWISE;WISE(W2);NEOWISE
57948.83378513;14.254;0.065;NEOWISE;WISE(W1);NEOWISE
57948.83378513;14.249;0.364;NEOWISE;WISE(W2);NEOWISE
57948.89923676;14.089;0.052;NEOWISE;WISE(W1);NEOWISE
57948.89923676;14.098;0.261;NEOWISE;WISE(W2);NEOWISE
57948.96468839;14.225;0.058;NEOWISE;WISE(W1);NEOWISE
57948.96468839;13.958;0.172;NEOWISE;WISE(W2);NEOWISE
57949.03013993;15.066;0.108;NEOWISE;WISE(W1);NEOWISE
57949.16117051;13.847;0.182;NEOWISE;WISE(W2);NEOWISE
57949.16117051;14.187;0.081;NEOWISE;WISE(W1);NEOWISE
57949.29207358;14.287;0.063;NEOWISE;WISE(W1);NEOWISE
57949.29207358;13.984;0.195;NEOWISE;WISE(W2);NEOWISE
57949.42297679;14.128;0.062;NEOWISE;WISE(W1);NEOWISE
57949.42297679;14.139;0.279;NEOWISE;WISE(W2);NEOWISE
57951.32158281;14.129;0.171;NEOWISE;WISE(W2);NEOWISE
57951.32158281;14.054;0.051;NEOWISE;WISE(W1);NEOWISE
57951.45248598;13.94;0.136;NEOWISE;WISE(W2);NEOWISE
57951.45248598;14.123;0.056;NEOWISE;WISE(W1);NEOWISE
57951.4526133;13.896;0.149;NEOWISE;WISE(W2);NEOWISE
57951.4526133;14.169;0.147;NEOWISE;WISE(W1);NEOWISE
57951.58351647;13.949;0.143;NEOWISE;WISE(W2);NEOWISE
57951.58351647;14.111;0.057;NEOWISE;WISE(W1);NEOWISE
57951.64896806;14.071;0.051;NEOWISE;WISE(W1);NEOWISE
57951.64896806;15.118;0.52;NEOWISE;WISE(W2);NEOWISE
57951.71441964;13.941;0.143;NEOWISE;WISE(W2);NEOWISE
57951.71441964;14.178;0.073;NEOWISE;WISE(W1);NEOWISE
57951.77987127;13.924;0.143;NEOWISE;WISE(W2);NEOWISE
57951.77987127;14.085;0.052;NEOWISE;WISE(W1);NEOWISE
57951.84532286;13.949;0.063;NEOWISE;WISE(W1);NEOWISE
57951.84532286;14.065;0.209;NEOWISE;WISE(W2);NEOWISE
57951.91077444;14.081;0.179;NEOWISE;WISE(W2);NEOWISE
57951.91077444;13.946;0.05;NEOWISE;WISE(W1);NEOWISE
57951.91090181;13.679;0.119;NEOWISE;WISE(W2);NEOWISE
57951.91090181;14.114;0.053;NEOWISE;WISE(W1);NEOWISE
57951.97635339;14.208;0.058;NEOWISE;WISE(W1);NEOWISE
57951.97635339;13.697;0.138;NEOWISE;WISE(W2);NEOWISE
57952.04180502;14.123;0.071;NEOWISE;WISE(W1);NEOWISE
57952.04180502;14.187;0.184;NEOWISE;WISE(W2);NEOWISE
57952.17270818;14.141;0.055;NEOWISE;WISE(W1);NEOWISE
57952.17270818;14.25;0.232;NEOWISE;WISE(W2);NEOWISE
57952.30361131;13.931;0.142;NEOWISE;WISE(W2);NEOWISE
57952.30361131;13.963;0.057;NEOWISE;WISE(W1);NEOWISE
57952.43464179;14.106;0.187;NEOWISE;WISE(W2);NEOWISE
57952.43464179;14.174;0.058;NEOWISE;WISE(W1);NEOWISE
58112.648818;13.699;0.117;NEOWISE;WISE(W2);NEOWISE
58112.648818;14.11;0.052;NEOWISE;WISE(W1);NEOWISE
58112.77972152;14.116;0.065;NEOWISE;WISE(W1);NEOWISE
58112.77972152;13.968;0.153;NEOWISE;WISE(W2);NEOWISE
58112.91062503;14.051;0.054;NEOWISE;WISE(W1);NEOWISE
58112.91062503;14.068;0.179;NEOWISE;WISE(W2);NEOWISE
58112.97607682;14.134;0.074;NEOWISE;WISE(W1);NEOWISE
58113.0415286;14.069;0.095;NEOWISE;WISE(W1);NEOWISE
58113.0415286;14.037;0.145;NEOWISE;WISE(W2);NEOWISE
58113.10698038;14.796;0.099;NEOWISE;WISE(W1);NEOWISE
58113.10698038;14.744;0.388;NEOWISE;WISE(W2);NEOWISE
58113.1071077;14.574;0.082;NEOWISE;WISE(W1);NEOWISE
58113.1071077;14.694;0.264;NEOWISE;WISE(W2);NEOWISE
58113.17255948;15.096;0.533;NEOWISE;WISE(W2);NEOWISE
58113.17255948;14.759;0.101;NEOWISE;WISE(W1);NEOWISE
58113.23801112;13.907;0.191;NEOWISE;WISE(W2);NEOWISE
58113.23801112;14.124;0.057;NEOWISE;WISE(W1);NEOWISE
58113.30346285;13.839;0.151;NEOWISE;WISE(W2);NEOWISE
58113.30346285;14.179;0.066;NEOWISE;WISE(W1);NEOWISE
58113.36891463;14.01;0.157;NEOWISE;WISE(W2);NEOWISE
58113.36891463;14.004;0.051;NEOWISE;WISE(W1);NEOWISE
58113.49981867;14.006;0.049;NEOWISE;WISE(W1);NEOWISE
58113.49981867;14.239;0.196;NEOWISE;WISE(W2);NEOWISE
58113.63072219;14.101;0.054;NEOWISE;WISE(W1);NEOWISE
58113.63072219;14.293;0.211;NEOWISE;WISE(W2);NEOWISE
58113.76162575;13.87;0.139;NEOWISE;WISE(W2);NEOWISE
58113.76162575;14.077;0.052;NEOWISE;WISE(W1);NEOWISE
58115.52895611;13.803;0.172;NEOWISE;WISE(W2);NEOWISE
58115.52895611;14.026;0.052;NEOWISE;WISE(W1);NEOWISE
58115.65985969;13.917;0.082;NEOWISE;WISE(W1);NEOWISE
58115.65985969;13.54;0.231;NEOWISE;WISE(W2);NEOWISE
58115.79076332;13.811;0.146;NEOWISE;WISE(W2);NEOWISE
58115.79076332;14.146;0.057;NEOWISE;WISE(W1);NEOWISE
58115.79089064;14.274;0.236;NEOWISE;WISE(W2);NEOWISE
58115.79089064;14.124;0.06;NEOWISE;WISE(W1);NEOWISE
58115.85634245;14.043;0.064;NEOWISE;WISE(W1);NEOWISE
58115.85634245;14.008;0.193;NEOWISE;WISE(W2);NEOWISE
58115.92179427;14.958;0.13;NEOWISE;WISE(W1);NEOWISE
58115.98724604;10.884;0.023;NEOWISE;WISE(W1);NEOWISE
58115.98724604;14.589;0.356;NEOWISE;WISE(W2);NEOWISE
58116.05269786;14.374;0.33;NEOWISE;WISE(W2);NEOWISE
58116.05269786;14.065;0.064;NEOWISE;WISE(W1);NEOWISE
58116.11814963;14.288;0.408;NEOWISE;WISE(W2);NEOWISE
58116.11814963;14.811;0.088;NEOWISE;WISE(W1);NEOWISE
58116.1836014;14.235;0.066;NEOWISE;WISE(W1);NEOWISE
58116.1836014;14.047;0.243;NEOWISE;WISE(W2);NEOWISE
58116.24905312;14.129;0.055;NEOWISE;WISE(W1);NEOWISE
58116.24905312;13.909;0.235;NEOWISE;WISE(W2);NEOWISE
58116.3799567;14.159;0.083;NEOWISE;WISE(W1);NEOWISE
58116.3799567;14.145;0.276;NEOWISE;WISE(W2);NEOWISE
58116.51086034;14.037;0.054;NEOWISE;WISE(W1);NEOWISE
58116.51086034;14.134;0.245;NEOWISE;WISE(W2);NEOWISE
58315.37784387;14.12;0.174;NEOWISE;WISE(W2);NEOWISE
58315.37784387;14.118;0.056;NEOWISE;WISE(W1);NEOWISE
58315.63952302;14.054;0.061;NEOWISE;WISE(W1);NEOWISE
58315.63952302;14.128;0.169;NEOWISE;WISE(W2);NEOWISE
58315.70497465;14.063;0.051;NEOWISE;WISE(W1);NEOWISE
58315.70497465;13.845;0.159;NEOWISE;WISE(W2);NEOWISE
58315.77042627;14.055;0.194;NEOWISE;WISE(W2);NEOWISE
58315.77042627;14.172;0.076;NEOWISE;WISE(W1);NEOWISE
58315.83587791;14.125;0.052;NEOWISE;WISE(W1);NEOWISE
58315.83587791;13.988;0.155;NEOWISE;WISE(W2);NEOWISE
58315.90132954;14.108;0.052;NEOWISE;WISE(W1);NEOWISE
58315.90132954;13.913;0.163;NEOWISE;WISE(W2);NEOWISE
58315.96678116;14.099;0.17;NEOWISE;WISE(W2);NEOWISE
58315.96678116;14.041;0.049;NEOWISE;WISE(W1);NEOWISE
58316.03210552;14.151;0.058;NEOWISE;WISE(W1);NEOWISE
58316.03210552;14.201;0.211;NEOWISE;WISE(W2);NEOWISE
58316.09755715;14.136;0.16;NEOWISE;WISE(W2);NEOWISE
58316.09755715;14.247;0.068;NEOWISE;WISE(W1);NEOWISE
58316.22846036;14.02;0.063;NEOWISE;WISE(W1);NEOWISE
58316.22846036;14.432;0.279;NEOWISE;WISE(W2);NEOWISE
58316.35936356;14.213;0.058;NEOWISE;WISE(W1);NEOWISE
58316.35936356;14.317;0.187;NEOWISE;WISE(W2);NEOWISE
58316.49026682;12.741;0.032;NEOWISE;WISE(W1);NEOWISE
58316.49026682;14.367;0.183;NEOWISE;WISE(W2);NEOWISE
58342.5035764;17.4579506;0.0322307646;ZTF;ZTF(zr);ZTF
58348.4797222;18.3272133;0.049501583;ZTF;ZTF(zg);ZTF
58362.4384028;17.5685806;0.0344863832;ZTF;ZTF(zr);ZTF
58362.4800347;18.287653;0.0480822548;ZTF;ZTF(zg);ZTF
58365.4386343;18.3041744;0.0486692302;ZTF;ZTF(zg);ZTF
58365.5007639;17.5097084;0.0332572646;ZTF;ZTF(zr);ZTF
58368.4382639;17.5058823;0.0331796929;ZTF;ZTF(zr);ZTF
58374.4318403;18.3669434;0.0509757027;ZTF;ZTF(zg);ZTF
58374.4813079;17.5156326;0.0333779491;ZTF;ZTF(zr);ZTF
58377.3977083;17.5229301;0.0335274972;ZTF;ZTF(zr);ZTF
58380.4382176;17.6005821;0.0351830237;ZTF;ZTF(zr);ZTF
58383.3966667;17.5958252;0.035078153;ZTF;ZTF(zr);ZTF
58383.434294;18.4899864;0.0558642149;ZTF;ZTF(zg);ZTF
58384.3990162;18.359539;0.0473505072;ZTF;ZTF(zg);ZTF
58384.4209606;18.3543053;0.0505013987;ZTF;ZTF(zg);ZTF
58386.3970833;17.7243271;0.038076885;ZTF;ZTF(zr);ZTF
58389.3965509;18.357151;0.050607793;ZTF;ZTF(zg);ZTF
58389.3975231;18.4040222;0.052396588;ZTF;ZTF(zg);ZTF
58389.4830324;17.6308784;0.0358616412;ZTF;ZTF(zr);ZTF
58390.3798843;18.3341789;0.0497564599;ZTF;ZTF(zg);ZTF
58397.3555093;18.3242817;0.0493947677;ZTF;ZTF(zg);ZTF
58397.4160995;17.5799904;0.0347324014;ZTF;ZTF(zr);ZTF
58397.4170139;17.5249519;0.0335691124;ZTF;ZTF(zr);ZTF
58423.4000926;18.0640945;0.0409128554;ZTF;ZTF(zg);ZTF
58423.4010185;18.1097145;0.0422641039;ZTF;ZTF(zg);ZTF
58425.2972454;17.5626945;0.0343604535;ZTF;ZTF(zr);ZTF
58425.3469329;18.3533382;0.0504653193;ZTF;ZTF(zg);ZTF
58426.3141898;18.3472557;0.0502390526;ZTF;ZTF(zg);ZTF
58426.4148611;17.5739021;0.0346008055;ZTF;ZTF(zr);ZTF
58426.4157755;17.5183125;0.0334327556;ZTF;ZTF(zr);ZTF
58429.2927431;17.484684;0.0327547826;ZTF;ZTF(zr);ZTF
58429.2949769;17.5213585;0.0334952101;ZTF;ZTF(zr);ZTF
58430.2740046;18.3103104;0.0488893166;ZTF;ZTF(zg);ZTF
58431.2898148;17.189579;0.0276411194;ZTF;ZTF(zr);ZTF
58432.2723032;17.5428543;0.033941038;ZTF;ZTF(zr);ZTF
58432.2732292;17.4775639;0.0326139256;ZTF;ZTF(zr);ZTF
58434.2871875;18.0454788;0.0403770208;ZTF;ZTF(zg);ZTF
58435.294456;17.0847931;0.0261460077;ZTF;ZTF(zr);ZTF
58435.2953704;17.0828285;0.0261194091;ZTF;ZTF(zr);ZTF
58441.3095023;17.5425835;0.0339353718;ZTF;ZTF(zr);ZTF
58443.1706481;17.5697689;0.0304420572;ZTF;ZTF(zr);ZTF
58448.2717593;17.5851269;0.0348440148;ZTF;ZTF(zr);ZTF
58457.1885532;17.1544189;0.0271224063;ZTF;ZTF(zr);ZTF
58457.2735764;17.9884148;0.0387890264;ZTF;ZTF(zg);ZTF
58472.1882523;18.2275543;0.0460159592;ZTF;ZTF(zg);ZTF
58472.2699306;17.4828358;0.0327181369;ZTF;ZTF(zr);ZTF
58472.2708449;17.4560986;0.0321949311;ZTF;ZTF(zr);ZTF
58476.10933716;14.137;0.153;NEOWISE;WISE(W2);NEOWISE
58476.10933716;14.026;0.052;NEOWISE;WISE(W1);NEOWISE
58476.24024063;13.732;0.142;NEOWISE;WISE(W2);NEOWISE
58476.24024063;14.128;0.063;NEOWISE;WISE(W1);NEOWISE
58476.37114413;14.153;0.188;NEOWISE;WISE(W2);NEOWISE
58476.37114413;14.14;0.052;NEOWISE;WISE(W1);NEOWISE
58476.50192028;14.212;0.181;NEOWISE;WISE(W2);NEOWISE
58476.50192028;14.154;0.063;NEOWISE;WISE(W1);NEOWISE
58476.50204759;14.196;0.056;NEOWISE;WISE(W1);NEOWISE
58476.50204759;14.503;0.191;NEOWISE;WISE(W2);NEOWISE
58476.56737204;13.925;0.147;NEOWISE;WISE(W2);NEOWISE
58476.56737204;14.092;0.059;NEOWISE;WISE(W1);NEOWISE
58476.6328238;13.693;0.132;NEOWISE;WISE(W2);NEOWISE
58476.6328238;14.085;0.052;NEOWISE;WISE(W1);NEOWISE
58476.69827554;14.031;0.073;NEOWISE;WISE(W1);NEOWISE
58476.69827554;14.38;0.19;NEOWISE;WISE(W2);NEOWISE
58476.76372726;14.059;0.155;NEOWISE;WISE(W2);NEOWISE
58476.76372726;14.073;0.05;NEOWISE;WISE(W1);NEOWISE
58476.82917905;14.109;0.054;NEOWISE;WISE(W1);NEOWISE
58476.82917905;14.097;0.152;NEOWISE;WISE(W2);NEOWISE
58476.95995525;14.106;0.052;NEOWISE;WISE(W1);NEOWISE
58476.95995525;14.308;0.212;NEOWISE;WISE(W2);NEOWISE
58477.09085876;14.159;0.215;NEOWISE;WISE(W2);NEOWISE
58477.09085876;14.119;0.055;NEOWISE;WISE(W1);NEOWISE
58477.22176227;14.165;0.054;NEOWISE;WISE(W1);NEOWISE
58477.22176227;14.217;0.198;NEOWISE;WISE(W2);NEOWISE
58482.1472801;17.9788094;0.0385296643;ZTF;ZTF(zg);ZTF
58491.2169329;17.4476624;0.0320325345;ZTF;ZTF(zr);ZTF
58494.1056713;17.298687;0.0293672215;ZTF;ZTF(zr);ZTF
58494.1475347;18.2805004;0.0478307121;ZTF;ZTF(zg);ZTF
58505.1694444;17.9813499;0.038598042;ZTF;ZTF(zg);ZTF
58505.1703588;18.0958328;0.0418471284;ZTF;ZTF(zg);ZTF
58509.1678819;17.8764896;0.0359026529;ZTF;ZTF(zg);ZTF
58509.1687963;17.7222729;0.0323828124;ZTF;ZTF(zg);ZTF
58679.54858449;13.964;0.138;NEOWISE;WISE(W2);NEOWISE
58679.54858449;14.188;0.056;NEOWISE;WISE(W1);NEOWISE
58679.67936031;14.212;0.057;NEOWISE;WISE(W1);NEOWISE
58679.67936031;14.263;0.241;NEOWISE;WISE(W2);NEOWISE
58679.81013613;14.319;0.262;NEOWISE;WISE(W2);NEOWISE
58679.81013613;14.245;0.074;NEOWISE;WISE(W1);NEOWISE
58679.81026354;13.629;0.126;NEOWISE;WISE(W2);NEOWISE
58679.81026354;14.165;0.054;NEOWISE;WISE(W1);NEOWISE
58679.87558774;14.17;0.169;NEOWISE;WISE(W2);NEOWISE
58679.87558774;14.112;0.052;NEOWISE;WISE(W1);NEOWISE
58679.94103941;14.207;0.073;NEOWISE;WISE(W1);NEOWISE
58679.94103941;14.543;0.467;NEOWISE;WISE(W2);NEOWISE
58680.00649102;14.165;0.163;NEOWISE;WISE(W2);NEOWISE
58680.00649102;14.182;0.059;NEOWISE;WISE(W1);NEOWISE
58680.07181528;14.078;0.078;NEOWISE;WISE(W1);NEOWISE
58680.07181528;14.435;0.258;NEOWISE;WISE(W2);NEOWISE
58680.13726689;14.095;0.057;NEOWISE;WISE(W1);NEOWISE
58680.13726689;14.173;0.279;NEOWISE;WISE(W2);NEOWISE
58680.20271907;14.096;0.054;NEOWISE;WISE(W1);NEOWISE
58680.20271907;14.033;0.176;NEOWISE;WISE(W2);NEOWISE
58680.26804328;14.186;0.081;NEOWISE;WISE(W1);NEOWISE
58680.26804328;14.145;0.194;NEOWISE;WISE(W2);NEOWISE
58680.3989465;14.178;0.061;NEOWISE;WISE(W1);NEOWISE
58680.52972237;14.114;0.068;NEOWISE;WISE(W1);NEOWISE
58680.52972237;14.271;0.238;NEOWISE;WISE(W2);NEOWISE
58680.6606256;14.243;0.312;NEOWISE;WISE(W2);NEOWISE
58680.6606256;13.985;0.052;NEOWISE;WISE(W1);NEOWISE
58713.4806366;18.45788;0.0545402206;ZTF;ZTF(zg);ZTF
58716.4967593;17.5987701;0.0351430289;ZTF;ZTF(zr);ZTF
58719.4791319;17.5738831;0.034600392;ZTF;ZTF(zr);ZTF
58722.4595602;18.3663216;0.0509522259;ZTF;ZTF(zg);ZTF
58725.4590394;18.3770771;0.0513596721;ZTF;ZTF(zg);ZTF
58730.4343056;18.2662907;0.0473355241;ZTF;ZTF(zg);ZTF
58730.4849306;17.6340637;0.0359340869;ZTF;ZTF(zr);ZTF
58733.5021296;17.4358215;0.0318067521;ZTF;ZTF(zr);ZTF
58736.5026736;17.4611187;0.0322921686;ZTF;ZTF(zr);ZTF
58739.459294;17.4962234;0.0329850391;ZTF;ZTF(zr);ZTF
58739.4824421;18.2997704;0.0485119261;ZTF;ZTF(zg);ZTF
58745.3972569;17.4182053;0.031475462;ZTF;ZTF(zr);ZTF
58745.5229977;18.1266861;0.0427808836;ZTF;ZTF(zg);ZTF
58748.4173843;17.5998421;0.0351666696;ZTF;ZTF(zr);ZTF
58748.5024074;18.255291;0.0469563343;ZTF;ZTF(zg);ZTF
58751.3978356;18.2095451;0.0454173386;ZTF;ZTF(zg);ZTF
58758.4597685;18.2722931;0.0475439988;ZTF;ZTF(zg);ZTF
58761.459375;17.5415764;0.0339142866;ZTF;ZTF(zr);ZTF
58764.3767708;18.4259338;0.053257186;ZTF;ZTF(zg);ZTF
58772.3561343;17.3185101;0.0297005847;ZTF;ZTF(zr);ZTF
58773.3386111;17.6277008;0.0316366404;ZTF;ZTF(zr);ZTF
58773.3390625;17.6581841;0.0322922394;ZTF;ZTF(zr);ZTF
58773.3440625;17.6593666;0.0365171507;ZTF;ZTF(zr);ZTF
58775.3131366;17.5864162;0.0348720923;ZTF;ZTF(zr);ZTF
58779.3137037;17.5307922;0.0336897895;ZTF;ZTF(zr);ZTF
58782.2933218;18.3999252;0.0522374101;ZTF;ZTF(zg);ZTF
58782.3740509;17.6004715;0.0351805687;ZTF;ZTF(zr);ZTF
58785.2924306;17.5453167;0.0339926854;ZTF;ZTF(zr);ZTF
58785.327581;18.2319736;0.0461642891;ZTF;ZTF(zg);ZTF
58789.3405671;18.1728039;0.0442246869;ZTF;ZTF(zg);ZTF
58792.3490046;18.3081207;0.0488106273;ZTF;ZTF(zg);ZTF
58795.2721296;18.2486935;0.0467306338;ZTF;ZTF(zg);ZTF
58795.313588;17.6593895;0.036517676;ZTF;ZTF(zr);ZTF
58806.3353125;18.2834625;0.0479347073;ZTF;ZTF(zg);ZTF
58812.2090509;17.5421677;0.0339266583;ZTF;ZTF(zr);ZTF
58812.3161111;18.2429104;0.0465338305;ZTF;ZTF(zg);ZTF
58830.1722801;18.1932869;0.0448848568;ZTF;ZTF(zg);ZTF
58837.2135764;18.1682053;0.0440780707;ZTF;ZTF(zg);ZTF
58837.2314236;17.3628883;0.0304700751;ZTF;ZTF(zr);ZTF
58840.22755992;14.074;0.154;NEOWISE;WISE(W2);NEOWISE
58840.22755992;14.074;0.055;NEOWISE;WISE(W1);NEOWISE
58840.22768728;13.98;0.052;NEOWISE;WISE(W1);NEOWISE
58840.22768728;14.004;0.138;NEOWISE;WISE(W2);NEOWISE
58840.35846331;14.082;0.149;NEOWISE;WISE(W2);NEOWISE
58840.35846331;14.18;0.062;NEOWISE;WISE(W1);NEOWISE
58840.48923938;13.618;0.135;NEOWISE;WISE(W2);NEOWISE
58840.48923938;14.13;0.054;NEOWISE;WISE(W1);NEOWISE
58840.62014281;14.194;0.057;NEOWISE;WISE(W1);NEOWISE
58840.62014281;14.071;0.168;NEOWISE;WISE(W2);NEOWISE
58840.68546712;14.038;0.063;NEOWISE;WISE(W1);NEOWISE
58840.68546712;14.148;0.15;NEOWISE;WISE(W2);NEOWISE
58840.75091884;14.117;0.056;NEOWISE;WISE(W1);NEOWISE
58840.75091884;13.99;0.159;NEOWISE;WISE(W2);NEOWISE
58840.8163706;13.617;0.19;NEOWISE;WISE(W2);NEOWISE
58840.8163706;14.095;0.068;NEOWISE;WISE(W1);NEOWISE
58840.88169497;14.003;0.128;NEOWISE;WISE(W2);NEOWISE
58840.88169497;13.986;0.066;NEOWISE;WISE(W1);NEOWISE
58840.94714663;13.83;0.132;NEOWISE;WISE(W2);NEOWISE
58840.94714663;14.038;0.05;NEOWISE;WISE(W1);NEOWISE
58841.01259839;14.758;0.092;NEOWISE;WISE(W1);NEOWISE
58841.01259839;14.083;0.172;NEOWISE;WISE(W2);NEOWISE
58841.07792275;14.157;0.161;NEOWISE;WISE(W2);NEOWISE
58841.07792275;14.147;0.072;NEOWISE;WISE(W1);NEOWISE
58841.07805012;14.224;0.07;NEOWISE;WISE(W1);NEOWISE
58841.07805012;14.048;0.151;NEOWISE;WISE(W2);NEOWISE
58841.20831678;14.059;0.067;NEOWISE;WISE(W1);NEOWISE
58841.20831678;14.324;0.176;NEOWISE;WISE(W2);NEOWISE
58841.33960216;14.108;0.053;NEOWISE;WISE(W1);NEOWISE
58841.33960216;13.823;0.151;NEOWISE;WISE(W2);NEOWISE
58852.1480324;17.5626869;0.0343603045;ZTF;ZTF(zr);ZTF
58855.1460764;18.2866707;0.0480476171;ZTF;ZTF(zg);ZTF
58855.1893519;17.2669735;0.0288467705;ZTF;ZTF(zr);ZTF
58861.1048032;18.1170883;0.0424876586;ZTF;ZTF(zg);ZTF
58861.126875;17.358448;0.0303916167;ZTF;ZTF(zr);ZTF
58864.0837963;17.6312771;0.0358706787;ZTF;ZTF(zr);ZTF
58864.1059259;18.4177246;0.0529328994;ZTF;ZTF(zg);ZTF
58872.1259606;17.484787;0.0327568389;ZTF;ZTF(zr);ZTF
58872.1705903;18.2350407;0.0462675691;ZTF;ZTF(zg);ZTF
58875.0903009;17.5302162;0.033677835;ZTF;ZTF(zr);ZTF
58881.0938542;17.4632683;0.032333944;ZTF;ZTF(zr);ZTF
58881.1269792;18.1968803;0.0450019166;ZTF;ZTF(zg);ZTF
58885.1065625;18.2386742;0.0463902727;ZTF;ZTF(zg);ZTF
58885.1266319;17.3060989;0.0294911247;ZTF;ZTF(zr);ZTF
59046.7392513;14.09;0.197;NEOWISE;WISE(W2);NEOWISE
59046.7392513;14.074;0.052;NEOWISE;WISE(W1);NEOWISE
59046.87002765;14.06;0.056;NEOWISE;WISE(W1);NEOWISE
59046.87002765;14.171;0.198;NEOWISE;WISE(W2);NEOWISE
59047.00080352;14.16;0.236;NEOWISE;WISE(W2);NEOWISE
59047.00080352;14.026;0.068;NEOWISE;WISE(W1);NEOWISE
59047.13157935;14.193;0.072;NEOWISE;WISE(W1);NEOWISE
59047.13157935;14.128;0.252;NEOWISE;WISE(W2);NEOWISE
59047.19703095;13.845;0.177;NEOWISE;WISE(W2);NEOWISE
59047.19703095;14.071;0.062;NEOWISE;WISE(W1);NEOWISE
59047.26235517;14.533;0.392;NEOWISE;WISE(W2);NEOWISE
59047.26235517;14.134;0.073;NEOWISE;WISE(W1);NEOWISE
59047.32780668;14.254;0.2;NEOWISE;WISE(W2);NEOWISE
59047.32780668;14.147;0.055;NEOWISE;WISE(W1);NEOWISE
59047.39313095;14.082;0.215;NEOWISE;WISE(W2);NEOWISE
59047.39313095;14.07;0.054;NEOWISE;WISE(W1);NEOWISE
59047.45858255;14.126;0.053;NEOWISE;WISE(W1);NEOWISE
59047.45858255;14.635;0.314;NEOWISE;WISE(W2);NEOWISE
59047.52390674;14.361;0.198;NEOWISE;WISE(W2);NEOWISE
59047.52390674;14.057;0.051;NEOWISE;WISE(W1);NEOWISE
59047.58935833;14.187;0.056;NEOWISE;WISE(W1);NEOWISE
59047.58935833;13.974;0.19;NEOWISE;WISE(W2);NEOWISE
59047.72013411;14.217;0.36;NEOWISE;WISE(W2);NEOWISE
59047.72013411;14.153;0.055;NEOWISE;WISE(W1);NEOWISE
59047.85090998;14.108;0.057;NEOWISE;WISE(W1);NEOWISE
59047.85090998;14.214;0.282;NEOWISE;WISE(W2);NEOWISE
59091.4322454;18.3929253;0.0484693907;ZTF;ZTF(zg);ZTF
59091.4327083;18.3524818;0.047117766;ZTF;ZTF(zg);ZTF
59092.4518171;18.3930397;0.0484732725;ZTF;ZTF(zg);ZTF
59092.4522801;18.2530746;0.0439759865;ZTF;ZTF(zg);ZTF
59092.4555787;18.4401417;0.0538236089;ZTF;ZTF(zg);ZTF
59094.4388889;17.7463989;0.0386280902;ZTF;ZTF(zr);ZTF
59095.4603241;17.6445961;0.036175143;ZTF;ZTF(zr);ZTF
59096.4267014;17.5415859;0.0298844688;ZTF;ZTF(zr);ZTF
59096.4271759;17.5360222;0.0297761802;ZTF;ZTF(zr);ZTF
59096.4531829;17.5805378;0.0347442664;ZTF;ZTF(zr);ZTF
59124.4004282;17.7036896;0.0375713743;ZTF;ZTF(zr);ZTF
59124.4815972;18.4486389;0.0541655794;ZTF;ZTF(zg);ZTF
59126.4530093;18.3555126;0.0505464934;ZTF;ZTF(zg);ZTF
59126.4539468;18.2302151;0.0461051948;ZTF;ZTF(zg);ZTF
59128.3565625;18.3254929;0.0494388714;ZTF;ZTF(zg);ZTF
59129.3547338;18.4420929;0.0539019331;ZTF;ZTF(zg);ZTF
59129.3778819;18.4403419;0.0501099713;ZTF;ZTF(zg);ZTF
59129.3783449;18.4447956;0.0502672121;ZTF;ZTF(zg);ZTF
59130.3733102;18.2510548;0.0468112789;ZTF;ZTF(zg);ZTF
59130.4169329;18.3025837;0.0455091782;ZTF;ZTF(zg);ZTF
59130.4188079;17.5312901;0.0337000862;ZTF;ZTF(zr);ZTF
59134.397338;18.1328449;0.0429703183;ZTF;ZTF(zg);ZTF
59134.3982755;18.1587029;0.0437770076;ZTF;ZTF(zg);ZTF
59134.4198148;17.4529266;0.0321337208;ZTF;ZTF(zr);ZTF
59134.4207523;17.4962807;0.0329861864;ZTF;ZTF(zr);ZTF
59135.3086574;18.400383;0.0487233885;ZTF;ZTF(zg);ZTF
59135.3091204;18.4306641;0.0497701727;ZTF;ZTF(zg);ZTF
59137.3584259;17.5835075;0.0348087549;ZTF;ZTF(zr);ZTF
59137.3593634;17.574379;0.0346110873;ZTF;ZTF(zr);ZTF
59137.3735069;17.5801697;0.0306516588;ZTF;ZTF(zr);ZTF
59137.3739815;17.6013432;0.0310849268;ZTF;ZTF(zr);ZTF
59137.4036921;18.2818661;0.0478786342;ZTF;ZTF(zg);ZTF
59137.4046181;18.3082275;0.048814483;ZTF;ZTF(zg);ZTF
59139.3058218;17.6091957;0.0312478468;ZTF;ZTF(zr);ZTF
59139.3062963;17.6009216;0.0310762059;ZTF;ZTF(zr);ZTF
59139.3552315;17.5538063;0.0341716111;ZTF;ZTF(zr);ZTF
59141.3165046;18.3703442;0.0511041991;ZTF;ZTF(zg);ZTF
59142.3726968;17.5388794;0.0338579379;ZTF;ZTF(zr);ZTF
59142.3772338;18.2867508;0.0480504744;ZTF;ZTF(zg);ZTF
59143.3234259;17.4871483;0.0328037366;ZTF;ZTF(zr);ZTF
59143.36625;18.312994;0.0489859283;ZTF;ZTF(zg);ZTF
59145.2639468;18.3555489;0.0472187661;ZTF;ZTF(zg);ZTF
59145.2644097;18.3997669;0.0487023406;ZTF;ZTF(zg);ZTF
59145.3359722;17.6031532;0.0352398604;ZTF;ZTF(zr);ZTF
59147.3080787;17.4782848;0.0286862273;ZTF;ZTF(zr);ZTF
59147.3085532;17.3614082;0.0266602654;ZTF;ZTF(zr);ZTF
59149.2685532;17.9254818;0.0352807119;ZTF;ZTF(zg);ZTF
59149.2690162;18.0424881;0.0381127223;ZTF;ZTF(zg);ZTF
59149.3542245;17.4636116;0.0323406234;ZTF;ZTF(zr);ZTF
59150.2673958;17.34758;0.0264357589;ZTF;ZTF(zr);ZTF
59150.2678588;17.4133091;0.0275310893;ZTF;ZTF(zr);ZTF
59150.292963;17.5104904;0.0332731567;ZTF;ZTF(zr);ZTF
59151.2729977;18.1235504;0.0402480774;ZTF;ZTF(zg);ZTF
59151.2734722;18.2085342;0.0426486842;ZTF;ZTF(zg);ZTF
59151.2923843;18.4052773;0.0524454713;ZTF;ZTF(zg);ZTF
59151.3508681;17.450222;0.0320816673;ZTF;ZTF(zr);ZTF
59152.3793403;17.5426941;0.0339376926;ZTF;ZTF(zr);ZTF
59153.332581;17.4509773;0.0320961997;ZTF;ZTF(zr);ZTF
59153.3682986;17.6341972;0.0317747779;ZTF;ZTF(zr);ZTF
59153.3687616;17.6232185;0.0315418392;ZTF;ZTF(zr);ZTF
59153.3988657;18.2074928;0.0453496948;ZTF;ZTF(zg);ZTF
59154.310625;18.3711128;0.0511332974;ZTF;ZTF(zg);ZTF
59154.3290162;18.2088966;0.0426592864;ZTF;ZTF(zg);ZTF
59154.3294792;18.2789612;0.044769939;ZTF;ZTF(zg);ZTF
59155.2731134;17.6504974;0.0363112427;ZTF;ZTF(zr);ZTF
59155.3509491;17.710125;0.033453688;ZTF;ZTF(zr);ZTF
59155.351412;17.7228546;0.0337470733;ZTF;ZTF(zr);ZTF
59155.3557176;18.4151382;0.0528312251;ZTF;ZTF(zg);ZTF
59156.3120486;17.5704155;0.0345257632;ZTF;ZTF(zr);ZTF
59156.3359028;18.3976974;0.0521510728;ZTF;ZTF(zg);ZTF
59156.3427199;18.3467617;0.0502206944;ZTF;ZTF(zg);ZTF
59158.2901389;18.3270893;0.0494970605;ZTF;ZTF(zg);ZTF
59158.2910764;18.1483612;0.0434521884;ZTF;ZTF(zg);ZTF
59158.303125;18.1373978;0.0406276993;ZTF;ZTF(zg);ZTF
59158.3110764;18.2193222;0.0429656915;ZTF;ZTF(zg);ZTF
59158.334294;17.2790451;0.02904303;ZTF;ZTF(zr);ZTF
59158.3352315;17.3751507;0.0306884367;ZTF;ZTF(zr);ZTF
59164.3717593;18.2687607;0.0474211648;ZTF;ZTF(zg);ZTF
59165.2436458;17.5658989;0.0303645786;ZTF;ZTF(zr);ZTF
59165.2441204;17.4495258;0.0281658173;ZTF;ZTF(zr);ZTF
59167.3206134;17.4044113;0.0312198438;ZTF;ZTF(zr);ZTF
59168.2427662;18.3307114;0.0464079976;ZTF;ZTF(zg);ZTF
59168.2451042;18.3008995;0.0454559959;ZTF;ZTF(zg);ZTF
59168.2512731;18.3600426;0.0507160909;ZTF;ZTF(zg);ZTF
59168.2768981;17.5298157;0.0336695462;ZTF;ZTF(zr);ZTF
59168.3065972;17.5834885;0.0307189915;ZTF;ZTF(zr);ZTF
59168.3070602;17.536747;0.0297902562;ZTF;ZTF(zr);ZTF
59169.2933102;17.4974594;0.0330098495;ZTF;ZTF(zr);ZTF
59169.3152546;18.1596889;0.0438081212;ZTF;ZTF(zg);ZTF
59170.2302083;18.2722321;0.0475418419;ZTF;ZTF(zg);ZTF
59170.2900579;17.5412254;0.0339069553;ZTF;ZTF(zr);ZTF
59170.3066667;17.5096645;0.0292709973;ZTF;ZTF(zr);ZTF
59170.3071412;17.5347557;0.0297515951;ZTF;ZTF(zr);ZTF
59171.3076505;18.299799;0.0485129543;ZTF;ZTF(zg);ZTF
59171.3229167;17.5431595;0.0339474268;ZTF;ZTF(zr);ZTF
59172.2867245;17.6052132;0.0311650578;ZTF;ZTF(zr);ZTF
59172.2871991;17.5391197;0.029836392;ZTF;ZTF(zr);ZTF
59173.2823495;18.2852192;0.0449644104;ZTF;ZTF(zg);ZTF
59176.3087269;17.5809631;0.0306677502;ZTF;ZTF(zr);ZTF
59176.3091898;17.5651703;0.0303500295;ZTF;ZTF(zr);ZTF
59178.2716435;17.6168079;0.0355441272;ZTF;ZTF(zr);ZTF
59179.2051042;18.2583466;0.0441363081;ZTF;ZTF(zg);ZTF
59179.2055787;18.2906456;0.0451338366;ZTF;ZTF(zg);ZTF
59181.2027431;17.9572334;0.0360210687;ZTF;ZTF(zg);ZTF
59181.203206;18.3358936;0.0465758592;ZTF;ZTF(zg);ZTF
59182.2029398;17.6408558;0.0319172516;ZTF;ZTF(zr);ZTF
59182.2034028;17.5828476;0.0307059847;ZTF;ZTF(zr);ZTF
59182.2301389;18.2947712;0.0483341515;ZTF;ZTF(zg);ZTF
59182.2315509;18.4096146;0.049039878;ZTF;ZTF(zg);ZTF
59183.1840741;18.1977062;0.0423333049;ZTF;ZTF(zg);ZTF
59183.184537;18.2102566;0.0426991172;ZTF;ZTF(zg);ZTF
59183.2049769;17.718029;0.0336354412;ZTF;ZTF(zr);ZTF
59183.2054514;17.7099419;0.0334494822;ZTF;ZTF(zr);ZTF
59184.2105556;18.2145004;0.0455811322;ZTF;ZTF(zg);ZTF
59184.2720602;17.5019073;0.0330993645;ZTF;ZTF(zr);ZTF
59185.1891551;18.1172066;0.0424912833;ZTF;ZTF(zg);ZTF
59185.2304282;17.4545097;0.0321642458;ZTF;ZTF(zr);ZTF
59185.249375;17.6006851;0.0310713332;ZTF;ZTF(zr);ZTF
59185.249838;17.6434498;0.0319729932;ZTF;ZTF(zr);ZTF
59189.2515509;17.5509758;0.0341118015;ZTF;ZTF(zr);ZTF
59193.2370023;17.5751381;0.0346274711;ZTF;ZTF(zr);ZTF
59198.2055556;18.0928879;0.0394230746;ZTF;ZTF(zg);ZTF
59198.2060301;18.157217;0.0411787853;ZTF;ZTF(zg);ZTF
59198.228588;17.2796726;0.0253774934;ZTF;ZTF(zr);ZTF
59198.2290625;17.3239098;0.0260586236;ZTF;ZTF(zr);ZTF
59199.2308565;17.2922611;0.0292604808;ZTF;ZTF(zr);ZTF
59199.2887153;17.8010864;0.0341185592;ZTF;ZTF(zg);ZTF
59202.2465509;17.9549732;0.037895631;ZTF;ZTF(zg);ZTF
59203.1854745;17.5121174;0.029317474;ZTF;ZTF(zr);ZTF
59203.1859491;17.5161839;0.0293947514;ZTF;ZTF(zr);ZTF
59204.1897685;17.3906212;0.0309675764;ZTF;ZTF(zr);ZTF
59204.2324537;18.2205791;0.0457830057;ZTF;ZTF(zg);ZTF
59204.48535749;14.044;0.051;NEOWISE;WISE(W1);NEOWISE
59204.48535749;14.21;0.242;NEOWISE;WISE(W2);NEOWISE
59204.61613358;14.091;0.052;NEOWISE;WISE(W1);NEOWISE
59204.61613358;14.249;0.205;NEOWISE;WISE(W2);NEOWISE
59204.74690977;14.036;0.204;NEOWISE;WISE(W2);NEOWISE
59204.74690977;14.122;0.058;NEOWISE;WISE(W1);NEOWISE
59204.8122342;14.077;0.055;NEOWISE;WISE(W1);NEOWISE
59204.8122342;14.147;0.218;NEOWISE;WISE(W2);NEOWISE
59204.8776859;14.147;0.069;NEOWISE;WISE(W1);NEOWISE
59204.8776859;13.963;0.262;NEOWISE;WISE(W2);NEOWISE
59204.94301029;14.041;0.063;NEOWISE;WISE(W1);NEOWISE
59204.94301029;14.214;0.214;NEOWISE;WISE(W2);NEOWISE
59205.00846208;11.905;0.033;NEOWISE;WISE(W1);NEOWISE
59205.00846208;14.567;0.275;NEOWISE;WISE(W2);NEOWISE
59205.07378647;14.155;0.187;NEOWISE;WISE(W2);NEOWISE
59205.07378647;14.074;0.061;NEOWISE;WISE(W1);NEOWISE
59205.13872887;14.125;0.058;NEOWISE;WISE(W1);NEOWISE
59205.13872887;14.065;0.169;NEOWISE;WISE(W2);NEOWISE
59205.165;17.5770988;0.0305895545;ZTF;ZTF(zr);ZTF
59205.1654745;17.623106;0.0315394774;ZTF;ZTF(zr);ZTF
59205.20456257;14.146;0.26;NEOWISE;WISE(W2);NEOWISE
59205.20456257;13.981;0.05;NEOWISE;WISE(W1);NEOWISE
59205.33533861;14.293;0.197;NEOWISE;WISE(W2);NEOWISE
59205.33533861;14.117;0.055;NEOWISE;WISE(W1);NEOWISE
59205.46611479;14.379;0.225;NEOWISE;WISE(W2);NEOWISE
59205.46611479;14.039;0.051;NEOWISE;WISE(W1);NEOWISE
59205.59689098;14.136;0.053;NEOWISE;WISE(W1);NEOWISE
59205.59689098;14.016;0.158;NEOWISE;WISE(W2);NEOWISE
59207.36179613;14.244;0.058;NEOWISE;WISE(W1);NEOWISE
59207.36179613;14.083;0.267;NEOWISE;WISE(W2);NEOWISE
59207.49257232;14.592;0.34;NEOWISE;WISE(W2);NEOWISE
59207.49257232;14.145;0.063;NEOWISE;WISE(W1);NEOWISE
59207.6233484;14.095;0.212;NEOWISE;WISE(W2);NEOWISE
59207.6233484;14.084;0.055;NEOWISE;WISE(W1);NEOWISE
59207.68867279;14.057;0.067;NEOWISE;WISE(W1);NEOWISE
59207.68867279;14.1;0.213;NEOWISE;WISE(W2);NEOWISE
59207.68880016;13.833;0.172;NEOWISE;WISE(W2);NEOWISE
59207.68880016;13.991;0.053;NEOWISE;WISE(W1);NEOWISE
59207.75412455;14.046;0.058;NEOWISE;WISE(W1);NEOWISE
59207.75412455;14.543;0.43;NEOWISE;WISE(W2);NEOWISE
59207.81944894;14.117;0.055;NEOWISE;WISE(W1);NEOWISE
59207.81944894;14.062;0.215;NEOWISE;WISE(W2);NEOWISE
59207.88490068;14.123;0.054;NEOWISE;WISE(W1);NEOWISE
59207.88490068;14.215;0.269;NEOWISE;WISE(W2);NEOWISE
59207.95022507;13.992;0.054;NEOWISE;WISE(W1);NEOWISE
59207.95022507;13.739;0.209;NEOWISE;WISE(W2);NEOWISE
59208.01567686;14.057;0.204;NEOWISE;WISE(W2);NEOWISE
59208.01567686;13.907;0.047;NEOWISE;WISE(W1);NEOWISE
59208.0810012;14.02;0.198;NEOWISE;WISE(W2);NEOWISE
59208.0810012;13.901;0.062;NEOWISE;WISE(W1);NEOWISE
59208.21177735;14.022;0.052;NEOWISE;WISE(W1);NEOWISE
59208.21177735;14.205;0.304;NEOWISE;WISE(W2);NEOWISE
59208.34255339;14.801;0.44;NEOWISE;WISE(W2);NEOWISE
59208.34255339;14.096;0.054;NEOWISE;WISE(W1);NEOWISE
59208.47332957;14.049;0.052;NEOWISE;WISE(W1);NEOWISE
59208.47332957;14.251;0.24;NEOWISE;WISE(W2);NEOWISE
59210.2095139;18.1540966;0.0436319634;ZTF;ZTF(zg);ZTF
59215.2085764;18.0405693;0.0402371921;ZTF;ZTF(zg);ZTF
59218.170625;17.3249435;0.0298101418;ZTF;ZTF(zr);ZTF
59219.1688542;17.2251148;0.0281835888;ZTF;ZTF(zr);ZTF
59219.1899074;18.3508549;0.0503728017;ZTF;ZTF(zg);ZTF
59220.147419;18.2441483;0.0465758592;ZTF;ZTF(zg);ZTF
59221.1893287;17.389801;0.0309526827;ZTF;ZTF(zr);ZTF
59223.1056366;17.5102501;0.0332682841;ZTF;ZTF(zr);ZTF
59223.1473032;18.2485847;0.0467269272;ZTF;ZTF(zg);ZTF
59227.1473264;17.4990482;0.0330417901;ZTF;ZTF(zr);ZTF
59227.1844329;18.2554073;0.0469603464;ZTF;ZTF(zg);ZTF
59229.1268519;17.2980499;0.029356597;ZTF;ZTF(zr);ZTF
59229.1691319;17.8949547;0.0363587551;ZTF;ZTF(zg);ZTF
59231.1090046;18.2051773;0.0452735536;ZTF;ZTF(zg);ZTF
59233.1096412;17.5952263;0.0350649916;ZTF;ZTF(zr);ZTF
59233.1527199;18.3519783;0.0504146218;ZTF;ZTF(zg);ZTF
59410.89973091;13.974;0.174;NEOWISE;WISE(W2);NEOWISE
59410.89973091;14.189;0.055;NEOWISE;WISE(W1);NEOWISE
59411.03037949;14.026;0.049;NEOWISE;WISE(W1);NEOWISE
59411.03037949;14.027;0.178;NEOWISE;WISE(W2);NEOWISE
59411.22647957;14.06;0.052;NEOWISE;WISE(W1);NEOWISE
59411.22647957;13.817;0.127;NEOWISE;WISE(W2);NEOWISE
59411.29180381;14.147;0.067;NEOWISE;WISE(W1);NEOWISE
59411.29180381;14.242;0.226;NEOWISE;WISE(W2);NEOWISE
59411.35725536;14.07;0.051;NEOWISE;WISE(W1);NEOWISE
59411.35725536;14.103;0.216;NEOWISE;WISE(W2);NEOWISE
59411.42257965;14.22;0.074;NEOWISE;WISE(W1);NEOWISE
59411.42257965;14.187;0.22;NEOWISE;WISE(W2);NEOWISE
59411.48790389;13.701;0.181;NEOWISE;WISE(W2);NEOWISE
59411.48790389;14.158;0.054;NEOWISE;WISE(W1);NEOWISE
59411.55284613;13.883;0.066;NEOWISE;WISE(W1);NEOWISE
59411.55284613;14.025;0.169;NEOWISE;WISE(W2);NEOWISE
59411.61867973;14.169;0.053;NEOWISE;WISE(W1);NEOWISE
59411.74932877;13.991;0.152;NEOWISE;WISE(W2);NEOWISE
59411.74932877;14.187;0.059;NEOWISE;WISE(W1);NEOWISE
59411.88010466;14.015;0.052;NEOWISE;WISE(W1);NEOWISE
59411.88010466;13.828;0.219;NEOWISE;WISE(W2);NEOWISE
59412.01075319;13.832;0.169;NEOWISE;WISE(W2);NEOWISE
59412.01075319;14.142;0.073;NEOWISE;WISE(W1);NEOWISE
59459.438669;18.3204117;0.0492541268;ZTF;ZTF(zg);ZTF
59460.4294213;18.2806301;0.0448217019;ZTF;ZTF(zg);ZTF
59460.4298958;18.2883987;0.045063585;ZTF;ZTF(zg);ZTF
59461.4386806;18.3003654;0.0485331379;ZTF;ZTF(zg);ZTF
59461.4817245;17.5874023;0.0348936282;ZTF;ZTF(zr);ZTF
59463.4389236;18.2046871;0.0452574529;ZTF;ZTF(zg);ZTF
59463.4608218;17.5021248;0.0331037678;ZTF;ZTF(zr);ZTF
59465.4176505;18.294117;0.0483109318;ZTF;ZTF(zg);ZTF
59465.4359375;18.2708702;0.0445199832;ZTF;ZTF(zg);ZTF
59466.4329745;18.4058037;0.0489089414;ZTF;ZTF(zg);ZTF
59467.4584375;18.3060665;0.0487369634;ZTF;ZTF(zg);ZTF
59467.4814699;17.5679245;0.0344722942;ZTF;ZTF(zr);ZTF
59468.3622685;17.5762444;0.0305723231;ZTF;ZTF(zr);ZTF
59468.4556481;18.4118195;0.0491158254;ZTF;ZTF(zg);ZTF
59469.4607407;17.5899391;0.0349490605;ZTF;ZTF(zr);ZTF
59470.4273958;17.5120335;0.0293158926;ZTF;ZTF(zr);ZTF
59470.4552199;18.3722992;0.0477746464;ZTF;ZTF(zg);ZTF
59471.4411227;17.5481758;0.0340527818;ZTF;ZTF(zr);ZTF
59473.4550231;17.5105305;0.0292874053;ZTF;ZTF(zr);ZTF
59474.3975231;18.4075165;0.052532766;ZTF;ZTF(zg);ZTF
59476.407662;17.6634884;0.0324082449;ZTF;ZTF(zr);ZTF
59477.4606134;18.3077011;0.0487955697;ZTF;ZTF(zg);ZTF
59479.3687384;17.7425308;0.0342075117;ZTF;ZTF(zr);ZTF
59479.3980324;17.6433487;0.036146488;ZTF;ZTF(zr);ZTF
59484.3984144;18.441288;0.0538696237;ZTF;ZTF(zg);ZTF
59484.4625116;17.6336441;0.0359245315;ZTF;ZTF(zr);ZTF
59487.3768519;17.4783287;0.0326290242;ZTF;ZTF(zr);ZTF
59487.3985532;18.194725;0.0449316725;ZTF;ZTF(zg);ZTF
59489.3551389;18.3053818;0.0487124063;ZTF;ZTF(zg);ZTF
59489.417581;17.5395641;0.0338722207;ZTF;ZTF(zr);ZTF
59498.3562616;17.57728;0.0346737169;ZTF;ZTF(zr);ZTF
59498.4055671;18.3415031;0.0500260852;ZTF;ZTF(zg);ZTF
59503.3570602;17.4548759;0.0321713127;ZTF;ZTF(zr);ZTF
59504.3377315;17.5891495;0.0349317752;ZTF;ZTF(zr);ZTF
59504.3984954;18.3549919;0.0505270362;ZTF;ZTF(zg);ZTF
59512.3296528;17.5746422;0.0346167684;ZTF;ZTF(zr);ZTF
59512.3781944;18.4020252;0.0523189455;ZTF;ZTF(zg);ZTF
59518.3143056;17.523922;0.0335479043;ZTF;ZTF(zr);ZTF
59518.3358912;18.2533417;0.0468895212;ZTF;ZTF(zg);ZTF
59521.2720486;17.5034485;0.0331304744;ZTF;ZTF(zr);ZTF
59521.2948611;18.3908806;0.0518879406;ZTF;ZTF(zg);ZTF
59523.2722222;17.5175247;0.0334166251;ZTF;ZTF(zr);ZTF
59523.3138657;18.3824863;0.0515659302;ZTF;ZTF(zg);ZTF
59524.2737384;17.5537491;0.0341703929;ZTF;ZTF(zr);ZTF
59524.314838;18.3235588;0.0493684411;ZTF;ZTF(zg);ZTF
59525.2943519;17.5055275;0.0331725031;ZTF;ZTF(zr);ZTF
59525.3157639;18.3368931;0.0498561896;ZTF;ZTF(zg);ZTF
59527.294294;18.413229;0.0527562723;ZTF;ZTF(zg);ZTF
59530.2574884;17.4560947;0.032194864;ZTF;ZTF(zr);ZTF
59530.2895139;18.1625538;0.0438987426;ZTF;ZTF(zg);ZTF
59532.253206;18.1451759;0.0433527306;ZTF;ZTF(zg);ZTF
59532.3365856;17.5980835;0.0351278894;ZTF;ZTF(zr);ZTF
59537.3137153;17.680069;0.0370042734;ZTF;ZTF(zr);ZTF
59538.2511111;17.7019558;0.0375293456;ZTF;ZTF(zr);ZTF
59538.3154282;18.4923344;0.0559624322;ZTF;ZTF(zg);ZTF
59542.2092593;17.5995445;0.0351600945;ZTF;ZTF(zr);ZTF
59542.2744676;18.3846436;0.0516484827;ZTF;ZTF(zg);ZTF
59571.67878554;13.961;0.131;NEOWISE;WISE(W2);NEOWISE
59571.67878554;14.043;0.053;NEOWISE;WISE(W1);NEOWISE
59571.8094344;14.086;0.054;NEOWISE;WISE(W1);NEOWISE
59571.8094344;14.693;0.376;NEOWISE;WISE(W2);NEOWISE
59571.80956171;14.597;0.296;NEOWISE;WISE(W2);NEOWISE
59571.80956171;14.045;0.055;NEOWISE;WISE(W1);NEOWISE
59571.94021052;14.081;0.056;NEOWISE;WISE(W1);NEOWISE
59571.94021052;14.097;0.186;NEOWISE;WISE(W2);NEOWISE
59572.00553494;14.512;0.259;NEOWISE;WISE(W2);NEOWISE
59572.00553494;13.892;0.048;NEOWISE;WISE(W1);NEOWISE
59572.07085994;14.029;0.136;NEOWISE;WISE(W2);NEOWISE
59572.07085994;14.065;0.049;NEOWISE;WISE(W1);NEOWISE
59572.13618432;14.661;0.26;NEOWISE;WISE(W2);NEOWISE
59572.13618432;14.34;0.06;NEOWISE;WISE(W1);NEOWISE
59572.20150865;14.039;0.048;NEOWISE;WISE(W1);NEOWISE
59572.20150865;14.297;0.24;NEOWISE;WISE(W2);NEOWISE
59572.26683303;14.327;0.28;NEOWISE;WISE(W2);NEOWISE
59572.26683303;14.079;0.055;NEOWISE;WISE(W1);NEOWISE
59572.33215741;14.178;0.056;NEOWISE;WISE(W1);NEOWISE
59572.33215741;13.972;0.141;NEOWISE;WISE(W2);NEOWISE
59572.39748183;14.042;0.049;NEOWISE;WISE(W1);NEOWISE
59572.39748183;13.894;0.123;NEOWISE;WISE(W2);NEOWISE
59572.52813064;14.149;0.058;NEOWISE;WISE(W1);NEOWISE
59572.52813064;13.952;0.129;NEOWISE;WISE(W2);NEOWISE
59572.52825795;14.086;0.186;NEOWISE;WISE(W2);NEOWISE
59572.52825795;14.165;0.075;NEOWISE;WISE(W1);NEOWISE
59572.65890676;14.119;0.051;NEOWISE;WISE(W1);NEOWISE
59572.65890676;14.075;0.158;NEOWISE;WISE(W2);NEOWISE
59774.96115885;13.99;0.05;NEOWISE;WISE(W1);NEOWISE
59774.96115885;14.034;0.183;NEOWISE;WISE(W2);NEOWISE
59775.09155275;14.058;0.153;NEOWISE;WISE(W2);NEOWISE
59775.09155275;14.038;0.058;NEOWISE;WISE(W1);NEOWISE
59775.22207403;13.998;0.193;NEOWISE;WISE(W2);NEOWISE
59775.22207403;14.018;0.051;NEOWISE;WISE(W1);NEOWISE
59775.35246788;14.03;0.055;NEOWISE;WISE(W1);NEOWISE
59775.35246788;14.122;0.173;NEOWISE;WISE(W2);NEOWISE
59775.3525952;14.015;0.144;NEOWISE;WISE(W2);NEOWISE
59775.3525952;14.117;0.053;NEOWISE;WISE(W1);NEOWISE
59775.41779214;13.645;0.042;NEOWISE;WISE(W1);NEOWISE
59775.41779214;13.917;0.149;NEOWISE;WISE(W2);NEOWISE
59775.4829891;14.267;0.069;NEOWISE;WISE(W1);NEOWISE
59775.4829891;13.877;0.147;NEOWISE;WISE(W2);NEOWISE
59775.61351031;13.966;0.062;NEOWISE;WISE(W1);NEOWISE
59775.61351031;14.197;0.204;NEOWISE;WISE(W2);NEOWISE
59775.67870722;14.083;0.207;NEOWISE;WISE(W2);NEOWISE
59775.67870722;13.979;0.055;NEOWISE;WISE(W1);NEOWISE
59775.74390422;14.085;0.053;NEOWISE;WISE(W1);NEOWISE
59775.74390422;14.212;0.227;NEOWISE;WISE(W2);NEOWISE
59775.80910174;13.895;0.137;NEOWISE;WISE(W2);NEOWISE
59775.80910174;14.201;0.061;NEOWISE;WISE(W1);NEOWISE
59775.93962296;13.974;0.368;NEOWISE;WISE(W2);NEOWISE
59775.93962296;14.082;0.056;NEOWISE;WISE(W1);NEOWISE
59776.07014422;14.115;0.199;NEOWISE;WISE(W2);NEOWISE
59776.07014422;14.011;0.054;NEOWISE;WISE(W1);NEOWISE
59780.57140189;13.606;0.137;NEOWISE;WISE(W2);NEOWISE
59780.57140189;14.067;0.057;NEOWISE;WISE(W1);NEOWISE
59780.76711993;14.126;0.252;NEOWISE;WISE(W2);NEOWISE
59780.76711993;13.951;0.049;NEOWISE;WISE(W1);NEOWISE
59823.43915509991;17.608186116474787;0.042857886714038694;ZTF;ZTF(zg);ZTF
59823.4391551;17.5878525;0.0297049321;ZTF;ZTF(zg);ZTF
59825.4402199;17.1612892;0.0272223782;ZTF;ZTF(zr);ZTF
59825.440219900105;17.145859904046908;0.048686250204804604;ZTF;ZTF(zr);ZTF
59827.4388194;17.630291;0.0305136051;ZTF;ZTF(zg);ZTF
59827.438819400035;17.60567482064641;0.04662542254906372;ZTF;ZTF(zg);ZTF
59827.4611574;17.2252655;0.0281859208;ZTF;ZTF(zr);ZTF
59827.46115740016;17.19086372680201;0.050972575439851175;ZTF;ZTF(zr);ZTF
59839.4641435;17.6832352;0.0315695517;ZTF;ZTF(zg);ZTF
59839.4641435002;17.667617380308723;0.04210671858736248;ZTF;ZTF(zg);ZTF
59841.3976619998;17.69847534757094;0.051718184988580135;ZTF;ZTF(zg);ZTF
59841.397662;17.747448;0.0329234004;ZTF;ZTF(zg);ZTF
59841.44074069988;17.717001287552613;0.04041734040054136;ZTF;ZTF(zg);ZTF
59841.4407407;17.7651157;0.0333104506;ZTF;ZTF(zg);ZTF
59843.423252299894;17.21383348396001;0.050953556936401884;ZTF;ZTF(zr);ZTF
59843.4232523;17.2399406;0.0284154527;ZTF;ZTF(zr);ZTF
59843.4609606;17.7593231;0.0331828408;ZTF;ZTF(zg);ZTF
59843.46096060006;17.745203997352068;0.04067874747923378;ZTF;ZTF(zg);ZTF
59846.4297222;17.2933655;0.0292787906;ZTF;ZTF(zr);ZTF
59846.42972220015;17.206144699409574;0.05027561007757997;ZTF;ZTF(zr);ZTF
59848.3982406999;17.766444900916166;0.04355453796071654;ZTF;ZTF(zg);ZTF
59848.3982407;17.7959862;0.0340023078;ZTF;ZTF(zg);ZTF
59850.3967824;17.7757549;0.0335466526;ZTF;ZTF(zg);ZTF
59850.39678240009;17.746389171791197;0.040137285186448525;ZTF;ZTF(zg);ZTF
59850.48184029991;17.23126118966313;0.04998769881500777;ZTF;ZTF(zr);ZTF
59850.4818403;17.2532845;0.0286269579;ZTF;ZTF(zr);ZTF
59852.377419;17.817482;0.034495946;ZTF;ZTF(zg);ZTF
59852.377419000026;17.775860258080044;0.042910158254690516;ZTF;ZTF(zg);ZTF
59852.4829167;17.2674332;0.0288542099;ZTF;ZTF(zr);ZTF
59852.48291670019;17.250484381813113;0.05227419393325115;ZTF;ZTF(zr);ZTF
59854.3758565;17.8199043;0.0345521979;ZTF;ZTF(zg);ZTF
59854.37585650012;17.77706363265174;0.03984298032821112;ZTF;ZTF(zg);ZTF
59856.4193981;17.7766933;0.0335675888;ZTF;ZTF(zg);ZTF
59856.419398100115;17.78264916203067;0.0424420535255655;ZTF;ZTF(zg);ZTF
59858.3559722;17.3000984;0.0293907505;ZTF;ZTF(zr);ZTF
59858.35597220017;17.2534852638961;0.054650172494947136;ZTF;ZTF(zr);ZTF
59858.41832179995;17.825201416757775;0.04561733047123423;ZTF;ZTF(zg);ZTF
59858.4183218;17.8780365;0.0359405503;ZTF;ZTF(zg);ZTF
59860.4625694;17.8993759;0.0364691243;ZTF;ZTF(zg);ZTF
59860.4625694002;17.812954672078142;0.06813066948861586;ZTF;ZTF(zg);ZTF
59862.37739579985;17.793846396606664;0.08211643909593472;ZTF;ZTF(zg);ZTF
59862.3773958;17.8446178;0.0351333506;ZTF;ZTF(zg);ZTF
59862.4440278;17.3858528;0.0308811106;ZTF;ZTF(zr);ZTF
59864.35333329998;17.312957304323774;0.06152739828710491;ZTF;ZTF(zr);ZTF
59864.3533333;17.425108;0.0316046178;ZTF;ZTF(zr);ZTF
59864.3967824;17.881958;0.0360369235;ZTF;ZTF(zg);ZTF
59864.39678240009;17.84272925987992;0.07741051061706154;ZTF;ZTF(zg);ZTF
59866.3559375;17.322197;0.0297632907;ZTF;ZTF(zr);ZTF
59866.35593750002;17.269054568004528;0.053966878212281716;ZTF;ZTF(zr);ZTF
59869.3776736;17.9493713;0.0377486125;ZTF;ZTF(zg);ZTF
59871.3136343;17.1752701;0.0274278913;ZTF;ZTF(zr);ZTF
59871.31363430014;17.278018027716662;0.056257853038984965;ZTF;ZTF(zr);ZTF
59871.3566319;17.7364273;0.0326851793;ZTF;ZTF(zg);ZTF
59871.356631900184;17.88433446194787;0.05502984383393087;ZTF;ZTF(zg);ZTF
59873.3879976999;17.83150614124687;0.04558672834165079;ZTF;ZTF(zg);ZTF
59873.3879977;17.9056435;0.0366263539;ZTF;ZTF(zg);ZTF
59876.29361109994;17.964319068120794;0.06387393542737424;ZTF;ZTF(zg);ZTF
59876.2936111;17.8185883;0.034521617;ZTF;ZTF(zg);ZTF
59876.3390162;17.1099281;0.0264908746;ZTF;ZTF(zr);ZTF
59876.33901620004;17.278677583434213;0.06442007626356085;ZTF;ZTF(zr);ZTF
59878.31423609983;17.332228285122145;0.05648695108102808;ZTF;ZTF(zr);ZTF
59878.3142361;17.2822132;0.0290948972;ZTF;ZTF(zr);ZTF
59878.35664349981;17.92080230428468;0.047643874733109125;ZTF;ZTF(zg);ZTF
59878.3566435;17.8898735;0.0362324826;ZTF;ZTF(zg);ZTF
59880.3358681;17.2581768;0.028705189;ZTF;ZTF(zr);ZTF
59880.33586810017;17.290070197120297;0.05368260009490754;ZTF;ZTF(zr);ZTF
59880.3566898;17.8502655;0.0352680087;ZTF;ZTF(zg);ZTF
59880.35668980004;17.924244693815666;0.053540577581198213;ZTF;ZTF(zg);ZTF
59887.2723264;17.8016319;0.0341310054;ZTF;ZTF(zg);ZTF
59887.27232640004;17.866147439554748;0.06128012696901477;ZTF;ZTF(zg);ZTF
59887.3087963;17.3220959;0.029761564;ZTF;ZTF(zr);ZTF
59887.30879630009;17.30443034278131;0.05493642319631979;ZTF;ZTF(zr);ZTF
59894.3144329;17.147644;0.0270244721;ZTF;ZTF(zr);ZTF
59896.3285648;17.3018761;0.0294204261;ZTF;ZTF(zr);ZTF
59897.25128469989;17.95358887381807;0.05521440396361446;ZTF;ZTF(zg);ZTF
59897.2512847;18.0224876;0.0397274345;ZTF;ZTF(zg);ZTF
59897.2903935;17.3674812;0.0305515509;ZTF;ZTF(zr);ZTF
59897.29039350012;17.33628797086549;0.05663353167251611;ZTF;ZTF(zr);ZTF
59898.29503470007;17.969540502487593;0.06520704935593638;ZTF;ZTF(zg);ZTF
59898.3145255;17.3587341;0.0303966608;ZTF;ZTF(zr);ZTF
59899.23125;17.5787048;0.0295349229;ZTF;ZTF(zg);ZTF
59899.315081;17.0321312;0.0254504289;ZTF;ZTF(zr);ZTF
59900.2513079;16.9737206;0.0247200057;ZTF;ZTF(zr);ZTF
59901.2728587999;17.32181364191269;0.056969080134781414;ZTF;ZTF(zr);ZTF
59901.2728588;17.3386879;0.0300464537;ZTF;ZTF(zr);ZTF
59901.294213;17.9603081;0.0380363725;ZTF;ZTF(zg);ZTF
59901.29421300022;17.990199698458255;0.056288100018191484;ZTF;ZTF(zg);ZTF
59902.2931597;17.7721291;0.033465907;ZTF;ZTF(zg);ZTF
59903.2369792;17.9686012;0.038256444;ZTF;ZTF(zg);ZTF
59903.23697920004;17.99751963001365;0.05393234908547101;ZTF;ZTF(zg);ZTF
59903.2998148;17.2770882;0.029011054;ZTF;ZTF(zr);ZTF
59908.225879599806;17.3139575490568;0.059457703113010615;ZTF;ZTF(zr);ZTF
59908.2258796;17.1832066;0.0275458023;ZTF;ZTF(zr);ZTF
59910.230810199864;17.312172124453703;0.055622393888906004;ZTF;ZTF(zr);ZTF
59910.2308102;17.3547421;0.0303263832;ZTF;ZTF(zr);ZTF
59913.2400579;17.3098412;0.0295540188;ZTF;ZTF(zr);ZTF
59913.24005790008;17.36008493002419;0.05858695686196858;ZTF;ZTF(zr);ZTF
59914.2238079;17.9226704;0.0370580368;ZTF;ZTF(zg);ZTF
59914.22380790021;17.92492388990238;0.058543007616231234;ZTF;ZTF(zg);ZTF
59914.247824099846;17.309448540512495;0.0573290300946469;ZTF;ZTF(zr);ZTF
59914.2478241;17.2934074;0.0292794816;ZTF;ZTF(zr);ZTF
59923.207013899926;17.355960579313056;0.05822500240483267;ZTF;ZTF(zr);ZTF
59923.2070139;17.4297447;0.0316918641;ZTF;ZTF(zr);ZTF
59923.2105556;18.0572376;0.0407144502;ZTF;ZTF(zg);ZTF
59923.2105556;17.98115091209696;0.06180655140233894;ZTF;ZTF(zg);ZTF
59928.23375;17.1779175;0.0274671242;ZTF;ZTF(zr);ZTF
59932.19081019983;18.0294801729191;0.04654289422266947;ZTF;ZTF(zg);ZTF
59932.1908102;18.0496311;0.0404957607;ZTF;ZTF(zg);ZTF
59932.2315278;17.4074249;0.0312754065;ZTF;ZTF(zr);ZTF
59934.1918056;18.0229416;0.0397401005;ZTF;ZTF(zg);ZTF
59934.19180560019;17.989927201231247;0.05097577093713492;ZTF;ZTF(zg);ZTF
59934.231412;17.4117889;0.0313561298;ZTF;ZTF(zr);ZTF
59935.87613516;14.116;0.175;NEOWISE;WISE(W2);NEOWISE
59935.87613516;14.041;0.055;NEOWISE;WISE(W1);NEOWISE
59936.00640196;14.507;0.233;NEOWISE;WISE(W2);NEOWISE
59936.00640196;15.215;0.161;NEOWISE;WISE(W1);NEOWISE
59936.13666872;13.666;0.141;NEOWISE;WISE(W2);NEOWISE
59936.13666872;14.089;0.059;NEOWISE;WISE(W1);NEOWISE
59936.20173845;14.009;0.066;NEOWISE;WISE(W1);NEOWISE
59936.20173845;14.014;0.137;NEOWISE;WISE(W2);NEOWISE
59936.2096875;17.4470177;0.032020174;ZTF;ZTF(zr);ZTF
59936.26693613;14.02;0.068;NEOWISE;WISE(W1);NEOWISE
59936.26693613;14.018;0.158;NEOWISE;WISE(W2);NEOWISE
59936.33200582;14.067;0.056;NEOWISE;WISE(W1);NEOWISE
59936.33200582;14.009;0.132;NEOWISE;WISE(W2);NEOWISE
59936.39720288;14.122;0.052;NEOWISE;WISE(W1);NEOWISE
59936.39720288;13.519;0.129;NEOWISE;WISE(W2);NEOWISE
59936.46227263;14.094;0.158;NEOWISE;WISE(W2);NEOWISE
59936.46227263;13.956;0.062;NEOWISE;WISE(W1);NEOWISE
59936.46239999;14.217;0.211;NEOWISE;WISE(W2);NEOWISE
59936.46239999;13.942;0.072;NEOWISE;WISE(W1);NEOWISE
59936.59266669;14.089;0.053;NEOWISE;WISE(W1);NEOWISE
59936.59266669;13.98;0.16;NEOWISE;WISE(W2);NEOWISE
59936.7229335;14.012;0.161;NEOWISE;WISE(W2);NEOWISE
59936.7229335;14.07;0.064;NEOWISE;WISE(W1);NEOWISE
59936.85320024;13.947;0.141;NEOWISE;WISE(W2);NEOWISE
59936.85320024;14.109;0.053;NEOWISE;WISE(W1);NEOWISE
59942.2023611;17.4090462;0.0313053653;ZTF;ZTF(zr);ZTF
59944.66870922;13.977;0.209;NEOWISE;WISE(W2);NEOWISE
59944.66870922;14.087;0.054;NEOWISE;WISE(W1);NEOWISE
59965.1703356;17.261097;0.0287520681;ZTF;ZTF(zr);ZTF
59968.1269907;17.8976212;0.0364252701;ZTF;ZTF(zg);ZTF
59968.1485995;17.1508522;0.0270707645;ZTF;ZTF(zr);ZTF
59969.1270602;17.1866417;0.0275971051;ZTF;ZTF(zr);ZTF
59969.1709259;17.9579506;0.0379740894;ZTF;ZTF(zg);ZTF
59970.1344676;17.2419586;0.0284472499;ZTF;ZTF(zr);ZTF
59972.168912;17.3182755;0.0296966191;ZTF;ZTF(zr);ZTF
60142.14327891;13.966;0.155;NEOWISE;WISE(W2);NEOWISE
60142.14327891;14.255;0.074;NEOWISE;WISE(W1);NEOWISE
60142.27290876;14.024;0.051;NEOWISE;WISE(W1);NEOWISE
60142.27290876;13.743;0.149;NEOWISE;WISE(W2);NEOWISE
60142.40266591;14.03;0.051;NEOWISE;WISE(W1);NEOWISE
60142.40266591;14.202;0.275;NEOWISE;WISE(W2);NEOWISE
60142.46748087;14.057;0.055;NEOWISE;WISE(W1);NEOWISE
60142.46748087;13.793;0.145;NEOWISE;WISE(W2);NEOWISE
60142.59723802;14.084;0.066;NEOWISE;WISE(W1);NEOWISE
60142.59723802;13.803;0.157;NEOWISE;WISE(W2);NEOWISE
60142.66205292;14.046;0.063;NEOWISE;WISE(W1);NEOWISE
60142.66205292;13.949;0.148;NEOWISE;WISE(W2);NEOWISE
60142.72686787;14.199;0.059;NEOWISE;WISE(W1);NEOWISE
60142.72686787;13.936;0.159;NEOWISE;WISE(W2);NEOWISE
60142.79168281;14.191;0.069;NEOWISE;WISE(W1);NEOWISE
60142.79168281;13.821;0.158;NEOWISE;WISE(W2);NEOWISE
60142.85662503;13.974;0.048;NEOWISE;WISE(W1);NEOWISE
60142.85662503;14.31;0.385;NEOWISE;WISE(W2);NEOWISE
60142.92143998;13.806;0.183;NEOWISE;WISE(W2);NEOWISE
60142.92143998;13.966;0.07;NEOWISE;WISE(W1);NEOWISE
60142.98625487;14.052;0.211;NEOWISE;WISE(W2);NEOWISE
60142.98625487;14.162;0.063;NEOWISE;WISE(W1);NEOWISE
60143.11601213;13.962;0.309;NEOWISE;WISE(W2);NEOWISE
60143.11601213;14.046;0.062;NEOWISE;WISE(W1);NEOWISE
60143.24564192;14.131;0.176;NEOWISE;WISE(W2);NEOWISE
60143.24564192;14.089;0.059;NEOWISE;WISE(W1);NEOWISE
60191.4391551;18.2876987;0.048083894;ZTF;ZTF(zg);ZTF
60194.4389005;18.2529163;0.0468749404;ZTF;ZTF(zg);ZTF
60194.4745718;17.560276;0.0343089104;ZTF;ZTF(zr);ZTF
60196.4182407;17.623518;0.0356950425;ZTF;ZTF(zr);ZTF
60196.460463;18.2332764;0.0462081283;ZTF;ZTF(zg);ZTF
60199.4891204;18.1503448;0.0435142666;ZTF;ZTF(zg);ZTF
60201.4606019;18.2682781;0.0474044606;ZTF;ZTF(zg);ZTF
60203.3978704;18.2688522;0.0474243537;ZTF;ZTF(zg);ZTF
60203.4616204;17.47929;0.0326479897;ZTF;ZTF(zr);ZTF
60205.4398032;18.2712059;0.0475061648;ZTF;ZTF(zg);ZTF
60207.4183796;18.1697655;0.0441277474;ZTF;ZTF(zg);ZTF
60211.3789468;18.284893;0.047985021;ZTF;ZTF(zg);ZTF
60214.4830903;17.5263329;0.033597596;ZTF;ZTF(zr);ZTF
60221.3982176;17.8836212;0.0360778905;ZTF;ZTF(zg);ZTF
60223.3714699;18.1729946;0.0442307815;ZTF;ZTF(zg);ZTF
60223.4391782;17.4693947;0.032453496;ZTF;ZTF(zr);ZTF
60225.3644676;18.1886845;0.0447355211;ZTF;ZTF(zg);ZTF
60228.3580787;17.4158363;0.0314313322;ZTF;ZTF(zr);ZTF
60228.4019097;18.095089;0.0418249294;ZTF;ZTF(zg);ZTF
60231.3348148;17.4676247;0.0324188843;ZTF;ZTF(zr);ZTF
60231.4185069;18.2543068;0.0469226129;ZTF;ZTF(zg);ZTF
60232.3566435;17.4924736;0.0329099558;ZTF;ZTF(zr);ZTF
60232.3988773;18.3320236;0.0496774316;ZTF;ZTF(zg);ZTF
60234.3347338;18.246336;0.0466502681;ZTF;ZTF(zg);ZTF
60234.3780208;17.5121632;0.0333071761;ZTF;ZTF(zr);ZTF
60236.3284491;17.5880775;0.034908358;ZTF;ZTF(zr);ZTF
60236.3771991;18.204916;0.0452649742;ZTF;ZTF(zg);ZTF
60238.3561574;17.4959888;0.0329803266;ZTF;ZTF(zr);ZTF
60238.3996759;18.2930889;0.0482744537;ZTF;ZTF(zg);ZTF
60242.3570602;18.2193394;0.0457417443;ZTF;ZTF(zg);ZTF
60242.4239005;17.549509;0.0340808518;ZTF;ZTF(zr);ZTF
60245.3147569;18.0308971;0.0399634726;ZTF;ZTF(zg);ZTF
60251.2725;18.2096615;0.0454211496;ZTF;ZTF(zg);ZTF
60251.3792477;17.409584;0.0313153043;ZTF;ZTF(zr);ZTF
60257.2543634;17.1249561;0.0267011486;ZTF;ZTF(zr);ZTF
60257.3104167;17.9546432;0.0378869772;ZTF;ZTF(zg);ZTF
60259.2910995;17.3038826;0.0294539835;ZTF;ZTF(zr);ZTF
60259.3628009;18.2901421;0.0481701531;ZTF;ZTF(zg);ZTF
60261.2732176;17.5134411;0.0333332121;ZTF;ZTF(zr);ZTF
60261.2969792;18.2297668;0.0460901484;ZTF;ZTF(zg);ZTF
60284.2108565;18.2248669;0.0459260531;ZTF;ZTF(zg);ZTF
60288.2318866;17.0835171;0.0261287317;ZTF;ZTF(zr);ZTF
60288.2747917;17.8965034;0.0363973603;ZTF;ZTF(zg);ZTF
60289.1888773;18.2483559;0.0467191264;ZTF;ZTF(zg);ZTF
60290.1713542;17.5060978;0.0331840366;ZTF;ZTF(zr);ZTF
60290.2305556;18.2570705;0.0470174551;ZTF;ZTF(zg);ZTF
60314.1297917;17.2130508;0.0279973466;ZTF;ZTF(zr);ZTF
60314.2135995;17.9670753;0.0382158197;ZTF;ZTF(zg);ZTF
60325.1959606;18.1891594;0.0447508879;ZTF;ZTF(zg);ZTF
60327.1179398;18.0971565;0.0418866538;ZTF;ZTF(zg);ZTF
60327.1485185;17.2477875;0.0285394993;ZTF;ZTF(zr);ZTF
60334.1690162;17.4111671;0.0313446224;ZTF;ZTF(zr);ZTF
