MJD;Magnitude;Error;Facility;Filter;Observer
51258.23072294;19.012444;0.024720928;SDSS;SDSS(r);SDSS
51258.2315522;18.575056;0.02114371;SDSS;SDSS(i);SDSS
51258.23238146;21.116976;0.12575708;SDSS;SDSS(u);SDSS
51258.23321073;18.283321;0.036007993;SDSS;SDSS(z);SDSS
51258.23403999;19.776663;0.029709266;SDSS;SDSS(g);SDSS
51962.37802993;19.212477;0.021166177;SDSS;SDSS(r);SDSS
51962.3788592;18.809977;0.023774052;SDSS;SDSS(i);SDSS
51962.37968846;21.305079;0.11784861;SDSS;SDSS(u);SDSS
51962.38051773;18.508446;0.036950562;SDSS;SDSS(z);SDSS
51962.38134699;19.830824;0.02730727;SDSS;SDSS(g);SDSS
52608.4748755;18.407;0.405;LINEAR;LINEAR(CL);LINEAR
52641.3900034;18.381;0.309;LINEAR;LINEAR(CL);LINEAR
52641.4049064;18.838;0.47;LINEAR;LINEAR(CL);LINEAR
52641.4197932;18.732;0.429;LINEAR;LINEAR(CL);LINEAR
52641.4346835;18.255;0.274;LINEAR;LINEAR(CL);LINEAR
52641.4495483;18.453;0.329;LINEAR;LINEAR(CL);LINEAR
52648.3347339;18.369;0.376;LINEAR;LINEAR(CL);LINEAR
52648.3500293;18.656;0.592;LINEAR;LINEAR(CL);LINEAR
52648.3805953;18.153;0.289;LINEAR;LINEAR(CL);LINEAR
52667.3909189;18.07;0.239;LINEAR;LINEAR(CL);LINEAR
52667.4061529;18.339;0.311;LINEAR;LINEAR(CL);LINEAR
52667.421636;18.233;0.29;LINEAR;LINEAR(CL);LINEAR
52667.4369427;18.07;0.276;LINEAR;LINEAR(CL);LINEAR
52667.4523036;18.406;0.377;LINEAR;LINEAR(CL);LINEAR
52700.3607783;17.142;0.12;LINEAR;LINEAR(CL);LINEAR
52700.3616349;18.027;0.249;LINEAR;LINEAR(CL);LINEAR
52700.3762618;17.045;0.114;LINEAR;LINEAR(CL);LINEAR
52700.3770938;18.86;0.545;LINEAR;LINEAR(CL);LINEAR
52700.3925776;16.833;0.106;LINEAR;LINEAR(CL);LINEAR
52700.3935253;17.793;0.218;LINEAR;LINEAR(CL);LINEAR
52700.4089014;18.371;0.393;LINEAR;LINEAR(CL);LINEAR
52700.4234617;16.765;0.107;LINEAR;LINEAR(CL);LINEAR
52700.4243307;18.367;0.404;LINEAR;LINEAR(CL);LINEAR
52705.2405864;17.36;0.119;LINEAR;LINEAR(CL);LINEAR
52705.2407012;18.26;0.261;LINEAR;LINEAR(CL);LINEAR
52705.2535467;17.606;0.145;LINEAR;LINEAR(CL);LINEAR
52705.2536617;18.226;0.248;LINEAR;LINEAR(CL);LINEAR
52705.2665864;17.393;0.117;LINEAR;LINEAR(CL);LINEAR
52705.2667013;18.335;0.272;LINEAR;LINEAR(CL);LINEAR
52705.2795549;17.625;0.147;LINEAR;LINEAR(CL);LINEAR
52705.2796709;18.148;0.236;LINEAR;LINEAR(CL);LINEAR
52705.292522;17.531;0.139;LINEAR;LINEAR(CL);LINEAR
52707.2457436;17.387;0.13;LINEAR;LINEAR(CL);LINEAR
52707.2458588;18.203;0.266;LINEAR;LINEAR(CL);LINEAR
52707.2589301;17.548;0.152;LINEAR;LINEAR(CL);LINEAR
52707.2720007;17.625;0.16;LINEAR;LINEAR(CL);LINEAR
52707.2721166;18.324;0.302;LINEAR;LINEAR(CL);LINEAR
52707.2852285;17.603;0.158;LINEAR;LINEAR(CL);LINEAR
52707.2985039;17.683;0.167;LINEAR;LINEAR(CL);LINEAR
52707.2986188;18.332;0.307;LINEAR;LINEAR(CL);LINEAR
52728.235889;16.939;0.101;LINEAR;LINEAR(CL);LINEAR
52728.2360042;18.862;0.505;LINEAR;LINEAR(CL);LINEAR
52728.2479071;17.335;0.137;LINEAR;LINEAR(CL);LINEAR
52728.2724064;17.158;0.116;LINEAR;LINEAR(CL);LINEAR
52728.2844637;17.097;0.107;LINEAR;LINEAR(CL);LINEAR
52737.1914542;18.639;0.45;LINEAR;LINEAR(CL);LINEAR
52737.203382;18.432;0.364;LINEAR;LINEAR(CL);LINEAR
52737.2151938;18.648;0.44;LINEAR;LINEAR(CL);LINEAR
52737.2268886;18.607;0.431;LINEAR;LINEAR(CL);LINEAR
52737.23884;18.777;0.501;LINEAR;LINEAR(CL);LINEAR
52756.1408844;18.539;0.359;LINEAR;LINEAR(CL);LINEAR
52756.1526311;18.368;0.309;LINEAR;LINEAR(CL);LINEAR
52756.1643754;18.36;0.309;LINEAR;LINEAR(CL);LINEAR
52756.1761678;18.296;0.296;LINEAR;LINEAR(CL);LINEAR
52756.1881217;18.131;0.255;LINEAR;LINEAR(CL);LINEAR
52972.4456736;18.281;0.259;LINEAR;LINEAR(CL);LINEAR
52972.4584997;18.272;0.246;LINEAR;LINEAR(CL);LINEAR
52972.4713821;18.206;0.224;LINEAR;LINEAR(CL);LINEAR
52972.4842035;18.38;0.27;LINEAR;LINEAR(CL);LINEAR
52972.4970137;18.511;0.311;LINEAR;LINEAR(CL);LINEAR
53033.3313259;18.634;0.392;LINEAR;LINEAR(CL);LINEAR
53033.3435803;18.562;0.377;LINEAR;LINEAR(CL);LINEAR
53033.3557377;18.381;0.307;LINEAR;LINEAR(CL);LINEAR
53033.3678729;18.27;0.29;LINEAR;LINEAR(CL);LINEAR
53054.3035568;18.121;0.203;LINEAR;LINEAR(CL);LINEAR
53054.318377;18.387;0.253;LINEAR;LINEAR(CL);LINEAR
53054.3337295;18.144;0.203;LINEAR;LINEAR(CL);LINEAR
53054.3468634;18.433;0.263;LINEAR;LINEAR(CL);LINEAR
53054.3594184;18.557;0.302;LINEAR;LINEAR(CL);LINEAR
53080.2254056;18.354;0.27;LINEAR;LINEAR(CL);LINEAR
53080.2363308;18.505;0.315;LINEAR;LINEAR(CL);LINEAR
53080.2485075;18.623;0.357;LINEAR;LINEAR(CL);LINEAR
53080.2627165;18.699;0.377;LINEAR;LINEAR(CL);LINEAR
53080.2741198;18.574;0.335;LINEAR;LINEAR(CL);LINEAR
53111.1855975;18.761;0.536;LINEAR;LINEAR(CL);LINEAR
53111.1963712;18.356;0.37;LINEAR;LINEAR(CL);LINEAR
53111.2071247;18.162;0.305;LINEAR;LINEAR(CL);LINEAR
53111.2178359;18.51;0.435;LINEAR;LINEAR(CL);LINEAR
53111.2286336;18.407;0.398;LINEAR;LINEAR(CL);LINEAR
53139.1552258;18.585;0.416;LINEAR;LINEAR(CL);LINEAR
53139.16498;18.705;0.485;LINEAR;LINEAR(CL);LINEAR
53139.1745767;18.498;0.385;LINEAR;LINEAR(CL);LINEAR
53139.1840968;18.512;0.407;LINEAR;LINEAR(CL);LINEAR
53139.1935947;18.258;0.326;LINEAR;LINEAR(CL);LINEAR
53316.4518697;17.318;0.457;LINEAR;LINEAR(CL);LINEAR
53346.3937513;18.13;0.355;LINEAR;LINEAR(CL);LINEAR
53346.4061938;18.53;0.494;LINEAR;LINEAR(CL);LINEAR
53346.4208899;18.123;0.34;LINEAR;LINEAR(CL);LINEAR
53346.4341262;18.583;0.511;LINEAR;LINEAR(CL);LINEAR
53346.4462445;18.168;0.357;LINEAR;LINEAR(CL);LINEAR
53347.4433409;18.639;0.427;LINEAR;LINEAR(CL);LINEAR
53347.471033;18.379;0.35;LINEAR;LINEAR(CL);LINEAR
53440.3700393;18.861;0.551;LINEAR;LINEAR(CL);LINEAR
53440.3810638;18.694;0.485;LINEAR;LINEAR(CL);LINEAR
53440.39321;18.266;0.348;LINEAR;LINEAR(CL);LINEAR
53440.4036986;18.266;0.361;LINEAR;LINEAR(CL);LINEAR
53464.22959;18.11;0.12;CRTS;CRTS(CL);CRTS
53464.23789;18.13;0.12;CRTS;CRTS(CL);CRTS
53464.24639;18.6;0.14;CRTS;CRTS(CL);CRTS
53464.25448;18.34;0.13;CRTS;CRTS(CL);CRTS
53466.265575;18.811;0.544;LINEAR;LINEAR(CL);LINEAR
53466.2754266;18.447;0.387;LINEAR;LINEAR(CL);LINEAR
53466.2850874;18.468;0.405;LINEAR;LINEAR(CL);LINEAR
53466.2961627;18.788;0.536;LINEAR;LINEAR(CL);LINEAR
53466.3059948;18.518;0.429;LINEAR;LINEAR(CL);LINEAR
53469.1781228;18.69;0.433;LINEAR;LINEAR(CL);LINEAR
53469.1881462;18.449;0.339;LINEAR;LINEAR(CL);LINEAR
53469.201959;18.391;0.316;LINEAR;LINEAR(CL);LINEAR
53469.2129334;18.173;0.255;LINEAR;LINEAR(CL);LINEAR
53469.2229646;18.444;0.327;LINEAR;LINEAR(CL);LINEAR
53494.20697;18.36;0.13;CRTS;CRTS(CL);CRTS
53494.21508;18.43;0.14;CRTS;CRTS(CL);CRTS
53494.22319;18.24;0.13;CRTS;CRTS(CL);CRTS
53494.23124;18.34;0.13;CRTS;CRTS(CL);CRTS
53496.1511456;18.345;0.401;LINEAR;LINEAR(CL);LINEAR
53496.1610773;18.545;0.494;LINEAR;LINEAR(CL);LINEAR
53496.1711601;18.838;0.644;LINEAR;LINEAR(CL);LINEAR
53496.1811193;18.22;0.37;LINEAR;LINEAR(CL);LINEAR
53496.191072;18.397;0.45;LINEAR;LINEAR(CL);LINEAR
53526.16053;18.36;0.14;CRTS;CRTS(CL);CRTS
53526.16706;18.27;0.13;CRTS;CRTS(CL);CRTS
53526.17356;18.36;0.14;CRTS;CRTS(CL);CRTS
53526.18005;18.32;0.13;CRTS;CRTS(CL);CRTS
53706.46493;18.42;0.14;CRTS;CRTS(CL);CRTS
53706.47378;18.18;0.12;CRTS;CRTS(CL);CRTS
53706.48261;18.45;0.14;CRTS;CRTS(CL);CRTS
53706.49135;18.36;0.13;CRTS;CRTS(CL);CRTS
53712.48699;18.19;0.12;CRTS;CRTS(CL);CRTS
53712.49567;18.25;0.12;CRTS;CRTS(CL);CRTS
53712.50431;18.34;0.13;CRTS;CRTS(CL);CRTS
53712.51303;18.35;0.13;CRTS;CRTS(CL);CRTS
53729.43948;18.32;0.13;CRTS;CRTS(CL);CRTS
53729.44886;18.56;0.14;CRTS;CRTS(CL);CRTS
53729.45818;18.34;0.13;CRTS;CRTS(CL);CRTS
53729.46758;18.34;0.13;CRTS;CRTS(CL);CRTS
53741.36171;18.32;0.13;CRTS;CRTS(CL);CRTS
53741.36766;18.33;0.13;CRTS;CRTS(CL);CRTS
53741.37359;18.64;0.15;CRTS;CRTS(CL);CRTS
53741.37961;18.32;0.13;CRTS;CRTS(CL);CRTS
53758.31627;18.35;0.13;CRTS;CRTS(CL);CRTS
53758.32389;18.11;0.12;CRTS;CRTS(CL);CRTS
53758.33085;18.28;0.13;CRTS;CRTS(CL);CRTS
53758.33787;18.23;0.12;CRTS;CRTS(CL);CRTS
53765.38781;18.64;0.4;CRTS;CRTS(CL);CRTS
53765.39205;18.93;0.47;CRTS;CRTS(CL);CRTS
53765.39626;17.93;0.28;CRTS;CRTS(CL);CRTS
53765.40042;18.26;0.33;CRTS;CRTS(CL);CRTS
53772.32667;18.96;0.24;CRTS;CRTS(CL);CRTS
53772.33314;18.05;0.15;CRTS;CRTS(CL);CRTS
53772.33955;18.4;0.15;CRTS;CRTS(CL);CRTS
53772.3475;18.43;0.15;CRTS;CRTS(CL);CRTS
53772.354;18.15;0.13;CRTS;CRTS(CL);CRTS
53772.36046;18.27;0.15;CRTS;CRTS(CL);CRTS
53772.36695;18.42;0.15;CRTS;CRTS(CL);CRTS
53773.33157;18.38;0.13;CRTS;CRTS(CL);CRTS
53773.33837;18.2;0.12;CRTS;CRTS(CL);CRTS
53773.34518;18.57;0.14;CRTS;CRTS(CL);CRTS
53773.35197;18.42;0.13;CRTS;CRTS(CL);CRTS
53788.29233;18.24;0.13;CRTS;CRTS(CL);CRTS
53788.29934;18.38;0.13;CRTS;CRTS(CL);CRTS
53788.30639;18.39;0.13;CRTS;CRTS(CL);CRTS
53788.31344;18.37;0.13;CRTS;CRTS(CL);CRTS
53791.2974236;18.349;0.266;LINEAR;LINEAR(CL);LINEAR
53791.3095866;18.165;0.231;LINEAR;LINEAR(CL);LINEAR
53791.3217515;18.093;0.216;LINEAR;LINEAR(CL);LINEAR
53791.3338881;18.277;0.249;LINEAR;LINEAR(CL);LINEAR
53791.3458372;18.369;0.281;LINEAR;LINEAR(CL);LINEAR
53803.27591;18.42;0.16;CRTS;CRTS(CL);CRTS
53803.2826;18.37;0.16;CRTS;CRTS(CL);CRTS
53803.28936;18.18;0.15;CRTS;CRTS(CL);CRTS
53803.29619;18.32;0.16;CRTS;CRTS(CL);CRTS
53815.2452065;17.691;0.302;LINEAR;LINEAR(CL);LINEAR
53815.2680483;18.091;0.324;LINEAR;LINEAR(CL);LINEAR
53815.2794073;18.252;0.4;LINEAR;LINEAR(CL);LINEAR
53845.23767;18.14;0.13;CRTS;CRTS(CL);CRTS
53845.24573;18.24;0.13;CRTS;CRTS(CL);CRTS
53845.25377;18.52;0.15;CRTS;CRTS(CL);CRTS
53845.26181;18.35;0.14;CRTS;CRTS(CL);CRTS
53846.185243;18.555;0.485;LINEAR;LINEAR(CL);LINEAR
53846.1959795;18.328;0.406;LINEAR;LINEAR(CL);LINEAR
53846.2068261;18.571;0.516;LINEAR;LINEAR(CL);LINEAR
53846.2175424;18.471;0.464;LINEAR;LINEAR(CL);LINEAR
53846.2281768;18.698;0.574;LINEAR;LINEAR(CL);LINEAR
53852.131;18.29;0.13;CRTS;CRTS(CL);CRTS
53852.13862;18.38;0.14;CRTS;CRTS(CL);CRTS
53852.14621;18.15;0.12;CRTS;CRTS(CL);CRTS
53852.1538;18.46;0.14;CRTS;CRTS(CL);CRTS
53860.17133;18.38;0.14;CRTS;CRTS(CL);CRTS
53860.17933;18.25;0.13;CRTS;CRTS(CL);CRTS
53860.1873;18.55;0.15;CRTS;CRTS(CL);CRTS
53860.19532;18.4;0.14;CRTS;CRTS(CL);CRTS
53878.13998;18.83;0.17;CRTS;CRTS(CL);CRTS
53878.14535;18.3;0.13;CRTS;CRTS(CL);CRTS
53878.1507;18.32;0.13;CRTS;CRTS(CL);CRTS
53887.15429;18.08;0.12;CRTS;CRTS(CL);CRTS
53887.16337;18.39;0.14;CRTS;CRTS(CL);CRTS
53887.17246;18.51;0.15;CRTS;CRTS(CL);CRTS
53887.18156;18.25;0.13;CRTS;CRTS(CL);CRTS
53893.43692;18.48;0.31;CRTS;CRTS(CL);CRTS
53893.44474;18.42;0.3;CRTS;CRTS(CL);CRTS
53893.45262;18.72;0.35;CRTS;CRTS(CL);CRTS
53893.46051;18.4;0.3;CRTS;CRTS(CL);CRTS
53912.37219;18.12;0.27;CRTS;CRTS(CL);CRTS
53912.37746;18.3;0.29;CRTS;CRTS(CL);CRTS
53912.38259;18.48;0.33;CRTS;CRTS(CL);CRTS
53912.38774;18.56;0.34;CRTS;CRTS(CL);CRTS
54055.48335;18.14;0.12;CRTS;CRTS(CL);CRTS
54055.49216;18.33;0.12;CRTS;CRTS(CL);CRTS
54055.501;18.15;0.12;CRTS;CRTS(CL);CRTS
54055.50985;18.34;0.12;CRTS;CRTS(CL);CRTS
54060.4399405;17.869;0.274;LINEAR;LINEAR(CL);LINEAR
54060.4556821;18.67;0.559;LINEAR;LINEAR(CL);LINEAR
54060.4685212;18.453;0.455;LINEAR;LINEAR(CL);LINEAR
54060.4833231;18.737;0.581;LINEAR;LINEAR(CL);LINEAR
54090.47714;18.07;0.11;CRTS;CRTS(CL);CRTS
54090.48373;18.13;0.11;CRTS;CRTS(CL);CRTS
54090.49031;18.22;0.12;CRTS;CRTS(CL);CRTS
54090.4969;18.33;0.12;CRTS;CRTS(CL);CRTS
54113.3720333;18.572;0.313;LINEAR;LINEAR(CL);LINEAR
54113.384611;18.946;0.483;LINEAR;LINEAR(CL);LINEAR
54125.35802;18.3;0.12;CRTS;CRTS(CL);CRTS
54127.28698;18.38;0.14;CRTS;CRTS(CL);CRTS
54127.29724;18.41;0.14;CRTS;CRTS(CL);CRTS
54127.30748;18.22;0.13;CRTS;CRTS(CL);CRTS
54127.31776;18.35;0.13;CRTS;CRTS(CL);CRTS
54141.34617;18.36;0.13;CRTS;CRTS(CL);CRTS
54141.35312;18.47;0.14;CRTS;CRTS(CL);CRTS
54141.36009;18.21;0.13;CRTS;CRTS(CL);CRTS
54141.36707;18.24;0.13;CRTS;CRTS(CL);CRTS
54147.28144;18.081;0.269;LINEAR;LINEAR(CL);LINEAR
54147.2932652;18.903;0.571;LINEAR;LINEAR(CL);LINEAR
54147.3052001;18.333;0.322;LINEAR;LINEAR(CL);LINEAR
54147.3175057;18.23;0.313;LINEAR;LINEAR(CL);LINEAR
54147.3293154;18.636;0.45;LINEAR;LINEAR(CL);LINEAR
54156.2683367;18.413;0.348;LINEAR;LINEAR(CL);LINEAR
54156.2798659;18.116;0.259;LINEAR;LINEAR(CL);LINEAR
54156.2913961;18.243;0.287;LINEAR;LINEAR(CL);LINEAR
54156.302946;18.412;0.342;LINEAR;LINEAR(CL);LINEAR
54156.3144977;18.446;0.351;LINEAR;LINEAR(CL);LINEAR
54171.24925;18.35;0.13;CRTS;CRTS(CL);CRTS
54171.25462;18.35;0.13;CRTS;CRTS(CL);CRTS
54171.26;18.5;0.13;CRTS;CRTS(CL);CRTS
54171.26536;18.24;0.12;CRTS;CRTS(CL);CRTS
54175.2228152;18.58;0.388;LINEAR;LINEAR(CL);LINEAR
54175.2338866;18.004;0.229;LINEAR;LINEAR(CL);LINEAR
54175.24465;18.373;0.323;LINEAR;LINEAR(CL);LINEAR
54175.2554416;18.438;0.338;LINEAR;LINEAR(CL);LINEAR
54175.266244;18.28;0.292;LINEAR;LINEAR(CL);LINEAR
54177.2152952;18.25;0.241;LINEAR;LINEAR(CL);LINEAR
54177.2229614;18.358;0.226;LINEAR;LINEAR(CL);LINEAR
54177.2260762;18.164;0.216;LINEAR;LINEAR(CL);LINEAR
54177.2344134;18.305;0.22;LINEAR;LINEAR(CL);LINEAR
54177.236935;18.123;0.241;LINEAR;LINEAR(CL);LINEAR
54198.1909778;18.669;0.586;LINEAR;LINEAR(CL);LINEAR
54206.1269;18.2;0.13;CRTS;CRTS(CL);CRTS
54206.13187;17.96;0.12;CRTS;CRTS(CL);CRTS
54206.13677;18.35;0.13;CRTS;CRTS(CL);CRTS
54206.14168;18.13;0.12;CRTS;CRTS(CL);CRTS
54233.39762;18.22;0.31;CRTS;CRTS(CL);CRTS
54233.40399;17.94;0.27;CRTS;CRTS(CL);CRTS
54233.41034;18.47;0.36;CRTS;CRTS(CL);CRTS
54233.41669;18.49;0.36;CRTS;CRTS(CL);CRTS
54265.41362;18.59;0.35;CRTS;CRTS(CL);CRTS
54265.42006;19.15;0.48;CRTS;CRTS(CL);CRTS
54265.42648;18.22;0.29;CRTS;CRTS(CL);CRTS
54265.43291;18.82;0.4;CRTS;CRTS(CL);CRTS
54415.4471094;18.574;0.32;LINEAR;LINEAR(CL);LINEAR
54415.4596006;18.661;0.333;LINEAR;LINEAR(CL);LINEAR
54415.4720004;18.223;0.229;LINEAR;LINEAR(CL);LINEAR
54415.4844008;18.648;0.344;LINEAR;LINEAR(CL);LINEAR
54415.496784;18.373;0.257;LINEAR;LINEAR(CL);LINEAR
54423.48556;18.34;0.13;CRTS;CRTS(CL);CRTS
54423.49309;18.33;0.12;CRTS;CRTS(CL);CRTS
54423.50059;18.38;0.13;CRTS;CRTS(CL);CRTS
54423.50815;18.24;0.12;CRTS;CRTS(CL);CRTS
54439.41634;18.21;0.12;CRTS;CRTS(CL);CRTS
54439.42287;18.53;0.14;CRTS;CRTS(CL);CRTS
54439.42937;18.14;0.12;CRTS;CRTS(CL);CRTS
54439.43585;18.31;0.12;CRTS;CRTS(CL);CRTS
54452.4627289;18.827;0.551;LINEAR;LINEAR(CL);LINEAR
54452.4751276;18.097;0.287;LINEAR;LINEAR(CL);LINEAR
54452.5000471;17.886;0.234;LINEAR;LINEAR(CL);LINEAR
54453.43151;18.47;0.13;CRTS;CRTS(CL);CRTS
54453.43807;18.37;0.13;CRTS;CRTS(CL);CRTS
54453.44474;18.35;0.13;CRTS;CRTS(CL);CRTS
54453.4513;18.45;0.13;CRTS;CRTS(CL);CRTS
54465.47358;18.2;0.12;CRTS;CRTS(CL);CRTS
54465.48065;18.06;0.11;CRTS;CRTS(CL);CRTS
54465.48779;18.51;0.13;CRTS;CRTS(CL);CRTS
54465.49483;18.31;0.12;CRTS;CRTS(CL);CRTS
54477.3468;18.32;0.12;CRTS;CRTS(CL);CRTS
54477.35391;18.29;0.12;CRTS;CRTS(CL);CRTS
54477.36096;18.42;0.13;CRTS;CRTS(CL);CRTS
54477.36806;18.6;0.14;CRTS;CRTS(CL);CRTS
54477.4449533;17.627;0.317;LINEAR;LINEAR(CL);LINEAR
54477.4696504;18.244;0.528;LINEAR;LINEAR(CL);LINEAR
54477.4822349;18.136;0.497;LINEAR;LINEAR(CL);LINEAR
54477.4947507;18.32;0.582;LINEAR;LINEAR(CL);LINEAR
54480.335391;18.429;0.235;LINEAR;LINEAR(CL);LINEAR
54480.3486364;18.613;0.285;LINEAR;LINEAR(CL);LINEAR
54480.3618817;18.287;0.205;LINEAR;LINEAR(CL);LINEAR
54480.3751224;18.371;0.22;LINEAR;LINEAR(CL);LINEAR
54480.3887871;18.453;0.24;LINEAR;LINEAR(CL);LINEAR
54497.3403077;18.464;0.305;LINEAR;LINEAR(CL);LINEAR
54497.352846;18.428;0.233;LINEAR;LINEAR(CL);LINEAR
54497.3653972;18.726;0.414;LINEAR;LINEAR(CL);LINEAR
54497.3779533;18.206;0.263;LINEAR;LINEAR(CL);LINEAR
54497.3904767;18.165;0.296;LINEAR;LINEAR(CL);LINEAR
54499.3226;18.32;0.13;CRTS;CRTS(CL);CRTS
54499.32915;18.51;0.13;CRTS;CRTS(CL);CRTS
54499.33569;18.18;0.12;CRTS;CRTS(CL);CRTS
54499.34225;18.45;0.13;CRTS;CRTS(CL);CRTS
54505.34143;18.324;0.191;LINEAR;LINEAR(CL);LINEAR
54505.3536965;18.56;0.233;LINEAR;LINEAR(CL);LINEAR
54505.36223;18.28;0.12;CRTS;CRTS(CL);CRTS
54505.3660024;18.487;0.218;LINEAR;LINEAR(CL);LINEAR
54505.37085;18.48;0.13;CRTS;CRTS(CL);CRTS
54505.3782706;18.293;0.179;LINEAR;LINEAR(CL);LINEAR
54505.37945;18.29;0.12;CRTS;CRTS(CL);CRTS
54505.38804;18.41;0.13;CRTS;CRTS(CL);CRTS
54505.3908083;18.451;0.215;LINEAR;LINEAR(CL);LINEAR
54506.3978447;18.87;0.472;LINEAR;LINEAR(CL);LINEAR
54506.4097096;19.011;0.559;LINEAR;LINEAR(CL);LINEAR
54506.4222204;18.55;0.371;LINEAR;LINEAR(CL);LINEAR
54506.4340602;18.432;0.345;LINEAR;LINEAR(CL);LINEAR
54506.4460622;18.514;0.391;LINEAR;LINEAR(CL);LINEAR
54510.27911;18.26;0.12;CRTS;CRTS(CL);CRTS
54510.28554;18.38;0.13;CRTS;CRTS(CL);CRTS
54510.29197;18.47;0.13;CRTS;CRTS(CL);CRTS
54510.29841;18.34;0.13;CRTS;CRTS(CL);CRTS
54521.3983324;18.357;0.355;LINEAR;LINEAR(CL);LINEAR
54521.4100813;18.121;0.357;LINEAR;LINEAR(CL);LINEAR
54521.4218359;18.486;0.446;LINEAR;LINEAR(CL);LINEAR
54521.4335956;18.513;0.538;LINEAR;LINEAR(CL);LINEAR
54521.4453537;18.563;0.564;LINEAR;LINEAR(CL);LINEAR
54526.3324751;18.234;0.189;LINEAR;LINEAR(CL);LINEAR
54526.3439273;18.285;0.205;LINEAR;LINEAR(CL);LINEAR
54526.3553609;18.386;0.224;LINEAR;LINEAR(CL);LINEAR
54526.3667953;18.319;0.218;LINEAR;LINEAR(CL);LINEAR
54526.3782261;18.436;0.248;LINEAR;LINEAR(CL);LINEAR
54529.23995;18.48;0.13;CRTS;CRTS(CL);CRTS
54529.24603;18.35;0.13;CRTS;CRTS(CL);CRTS
54529.25211;18.36;0.13;CRTS;CRTS(CL);CRTS
54529.25822;18.53;0.14;CRTS;CRTS(CL);CRTS
54534.2793193;18.62;0.529;LINEAR;LINEAR(CL);LINEAR
54534.2902296;18.445;0.209;LINEAR;LINEAR(CL);LINEAR
54534.3011785;18.431;0.191;LINEAR;LINEAR(CL);LINEAR
54534.3121112;18.405;0.192;LINEAR;LINEAR(CL);LINEAR
54534.3230183;18.32;0.17;LINEAR;LINEAR(CL);LINEAR
54534.3367818;18.889;0.548;LINEAR;LINEAR(CL);LINEAR
54534.3479281;18.664;0.465;LINEAR;LINEAR(CL);LINEAR
54534.3703496;18.341;0.355;LINEAR;LINEAR(CL);LINEAR
54534.3813022;18.518;0.492;LINEAR;LINEAR(CL);LINEAR
54537.28057;18.1;0.1;CRTS;CRTS(CL);CRTS
54537.28664;18.17;0.11;CRTS;CRTS(CL);CRTS
54537.2927;18.21;0.11;CRTS;CRTS(CL);CRTS
54537.29879;18.17;0.11;CRTS;CRTS(CL);CRTS
54540.1678345;18.46;0.327;LINEAR;LINEAR(CL);LINEAR
54540.1787389;18.673;0.388;LINEAR;LINEAR(CL);LINEAR
54540.1898476;18.546;0.34;LINEAR;LINEAR(CL);LINEAR
54540.2007393;18.693;0.379;LINEAR;LINEAR(CL);LINEAR
54540.2117308;18.529;0.318;LINEAR;LINEAR(CL);LINEAR
54552.3033225;18.174;0.231;LINEAR;LINEAR(CL);LINEAR
54552.3154023;18.422;0.309;LINEAR;LINEAR(CL);LINEAR
54552.3276469;18.005;0.222;LINEAR;LINEAR(CL);LINEAR
54552.3397462;18.158;0.263;LINEAR;LINEAR(CL);LINEAR
54552.3519482;18.087;0.259;LINEAR;LINEAR(CL);LINEAR
54560.19334;18.39;0.13;CRTS;CRTS(CL);CRTS
54560.19875;18.16;0.12;CRTS;CRTS(CL);CRTS
54560.20422;18.25;0.12;CRTS;CRTS(CL);CRTS
54560.20965;18.0;0.11;CRTS;CRTS(CL);CRTS
54568.12498;18.37;0.13;CRTS;CRTS(CL);CRTS
54568.13085;18.52;0.14;CRTS;CRTS(CL);CRTS
54568.13674;18.22;0.12;CRTS;CRTS(CL);CRTS
54568.14263;18.31;0.13;CRTS;CRTS(CL);CRTS
54568.1922125;18.335;0.412;LINEAR;LINEAR(CL);LINEAR
54568.2031511;18.55;0.5;LINEAR;LINEAR(CL);LINEAR
54568.2139019;18.264;0.386;LINEAR;LINEAR(CL);LINEAR
54568.2364366;18.094;0.343;LINEAR;LINEAR(CL);LINEAR
54583.14092;18.38;0.13;CRTS;CRTS(CL);CRTS
54583.14702;18.3;0.13;CRTS;CRTS(CL);CRTS
54583.15314;18.47;0.14;CRTS;CRTS(CL);CRTS
54583.15925;18.07;0.12;CRTS;CRTS(CL);CRTS
54583.2866962;18.616;0.596;LINEAR;LINEAR(CL);LINEAR
54589.17061;18.44;0.13;CRTS;CRTS(CL);CRTS
54589.17875;18.28;0.12;CRTS;CRTS(CL);CRTS
54589.18627;18.19;0.12;CRTS;CRTS(CL);CRTS
54589.19376;18.05;0.11;CRTS;CRTS(CL);CRTS
54590.2020458;18.302;0.329;LINEAR;LINEAR(CL);LINEAR
54590.2123499;18.147;0.351;LINEAR;LINEAR(CL);LINEAR
54590.2227044;18.33;0.331;LINEAR;LINEAR(CL);LINEAR
54590.2330864;18.471;0.366;LINEAR;LINEAR(CL);LINEAR
54590.2435066;18.225;0.303;LINEAR;LINEAR(CL);LINEAR
54643.3731;18.75;0.33;CRTS;CRTS(CL);CRTS
54643.37696;18.3;0.26;CRTS;CRTS(CL);CRTS
54643.38083;18.26;0.26;CRTS;CRTS(CL);CRTS
54643.38469;18.22;0.25;CRTS;CRTS(CL);CRTS
54801.49878;18.26;0.12;CRTS;CRTS(CL);CRTS
54801.50659;18.26;0.12;CRTS;CRTS(CL);CRTS
54801.51461;18.27;0.12;CRTS;CRTS(CL);CRTS
54801.52272;18.18;0.12;CRTS;CRTS(CL);CRTS
54829.43872;18.24;0.12;CRTS;CRTS(CL);CRTS
54829.44535;18.29;0.12;CRTS;CRTS(CL);CRTS
54829.452;18.27;0.12;CRTS;CRTS(CL);CRTS
54829.45864;18.27;0.12;CRTS;CRTS(CL);CRTS
54849.4317;18.46;0.13;CRTS;CRTS(CL);CRTS
54849.43896;18.11;0.11;CRTS;CRTS(CL);CRTS
54849.44636;18.68;0.14;CRTS;CRTS(CL);CRTS
54849.45371;18.29;0.12;CRTS;CRTS(CL);CRTS
54863.38526;18.46;0.13;CRTS;CRTS(CL);CRTS
54863.3907;18.26;0.12;CRTS;CRTS(CL);CRTS
54863.3962;18.29;0.12;CRTS;CRTS(CL);CRTS
54863.40164;18.15;0.12;CRTS;CRTS(CL);CRTS
54881.28514;18.24;0.12;CRTS;CRTS(CL);CRTS
54881.29317;18.2;0.12;CRTS;CRTS(CL);CRTS
54881.30119;18.22;0.12;CRTS;CRTS(CL);CRTS
54881.30929;18.22;0.12;CRTS;CRTS(CL);CRTS
54909.13595;18.57;0.14;CRTS;CRTS(CL);CRTS
54909.14283;18.45;0.13;CRTS;CRTS(CL);CRTS
54909.1496;18.43;0.13;CRTS;CRTS(CL);CRTS
54909.15636;18.32;0.13;CRTS;CRTS(CL);CRTS
54921.20054;18.4;0.13;CRTS;CRTS(CL);CRTS
54921.20945;18.18;0.12;CRTS;CRTS(CL);CRTS
54921.21798;18.24;0.12;CRTS;CRTS(CL);CRTS
54921.22652;18.22;0.12;CRTS;CRTS(CL);CRTS
54940.49912;18.5;0.23;CRTS;CRTS(CL);CRTS
54940.50792;18.47;0.23;CRTS;CRTS(CL);CRTS
54940.5167;18.46;0.23;CRTS;CRTS(CL);CRTS
54940.5253;18.38;0.28;CRTS;CRTS(CL);CRTS
54950.18263;18.23;0.14;CRTS;CRTS(CL);CRTS
54950.18911;18.37;0.14;CRTS;CRTS(CL);CRTS
54950.19559;17.78;0.11;CRTS;CRTS(CL);CRTS
54950.2021;18.18;0.13;CRTS;CRTS(CL);CRTS
54966.13795;18.07;0.12;CRTS;CRTS(CL);CRTS
54966.14384;17.91;0.11;CRTS;CRTS(CL);CRTS
54966.14979;18.29;0.13;CRTS;CRTS(CL);CRTS
54966.15569;18.21;0.12;CRTS;CRTS(CL);CRTS
55022.35759;18.34;0.29;CRTS;CRTS(CL);CRTS
55022.36135;18.15;0.27;CRTS;CRTS(CL);CRTS
55022.36513;18.53;0.33;CRTS;CRTS(CL);CRTS
55022.36891;18.4;0.34;CRTS;CRTS(CL);CRTS
55023.35428;17.72;0.17;CRTS;CRTS(CL);CRTS
55152.51498;18.04;0.11;CRTS;CRTS(CL);CRTS
55152.51977;18.3;0.13;CRTS;CRTS(CL);CRTS
55152.52469;18.21;0.12;CRTS;CRTS(CL);CRTS
55152.52965;18.15;0.12;CRTS;CRTS(CL);CRTS
55181.50588;18.48;0.14;CRTS;CRTS(CL);CRTS
55181.51183;18.08;0.14;CRTS;CRTS(CL);CRTS
55181.51639;18.34;0.13;CRTS;CRTS(CL);CRTS
55181.52106;18.33;0.13;CRTS;CRTS(CL);CRTS
55204.43901;18.25;0.12;CRTS;CRTS(CL);CRTS
55204.44482;18.22;0.12;CRTS;CRTS(CL);CRTS
55204.45063;18.41;0.13;CRTS;CRTS(CL);CRTS
55204.45642;18.19;0.12;CRTS;CRTS(CL);CRTS
55243.24996;18.2;0.12;CRTS;CRTS(CL);CRTS
55243.25687;18.29;0.13;CRTS;CRTS(CL);CRTS
55243.26378;18.31;0.13;CRTS;CRTS(CL);CRTS
55243.27067;18.28;0.13;CRTS;CRTS(CL);CRTS
55268.2895;18.46;0.13;CRTS;CRTS(CL);CRTS
55268.29596;18.35;0.13;CRTS;CRTS(CL);CRTS
55268.30254;18.22;0.12;CRTS;CRTS(CL);CRTS
55268.30903;18.42;0.13;CRTS;CRTS(CL);CRTS
55270.28699;18.4;0.13;CRTS;CRTS(CL);CRTS
55270.29366;18.09;0.12;CRTS;CRTS(CL);CRTS
55270.30029;18.07;0.12;CRTS;CRTS(CL);CRTS
55270.307;18.35;0.13;CRTS;CRTS(CL);CRTS
55292.21971;18.32;0.13;CRTS;CRTS(CL);CRTS
55292.22607;18.31;0.13;CRTS;CRTS(CL);CRTS
55292.23241;18.34;0.13;CRTS;CRTS(CL);CRTS
55292.23872;18.43;0.13;CRTS;CRTS(CL);CRTS
55301.2431;18.32;0.13;CRTS;CRTS(CL);CRTS
55301.25004;18.43;0.13;CRTS;CRTS(CL);CRTS
55301.25695;18.18;0.12;CRTS;CRTS(CL);CRTS
55301.26384;18.13;0.12;CRTS;CRTS(CL);CRTS
55324.18526;18.42;0.13;CRTS;CRTS(CL);CRTS
55324.19269;18.36;0.13;CRTS;CRTS(CL);CRTS
55324.20022;18.44;0.13;CRTS;CRTS(CL);CRTS
55324.20771;18.37;0.13;CRTS;CRTS(CL);CRTS
55334.43428;18.56;0.34;CRTS;CRTS(CL);CRTS
55334.44197;18.53;0.34;CRTS;CRTS(CL);CRTS
55334.44967;18.54;0.35;CRTS;CRTS(CL);CRTS
55334.45735;18.33;0.31;CRTS;CRTS(CL);CRTS
55340.9329655;15.954;0.241;ALLWISE;WISE(W1);ALLWISE
55340.9329655;15.315;0.443;ALLWISE;WISE(W2);ALLWISE
55341.0651421;15.591;0.156;ALLWISE;WISE(W1);ALLWISE
55341.0651421;14.893;0.302;ALLWISE;WISE(W2);ALLWISE
55341.0652694;15.391;0.139;ALLWISE;WISE(W1);ALLWISE
55341.0652694;14.888;0.29;ALLWISE;WISE(W2);ALLWISE
55341.197446;15.771;0.185;ALLWISE;WISE(W1);ALLWISE
55341.1975733;15.336;0.128;ALLWISE;WISE(W1);ALLWISE
55341.1975733;14.909;0.345;ALLWISE;WISE(W2);ALLWISE
55341.2636616;15.581;0.154;ALLWISE;WISE(W1);ALLWISE
55341.2636616;14.925;0.34;ALLWISE;WISE(W2);ALLWISE
55341.3297498;14.705;0.233;ALLWISE;WISE(W2);ALLWISE
55341.3297498;15.513;0.171;ALLWISE;WISE(W1);ALLWISE
55341.3298772;15.615;0.193;ALLWISE;WISE(W1);ALLWISE
55341.3959654;15.53;0.153;ALLWISE;WISE(W1);ALLWISE
55341.3959654;15.071;0.372;ALLWISE;WISE(W2);ALLWISE
55341.4620537;15.397;0.131;ALLWISE;WISE(W1);ALLWISE
55341.5282693;15.721;0.187;ALLWISE;WISE(W1);ALLWISE
55341.5282693;14.985;0.397;ALLWISE;WISE(W2);ALLWISE
55341.6605732;15.678;0.176;ALLWISE;WISE(W1);ALLWISE
55341.6605732;15.175;0.495;ALLWISE;WISE(W2);ALLWISE
55341.7928772;15.366;0.142;ALLWISE;WISE(W1);ALLWISE
55341.9251811;16.001;0.271;ALLWISE;WISE(W1);ALLWISE
55531.2585348;15.84;0.205;ALLWISE;WISE(W1);ALLWISE
55531.2585348;15.184;0.391;ALLWISE;WISE(W2);ALLWISE
55531.3908391;15.311;0.433;ALLWISE;WISE(W2);ALLWISE
55531.3908391;15.593;0.164;ALLWISE;WISE(W1);ALLWISE
55531.523016;15.296;0.124;ALLWISE;WISE(W1);ALLWISE
55531.5892318;15.478;0.16;ALLWISE;WISE(W1);ALLWISE
55531.6553202;15.456;0.149;ALLWISE;WISE(W1);ALLWISE
55531.6553202;14.998;0.314;ALLWISE;WISE(W2);ALLWISE
55531.7214087;15.736;0.186;ALLWISE;WISE(W1);ALLWISE
55531.7876245;15.674;0.185;ALLWISE;WISE(W1);ALLWISE
55531.853713;14.981;0.344;ALLWISE;WISE(W2);ALLWISE
55531.853713;15.409;0.137;ALLWISE;WISE(W1);ALLWISE
55531.9860172;14.959;0.341;ALLWISE;WISE(W2);ALLWISE
55531.9860172;15.516;0.157;ALLWISE;WISE(W1);ALLWISE
55532.1181941;15.601;0.167;ALLWISE;WISE(W1);ALLWISE
55536.42084;18.02;0.12;CRTS;CRTS(CL);CRTS
55536.4335;18.45;0.14;CRTS;CRTS(CL);CRTS
55536.43989;18.36;0.14;CRTS;CRTS(CL);CRTS
55577.41147;18.44;0.16;CRTS;CRTS(CL);CRTS
55577.41872;18.16;0.14;CRTS;CRTS(CL);CRTS
55577.42606;18.65;0.18;CRTS;CRTS(CL);CRTS
55577.43337;18.81;0.19;CRTS;CRTS(CL);CRTS
55588.38594;18.25;0.12;CRTS;CRTS(CL);CRTS
55588.39278;18.38;0.13;CRTS;CRTS(CL);CRTS
55588.39966;18.3;0.13;CRTS;CRTS(CL);CRTS
55588.40652;18.31;0.13;CRTS;CRTS(CL);CRTS
55597.35531;18.34;0.11;CRTS;CRTS(CL);CRTS
55597.36359;18.26;0.11;CRTS;CRTS(CL);CRTS
55597.37189;18.49;0.12;CRTS;CRTS(CL);CRTS
55597.38026;18.48;0.13;CRTS;CRTS(CL);CRTS
55615.3232;18.33;0.13;CRTS;CRTS(CL);CRTS
55615.33126;18.28;0.13;CRTS;CRTS(CL);CRTS
55615.33935;18.4;0.13;CRTS;CRTS(CL);CRTS
55615.34755;18.16;0.12;CRTS;CRTS(CL);CRTS
55624.23192;18.28;0.11;CRTS;CRTS(CL);CRTS
55624.24012;18.27;0.11;CRTS;CRTS(CL);CRTS
55624.24837;18.24;0.11;CRTS;CRTS(CL);CRTS
55624.25666;18.48;0.12;CRTS;CRTS(CL);CRTS
55631.325;18.04;0.12;CRTS;CRTS(CL);CRTS
55631.33078;18.29;0.13;CRTS;CRTS(CL);CRTS
55631.33659;18.38;0.14;CRTS;CRTS(CL);CRTS
55631.34238;18.43;0.14;CRTS;CRTS(CL);CRTS
55645.19318;18.47;0.14;CRTS;CRTS(CL);CRTS
55645.19889;18.34;0.13;CRTS;CRTS(CL);CRTS
55645.20466;18.54;0.14;CRTS;CRTS(CL);CRTS
55645.2104;18.23;0.13;CRTS;CRTS(CL);CRTS
55662.27813;18.26;0.13;CRTS;CRTS(CL);CRTS
55662.28553;18.24;0.13;CRTS;CRTS(CL);CRTS
55662.29292;18.22;0.13;CRTS;CRTS(CL);CRTS
55662.30037;18.28;0.13;CRTS;CRTS(CL);CRTS
55678.13168;18.09;0.12;CRTS;CRTS(CL);CRTS
55678.14015;18.21;0.12;CRTS;CRTS(CL);CRTS
55678.14865;18.37;0.13;CRTS;CRTS(CL);CRTS
55678.15713;18.52;0.14;CRTS;CRTS(CL);CRTS
55685.13411;18.41;0.13;CRTS;CRTS(CL);CRTS
55685.14541;18.32;0.13;CRTS;CRTS(CL);CRTS
55685.15267;18.07;0.11;CRTS;CRTS(CL);CRTS
55685.15892;18.54;0.13;CRTS;CRTS(CL);CRTS
55707.15998;18.32;0.13;CRTS;CRTS(CL);CRTS
55707.1692;18.23;0.13;CRTS;CRTS(CL);CRTS
55707.17836;18.37;0.14;CRTS;CRTS(CL);CRTS
55707.18761;18.31;0.13;CRTS;CRTS(CL);CRTS
55718.15729;18.19;0.13;CRTS;CRTS(CL);CRTS
55718.16469;18.59;0.16;CRTS;CRTS(CL);CRTS
55718.17216;18.46;0.15;CRTS;CRTS(CL);CRTS
55718.17955;18.57;0.16;CRTS;CRTS(CL);CRTS
55734.2103763;19.8191;0.009701;PS1;PS1(g);PS1
55744.37853;18.27;0.23;CRTS;CRTS(CL);CRTS
55744.38323;18.0;0.2;CRTS;CRTS(CL);CRTS
55744.38796;18.31;0.24;CRTS;CRTS(CL);CRTS
55744.39268;18.26;0.23;CRTS;CRTS(CL);CRTS
55922.47105;18.35;0.13;CRTS;CRTS(CL);CRTS
55922.4778;18.21;0.12;CRTS;CRTS(CL);CRTS
55922.48461;18.2;0.12;CRTS;CRTS(CL);CRTS
55922.49136;18.43;0.13;CRTS;CRTS(CL);CRTS
55928.40115;18.31;0.13;CRTS;CRTS(CL);CRTS
55928.41147;18.26;0.12;CRTS;CRTS(CL);CRTS
55928.42186;18.09;0.12;CRTS;CRTS(CL);CRTS
55928.43222;18.42;0.13;CRTS;CRTS(CL);CRTS
55951.2736151;18.7378;0.007712;PS1;PS1(z);PS1
55956.40202;18.1;0.12;CRTS;CRTS(CL);CRTS
55956.40868;18.15;0.12;CRTS;CRTS(CL);CRTS
55956.41544;17.9;0.11;CRTS;CRTS(CL);CRTS
55956.42215;18.16;0.12;CRTS;CRTS(CL);CRTS
55980.32273;18.23;0.12;CRTS;CRTS(CL);CRTS
55980.33049;18.17;0.12;CRTS;CRTS(CL);CRTS
55980.33827;18.37;0.13;CRTS;CRTS(CL);CRTS
55980.34592;18.4;0.13;CRTS;CRTS(CL);CRTS
55986.34539;18.8;0.15;CRTS;CRTS(CL);CRTS
55986.35219;18.64;0.14;CRTS;CRTS(CL);CRTS
55986.35908;18.35;0.12;CRTS;CRTS(CL);CRTS
55986.36591;18.08;0.11;CRTS;CRTS(CL);CRTS
56001.22672;18.26;0.12;CRTS;CRTS(CL);CRTS
56001.23235;18.28;0.13;CRTS;CRTS(CL);CRTS
56001.2381;18.37;0.13;CRTS;CRTS(CL);CRTS
56001.24371;18.54;0.14;CRTS;CRTS(CL);CRTS
56013.16012;18.45;0.14;CRTS;CRTS(CL);CRTS
56013.16519;18.45;0.14;CRTS;CRTS(CL);CRTS
56013.17031;18.31;0.13;CRTS;CRTS(CL);CRTS
56013.17538;18.2;0.13;CRTS;CRTS(CL);CRTS
56032.14844;18.35;0.13;CRTS;CRTS(CL);CRTS
56032.15411;18.24;0.13;CRTS;CRTS(CL);CRTS
56032.1598;18.26;0.13;CRTS;CRTS(CL);CRTS
56032.16547;18.31;0.13;CRTS;CRTS(CL);CRTS
56045.2037;17.97;0.11;CRTS;CRTS(CL);CRTS
56045.21112;18.34;0.13;CRTS;CRTS(CL);CRTS
56045.21843;18.03;0.12;CRTS;CRTS(CL);CRTS
56045.22591;18.3;0.13;CRTS;CRTS(CL);CRTS
56062.19295;18.35;0.13;CRTS;CRTS(CL);CRTS
56062.20091;18.08;0.12;CRTS;CRTS(CL);CRTS
56062.20882;18.16;0.12;CRTS;CRTS(CL);CRTS
56062.21671;18.27;0.13;CRTS;CRTS(CL);CRTS
56068.18418;18.08;0.12;CRTS;CRTS(CL);CRTS
56068.19089;18.13;0.12;CRTS;CRTS(CL);CRTS
56068.19761;18.04;0.12;CRTS;CRTS(CL);CRTS
56068.20446;18.39;0.13;CRTS;CRTS(CL);CRTS
56237.2433366;19.1838;0.00717;PS1;PS1(r);PS1
56256.45605;18.2;0.11;CRTS;CRTS(CL);CRTS
56256.46293;18.23;0.11;CRTS;CRTS(CL);CRTS
56256.4697;18.4;0.12;CRTS;CRTS(CL);CRTS
56256.47649;18.43;0.12;CRTS;CRTS(CL);CRTS
56298.41359;18.02;0.12;CRTS;CRTS(CL);CRTS
56298.42044;18.46;0.15;CRTS;CRTS(CL);CRTS
56298.42728;18.77;0.19;CRTS;CRTS(CL);CRTS
56298.43415;18.3;0.14;CRTS;CRTS(CL);CRTS
56305.40073;18.49;0.14;CRTS;CRTS(CL);CRTS
56305.40757;18.4;0.13;CRTS;CRTS(CL);CRTS
56305.41431;18.2;0.12;CRTS;CRTS(CL);CRTS
56305.42106;17.93;0.11;CRTS;CRTS(CL);CRTS
56312.3772;18.14;0.12;CRTS;CRTS(CL);CRTS
56312.3857;18.44;0.13;CRTS;CRTS(CL);CRTS
56312.3943;18.11;0.12;CRTS;CRTS(CL);CRTS
56312.40288;18.27;0.13;CRTS;CRTS(CL);CRTS
56328.3347;18.34;0.13;CRTS;CRTS(CL);CRTS
56328.34217;18.21;0.12;CRTS;CRTS(CL);CRTS
56328.34961;18.36;0.13;CRTS;CRTS(CL);CRTS
56328.35704;18.33;0.13;CRTS;CRTS(CL);CRTS
56334.38601;18.38;0.12;CRTS;CRTS(CL);CRTS
56334.39142;18.47;0.12;CRTS;CRTS(CL);CRTS
56334.39687;18.35;0.12;CRTS;CRTS(CL);CRTS
56334.4023;18.22;0.11;CRTS;CRTS(CL);CRTS
56335.2324637;18.6875;0.005999;PS1;PS1(i);PS1
56340.31949;18.33;0.13;CRTS;CRTS(CL);CRTS
56340.32705;18.24;0.12;CRTS;CRTS(CL);CRTS
56340.3345;18.47;0.14;CRTS;CRTS(CL);CRTS
56340.3419;18.23;0.12;CRTS;CRTS(CL);CRTS
56352.31242;18.29;0.13;CRTS;CRTS(CL);CRTS
56352.31808;18.21;0.12;CRTS;CRTS(CL);CRTS
56352.32375;18.07;0.12;CRTS;CRTS(CL);CRTS
56352.32946;18.48;0.14;CRTS;CRTS(CL);CRTS
56365.26025;18.1;0.12;CRTS;CRTS(CL);CRTS
56365.26753;18.28;0.13;CRTS;CRTS(CL);CRTS
56365.27494;18.38;0.13;CRTS;CRTS(CL);CRTS
56365.28229;18.24;0.12;CRTS;CRTS(CL);CRTS
56389.53298;18.51;0.22;CRTS;CRTS(CL);CRTS
56389.54561;18.33;0.2;CRTS;CRTS(CL);CRTS
56389.55824;18.36;0.2;CRTS;CRTS(CL);CRTS
56389.57089;18.72;0.24;CRTS;CRTS(CL);CRTS
56412.45293;18.2;0.16;CRTS;CRTS(CL);CRTS
56412.46351;18.46;0.18;CRTS;CRTS(CL);CRTS
56412.47411;18.45;0.18;CRTS;CRTS(CL);CRTS
56412.48474;18.14;0.16;CRTS;CRTS(CL);CRTS
56446.41041;18.33;0.18;CRTS;CRTS(CL);CRTS
56446.42087;18.51;0.19;CRTS;CRTS(CL);CRTS
56446.43163;18.92;0.24;CRTS;CRTS(CL);CRTS
56446.44223;18.31;0.18;CRTS;CRTS(CL);CRTS
56476.38019;18.53;0.28;CRTS;CRTS(CL);CRTS
56476.38451;18.33;0.25;CRTS;CRTS(CL);CRTS
56476.38879;18.26;0.24;CRTS;CRTS(CL);CRTS
56476.39313;18.48;0.27;CRTS;CRTS(CL);CRTS
56803.06971876;15.253;0.114;NEOWISE;WISE(W1);NEOWISE
56803.20125853;14.894;0.376;NEOWISE;WISE(W2);NEOWISE
56803.20125853;16.306;0.417;NEOWISE;WISE(W1);NEOWISE
56803.33292572;15.263;0.132;NEOWISE;WISE(W1);NEOWISE
56803.46446553;15.286;0.163;NEOWISE;WISE(W1);NEOWISE
56803.53029912;15.405;0.134;NEOWISE;WISE(W1);NEOWISE
56803.5960053;14.95;0.393;NEOWISE;WISE(W2);NEOWISE
56803.5960053;15.588;0.184;NEOWISE;WISE(W1);NEOWISE
56803.59613266;15.298;0.12;NEOWISE;WISE(W1);NEOWISE
56803.66183946;14.412;0.281;NEOWISE;WISE(W2);NEOWISE
56803.66183946;15.786;0.247;NEOWISE;WISE(W1);NEOWISE
56803.72767295;15.451;0.162;NEOWISE;WISE(W1);NEOWISE
56803.79350655;15.377;0.177;NEOWISE;WISE(W1);NEOWISE
56803.79350655;15.229;0.513;NEOWISE;WISE(W2);NEOWISE
56803.92504641;13.61;0.22;NEOWISE;WISE(W2);NEOWISE
56803.92504641;15.561;0.15;NEOWISE;WISE(W1);NEOWISE
56804.05671354;15.615;0.206;NEOWISE;WISE(W1);NEOWISE
56993.25548003;15.46;0.144;NEOWISE;WISE(W1);NEOWISE
56993.25548003;15.24;0.501;NEOWISE;WISE(W2);NEOWISE
56993.38689296;15.672;0.226;NEOWISE;WISE(W1);NEOWISE
56993.51830594;15.351;0.132;NEOWISE;WISE(W1);NEOWISE
56993.58413976;14.842;0.199;NEOWISE;WISE(W1);NEOWISE
56993.58413976;14.696;0.322;NEOWISE;WISE(W2);NEOWISE
56993.64984627;14.768;0.302;NEOWISE;WISE(W2);NEOWISE
56993.64984627;15.344;0.149;NEOWISE;WISE(W1);NEOWISE
56993.71555279;15.569;0.161;NEOWISE;WISE(W1);NEOWISE
56993.78125925;15.433;0.147;NEOWISE;WISE(W1);NEOWISE
56993.78125925;15.042;0.37;NEOWISE;WISE(W2);NEOWISE
56993.84696576;14.604;0.266;NEOWISE;WISE(W2);NEOWISE
56993.84696576;15.399;0.136;NEOWISE;WISE(W1);NEOWISE
56993.97850605;15.407;0.142;NEOWISE;WISE(W1);NEOWISE
56993.97850605;15.101;0.37;NEOWISE;WISE(W2);NEOWISE
56994.10991907;15.551;0.19;NEOWISE;WISE(W1);NEOWISE
56994.10991907;14.535;0.36;NEOWISE;WISE(W2);NEOWISE
56994.24133205;15.5;0.168;NEOWISE;WISE(W1);NEOWISE
56994.24145941;15.443;0.145;NEOWISE;WISE(W1);NEOWISE
57161.9437362;15.357;0.168;NEOWISE;WISE(W1);NEOWISE
57162.0750215;14.845;0.485;NEOWISE;WISE(W2);NEOWISE
57162.0750215;15.012;0.168;NEOWISE;WISE(W1);NEOWISE
57162.20617955;14.926;0.131;NEOWISE;WISE(W1);NEOWISE
57162.20630686;15.459;0.493;NEOWISE;WISE(W2);NEOWISE
57162.20630686;15.784;0.186;NEOWISE;WISE(W1);NEOWISE
57162.33746491;15.624;0.168;NEOWISE;WISE(W1);NEOWISE
57162.40304385;15.047;0.359;NEOWISE;WISE(W2);NEOWISE
57162.40304385;15.248;0.123;NEOWISE;WISE(W1);NEOWISE
57162.40317122;15.524;0.157;NEOWISE;WISE(W1);NEOWISE
57162.46875025;15.383;0.143;NEOWISE;WISE(W1);NEOWISE
57162.53432926;15.377;0.144;NEOWISE;WISE(W1);NEOWISE
57162.66561456;15.347;0.128;NEOWISE;WISE(W1);NEOWISE
57162.7967726;15.5;0.507;NEOWISE;WISE(W2);NEOWISE
57162.7967726;15.437;0.14;NEOWISE;WISE(W1);NEOWISE
57162.79689992;14.998;0.117;NEOWISE;WISE(W1);NEOWISE
57162.92805801;15.294;0.127;NEOWISE;WISE(W1);NEOWISE
57162.92805801;14.303;0.191;NEOWISE;WISE(W2);NEOWISE
57355.16766521;14.386;0.217;NEOWISE;WISE(W2);NEOWISE
57355.16766521;15.581;0.163;NEOWISE;WISE(W1);NEOWISE
57355.2988237;15.253;0.131;NEOWISE;WISE(W1);NEOWISE
57355.2988237;15.098;0.425;NEOWISE;WISE(W2);NEOWISE
57355.42998221;15.698;0.177;NEOWISE;WISE(W1);NEOWISE
57355.56114072;14.654;0.348;NEOWISE;WISE(W2);NEOWISE
57355.56114072;15.592;0.169;NEOWISE;WISE(W1);NEOWISE
57355.62671994;15.466;0.146;NEOWISE;WISE(W1);NEOWISE
57355.69229922;15.926;0.221;NEOWISE;WISE(W1);NEOWISE
57355.75787845;15.097;0.107;NEOWISE;WISE(W1);NEOWISE
57355.82345772;15.471;0.158;NEOWISE;WISE(W1);NEOWISE
57355.88903691;15.849;0.236;NEOWISE;WISE(W1);NEOWISE
57356.0201954;15.579;0.167;NEOWISE;WISE(W1);NEOWISE
57356.15135391;15.28;0.128;NEOWISE;WISE(W1);NEOWISE
57520.77297982;14.698;0.254;NEOWISE;WISE(W2);NEOWISE
57520.77297982;15.504;0.143;NEOWISE;WISE(W1);NEOWISE
57520.77310718;15.506;0.15;NEOWISE;WISE(W1);NEOWISE
57520.90413859;15.633;0.174;NEOWISE;WISE(W1);NEOWISE
57521.03516938;15.575;0.153;NEOWISE;WISE(W1);NEOWISE
57521.16620021;14.537;0.325;NEOWISE;WISE(W2);NEOWISE
57521.16620021;15.419;0.134;NEOWISE;WISE(W1);NEOWISE
57521.23165196;15.288;0.168;NEOWISE;WISE(W1);NEOWISE
57521.23165196;15.072;0.49;NEOWISE;WISE(W2);NEOWISE
57521.29723101;15.221;0.142;NEOWISE;WISE(W1);NEOWISE
57521.29723101;14.692;0.277;NEOWISE;WISE(W2);NEOWISE
57521.36268274;15.029;0.487;NEOWISE;WISE(W2);NEOWISE
57521.36268274;15.013;0.149;NEOWISE;WISE(W1);NEOWISE
57521.36281006;15.42;0.152;NEOWISE;WISE(W1);NEOWISE
57521.42826179;15.102;0.149;NEOWISE;WISE(W1);NEOWISE
57521.42826179;15.265;0.541;NEOWISE;WISE(W2);NEOWISE
57521.49384089;15.551;0.153;NEOWISE;WISE(W1);NEOWISE
57521.62487159;15.613;0.178;NEOWISE;WISE(W1);NEOWISE
57521.75590243;15.493;0.165;NEOWISE;WISE(W1);NEOWISE
57523.7870705;15.115;0.203;NEOWISE;WISE(W1);NEOWISE
57523.91810134;15.992;0.296;NEOWISE;WISE(W1);NEOWISE
57523.91810134;13.891;0.379;NEOWISE;WISE(W2);NEOWISE
57524.04913208;15.433;0.215;NEOWISE;WISE(W1);NEOWISE
57524.18016287;15.442;0.154;NEOWISE;WISE(W1);NEOWISE
57524.24574249;14.182;0.294;NEOWISE;WISE(W2);NEOWISE
57524.24574249;15.23;0.141;NEOWISE;WISE(W1);NEOWISE
57524.31119413;15.456;0.156;NEOWISE;WISE(W1);NEOWISE
57524.31119413;14.98;0.529;NEOWISE;WISE(W2);NEOWISE
57524.37677318;15.207;0.201;NEOWISE;WISE(W1);NEOWISE
57524.44222492;15.267;0.134;NEOWISE;WISE(W1);NEOWISE
57524.44222492;14.781;0.461;NEOWISE;WISE(W2);NEOWISE
57524.50780398;15.705;0.213;NEOWISE;WISE(W1);NEOWISE
57524.63883472;15.388;0.147;NEOWISE;WISE(W1);NEOWISE
57524.76986556;15.831;0.224;NEOWISE;WISE(W1);NEOWISE
57722.25645329;15.555;0.179;NEOWISE;WISE(W1);NEOWISE
57722.38748428;15.563;0.161;NEOWISE;WISE(W1);NEOWISE
57722.51851529;14.869;0.395;NEOWISE;WISE(W2);NEOWISE
57722.51851529;15.597;0.204;NEOWISE;WISE(W1);NEOWISE
57722.64941897;15.679;0.202;NEOWISE;WISE(W1);NEOWISE
57722.64954628;15.647;0.159;NEOWISE;WISE(W1);NEOWISE
57722.71499813;15.277;0.13;NEOWISE;WISE(W1);NEOWISE
57722.78044998;15.796;0.201;NEOWISE;WISE(W1);NEOWISE
57722.78044998;15.329;0.49;NEOWISE;WISE(W2);NEOWISE
57722.84602913;15.709;0.185;NEOWISE;WISE(W1);NEOWISE
57722.91148102;15.38;0.133;NEOWISE;WISE(W1);NEOWISE
57722.91148102;15.47;0.515;NEOWISE;WISE(W2);NEOWISE
57722.97693286;14.878;0.399;NEOWISE;WISE(W2);NEOWISE
57722.97693286;15.462;0.153;NEOWISE;WISE(W1);NEOWISE
57722.97706017;14.987;0.357;NEOWISE;WISE(W2);NEOWISE
57722.97706017;15.679;0.164;NEOWISE;WISE(W1);NEOWISE
57723.10796387;15.162;0.16;NEOWISE;WISE(W1);NEOWISE
57723.23899491;15.593;0.156;NEOWISE;WISE(W1);NEOWISE
57723.23899491;14.711;0.284;NEOWISE;WISE(W2);NEOWISE
57884.30444152;15.597;0.177;NEOWISE;WISE(W1);NEOWISE
57884.43534488;15.823;0.355;NEOWISE;WISE(W1);NEOWISE
57884.56637557;14.833;0.408;NEOWISE;WISE(W2);NEOWISE
57884.56637557;15.465;0.178;NEOWISE;WISE(W1);NEOWISE
57884.63182728;14.612;0.274;NEOWISE;WISE(W2);NEOWISE
57884.63182728;15.626;0.195;NEOWISE;WISE(W1);NEOWISE
57884.69727893;15.173;0.412;NEOWISE;WISE(W2);NEOWISE
57884.69727893;15.618;0.186;NEOWISE;WISE(W1);NEOWISE
57884.7627306;15.297;0.146;NEOWISE;WISE(W1);NEOWISE
57884.82830968;15.327;0.135;NEOWISE;WISE(W1);NEOWISE
57884.89376139;15.554;0.167;NEOWISE;WISE(W1);NEOWISE
57884.89376139;14.902;0.342;NEOWISE;WISE(W2);NEOWISE
57885.02466476;15.924;0.215;NEOWISE;WISE(W1);NEOWISE
57885.02466476;14.8;0.295;NEOWISE;WISE(W2);NEOWISE
57885.15556817;14.666;0.271;NEOWISE;WISE(W2);NEOWISE
57885.15556817;15.287;0.115;NEOWISE;WISE(W1);NEOWISE
57885.15569549;15.528;0.205;NEOWISE;WISE(W1);NEOWISE
57885.28659881;15.006;0.521;NEOWISE;WISE(W2);NEOWISE
57885.28659881;15.552;0.163;NEOWISE;WISE(W1);NEOWISE
58086.57113135;15.539;0.147;NEOWISE;WISE(W1);NEOWISE
58086.57125867;15.761;0.185;NEOWISE;WISE(W1);NEOWISE
58086.70216214;15.38;0.131;NEOWISE;WISE(W1);NEOWISE
58086.70216214;14.953;0.401;NEOWISE;WISE(W2);NEOWISE
58086.83306566;15.345;0.162;NEOWISE;WISE(W1);NEOWISE
58086.8985174;15.541;0.174;NEOWISE;WISE(W1);NEOWISE
58086.96396918;15.587;0.246;NEOWISE;WISE(W1);NEOWISE
58086.96396918;14.634;0.309;NEOWISE;WISE(W2);NEOWISE
58087.0294209;15.381;0.138;NEOWISE;WISE(W1);NEOWISE
58087.09487269;15.494;0.143;NEOWISE;WISE(W1);NEOWISE
58087.16032499;15.253;0.13;NEOWISE;WISE(W1);NEOWISE
58087.29122837;14.998;0.422;NEOWISE;WISE(W2);NEOWISE
58087.29122837;15.577;0.173;NEOWISE;WISE(W1);NEOWISE
58087.42213184;15.602;0.191;NEOWISE;WISE(W1);NEOWISE
58087.42213184;15.198;0.488;NEOWISE;WISE(W2);NEOWISE
58087.55316263;15.281;0.484;NEOWISE;WISE(W2);NEOWISE
58087.55316263;15.459;0.164;NEOWISE;WISE(W1);NEOWISE
58199.2728241;18.7431278;0.0558239296;ZTF;ZTF(zr);ZTF
58202.2542014;19.6199226;0.105597571;ZTF;ZTF(zg);ZTF
58207.2943634;19.2642574;0.0810795352;ZTF;ZTF(zg);ZTF
58217.2162153;18.8093452;0.0586824045;ZTF;ZTF(zr);ZTF
58217.2447454;18.8085213;0.0586458184;ZTF;ZTF(zr);ZTF
58223.1794444;18.8485107;0.0604484826;ZTF;ZTF(zr);ZTF
58226.2532755;18.79319;0.057970427;ZTF;ZTF(zr);ZTF
58229.1890972;18.764183;0.0567158125;ZTF;ZTF(zr);ZTF
58243.1502546;18.8483448;0.0604408868;ZTF;ZTF(zr);ZTF
58244.73002936;15.555;0.518;NEOWISE;WISE(W2);NEOWISE
58244.73002936;15.406;0.132;NEOWISE;WISE(W1);NEOWISE
58244.86093284;15.575;0.142;NEOWISE;WISE(W1);NEOWISE
58244.99170884;15.231;0.223;NEOWISE;WISE(W1);NEOWISE
58244.99170884;15.486;0.531;NEOWISE;WISE(W2);NEOWISE
58244.9918362;14.551;0.299;NEOWISE;WISE(W2);NEOWISE
58244.9918362;15.398;0.144;NEOWISE;WISE(W1);NEOWISE
58245.12261227;15.595;0.153;NEOWISE;WISE(W1);NEOWISE
58245.12261227;14.638;0.304;NEOWISE;WISE(W2);NEOWISE
58245.18806398;15.767;0.204;NEOWISE;WISE(W1);NEOWISE
58245.25351559;15.585;0.153;NEOWISE;WISE(W1);NEOWISE
58245.25351559;15.317;0.444;NEOWISE;WISE(W2);NEOWISE
58245.31896726;15.22;0.272;NEOWISE;WISE(W1);NEOWISE
58245.38441897;15.396;0.525;NEOWISE;WISE(W2);NEOWISE
58245.38441897;15.429;0.135;NEOWISE;WISE(W1);NEOWISE
58245.44987059;15.284;0.145;NEOWISE;WISE(W1);NEOWISE
58245.580774;15.002;0.173;NEOWISE;WISE(W1);NEOWISE
58245.580774;15.259;0.409;NEOWISE;WISE(W2);NEOWISE
58245.71155002;15.584;0.155;NEOWISE;WISE(W1);NEOWISE
58245.71155002;15.126;0.417;NEOWISE;WISE(W2);NEOWISE
58245.84245339;15.171;0.112;NEOWISE;WISE(W1);NEOWISE
58247.2133681;18.7663116;0.0568068214;ZTF;ZTF(zr);ZTF
58257.1868519;18.4886971;0.0550149903;ZTF;ZTF(zi);ZTF
58258.1610764;19.7273026;0.114107251;ZTF;ZTF(zg);ZTF
58258.1914352;18.8368702;0.0599175803;ZTF;ZTF(zr);ZTF
58434.4827431;18.4615841;0.045308046;ZTF;ZTF(zr);ZTF
58434.521412;19.3912926;0.0891899168;ZTF;ZTF(zg);ZTF
58437.5031597;19.4830799;0.0954952389;ZTF;ZTF(zg);ZTF
58438.4818056;19.7536221;0.116269119;ZTF;ZTF(zg);ZTF
58438.5219213;18.8498058;0.060507834;ZTF;ZTF(zr);ZTF
58439.5080787;19.7106133;0.112751722;ZTF;ZTF(zg);ZTF
58440.5445718;18.8610287;0.0610251017;ZTF;ZTF(zr);ZTF
58441.4856713;19.6787872;0.110200047;ZTF;ZTF(zg);ZTF
58442.5210764;19.6392403;0.107091114;ZTF;ZTF(zg);ZTF
58443.4559954;18.9153309;0.0635960922;ZTF;ZTF(zr);ZTF
58443.4569097;18.96488;0.0660433695;ZTF;ZTF(zr);ZTF
58447.4770255;18.923481;0.0639919117;ZTF;ZTF(zr);ZTF
58447.5426968;18.6754074;0.0530599877;ZTF;ZTF(zr);ZTF
58448.5010764;18.6297836;0.051285021;ZTF;ZTF(zr);ZTF
58448.5622801;18.780447;0.0574155189;ZTF;ZTF(zr);ZTF
58449.5233218;18.8334236;0.0597613864;ZTF;ZTF(zr);ZTF
58450.502338;19.6658306;0.109173976;ZTF;ZTF(zg);ZTF
58450.69622551;15.536;0.182;NEOWISE;WISE(W1);NEOWISE
58450.82712892;15.184;0.139;NEOWISE;WISE(W1);NEOWISE
58450.95803234;15.484;0.165;NEOWISE;WISE(W1);NEOWISE
58451.08880845;15.197;0.146;NEOWISE;WISE(W1);NEOWISE
58451.08893576;15.962;0.258;NEOWISE;WISE(W1);NEOWISE
58451.1542601;15.419;0.185;NEOWISE;WISE(W1);NEOWISE
58451.28516348;15.217;0.14;NEOWISE;WISE(W1);NEOWISE
58451.41606685;15.345;0.234;NEOWISE;WISE(W1);NEOWISE
58451.5469733;15.73;0.212;NEOWISE;WISE(W1);NEOWISE
58451.6777494;15.723;0.234;NEOWISE;WISE(W1);NEOWISE
58453.57584991;15.814;0.198;NEOWISE;WISE(W1);NEOWISE
58453.57584991;15.075;0.397;NEOWISE;WISE(W2);NEOWISE
58453.70675343;15.263;0.129;NEOWISE;WISE(W1);NEOWISE
58453.83765685;15.319;0.167;NEOWISE;WISE(W1);NEOWISE
58453.90310859;15.787;0.193;NEOWISE;WISE(W1);NEOWISE
58453.96856032;15.364;0.152;NEOWISE;WISE(W1);NEOWISE
58453.96856032;15.069;0.42;NEOWISE;WISE(W2);NEOWISE
58454.03401206;14.782;0.389;NEOWISE;WISE(W2);NEOWISE
58454.03401206;15.54;0.156;NEOWISE;WISE(W1);NEOWISE
58454.09933642;15.425;0.154;NEOWISE;WISE(W1);NEOWISE
58454.16427881;15.697;0.229;NEOWISE;WISE(W1);NEOWISE
58454.16440617;15.293;0.12;NEOWISE;WISE(W1);NEOWISE
58454.16440617;14.994;0.368;NEOWISE;WISE(W2);NEOWISE
58454.29569159;15.422;0.165;NEOWISE;WISE(W1);NEOWISE
58454.42659501;15.348;0.153;NEOWISE;WISE(W1);NEOWISE
58454.55749844;15.033;0.363;NEOWISE;WISE(W2);NEOWISE
58454.55749844;15.91;0.227;NEOWISE;WISE(W1);NEOWISE
58461.4595833;19.6809387;0.110371172;ZTF;ZTF(zg);ZTF
58464.5204398;19.5976257;0.103894323;ZTF;ZTF(zg);ZTF
58467.5423611;18.7821102;0.0574875958;ZTF;ZTF(zr);ZTF
58475.525;19.6930046;0.111334525;ZTF;ZTF(zg);ZTF
58476.4704398;18.8086605;0.053106565;ZTF;ZTF(zr);ZTF
58476.4709028;18.9183369;0.0637417361;ZTF;ZTF(zr);ZTF
58480.4566204;18.7558479;0.0563608781;ZTF;ZTF(zr);ZTF
58480.4996296;19.7063751;0.112409405;ZTF;ZTF(zg);ZTF
58481.5041319;18.7640133;0.0513782129;ZTF;ZTF(zr);ZTF
58481.5050463;18.7837238;0.0575576574;ZTF;ZTF(zr);ZTF
58482.5460648;19.5254841;0.0985358134;ZTF;ZTF(zg);ZTF
58487.435;18.8822823;0.0620177984;ZTF;ZTF(zr);ZTF
58487.4608218;19.6957893;0.111557774;ZTF;ZTF(zg);ZTF
58491.4592477;19.4939194;0.0962648168;ZTF;ZTF(zg);ZTF
58493.4737037;18.7983017;0.05270046;ZTF;ZTF(zr);ZTF
58493.4890741;18.8104935;0.0587333627;ZTF;ZTF(zr);ZTF
58494.4623958;19.5453568;0.0999886394;ZTF;ZTF(zg);ZTF
58505.519213;18.0544262;0.0340101421;ZTF;ZTF(zr);ZTF
58511.3783681;18.7434692;0.0558383018;ZTF;ZTF(zr);ZTF
58524.4410532;18.785017;0.0576138571;ZTF;ZTF(zr);ZTF
58540.2633681;18.800209;0.0527749993;ZTF;ZTF(zr);ZTF
58556.3392824;19.3016396;0.0833927765;ZTF;ZTF(zg);ZTF
58558.221875;18.7247658;0.0499059781;ZTF;ZTF(zr);ZTF
58559.2513773;18.8215694;0.0592274815;ZTF;ZTF(zr);ZTF
58580.1940162;19.5837822;0.102847941;ZTF;ZTF(zg);ZTF
58582.2671412;18.8446255;0.0545409881;ZTF;ZTF(zr);ZTF
58584.1873264;18.8281364;0.0595226213;ZTF;ZTF(zr);ZTF
58584.2307755;19.6343288;0.106709838;ZTF;ZTF(zg);ZTF
58587.2553009;18.0899811;0.0348414853;ZTF;ZTF(zr);ZTF
58592.1384491;19.424757;0.0914450958;ZTF;ZTF(zg);ZTF
58592.2457639;18.9063663;0.0631637499;ZTF;ZTF(zr);ZTF
58596.1889699;19.594265;0.103639521;ZTF;ZTF(zg);ZTF
58608.92677483;14.978;0.371;NEOWISE;WISE(W2);NEOWISE
58608.92677483;15.167;0.185;NEOWISE;WISE(W1);NEOWISE
58609.05755091;15.147;0.446;NEOWISE;WISE(W2);NEOWISE
58609.05755091;15.855;0.192;NEOWISE;WISE(W1);NEOWISE
58609.18794486;15.228;0.128;NEOWISE;WISE(W1);NEOWISE
58609.3192302;15.466;0.137;NEOWISE;WISE(W1);NEOWISE
58609.3192302;14.97;0.413;NEOWISE;WISE(W2);NEOWISE
58609.38468181;15.177;0.157;NEOWISE;WISE(W1);NEOWISE
58609.44962414;14.965;0.325;NEOWISE;WISE(W2);NEOWISE
58609.44962414;15.816;0.252;NEOWISE;WISE(W1);NEOWISE
58609.51494848;14.905;0.334;NEOWISE;WISE(W2);NEOWISE
58609.51494848;15.497;0.164;NEOWISE;WISE(W1);NEOWISE
58609.5150758;15.484;0.136;NEOWISE;WISE(W1);NEOWISE
58609.58090949;15.55;0.156;NEOWISE;WISE(W1);NEOWISE
58609.6463611;14.983;0.458;NEOWISE;WISE(W2);NEOWISE
58609.6463611;15.73;0.174;NEOWISE;WISE(W1);NEOWISE
58609.77713713;15.244;0.118;NEOWISE;WISE(W1);NEOWISE
58609.77713713;15.249;0.394;NEOWISE;WISE(W2);NEOWISE
58609.90804049;15.341;0.128;NEOWISE;WISE(W1);NEOWISE
58609.90804049;14.514;0.233;NEOWISE;WISE(W2);NEOWISE
58616.64523948;16.217;0.349;NEOWISE;WISE(W1);NEOWISE
58817.70108884;15.504;0.155;NEOWISE;WISE(W1);NEOWISE
58817.70108884;14.961;0.374;NEOWISE;WISE(W2);NEOWISE
58817.83186488;15.568;0.171;NEOWISE;WISE(W1);NEOWISE
58817.96276835;15.396;0.173;NEOWISE;WISE(W1);NEOWISE
58818.09354443;15.71;0.214;NEOWISE;WISE(W1);NEOWISE
58818.15848679;15.061;0.441;NEOWISE;WISE(W2);NEOWISE
58818.15848679;15.384;0.134;NEOWISE;WISE(W1);NEOWISE
58818.22432052;15.497;0.22;NEOWISE;WISE(W1);NEOWISE
58818.22432052;14.566;0.278;NEOWISE;WISE(W2);NEOWISE
58818.22444784;15.727;0.259;NEOWISE;WISE(W1);NEOWISE
58818.2897722;15.517;0.195;NEOWISE;WISE(W1);NEOWISE
58818.35522392;14.798;0.329;NEOWISE;WISE(W2);NEOWISE
58818.35522392;15.588;0.174;NEOWISE;WISE(W1);NEOWISE
58818.42067565;15.693;0.179;NEOWISE;WISE(W1);NEOWISE
58818.55094234;15.581;0.174;NEOWISE;WISE(W1);NEOWISE
58818.68222778;15.337;0.533;NEOWISE;WISE(W2);NEOWISE
58818.68222778;15.37;0.165;NEOWISE;WISE(W1);NEOWISE
58818.68235509;15.565;0.153;NEOWISE;WISE(W1);NEOWISE
58836.5477315;19.1272621;0.0731111914;ZTF;ZTF(zg);ZTF
58859.3672106;18.8790321;0.05594901;ZTF;ZTF(zr);ZTF
58859.3676736;18.9270668;0.0579741523;ZTF;ZTF(zr);ZTF
58894.273206;18.878191;0.0618253574;ZTF;ZTF(zr);ZTF
58894.3165394;19.7829399;0.118711658;ZTF;ZTF(zg);ZTF
58912.228669;18.8520088;0.0606089905;ZTF;ZTF(zr);ZTF
58976.00845987;15.316;0.127;NEOWISE;WISE(W1);NEOWISE
58976.13923583;15.682;0.199;NEOWISE;WISE(W1);NEOWISE
58976.27001184;15.497;0.156;NEOWISE;WISE(W1);NEOWISE
58976.27001184;14.919;0.36;NEOWISE;WISE(W2);NEOWISE
58976.40078777;15.063;0.348;NEOWISE;WISE(W2);NEOWISE
58976.40078777;15.383;0.138;NEOWISE;WISE(W1);NEOWISE
58976.46623947;14.786;0.34;NEOWISE;WISE(W2);NEOWISE
58976.46623947;15.436;0.14;NEOWISE;WISE(W1);NEOWISE
58976.53156377;15.367;0.146;NEOWISE;WISE(W1);NEOWISE
58976.53169113;15.726;0.258;NEOWISE;WISE(W1);NEOWISE
58976.59701544;15.514;0.161;NEOWISE;WISE(W1);NEOWISE
58976.66246711;15.418;0.467;NEOWISE;WISE(W2);NEOWISE
58976.72779145;15.356;0.474;NEOWISE;WISE(W2);NEOWISE
58976.72779145;15.546;0.149;NEOWISE;WISE(W1);NEOWISE
58976.85856747;15.604;0.163;NEOWISE;WISE(W1);NEOWISE
58976.85856747;15.254;0.466;NEOWISE;WISE(W2);NEOWISE
58976.98934352;15.353;0.419;NEOWISE;WISE(W2);NEOWISE
58976.98934352;15.356;0.126;NEOWISE;WISE(W1);NEOWISE
59141.5200579;18.7589378;0.0564921685;ZTF;ZTF(zr);ZTF
59141.5247801;18.794281;0.0580182001;ZTF;ZTF(zr);ZTF
59141.5295139;18.7173309;0.0547524542;ZTF;ZTF(zr);ZTF
59141.5342361;18.8656578;0.0612398311;ZTF;ZTF(zr);ZTF
59141.5389583;18.889431;0.0623555407;ZTF;ZTF(zr);ZTF
59143.5277199;18.8718262;0.0615272261;ZTF;ZTF(zr);ZTF
59143.5323843;18.7399483;0.0556906238;ZTF;ZTF(zr);ZTF
59143.5370718;18.8107433;0.0587444268;ZTF;ZTF(zr);ZTF
59143.5417361;18.9547234;0.0655336827;ZTF;ZTF(zr);ZTF
59152.5430671;19.8657722;0.125801474;ZTF;ZTF(zg);ZTF
59158.5270139;18.7577;0.0564395003;ZTF;ZTF(zr);ZTF
59159.5102431;19.7316074;0.114458837;ZTF;ZTF(zg);ZTF
59165.4825694;18.7816792;0.0574689321;ZTF;ZTF(zr);ZTF
59165.5221296;19.7446423;0.115528293;ZTF;ZTF(zg);ZTF
59168.5017014;19.6960182;0.11157614;ZTF;ZTF(zg);ZTF
59168.5259028;18.8634148;0.0611356497;ZTF;ZTF(zr);ZTF
59176.5033565;19.6774406;0.110093132;ZTF;ZTF(zg);ZTF
59176.5484491;18.7264805;0.0551298708;ZTF;ZTF(zr);ZTF
59179.4837616;19.3551617;0.0868110359;ZTF;ZTF(zg);ZTF
59179.5242014;18.7967205;0.0581251755;ZTF;ZTF(zr);ZTF
59181.4169792;18.6238976;0.046318572;ZTF;ZTF(zr);ZTF
59181.4876736;18.7258682;0.055104509;ZTF;ZTF(zr);ZTF
59181.96702992;15.453;0.143;NEOWISE;WISE(W1);NEOWISE
59182.097806;15.678;0.177;NEOWISE;WISE(W1);NEOWISE
59182.22858204;14.705;0.402;NEOWISE;WISE(W2);NEOWISE
59182.22858204;15.252;0.142;NEOWISE;WISE(W1);NEOWISE
59182.35935859;15.401;0.211;NEOWISE;WISE(W1);NEOWISE
59182.35935859;14.536;0.328;NEOWISE;WISE(W2);NEOWISE
59182.42481031;15.232;0.126;NEOWISE;WISE(W1);NEOWISE
59182.4471412;18.8470039;0.05463719;ZTF;ZTF(zr);ZTF
59182.4476157;18.8571472;0.0550493523;ZTF;ZTF(zr);ZTF
59182.49013472;15.73;0.184;NEOWISE;WISE(W1);NEOWISE
59182.55558639;15.386;0.141;NEOWISE;WISE(W1);NEOWISE
59182.55558639;15.312;0.49;NEOWISE;WISE(W2);NEOWISE
59182.62091071;15.794;0.201;NEOWISE;WISE(W1);NEOWISE
59182.62091071;15.221;0.464;NEOWISE;WISE(W2);NEOWISE
59182.68636243;14.975;0.421;NEOWISE;WISE(W2);NEOWISE
59182.68636243;15.666;0.175;NEOWISE;WISE(W1);NEOWISE
59182.81713851;14.109;0.419;NEOWISE;WISE(W2);NEOWISE
59182.94791455;15.677;0.231;NEOWISE;WISE(W1);NEOWISE
59182.94791455;14.761;0.356;NEOWISE;WISE(W2);NEOWISE
59184.4961227;18.8570309;0.0608402789;ZTF;ZTF(zr);ZTF
59185.5170718;19.5762024;0.102278709;ZTF;ZTF(zg);ZTF
59185.5237269;18.8246899;0.0593675375;ZTF;ZTF(zr);ZTF
59187.4822917;18.6835594;0.0533844456;ZTF;ZTF(zr);ZTF
59190.86044062;15.584;0.232;NEOWISE;WISE(W1);NEOWISE
59194.5251042;19.7057571;0.112359516;ZTF;ZTF(zg);ZTF
59196.5037037;18.7583237;0.0564660542;ZTF;ZTF(zr);ZTF
59199.4484838;18.6928749;0.053757906;ZTF;ZTF(zr);ZTF
59199.4815046;18.4942818;0.0552488267;ZTF;ZTF(zi);ZTF
59199.5242245;19.4210625;0.091193676;ZTF;ZTF(zg);ZTF
59202.4411458;18.3988647;0.051390361;ZTF;ZTF(zi);ZTF
59204.4631019;19.5768242;0.10232535;ZTF;ZTF(zg);ZTF
59210.4222801;18.7705441;0.056988351;ZTF;ZTF(zr);ZTF
59216.4423032;19.3572693;0.086948216;ZTF;ZTF(zg);ZTF
59222.4040394;19.7162724;0.113210008;ZTF;ZTF(zg);ZTF
59222.4413542;18.8317127;0.0596840158;ZTF;ZTF(zr);ZTF
59224.3798495;18.7098312;0.0650710464;ZTF;ZTF(zi);ZTF
59224.4776852;19.4564266;0.0936254486;ZTF;ZTF(zg);ZTF
59224.488912;18.7052155;0.0542572029;ZTF;ZTF(zr);ZTF
59226.4191667;18.7278976;0.0551885441;ZTF;ZTF(zr);ZTF
59226.4414931;19.3969631;0.0895685703;ZTF;ZTF(zg);ZTF
59227.4022569;18.5727806;0.0586437769;ZTF;ZTF(zi);ZTF
59228.4196296;19.5189323;0.0980607495;ZTF;ZTF(zg);ZTF
59228.4617708;18.7884407;0.057762932;ZTF;ZTF(zr);ZTF
59230.3798264;18.5633583;0.0582254827;ZTF;ZTF(zi);ZTF
59230.4481829;18.7957649;0.058083266;ZTF;ZTF(zr);ZTF
59230.4662269;19.6769562;0.110054582;ZTF;ZTF(zg);ZTF
59231.3958102;18.8599205;0.055162549;ZTF;ZTF(zr);ZTF
59231.3962731;18.8111324;0.053203959;ZTF;ZTF(zr);ZTF
59232.4378472;19.7117882;0.112846792;ZTF;ZTF(zg);ZTF
59248.3155208;18.4328403;0.052731283;ZTF;ZTF(zi);ZTF
59249.3821412;18.5567474;0.0485833064;ZTF;ZTF(zr);ZTF
59249.4239352;19.4011135;0.0898466259;ZTF;ZTF(zg);ZTF
59251.3734491;19.6023598;0.104254074;ZTF;ZTF(zg);ZTF
59251.3772801;18.4001961;0.0514421836;ZTF;ZTF(zi);ZTF
59251.4441435;18.9000187;0.0628595203;ZTF;ZTF(zr);ZTF
59253.3367477;18.818964;0.0591108203;ZTF;ZTF(zr);ZTF
59253.3586806;19.6234779;0.105871253;ZTF;ZTF(zg);ZTF
59254.3571759;18.5498085;0.0576291345;ZTF;ZTF(zi);ZTF
59255.3607176;19.6991768;0.111829706;ZTF;ZTF(zg);ZTF
59257.3687616;19.6448326;0.107526563;ZTF;ZTF(zg);ZTF
59257.4010185;18.6848869;0.0534374602;ZTF;ZTF(zr);ZTF
59258.3354398;18.8366089;0.0599057302;ZTF;ZTF(zr);ZTF
59260.3566898;19.5650978;0.10144937;ZTF;ZTF(zg);ZTF
59260.3743519;18.5259323;0.0565932393;ZTF;ZTF(zi);ZTF
59260.377338;18.9031925;0.0630114153;ZTF;ZTF(zr);ZTF
59262.2496759;18.7994976;0.0582472645;ZTF;ZTF(zr);ZTF
59262.2712037;18.4189358;0.052178137;ZTF;ZTF(zi);ZTF
59262.3158333;19.6401978;0.10716556;ZTF;ZTF(zg);ZTF
59262.3167824;19.5681477;0.101676568;ZTF;ZTF(zg);ZTF
59262.351088;18.8842163;0.0621089712;ZTF;ZTF(zr);ZTF
59262.3563426;18.7497597;0.0561031923;ZTF;ZTF(zr);ZTF
59263.2670023;18.5479927;0.0482706465;ZTF;ZTF(zr);ZTF
59263.3827546;18.6567707;0.0523266643;ZTF;ZTF(zr);ZTF
59264.2278356;18.7396488;0.0556781031;ZTF;ZTF(zr);ZTF
59264.2731944;19.5437088;0.0998674482;ZTF;ZTF(zg);ZTF
59264.3376505;19.6869621;0.110851295;ZTF;ZTF(zg);ZTF
59264.358125;18.823143;0.0592980608;ZTF;ZTF(zr);ZTF
59264.3590741;18.8269005;0.0594669431;ZTF;ZTF(zr);ZTF
59267.2602778;19.7142143;0.113043204;ZTF;ZTF(zg);ZTF
59267.3116898;18.8277054;0.0595031753;ZTF;ZTF(zr);ZTF
59267.3160532;18.8040161;0.0584464557;ZTF;ZTF(zr);ZTF
59269.2871759;18.8419685;0.0544337109;ZTF;ZTF(zr);ZTF
59269.2876389;18.891674;0.0564752482;ZTF;ZTF(zr);ZTF
59271.4043634;19.1328106;0.0734186694;ZTF;ZTF(zg);ZTF
59271.4423727;18.5111542;0.0469805449;ZTF;ZTF(zr);ZTF
59275.3154977;18.8031979;0.0584103465;ZTF;ZTF(zr);ZTF
59275.3196991;18.8310738;0.0596551411;ZTF;ZTF(zr);ZTF
59276.2494676;19.6370029;0.106917277;ZTF;ZTF(zg);ZTF
59276.3394444;18.7974567;0.0581575297;ZTF;ZTF(zr);ZTF
59278.2814815;18.671524;0.052906245;ZTF;ZTF(zr);ZTF
59278.2945023;19.4555912;0.0935673416;ZTF;ZTF(zg);ZTF
59278.2954514;19.5283451;0.0987438709;ZTF;ZTF(zg);ZTF
59280.3335995;18.4849472;0.054858584;ZTF;ZTF(zi);ZTF
59281.2472685;18.8011265;0.0583189689;ZTF;ZTF(zr);ZTF
59281.315544;19.3880024;0.0889708847;ZTF;ZTF(zg);ZTF
59291.2360069;18.8011627;0.0583205968;ZTF;ZTF(zr);ZTF
59293.232419;18.8039494;0.0584435053;ZTF;ZTF(zr);ZTF
59293.2771644;19.665863;0.109176502;ZTF;ZTF(zg);ZTF
59296.248912;18.7756767;0.0572092831;ZTF;ZTF(zr);ZTF
59296.2701389;18.334219;0.0489367247;ZTF;ZTF(zi);ZTF
59302.2409722;18.8838539;0.0620918684;ZTF;ZTF(zr);ZTF
59302.2419097;18.9500504;0.0653005913;ZTF;ZTF(zr);ZTF
59304.1698727;18.6858711;0.0534768403;ZTF;ZTF(zr);ZTF
59304.2115741;19.551939;0.100473702;ZTF;ZTF(zg);ZTF
59306.3116667;19.7161846;0.113202944;ZTF;ZTF(zg);ZTF
59306.3743171;18.8542137;0.0607104339;ZTF;ZTF(zr);ZTF
59307.2021644;18.5381336;0.0571202673;ZTF;ZTF(zi);ZTF
59308.2701852;19.6466732;0.107670188;ZTF;ZTF(zg);ZTF
59310.2323495;19.5502377;0.100348145;ZTF;ZTF(zg);ZTF
59310.2896991;18.5150261;0.0561262853;ZTF;ZTF(zi);ZTF
59312.2322801;19.5423813;0.0997700021;ZTF;ZTF(zg);ZTF
59314.2325579;19.6400242;0.107152119;ZTF;ZTF(zg);ZTF
59316.2115046;19.6182785;0.105471238;ZTF;ZTF(zg);ZTF
59316.2496759;18.4655285;0.0540556721;ZTF;ZTF(zi);ZTF
59319.2106829;18.7497063;0.0561009236;ZTF;ZTF(zr);ZTF
59319.2340741;19.5028362;0.0969018266;ZTF;ZTF(zg);ZTF
59321.213831;18.8487396;0.0604589656;ZTF;ZTF(zr);ZTF
59321.2346181;19.745039;0.115560882;ZTF;ZTF(zg);ZTF
59322.2110532;18.4025421;0.0515337251;ZTF;ZTF(zi);ZTF
59323.1754514;19.5662727;0.10153681;ZTF;ZTF(zg);ZTF
59323.2114931;18.8408394;0.0600980483;ZTF;ZTF(zr);ZTF
59325.172419;18.9180336;0.063727051;ZTF;ZTF(zr);ZTF
59325.1902546;19.4262218;0.091544956;ZTF;ZTF(zg);ZTF
59325.2329051;18.5139484;0.0560803562;ZTF;ZTF(zi);ZTF
59329.2319676;18.8971176;0.0627209768;ZTF;ZTF(zr);ZTF
59335.1701968;18.8203564;0.059173122;ZTF;ZTF(zr);ZTF
59335.2128588;19.6399536;0.107146561;ZTF;ZTF(zg);ZTF
59336.168912;18.4733715;0.0543784797;ZTF;ZTF(zi);ZTF
59338.1700116;19.7518234;0.116120517;ZTF;ZTF(zg);ZTF
59338.2286458;18.8502045;0.0605261661;ZTF;ZTF(zr);ZTF
59340.1912731;19.5153465;0.0978015512;ZTF;ZTF(zg);ZTF
59340.20652949;15.709;0.219;NEOWISE;WISE(W1);NEOWISE
59340.20652949;15.194;0.491;NEOWISE;WISE(W2);NEOWISE
59340.20665681;15.226;0.411;NEOWISE;WISE(W2);NEOWISE
59340.20665681;15.739;0.187;NEOWISE;WISE(W1);NEOWISE
59340.3373055;15.436;0.136;NEOWISE;WISE(W1);NEOWISE
59340.3373055;14.852;0.302;NEOWISE;WISE(W2);NEOWISE
59340.46757215;14.88;0.433;NEOWISE;WISE(W2);NEOWISE
59340.46757215;15.332;0.144;NEOWISE;WISE(W1);NEOWISE
59340.53289072;15.455;0.134;NEOWISE;WISE(W1);NEOWISE
59340.59872429;15.211;0.158;NEOWISE;WISE(W1);NEOWISE
59340.66417598;15.279;0.397;NEOWISE;WISE(W2);NEOWISE
59340.66417598;15.262;0.135;NEOWISE;WISE(W1);NEOWISE
59340.7295003;15.226;0.114;NEOWISE;WISE(W1);NEOWISE
59340.7295003;15.387;0.426;NEOWISE;WISE(W2);NEOWISE
59340.79482461;15.379;0.516;NEOWISE;WISE(W2);NEOWISE
59340.79482461;15.592;0.199;NEOWISE;WISE(W1);NEOWISE
59340.92560051;15.611;0.156;NEOWISE;WISE(W1);NEOWISE
59341.05624914;14.67;0.277;NEOWISE;WISE(W2);NEOWISE
59341.05624914;15.615;0.167;NEOWISE;WISE(W1);NEOWISE
59341.05637646;15.707;0.335;NEOWISE;WISE(W1);NEOWISE
59341.18651574;15.614;0.157;NEOWISE;WISE(W1);NEOWISE
59341.18651574;15.305;0.457;NEOWISE;WISE(W2);NEOWISE
59342.2484144;19.5039349;0.0969805941;ZTF;ZTF(zg);ZTF
59343.1874884;18.5048389;0.0556936227;ZTF;ZTF(zi);ZTF
59344.1725926;19.5782681;0.102433614;ZTF;ZTF(zg);ZTF
59346.1757176;19.8342285;0.123069406;ZTF;ZTF(zg);ZTF
59346.1919213;18.8402863;0.0600728653;ZTF;ZTF(zr);ZTF
59348.1747685;18.8234444;0.0593115911;ZTF;ZTF(zr);ZTF
59348.2477778;19.6755848;0.109945774;ZTF;ZTF(zg);ZTF
59350.228206;18.7018299;0.0541197062;ZTF;ZTF(zr);ZTF
59353.2232292;19.1853962;0.07639613;ZTF;ZTF(zg);ZTF
59356.2334838;18.6627979;0.0525625646;ZTF;ZTF(zr);ZTF
59359.1940162;18.9457798;0.0650882944;ZTF;ZTF(zr);ZTF
59362.2321065;18.7632446;0.0566757396;ZTF;ZTF(zr);ZTF
59364.1919792;18.5009365;0.0555288121;ZTF;ZTF(zi);ZTF
59365.1825579;18.7944393;0.0580251478;ZTF;ZTF(zr);ZTF
59500.5268866;18.8147507;0.0589227416;ZTF;ZTF(zr);ZTF
59500.5293171;18.7289333;0.0552315004;ZTF;ZTF(zr);ZTF
59500.5317593;18.7083607;0.0543853194;ZTF;ZTF(zr);ZTF
59500.5341898;18.7940674;0.0580088496;ZTF;ZTF(zr);ZTF
59500.5366319;18.723587;0.0550101772;ZTF;ZTF(zr);ZTF
59509.5197569;18.7780647;0.057312455;ZTF;ZTF(zr);ZTF
59509.5222454;18.9271488;0.0641708523;ZTF;ZTF(zr);ZTF
59509.5247454;18.7545986;0.0563078932;ZTF;ZTF(zr);ZTF
59509.5272338;18.7301025;0.0552800447;ZTF;ZTF(zr);ZTF
59509.5297338;18.7803211;0.057410039;ZTF;ZTF(zr);ZTF
59522.5200116;19.6776428;0.110109113;ZTF;ZTF(zg);ZTF
59524.5447685;19.7025642;0.112102248;ZTF;ZTF(zg);ZTF
59526.4770486;19.6864662;0.110811718;ZTF;ZTF(zg);ZTF
59526.5217593;18.807106;0.058583118;ZTF;ZTF(zr);ZTF
59530.4972338;19.4541225;0.0934653059;ZTF;ZTF(zg);ZTF
59532.4441204;18.8066254;0.0585618466;ZTF;ZTF(zr);ZTF
59532.52125;19.6312332;0.106470034;ZTF;ZTF(zg);ZTF
59540.4989236;18.4397049;0.0530066304;ZTF;ZTF(zi);ZTF
59549.04750869;15.728;0.215;NEOWISE;WISE(W1);NEOWISE
59549.04750869;15.352;0.52;NEOWISE;WISE(W2);NEOWISE
59549.04763605;14.796;0.379;NEOWISE;WISE(W2);NEOWISE
59549.04763605;15.756;0.31;NEOWISE;WISE(W1);NEOWISE
59549.17777539;15.571;0.161;NEOWISE;WISE(W1);NEOWISE
59549.30893337;15.56;0.165;NEOWISE;WISE(W1);NEOWISE
59549.30893337;14.32;0.279;NEOWISE;WISE(W2);NEOWISE
59549.43958207;15.625;0.241;NEOWISE;WISE(W1);NEOWISE
59549.43958207;12.484;0.086;NEOWISE;WISE(W2);NEOWISE
59549.50503378;15.712;0.25;NEOWISE;WISE(W1);NEOWISE
59549.50503378;15.045;0.391;NEOWISE;WISE(W2);NEOWISE
59549.57035809;15.241;0.524;NEOWISE;WISE(W2);NEOWISE
59549.57035809;15.559;0.168;NEOWISE;WISE(W1);NEOWISE
59549.6356825;15.504;0.162;NEOWISE;WISE(W1);NEOWISE
59549.70100685;15.419;0.207;NEOWISE;WISE(W1);NEOWISE
59549.76633125;15.556;0.161;NEOWISE;WISE(W1);NEOWISE
59549.89697995;15.323;0.187;NEOWISE;WISE(W1);NEOWISE
59550.02775602;15.333;0.132;NEOWISE;WISE(W1);NEOWISE
59550.02775602;14.876;0.432;NEOWISE;WISE(W2);NEOWISE
59550.4576273;19.7435493;0.115438335;ZTF;ZTF(zg);ZTF
59622.3369792;18.7155094;0.0535941161;ZTF;ZTF(zg);ZTF
59622.33697920013;18.67555889229145;0.07698395146064238;ZTF;ZTF(zg);ZTF
59622.358900499996;18.177601587881284;0.05671922581101386;ZTF;ZTF(zr);ZTF
59622.3589005;18.1861;0.0372269005;ZTF;ZTF(zr);ZTF
59624.2711920999;18.69105738170155;0.10328566612937197;ZTF;ZTF(zg);ZTF
59624.35638889996;18.152244256968178;0.05642969718933978;ZTF;ZTF(zr);ZTF
59624.3563889;18.1453629;0.0361907259;ZTF;ZTF(zr);ZTF
59624.4463426;18.0454445;0.0394312665;ZTF;ZTF(zi);ZTF
59629.3581829;18.172451;0.0368755013;ZTF;ZTF(zr);ZTF
59629.35818290012;18.16674229588329;0.06534792929003955;ZTF;ZTF(zr);ZTF
59629.3659491;18.1196766;0.0321570039;ZTF;ZTF(zr);ZTF
59629.4010995;18.6450882;0.0508535281;ZTF;ZTF(zg);ZTF
59636.2486111;18.6586151;0.0513676517;ZTF;ZTF(zg);ZTF
59636.24861110002;18.635348452360777;0.062303420254419976;ZTF;ZTF(zg);ZTF
59636.3372569;18.1345997;0.0359232165;ZTF;ZTF(zr);ZTF
59636.337256900035;18.120338914263098;0.050668210639645626;ZTF;ZTF(zr);ZTF
59636.3605671;17.9402275;0.0365050994;ZTF;ZTF(zi);ZTF
59639.2496296;18.0791321;0.0312568881;ZTF;ZTF(zr);ZTF
59640.33302079979;18.120722931770224;0.054273942826608135;ZTF;ZTF(zr);ZTF
59640.3330208;18.1226788;0.035629943;ZTF;ZTF(zr);ZTF
59640.338148099836;18.650843342801878;0.08424891514068149;ZTF;ZTF(zg);ZTF
59640.3381481;18.6421127;0.0507412106;ZTF;ZTF(zg);ZTF
59641.2611921;18.1352882;0.0325120352;ZTF;ZTF(zr);ZTF
59671.278796299826;18.82762653151617;0.06233870794460917;ZTF;ZTF(zg);ZTF
59671.2787963;18.8501053;0.0592916794;ZTF;ZTF(zg);ZTF
59671.3162269;18.1722374;0.0368700437;ZTF;ZTF(zr);ZTF
59671.31622690009;18.221753255796703;0.04472636176302353;ZTF;ZTF(zr);ZTF
59672.2776389;18.0278988;0.038924709;ZTF;ZTF(zi);ZTF
59674.303460599855;18.29792140037901;0.052748979921139034;ZTF;ZTF(zr);ZTF
59674.3034606;18.2483902;0.0388859883;ZTF;ZTF(zr);ZTF
59674.36008099979;19.059041752201804;0.08769507089811487;ZTF;ZTF(zg);ZTF
59674.360081;19.0898781;0.0710721388;ZTF;ZTF(zg);ZTF
59677.1653935;18.3050499;0.0404769965;ZTF;ZTF(zr);ZTF
59677.16539350012;18.287913785039272;0.058118044322282035;ZTF;ZTF(zr);ZTF
59677.2498495;18.8717403;0.0602663755;ZTF;ZTF(zg);ZTF
59677.249849500135;18.880196010622665;0.08158101182466772;ZTF;ZTF(zg);ZTF
59678.2911227;18.0243263;0.0388224907;ZTF;ZTF(zi);ZTF
59679.1826157;18.1021404;0.0411209986;ZTF;ZTF(zi);ZTF
59679.2044444;18.3624592;0.0382468551;ZTF;ZTF(zr);ZTF
59679.21037039999;18.305966435362745;0.05554115826382074;ZTF;ZTF(zr);ZTF
59679.2103704;18.3254757;0.0410703681;ZTF;ZTF(zr);ZTF
59684.317963;18.2630138;0.0392890275;ZTF;ZTF(zr);ZTF
59685.275787;18.1334076;0.0420881994;ZTF;ZTF(zi);ZTF
59687.2590046;19.1152763;0.072451219;ZTF;ZTF(zg);ZTF
59689.1701273;18.3941879;0.0431466363;ZTF;ZTF(zr);ZTF
59693.1911111;18.4208679;0.0439871214;ZTF;ZTF(zr);ZTF
59693.2127662;19.1788025;0.0760164931;ZTF;ZTF(zg);ZTF
59695.1904051;18.5314579;0.0476865359;ZTF;ZTF(zr);ZTF
59696.299213;18.2566853;0.0461576991;ZTF;ZTF(zi);ZTF
59697.2124074;19.3286095;0.0850995183;ZTF;ZTF(zg);ZTF
59699.1920255;19.2638969;0.081057474;ZTF;ZTF(zg);ZTF
59701.1867014;19.4094543;0.0904077142;ZTF;ZTF(zg);ZTF
59701.2121644;18.4473953;0.0448424183;ZTF;ZTF(zr);ZTF
59701.2319907;18.2171383;0.0448066033;ZTF;ZTF(zi);ZTF
59703.1702431;19.3823929;0.0885986239;ZTF;ZTF(zg);ZTF
59703.2781597;18.5680847;0.0489917248;ZTF;ZTF(zr);ZTF
59704.38861546;15.317;0.122;NEOWISE;WISE(W1);NEOWISE
59704.51900953;15.561;0.531;NEOWISE;WISE(W2);NEOWISE
59704.51900953;15.577;0.172;NEOWISE;WISE(W1);NEOWISE
59704.6495309;15.719;0.276;NEOWISE;WISE(W1);NEOWISE
59704.78005237;15.657;0.175;NEOWISE;WISE(W1);NEOWISE
59704.78005237;14.834;0.292;NEOWISE;WISE(W2);NEOWISE
59704.7801797;15.449;0.133;NEOWISE;WISE(W1);NEOWISE
59704.7801797;14.346;0.249;NEOWISE;WISE(W2);NEOWISE
59704.8453767;15.195;0.129;NEOWISE;WISE(W1);NEOWISE
59704.8453767;14.325;0.262;NEOWISE;WISE(W2);NEOWISE
59704.91070112;15.094;0.36;NEOWISE;WISE(W2);NEOWISE
59704.91070112;15.138;0.105;NEOWISE;WISE(W1);NEOWISE
59704.97589817;14.534;0.225;NEOWISE;WISE(W2);NEOWISE
59704.97589817;15.235;0.189;NEOWISE;WISE(W1);NEOWISE
59705.0412225;15.043;0.345;NEOWISE;WISE(W2);NEOWISE
59705.0412225;15.261;0.143;NEOWISE;WISE(W1);NEOWISE
59705.1059102;15.132;0.349;NEOWISE;WISE(W2);NEOWISE
59705.1059102;15.0;0.128;NEOWISE;WISE(W1);NEOWISE
59705.10603756;15.126;0.12;NEOWISE;WISE(W1);NEOWISE
59705.10603756;15.274;0.382;NEOWISE;WISE(W2);NEOWISE
59705.23694094;14.981;0.336;NEOWISE;WISE(W2);NEOWISE
59705.23694094;15.189;0.141;NEOWISE;WISE(W1);NEOWISE
59705.36746231;15.221;0.347;NEOWISE;WISE(W2);NEOWISE
59705.36746231;15.237;0.13;NEOWISE;WISE(W1);NEOWISE
59705.36758963;15.696;0.315;NEOWISE;WISE(W1);NEOWISE
59705.36758963;15.234;0.371;NEOWISE;WISE(W2);NEOWISE
59708.2056134;18.4911957;0.0462984852;ZTF;ZTF(zr);ZTF
59708.2129167;18.6266747;0.0511665531;ZTF;ZTF(zr);ZTF
59710.00090891;15.441;0.197;NEOWISE;WISE(W1);NEOWISE
59711.1706829;19.3445339;0.0861222073;ZTF;ZTF(zg);ZTF
59711.2529861;18.6796589;0.0532289334;ZTF;ZTF(zr);ZTF
59713.2348264;18.5716209;0.0491199121;ZTF;ZTF(zr);ZTF
59715.1786921;18.6742382;0.0530136712;ZTF;ZTF(zr);ZTF
59715.215625;19.4283333;0.0916890502;ZTF;ZTF(zg);ZTF
59718.1824421;18.6720676;0.0529277399;ZTF;ZTF(zr);ZTF
59722.1856597;19.5234222;0.0983861536;ZTF;ZTF(zg);ZTF
59722.2043634;19.3770466;0.0882450491;ZTF;ZTF(zg);ZTF
59724.1937963;19.4417248;0.0926076919;ZTF;ZTF(zg);ZTF
59724.2351736;18.7381153;0.0556139611;ZTF;ZTF(zr);ZTF
59725.1981829;18.3209343;0.0484480709;ZTF;ZTF(zi);ZTF
59726.2168981;19.5168896;0.0979130566;ZTF;ZTF(zg);ZTF
59865.5270833;18.8132858;0.0588574857;ZTF;ZTF(zr);ZTF
59865.5295255;18.8484192;0.0604442731;ZTF;ZTF(zr);ZTF
59865.531956;18.8839741;0.0620975569;ZTF;ZTF(zr);ZTF
59865.5343866;18.7838326;0.0575623661;ZTF;ZTF(zr);ZTF
59865.5368403;18.6165981;0.0507847629;ZTF;ZTF(zr);ZTF
59871.5197569;18.6167774;0.0507915132;ZTF;ZTF(zr);ZTF
59871.5249421;18.71175;0.0545237176;ZTF;ZTF(zr);ZTF
59871.5275231;18.6642685;0.0526202805;ZTF;ZTF(zr);ZTF
59871.5301157;18.5853577;0.0496215969;ZTF;ZTF(zr);ZTF
59872.5191782;18.7776184;0.0572931319;ZTF;ZTF(zr);ZTF
59872.5217708;18.7620201;0.0566234365;ZTF;ZTF(zr);ZTF
59872.5243634;18.7646675;0.0567364991;ZTF;ZTF(zr);ZTF
59872.5269444;18.808527;0.0586460754;ZTF;ZTF(zr);ZTF
59872.5295255;18.822094;0.059251003;ZTF;ZTF(zr);ZTF
59873.5193634;18.7769642;0.057264857;ZTF;ZTF(zr);ZTF
59873.5218634;18.7165337;0.0547197461;ZTF;ZTF(zr);ZTF
59873.5243634;18.6576958;0.0523627885;ZTF;ZTF(zr);ZTF
59873.5268519;18.7393227;0.0556644276;ZTF;ZTF(zr);ZTF
59874.518588;18.8351746;0.0598406903;ZTF;ZTF(zr);ZTF
59874.5210764;18.7271633;0.0551581122;ZTF;ZTF(zr);ZTF
59874.5235764;18.7126408;0.0545601472;ZTF;ZTF(zr);ZTF
59874.5260764;18.7466335;0.0559713505;ZTF;ZTF(zr);ZTF
59874.5285764;18.7354164;0.0555012487;ZTF;ZTF(zr);ZTF
59887.5509491;18.5950069;0.0499775782;ZTF;ZTF(zr);ZTF
59889.5225694;18.7678947;0.0568746328;ZTF;ZTF(zr);ZTF
59897.4872454;19.1529694;0.0745464936;ZTF;ZTF(zg);ZTF
59897.5579398;18.4362125;0.0528663509;ZTF;ZTF(zi);ZTF
59898.4741782;18.8000717;0.0582725033;ZTF;ZTF(zr);ZTF
59898.5338542;18.7522564;0.0509326309;ZTF;ZTF(zr);ZTF
59902.4849884;18.3160172;0.0482685231;ZTF;ZTF(zi);ZTF
59909.4216088;18.7438774;0.0558554232;ZTF;ZTF(zr);ZTF
59909.5209259;19.4869347;0.0957683325;ZTF;ZTF(zg);ZTF
59913.18003626;15.032;0.417;NEOWISE;WISE(W2);NEOWISE
59913.18003626;15.282;0.125;NEOWISE;WISE(W1);NEOWISE
59913.3108124;15.474;0.154;NEOWISE;WISE(W1);NEOWISE
59913.3108124;14.818;0.329;NEOWISE;WISE(W2);NEOWISE
59913.44107911;15.551;0.175;NEOWISE;WISE(W1);NEOWISE
59913.44107911;14.442;0.353;NEOWISE;WISE(W2);NEOWISE
59913.44120642;15.79;0.241;NEOWISE;WISE(W1);NEOWISE
59913.44120642;14.419;0.227;NEOWISE;WISE(W2);NEOWISE
59913.4763194;18.7609062;0.0565759726;ZTF;ZTF(zr);ZTF
59913.57147319;14.809;0.398;NEOWISE;WISE(W2);NEOWISE
59913.57147319;15.409;0.145;NEOWISE;WISE(W1);NEOWISE
59913.6366702;15.14;0.156;NEOWISE;WISE(W1);NEOWISE
59913.70173992;15.665;0.178;NEOWISE;WISE(W1);NEOWISE
59913.76693697;14.895;0.442;NEOWISE;WISE(W2);NEOWISE
59913.76693697;15.388;0.141;NEOWISE;WISE(W1);NEOWISE
59913.83213396;15.728;0.179;NEOWISE;WISE(W1);NEOWISE
59913.83213396;15.344;0.538;NEOWISE;WISE(W2);NEOWISE
59913.89720369;15.429;0.167;NEOWISE;WISE(W1);NEOWISE
59913.89720369;15.252;0.483;NEOWISE;WISE(W2);NEOWISE
59914.02759839;15.087;0.103;NEOWISE;WISE(W1);NEOWISE
59914.02759839;14.771;0.336;NEOWISE;WISE(W2);NEOWISE
59914.15735571;15.454;0.147;NEOWISE;WISE(W1);NEOWISE
59914.4566667;18.5393372;0.0571724884;ZTF;ZTF(zi);ZTF
59923.4415046;18.8059025;0.0585298762;ZTF;ZTF(zr);ZTF
59930.4850579;19.4656677;0.0942701399;ZTF;ZTF(zg);ZTF
59930.505706;18.6776676;0.0531497113;ZTF;ZTF(zr);ZTF
59932.5233912;18.440834;0.0530520454;ZTF;ZTF(zi);ZTF
59935.3954051;19.5736732;0.102089308;ZTF;ZTF(zg);ZTF
59935.4376505;18.7727337;0.0570825115;ZTF;ZTF(zr);ZTF
59937.424838;18.5192127;0.0472592749;ZTF;ZTF(zr);ZTF
59937.4836574;19.5370255;0.0993774086;ZTF;ZTF(zg);ZTF
59967.4395139;18.0641308;0.0399791971;ZTF;ZTF(zi);ZTF
59968.3775231;18.7592697;0.0565062687;ZTF;ZTF(zr);ZTF
59970.3651157;18.5854073;0.0496234335;ZTF;ZTF(zr);ZTF
59970.4103009;18.3530579;0.0496386886;ZTF;ZTF(zi);ZTF
59972.378588;18.6973286;0.0539375022;ZTF;ZTF(zr);ZTF
59972.423588;19.6134949;0.105104282;ZTF;ZTF(zg);ZTF
59984.3363657;18.5776443;0.0493391827;ZTF;ZTF(zr);ZTF
59985.3630903;18.3744297;0.0504479855;ZTF;ZTF(zi);ZTF
59993.3284606;18.7681866;0.0568871535;ZTF;ZTF(zr);ZTF
59993.3940046;19.6360683;0.106844731;ZTF;ZTF(zg);ZTF
59994.3816435;18.5992546;0.0598350391;ZTF;ZTF(zi);ZTF
59996.3383565;19.6017895;0.104210719;ZTF;ZTF(zg);ZTF
60016.2288773;18.7272797;0.0551629551;ZTF;ZTF(zr);ZTF
60020.2949653;18.8060036;0.0585343018;ZTF;ZTF(zr);ZTF
60031.2112037;19.289299;0.0826224163;ZTF;ZTF(zg);ZTF
60031.2583333;18.7881699;0.0577510819;ZTF;ZTF(zr);ZTF
60036.2576505;18.8600502;0.0609798133;ZTF;ZTF(zr);ZTF
60043.2750231;19.4203835;0.0911475867;ZTF;ZTF(zg);ZTF
60045.2324421;18.7954025;0.0580673739;ZTF;ZTF(zr);ZTF
60045.3152894;19.5729237;0.102033302;ZTF;ZTF(zg);ZTF
60050.1695486;19.7891502;0.11923366;ZTF;ZTF(zg);ZTF
60050.2134491;18.844305;0.0602560788;ZTF;ZTF(zr);ZTF
60052.1932407;18.7621231;0.0566278659;ZTF;ZTF(zr);ZTF
60052.2146759;19.7975445;0.119941644;ZTF;ZTF(zg);ZTF
60054.2600926;19.4902916;0.096006684;ZTF;ZTF(zg);ZTF
60056.2266667;19.5755119;0.10222701;ZTF;ZTF(zg);ZTF
60056.2692708;18.7685776;0.0569039173;ZTF;ZTF(zr);ZTF
60058.1739352;19.5620384;0.101221792;ZTF;ZTF(zg);ZTF
60058.2022106;18.8678398;0.0613413118;ZTF;ZTF(zr);ZTF
60060.1912153;19.5752392;0.102206551;ZTF;ZTF(zg);ZTF
60062.1690394;18.8884354;0.0623083934;ZTF;ZTF(zr);ZTF
60071.56486595;15.221;0.127;NEOWISE;WISE(W1);NEOWISE
60071.56486595;14.511;0.233;NEOWISE;WISE(W2);NEOWISE
60071.69475067;14.726;0.354;NEOWISE;WISE(W2);NEOWISE
60071.69475067;15.149;0.155;NEOWISE;WISE(W1);NEOWISE
60071.82463539;15.051;0.137;NEOWISE;WISE(W1);NEOWISE
60071.88957778;15.395;0.128;NEOWISE;WISE(W1);NEOWISE
60071.88957778;14.697;0.27;NEOWISE;WISE(W2);NEOWISE
60071.95452012;15.344;0.13;NEOWISE;WISE(W1);NEOWISE
60072.0194625;15.278;0.133;NEOWISE;WISE(W1);NEOWISE
60072.08440479;14.853;0.484;NEOWISE;WISE(W2);NEOWISE
60072.08440479;15.444;0.145;NEOWISE;WISE(W1);NEOWISE
60072.14934718;15.758;0.237;NEOWISE;WISE(W1);NEOWISE
60072.27923186;15.194;0.156;NEOWISE;WISE(W1);NEOWISE
60072.40911663;15.377;0.126;NEOWISE;WISE(W1);NEOWISE
60072.40911663;14.879;0.269;NEOWISE;WISE(W2);NEOWISE
60072.53900131;15.082;0.105;NEOWISE;WISE(W1);NEOWISE
60072.53900131;15.057;0.436;NEOWISE;WISE(W2);NEOWISE
60077.1868519;18.8332844;0.0597550645;ZTF;ZTF(zr);ZTF
60079.2008218;18.7929726;0.0579608828;ZTF;ZTF(zr);ZTF
60081.2162963;19.4836121;0.0955329463;ZTF;ZTF(zg);ZTF
60081.2470949;18.7686844;0.0569085218;ZTF;ZTF(zr);ZTF
60083.1854398;18.8650818;0.0612130761;ZTF;ZTF(zr);ZTF
60085.1860185;18.7470589;0.0559892729;ZTF;ZTF(zr);ZTF
60085.2261574;19.5729752;0.102037132;ZTF;ZTF(zg);ZTF
60086.1605556;18.8744888;0.0616517514;ZTF;ZTF(zr);ZTF
60097.1820139;18.8069344;0.0585755184;ZTF;ZTF(zr);ZTF
60230.5269213;18.8297901;0.059597183;ZTF;ZTF(zr);ZTF
60230.5293634;18.7756882;0.0572097972;ZTF;ZTF(zr);ZTF
60230.5318056;18.8367004;0.0599098951;ZTF;ZTF(zr);ZTF
60230.5342361;18.8804207;0.0619301349;ZTF;ZTF(zr);ZTF
60231.5296875;18.8511906;0.0605714209;ZTF;ZTF(zr);ZTF
60231.5321065;18.8526058;0.0606364496;ZTF;ZTF(zr);ZTF
60231.5345255;18.7086143;0.0543956235;ZTF;ZTF(zr);ZTF
60231.5369444;18.8804913;0.0619334355;ZTF;ZTF(zr);ZTF
60236.5195602;18.77248;0.0570715815;ZTF;ZTF(zr);ZTF
60236.5221528;18.8651352;0.0612155646;ZTF;ZTF(zr);ZTF
60236.5247569;18.8521996;0.0606177598;ZTF;ZTF(zr);ZTF
60236.5273495;18.7913971;0.0578919984;ZTF;ZTF(zr);ZTF
60236.5299306;18.9240074;0.0640175268;ZTF;ZTF(zr);ZTF
60238.5185417;18.8170605;0.0590258017;ZTF;ZTF(zr);ZTF
60238.5211111;18.8410511;0.0601076633;ZTF;ZTF(zr);ZTF
60238.5236574;18.8269386;0.0594686568;ZTF;ZTF(zr);ZTF
60238.5262037;18.8150654;0.058936771;ZTF;ZTF(zr);ZTF
60238.52875;18.8603897;0.0609955341;ZTF;ZTF(zr);ZTF
60239.5183218;18.8239288;0.0593333207;ZTF;ZTF(zr);ZTF
60239.5208102;18.7708092;0.0569997169;ZTF;ZTF(zr);ZTF
60239.5233102;18.8303928;0.0596244037;ZTF;ZTF(zr);ZTF
60239.5258102;18.7867374;0.0576887056;ZTF;ZTF(zr);ZTF
60239.5283102;18.6937637;0.0537937135;ZTF;ZTF(zr);ZTF
60241.5222222;18.6999111;0.054041978;ZTF;ZTF(zr);ZTF
60241.5247569;18.6484299;0.0520021729;ZTF;ZTF(zr);ZTF
60241.5273032;18.7065411;0.0543111451;ZTF;ZTF(zr);ZTF
60241.5298495;18.7586174;0.0564785302;ZTF;ZTF(zr);ZTF
60241.5323958;18.7651463;0.0567569844;ZTF;ZTF(zr);ZTF
60251.4825347;18.6355896;0.0515071303;ZTF;ZTF(zr);ZTF
60254.5048958;18.8549137;0.0607426688;ZTF;ZTF(zr);ZTF
60258.5001157;18.715374;0.0546721444;ZTF;ZTF(zr);ZTF
60260.4995833;19.5123119;0.0975826904;ZTF;ZTF(zg);ZTF
60263.5048264;18.8157425;0.058966957;ZTF;ZTF(zr);ZTF
60277.44767803;15.318;0.136;NEOWISE;WISE(W1);NEOWISE
60277.44767803;14.32;0.217;NEOWISE;WISE(W2);NEOWISE
60277.44780545;15.322;0.171;NEOWISE;WISE(W1);NEOWISE
60277.44780545;14.845;0.494;NEOWISE;WISE(W2);NEOWISE
60277.57692613;15.243;0.127;NEOWISE;WISE(W1);NEOWISE
60277.57692613;15.035;0.424;NEOWISE;WISE(W2);NEOWISE
60277.70617418;15.249;0.123;NEOWISE;WISE(W1);NEOWISE
60277.70617418;14.708;0.39;NEOWISE;WISE(W2);NEOWISE
60277.77073509;15.546;0.169;NEOWISE;WISE(W1);NEOWISE
60277.83542279;14.332;0.274;NEOWISE;WISE(W2);NEOWISE
60277.83542279;14.97;0.119;NEOWISE;WISE(W1);NEOWISE
60277.89998318;15.217;0.487;NEOWISE;WISE(W2);NEOWISE
60277.89998318;15.484;0.167;NEOWISE;WISE(W1);NEOWISE
60277.96467084;15.295;0.191;NEOWISE;WISE(W1);NEOWISE
60277.96467084;14.924;0.39;NEOWISE;WISE(W2);NEOWISE
60278.02923123;15.075;0.168;NEOWISE;WISE(W1);NEOWISE
60278.15847927;14.681;0.277;NEOWISE;WISE(W2);NEOWISE
60278.15847927;15.104;0.172;NEOWISE;WISE(W1);NEOWISE
60278.28759995;14.493;0.311;NEOWISE;WISE(W2);NEOWISE
60278.28759995;15.299;0.159;NEOWISE;WISE(W1);NEOWISE
60278.41684806;15.397;0.146;NEOWISE;WISE(W1);NEOWISE
60278.41684806;14.342;0.223;NEOWISE;WISE(W2);NEOWISE
60283.32649248;15.441;0.215;NEOWISE;WISE(W1);NEOWISE
60287.4007755;18.6066818;0.0504121706;ZTF;ZTF(zr);ZTF
60287.4623148;19.4081726;0.0903212205;ZTF;ZTF(zg);ZTF
60291.4607523;19.7558556;0.116453968;ZTF;ZTF(zg);ZTF
60291.5031134;18.7966442;0.0581218265;ZTF;ZTF(zr);ZTF
60314.3822569;19.3820095;0.0885731876;ZTF;ZTF(zg);ZTF
60314.4620023;18.8732185;0.0615922995;ZTF;ZTF(zr);ZTF
60322.4199884;18.7941246;0.0580113605;ZTF;ZTF(zr);ZTF
60322.4665278;19.5198421;0.0981266648;ZTF;ZTF(zg);ZTF
60324.4668519;18.8388805;0.0600089319;ZTF;ZTF(zr);ZTF
60335.4242014;19.3963413;0.0895270258;ZTF;ZTF(zg);ZTF
60339.3109259;18.8059273;0.0585309342;ZTF;ZTF(zr);ZTF
60341.3789468;18.6476479;0.051971864;ZTF;ZTF(zr);ZTF
60352.3539699;18.803093;0.0584057197;ZTF;ZTF(zr);ZTF
60354.3328356;19.6387005;0.107049152;ZTF;ZTF(zg);ZTF
60354.3793287;18.9023151;0.0629693717;ZTF;ZTF(zr);ZTF
60357.3305208;18.7980804;0.0581849292;ZTF;ZTF(zr);ZTF
60357.3768287;19.7153416;0.113134511;ZTF;ZTF(zg);ZTF
60368.3066898;18.8968582;0.0627086461;ZTF;ZTF(zr);ZTF
60389.19375;19.5313911;0.0989658609;ZTF;ZTF(zg);ZTF
60395.2646991;18.6857586;0.0534723587;ZTF;ZTF(zr);ZTF
60398.2498611;19.764473;0.117168978;ZTF;ZTF(zg);ZTF
60398.3653935;18.7489357;0.0560683757;ZTF;ZTF(zr);ZTF
60404.2327778;19.7474556;0.115760058;ZTF;ZTF(zg);ZTF
60408.2354051;18.8688488;0.0613883436;ZTF;ZTF(zr);ZTF
60409.169375;18.7182312;0.0547894984;ZTF;ZTF(zr);ZTF
60409.24375;19.5446167;0.0999342203;ZTF;ZTF(zg);ZTF
60413.2690046;19.5945625;0.103662111;ZTF;ZTF(zg);ZTF
60417.1896412;19.520977;0.0982088596;ZTF;ZTF(zg);ZTF
60417.2889699;18.7373276;0.0555810258;ZTF;ZTF(zr);ZTF
60421.2247106;18.9273758;0.064181976;ZTF;ZTF(zr);ZTF
60430.2485532;18.8407021;0.0600918122;ZTF;ZTF(zr);ZTF
60433.1707523;18.8176174;0.0590506643;ZTF;ZTF(zr);ZTF
60433.2129167;19.5726089;0.102009758;ZTF;ZTF(zg);ZTF
60435.1912616;19.3646259;0.0874285847;ZTF;ZTF(zg);ZTF
60435.2126273;18.8111877;0.058764182;ZTF;ZTF(zr);ZTF
60443.1699769;19.8874283;0.127699167;ZTF;ZTF(zg);ZTF
60443.2227546;18.8129139;0.0588409379;ZTF;ZTF(zr);ZTF
60445.2147917;18.7694054;0.0569394641;ZTF;ZTF(zr);ZTF
60448.2334491;18.9061222;0.0631520152;ZTF;ZTF(zr);ZTF
60452.1850347;18.9236488;0.0640000403;ZTF;ZTF(zr);ZTF
60462.2146296;19.6539631;0.108240478;ZTF;ZTF(zg);ZTF
