MJD;Magnitude;Error;Facility;Filter;Observer
55326.55;25.43;1.49;PANSTARRS;gPS1;PANSTARRS
55329.53;24.09;0.46;PANSTARRS;gPS1;PANSTARRS
55332.43;23.96;0.39;PANSTARRS;gPS1;PANSTARRS
55335.43;23.3;0.24;PANSTARRS;gPS1;PANSTARRS
55338.43;22.75;0.24;PANSTARRS;gPS1;PANSTARRS
55347.45;21.84;0.08;PANSTARRS;gPS1;PANSTARRS
55350.51;21.5;0.05;PANSTARRS;gPS1;PANSTARRS
55353.42;21.25;0.03;PANSTARRS;gPS1;PANSTARRS
55362.37;20.56;0.02;PANSTARRS;gPS1;PANSTARRS
55365.33;20.4;0.02;PANSTARRS;gPS1;PANSTARRS
55368.4;20.31;0.02;PANSTARRS;gPS1;PANSTARRS
55377.44;20.02;0.01;PANSTARRS;gPS1;PANSTARRS
55389.31;19.78;0.01;PANSTARRS;gPS1;PANSTARRS
55407.34;19.91;0.01;PANSTARRS;gPS1;PANSTARRS
55413.32;20.07;0.01;PANSTARRS;gPS1;PANSTARRS
55416.3;20.12;0.01;PANSTARRS;gPS1;PANSTARRS
55422.29;20.36;0.02;PANSTARRS;gPS1;PANSTARRS
55425.26;20.38;0.02;PANSTARRS;gPS1;PANSTARRS
55428.27;20.47;0.02;PANSTARRS;gPS1;PANSTARRS
55437.26;20.75;0.02;PANSTARRS;gPS1;PANSTARRS
55440.29;20.69;0.02;PANSTARRS;gPS1;PANSTARRS
55443.26;20.82;0.02;PANSTARRS;gPS1;PANSTARRS
55446.27;20.84;0.03;PANSTARRS;gPS1;PANSTARRS
55449.23;20.9;0.03;PANSTARRS;gPS1;PANSTARRS
55452.25;20.94;0.03;PANSTARRS;gPS1;PANSTARRS
55602.62;22.47;0.1;PANSTARRS;gPS1;PANSTARRS
55674.51;23.03;0.2;PANSTARRS;gPS1;PANSTARRS
55677.58;22.77;0.13;PANSTARRS;gPS1;PANSTARRS
55701.57;23.1;0.29;PANSTARRS;gPS1;PANSTARRS
55710.46;22.99;0.16;PANSTARRS;gPS1;PANSTARRS
55737.39;22.75;0.14;PANSTARRS;gPS1;PANSTARRS
55740.38;23.09;0.28;PANSTARRS;gPS1;PANSTARRS
55743.32;23.2;0.19;PANSTARRS;gPS1;PANSTARRS
55746.33;22.74;0.12;PANSTARRS;gPS1;PANSTARRS
55752.31;22.74;0.19;PANSTARRS;gPS1;PANSTARRS
55761.28;23.28;0.21;PANSTARRS;gPS1;PANSTARRS
55764.28;23.54;0.38;PANSTARRS;gPS1;PANSTARRS
55767.28;22.96;0.16;PANSTARRS;gPS1;PANSTARRS
55770.28;22.49;0.1;PANSTARRS;gPS1;PANSTARRS
55773.28;22.81;0.14;PANSTARRS;gPS1;PANSTARRS
55776.3;23.04;0.16;PANSTARRS;gPS1;PANSTARRS
55779.27;24.08;0.6;PANSTARRS;gPS1;PANSTARRS
55791.29;22.96;0.15;PANSTARRS;gPS1;PANSTARRS
55794.27;23.07;0.16;PANSTARRS;gPS1;PANSTARRS
55797.27;23.14;0.18;PANSTARRS;gPS1;PANSTARRS
55800.25;22.87;0.2;PANSTARRS;gPS1;PANSTARRS
55803.28;24.01;0.43;PANSTARRS;gPS1;PANSTARRS
54958.4905272;21.100860595703125;0.16422735154628754;PTF;PTF(R);PTF
54966.2264972;21.39745330810547;0.16745400428771973;PTF;PTF(R);PTF
54966.3705672;21.088407516479492;0.1620594710111618;PTF;PTF(R);PTF
54968.2507272;21.16754913330078;0.14984449744224548;PTF;PTF(R);PTF
54968.3964072;21.044511795043945;0.17190805077552795;PTF;PTF(R);PTF
54972.3243572;20.82788848876953;0.15374840795993805;PTF;PTF(R);PTF
55003.3637672;21.160505294799805;0.14138972759246826;PTF;PTF(R);PTF
55031.2529472;20.86767578125;0.15407229959964752;PTF;PTF(R);PTF
55031.3356172;21.064456939697266;0.15246042609214783;PTF;PTF(R);PTF
55041.3271572;20.569047927856445;0.1497930884361267;PTF;PTF(R);PTF
55062.2273672;20.558338165283203;0.14314481616020203;PTF;PTF(R);PTF
55069.2208872;21.006244659423828;0.19802115857601166;PTF;PTF(R);PTF
55217.3675004;16.463;0.302;ALLWISE;WISE(W1);ALLWISE
55218.5585462;16.462;0.285;ALLWISE;WISE(W1);ALLWISE
55318.2567372;20.544286727905273;0.14987242221832275;PTF;PTF(R);PTF
55323.2555172;21.27622413635254;0.15976889431476593;PTF;PTF(R);PTF
55323.2989172;21.089235305786133;0.1511407345533371;PTF;PTF(R);PTF
55337.4807472;20.76186180114746;0.16114701330661774;PTF;PTF(R);PTF
55351.2872872;20.559850692749023;0.09783180058002472;PTF;PTF(R);PTF
55351.3311372;20.754379272460938;0.13410674035549164;PTF;PTF(R);PTF
55356.1903472;20.613542556762695;0.10867700725793839;PTF;PTF(R);PTF
55356.2548372;20.492481231689453;0.09021145105361938;PTF;PTF(R);PTF
55356.3155072;20.379302978515625;0.09695523232221603;PTF;PTF(R);PTF
55356.4394172;20.492544174194336;0.09492860734462738;PTF;PTF(R);PTF
55357.1819472;20.393779754638672;0.1311328262090683;PTF;PTF(R);PTF
55362.26646;20.4;0.34;CRTS;CRTS(CL);CRTS
55362.3986072;20.405317306518555;0.08631019294261932;PTF;PTF(R);PTF
55362.4449872;20.429882049560547;0.11515098065137863;PTF;PTF(R);PTF
55367.25602;20.07;0.28;CRTS;CRTS(CL);CRTS
55367.27323;19.44;0.21;CRTS;CRTS(CL);CRTS
55367.3982472;20.024272918701172;0.0956374928355217;PTF;PTF(R);PTF
55367.4415672;20.336990356445312;0.09741311520338058;PTF;PTF(R);PTF
55373.3097172;20.123735427856445;0.1546104997396469;PTF;PTF(R);PTF
55373.3621872;20.01891326904297;0.12443915754556656;PTF;PTF(R);PTF
55378.3789072;20.035783767700195;0.10131417959928513;PTF;PTF(R);PTF
55378.4264972;20.33585548400879;0.13218998908996582;PTF;PTF(R);PTF
55393.7341338;16.942;0.419;ALLWISE;WISE(W1);ALLWISE
55394.0648296;16.518;0.296;ALLWISE;WISE(W1);ALLWISE
55394.3956526;15.19;0.379;ALLWISE;WISE(W2);ALLWISE
55394.5279564;16.817;0.407;ALLWISE;WISE(W1);ALLWISE
55394.7925644;15.76;0.489;ALLWISE;WISE(W2);ALLWISE
55394.7925644;16.694;0.427;ALLWISE;WISE(W1);ALLWISE
55394.9247408;17.128;0.521;ALLWISE;WISE(W1);ALLWISE
55394.9248682;16.875;0.502;ALLWISE;WISE(W1);ALLWISE
55396.2477784;16.767;0.37;ALLWISE;WISE(W1);ALLWISE
55396.4461703;17.102;0.474;ALLWISE;WISE(W1);ALLWISE
55396.5123858;17.181;0.524;ALLWISE;WISE(W1);ALLWISE
55396.776866;17.121;0.504;ALLWISE;WISE(W1);ALLWISE
55396.7769933;15.371;0.394;ALLWISE;WISE(W2);ALLWISE
55397.1076891;15.546;0.495;ALLWISE;WISE(W2);ALLWISE
55397.306081;16.742;0.351;ALLWISE;WISE(W1);ALLWISE
55397.3722966;16.825;0.436;ALLWISE;WISE(W1);ALLWISE
55465.1586172;20.212223052978516;0.17336034774780273;PTF;PTF(R);PTF
55580.1812399;15.524;0.454;ALLWISE;WISE(W2);ALLWISE
55580.6441142;16.449;0.303;ALLWISE;WISE(W1);ALLWISE
55581.5698574;15.632;0.512;ALLWISE;WISE(W2);ALLWISE
55581.7021617;16.332;0.284;ALLWISE;WISE(W1);ALLWISE
55581.7021617;15.336;0.415;ALLWISE;WISE(W2);ALLWISE
55581.7683775;15.575;0.515;ALLWISE;WISE(W2);ALLWISE
55582.2312516;16.807;0.415;ALLWISE;WISE(W1);ALLWISE
55653.45494;20.63;0.39;CRTS;CRTS(CL);CRTS
56563.16557;19.32;0.2;CRTS;CRTS(CL);CRTS
56563.17228;20.37;0.34;CRTS;CRTS(CL);CRTS
56678.45515581;15.425;0.496;NEOWISE;WISE(W2);NEOWISE
56678.45515581;16.874;0.481;NEOWISE;WISE(W1);NEOWISE
56681.28791931;15.876;0.231;NEOWISE;WISE(W1);NEOWISE
56681.48567536;13.429;0.131;NEOWISE;WISE(W2);NEOWISE
57044.89075461;15.945;0.239;NEOWISE;WISE(W1);NEOWISE
57045.15358069;14.751;0.489;NEOWISE;WISE(W2);NEOWISE
57216.15560851;16.343;0.247;NEOWISE;WISE(W1);NEOWISE
57576.73987045;16.046;0.344;NEOWISE;WISE(W1);NEOWISE
57772.21661574;16.491;0.504;NEOWISE;WISE(W1);NEOWISE
57772.34764706;16.033;0.214;NEOWISE;WISE(W1);NEOWISE
58138.39977598;14.882;0.439;NEOWISE;WISE(W2);NEOWISE
58139.25065053;16.58;0.54;NEOWISE;WISE(W1);NEOWISE
58198.3922801;20.9482117;0.186802506;ZTF;ZTF(zr);ZTF
58198.4;20.9754982;0.188828588;ZTF;ZTF(zr);ZTF
58198.4289352;20.8502369;0.17952764;ZTF;ZTF(zr);ZTF
58198.449838;20.7748528;0.173930287;ZTF;ZTF(zr);ZTF
58198.4508449;20.8746071;0.181337237;ZTF;ZTF(zr);ZTF
58198.4829282;21.0978394;0.197912693;ZTF;ZTF(zr);ZTF
58198.4838426;20.8538094;0.179793;ZTF;ZTF(zr);ZTF
58204.4630671;21.3174152;0.214278102;ZTF;ZTF(zg);ZTF
58217.3885764;20.8196945;0.177259803;ZTF;ZTF(zr);ZTF
58217.4601852;20.89711;0.183008075;ZTF;ZTF(zr);ZTF
58218.4764699;20.918232;0.184576511;ZTF;ZTF(zr);ZTF
58219.4126736;20.8332901;0.178269386;ZTF;ZTF(zr);ZTF
58219.4556481;20.584734;0.159813523;ZTF;ZTF(zr);ZTF
58222.3760185;20.9022293;0.183388233;ZTF;ZTF(zr);ZTF
58222.3966667;20.5020084;0.153671026;ZTF;ZTF(zr);ZTF
58222.4179861;20.8426132;0.178961635;ZTF;ZTF(zr);ZTF
58222.4384375;20.6714287;0.166250825;ZTF;ZTF(zr);ZTF
58222.4787963;20.8325329;0.17821312;ZTF;ZTF(zr);ZTF
58226.3828356;20.7217636;0.169988275;ZTF;ZTF(zr);ZTF
58226.4054282;20.8857422;0.182164073;ZTF;ZTF(zr);ZTF
58226.4655556;20.7961121;0.175508857;ZTF;ZTF(zr);ZTF
58227.4026852;20.2129593;0.129799202;ZTF;ZTF(zr);ZTF
58229.3878472;20.734663;0.170946121;ZTF;ZTF(zr);ZTF
58230.3623611;21.6938896;0.241854668;ZTF;ZTF(zg);ZTF
58231.4091667;20.8675137;0.181323051;ZTF;ZTF(zg);ZTF
58243.3255671;21.0809364;0.196657538;ZTF;ZTF(zr);ZTF
58244.2565046;21.4875755;0.226742268;ZTF;ZTF(zg);ZTF
58244.326331;20.8522873;0.17967999;ZTF;ZTF(zr);ZTF
58246.4060301;20.5445938;0.156833053;ZTF;ZTF(zr);ZTF
58247.2841898;21.03619;0.193335056;ZTF;ZTF(zr);ZTF
58247.375081;21.7590752;0.246629477;ZTF;ZTF(zg);ZTF
58247.4053356;20.7315464;0.170714736;ZTF;ZTF(zr);ZTF
58252.3885069;20.8815308;0.181851268;ZTF;ZTF(zr);ZTF
58252.3894213;20.9099083;0.183958411;ZTF;ZTF(zr);ZTF
58254.3921412;20.3438263;0.175396562;ZTF;ZTF(zi);ZTF
58255.2819907;20.4645939;0.150641277;ZTF;ZTF(zr);ZTF
58255.3005903;20.9259644;0.185150623;ZTF;ZTF(zr);ZTF
58257.3245602;20.7954025;0.175456166;ZTF;ZTF(zr);ZTF
58257.3704977;20.7596569;0.172801971;ZTF;ZTF(zr);ZTF
58257.4046528;20.9470119;0.186713457;ZTF;ZTF(zr);ZTF
58258.4066319;20.7451496;0.171724796;ZTF;ZTF(zr);ZTF
58258.4076157;20.5637836;0.158257961;ZTF;ZTF(zr);ZTF
58261.2886458;20.00811;0.141984552;ZTF;ZTF(zi);ZTF
58266.3248495;20.7371445;0.1711303;ZTF;ZTF(zr);ZTF
58270.3579514;20.8442612;0.179083943;ZTF;ZTF(zr);ZTF
58272.3042361;20.830719;0.178078413;ZTF;ZTF(zr);ZTF
58272.3051505;20.9585419;0.187569499;ZTF;ZTF(zr);ZTF
58273.323206;20.9314651;0.185559034;ZTF;ZTF(zr);ZTF
58273.348588;21.0529518;0.19457972;ZTF;ZTF(zr);ZTF
58273.3720139;21.1278229;0.200139046;ZTF;ZTF(zr);ZTF
58274.2666782;21.9199867;0.258416176;ZTF;ZTF(zg);ZTF
58274.3233333;20.9351921;0.185835838;ZTF;ZTF(zr);ZTF
58275.3684722;21.0131645;0.191625357;ZTF;ZTF(zr);ZTF
58275.3874884;20.8708115;0.181055427;ZTF;ZTF(zr);ZTF
58276.2698032;21.7154293;0.243432403;ZTF;ZTF(zg);ZTF
58276.2893634;20.8960266;0.182927608;ZTF;ZTF(zr);ZTF
58276.3058796;20.8415794;0.178884864;ZTF;ZTF(zr);ZTF
58276.3492824;21.7983627;0.249507308;ZTF;ZTF(zg);ZTF
58277.2992824;20.8003235;0.21880126;ZTF;ZTF(zi);ZTF
58277.3231944;22.0292549;0.266420007;ZTF;ZTF(zg);ZTF
58277.4079051;20.8107033;0.176592231;ZTF;ZTF(zr);ZTF
58278.2653356;20.960022;0.18767941;ZTF;ZTF(zr);ZTF
58278.2849653;20.9444962;0.186526656;ZTF;ZTF(zr);ZTF
58278.3095486;21.1789989;0.203938961;ZTF;ZTF(zr);ZTF
58278.350625;21.9546528;0.260955453;ZTF;ZTF(zg);ZTF
58278.3653241;21.6766834;0.240594268;ZTF;ZTF(zg);ZTF
58278.3885648;21.6522217;0.238802552;ZTF;ZTF(zg);ZTF
58279.2673611;20.7853146;0.174707055;ZTF;ZTF(zr);ZTF
58279.2853819;20.9983444;0.190524936;ZTF;ZTF(zr);ZTF
58279.3464583;21.748045;0.245821476;ZTF;ZTF(zg);ZTF
58280.2468403;21.6034126;0.235227227;ZTF;ZTF(zg);ZTF
58280.3056597;21.169405;0.203226566;ZTF;ZTF(zr);ZTF
58280.3239468;20.9051285;0.183603525;ZTF;ZTF(zr);ZTF
58280.3417361;20.888195;0.182346106;ZTF;ZTF(zr);ZTF
58281.219213;21.0476723;0.194187641;ZTF;ZTF(zr);ZTF
58281.2661343;21.6363792;0.23764205;ZTF;ZTF(zg);ZTF
58281.3018519;20.6125412;0.201483965;ZTF;ZTF(zi);ZTF
58281.3285764;20.8865433;0.182223558;ZTF;ZTF(zr);ZTF
58281.344537;20.870018;0.180996418;ZTF;ZTF(zr);ZTF
58281.3459722;20.6804504;0.166920662;ZTF;ZTF(zr);ZTF
58282.2781829;21.449131;0.223926187;ZTF;ZTF(zg);ZTF
58282.3060648;21.0180016;0.191984534;ZTF;ZTF(zr);ZTF
58282.3225579;21.0512886;0.19445622;ZTF;ZTF(zr);ZTF
58282.3438657;21.0489807;0.194284797;ZTF;ZTF(zr);ZTF
58283.2828009;21.8251057;0.251466155;ZTF;ZTF(zg);ZTF
58283.3024653;21.9294033;0.259105921;ZTF;ZTF(zg);ZTF
58283.3286227;21.1061707;0.19853127;ZTF;ZTF(zr);ZTF
58283.3469097;20.722868;0.170070291;ZTF;ZTF(zr);ZTF
58283.366412;20.8185997;0.177178621;ZTF;ZTF(zr);ZTF
58284.2806019;20.5809174;0.159530163;ZTF;ZTF(zr);ZTF
58284.3022222;20.932785;0.185657024;ZTF;ZTF(zr);ZTF
58284.3036227;20.8416767;0.178892136;ZTF;ZTF(zr);ZTF
58284.318125;20.8633766;0.180503368;ZTF;ZTF(zr);ZTF
58285.3083102;20.986887;0.189674258;ZTF;ZTF(zr);ZTF
58285.3220139;20.8703194;0.181018829;ZTF;ZTF(zr);ZTF
58285.3899421;20.9150143;0.184337497;ZTF;ZTF(zr);ZTF
58286.2458449;21.7379723;0.24508369;ZTF;ZTF(zg);ZTF
58286.3055093;20.7229233;0.170074344;ZTF;ZTF(zr);ZTF
58286.3271065;20.8623924;0.180430293;ZTF;ZTF(zr);ZTF
58287.2654514;21.0121441;0.191549659;ZTF;ZTF(zr);ZTF
58287.2848843;21.0630913;0.195332527;ZTF;ZTF(zr);ZTF
58287.2857986;20.930481;0.185485959;ZTF;ZTF(zr);ZTF
58287.3052315;20.9495125;0.186899066;ZTF;ZTF(zr);ZTF
58288.2699537;20.7743721;0.173894525;ZTF;ZTF(zr);ZTF
58288.2834028;20.7998276;0.175784707;ZTF;ZTF(zr);ZTF
58288.3056597;20.8985157;0.183112502;ZTF;ZTF(zr);ZTF
58289.2389236;20.9823418;0.189336777;ZTF;ZTF(zr);ZTF
58289.2590972;20.9066982;0.183719993;ZTF;ZTF(zr);ZTF
58289.3524421;20.32337;0.173316896;ZTF;ZTF(zi);ZTF
58290.2635648;21.040741;0.193673015;ZTF;ZTF(zr);ZTF
58290.3296991;21.0542488;0.194675922;ZTF;ZTF(zr);ZTF
58290.3306134;20.7581329;0.172688842;ZTF;ZTF(zr);ZTF
58290.3471065;20.7602997;0.172849655;ZTF;ZTF(zr);ZTF
58291.2668866;21.3925781;0.219797611;ZTF;ZTF(zr);ZTF
58292.3002778;21.1673584;0.203074574;ZTF;ZTF(zr);ZTF
58292.3197454;20.9049473;0.183590055;ZTF;ZTF(zr);ZTF
58293.2488889;20.5679379;0.158566475;ZTF;ZTF(zr);ZTF
58293.2608218;20.79776;0.175631166;ZTF;ZTF(zr);ZTF
58294.2833449;20.5615463;0.158091784;ZTF;ZTF(zr);ZTF
58295.2653472;20.7941723;0.175364733;ZTF;ZTF(zr);ZTF
58295.2847454;20.5567741;0.157737494;ZTF;ZTF(zr);ZTF
58295.3201736;20.6259117;0.202716947;ZTF;ZTF(zi);ZTF
58296.2493287;20.9767551;0.188921928;ZTF;ZTF(zr);ZTF
58296.2844676;20.6254501;0.16283679;ZTF;ZTF(zr);ZTF
58297.2790394;20.1507931;0.124745041;ZTF;ZTF(zr);ZTF
58298.2888773;20.1716156;0.126429319;ZTF;ZTF(zr);ZTF
58300.03924064;16.094;0.435;NEOWISE;WISE(W1);NEOWISE
58301.3695949;20.8073235;0.176341295;ZTF;ZTF(zr);ZTF
58303.3078356;20.7003384;0.168397427;ZTF;ZTF(zr);ZTF
58303.3477199;20.5619373;0.158120871;ZTF;ZTF(zr);ZTF
58304.2035532;21.4599152;0.224716187;ZTF;ZTF(zg);ZTF
58304.3027315;21.187582;0.204767823;ZTF;ZTF(zg);ZTF
58304.3264583;21.0897846;0.19731462;ZTF;ZTF(zr);ZTF
58305.1871644;20.8282547;0.177895427;ZTF;ZTF(zr);ZTF
58306.1987384;20.8609314;0.180321813;ZTF;ZTF(zr);ZTF
58306.3217477;21.5119362;0.228526711;ZTF;ZTF(zg);ZTF
58307.1839583;20.7865944;0.174802065;ZTF;ZTF(zr);ZTF
58307.2022106;21.0254822;0.19254005;ZTF;ZTF(zr);ZTF
58307.3690741;20.8785324;0.181628704;ZTF;ZTF(zr);ZTF
58308.1990972;21.57374;0.233053803;ZTF;ZTF(zg);ZTF
58308.2000116;21.5785389;0.233405232;ZTF;ZTF(zg);ZTF
58308.2463657;20.7900753;0.175060511;ZTF;ZTF(zr);ZTF
58311.1840856;21.0211601;0.192219019;ZTF;ZTF(zr);ZTF
58311.2180208;20.7344723;0.170931935;ZTF;ZTF(zr);ZTF
58311.2189352;20.5825634;0.159652352;ZTF;ZTF(zr);ZTF
58312.2232986;21.2060738;0.205949306;ZTF;ZTF(zr);ZTF
58313.2219444;20.8798981;0.181730032;ZTF;ZTF(zr);ZTF
58314.18125;20.7214699;0.169966459;ZTF;ZTF(zr);ZTF
58314.2020949;20.9875774;0.189725518;ZTF;ZTF(zr);ZTF
58314.2167245;21.0170441;0.191913486;ZTF;ZTF(zr);ZTF
58314.2381713;21.2958241;0.212696552;ZTF;ZTF(zg);ZTF
58315.3218171;20.8199368;0.177277803;ZTF;ZTF(zr);ZTF
58315.3479514;20.8073959;0.17634666;ZTF;ZTF(zr);ZTF
58316.2408449;20.9432335;0.186432838;ZTF;ZTF(zr);ZTF
58320.2652199;20.4921303;0.152901053;ZTF;ZTF(zr);ZTF
58321.2287731;20.8483219;0.179385543;ZTF;ZTF(zr);ZTF
58321.2443056;20.7887249;0.174960256;ZTF;ZTF(zr);ZTF
58321.278044;20.9283333;0.185326457;ZTF;ZTF(zr);ZTF
58322.2631713;20.8523216;0.179682493;ZTF;ZTF(zr);ZTF
58323.2425231;20.8421364;0.178926229;ZTF;ZTF(zr);ZTF
58325.2256366;20.6019726;0.161093593;ZTF;ZTF(zr);ZTF
58325.2628241;20.4121284;0.146302089;ZTF;ZTF(zr);ZTF
58331.1785648;21.1296177;0.200272202;ZTF;ZTF(zr);ZTF
58331.1981366;21.0938587;0.197617054;ZTF;ZTF(zr);ZTF
58331.1999884;21.0143681;0.191714764;ZTF;ZTF(zr);ZTF
58331.2177083;20.8633614;0.180502176;ZTF;ZTF(zr);ZTF
58332.1870949;21.5500526;0.231318712;ZTF;ZTF(zg);ZTF
58332.219838;21.5642014;0.232355118;ZTF;ZTF(zg);ZTF
58332.2598727;20.4460411;0.149110973;ZTF;ZTF(zr);ZTF
58332.2788657;20.7451363;0.171723723;ZTF;ZTF(zr);ZTF
58334.1655093;20.848587;0.179405212;ZTF;ZTF(zr);ZTF
58334.1859491;21.8840275;0.255782127;ZTF;ZTF(zg);ZTF
58338.1624884;20.3278732;0.173774838;ZTF;ZTF(zi);ZTF
58343.1590972;20.8165283;0.177024722;ZTF;ZTF(zr);ZTF
58346.1768866;21.0351944;0.193261147;ZTF;ZTF(zr);ZTF
58349.2421875;20.8978195;0.183060765;ZTF;ZTF(zr);ZTF
58349.267662;20.7495689;0.17205286;ZTF;ZTF(zr);ZTF
58350.1636458;20.887661;0.182306528;ZTF;ZTF(zr);ZTF
58351.201331;20.8422508;0.178934693;ZTF;ZTF(zr);ZTF
58352.2204167;20.7739429;0.173862696;ZTF;ZTF(zr);ZTF
58352.2425;20.579567;0.159429908;ZTF;ZTF(zr);ZTF
58353.241331;20.611824;0.161825061;ZTF;ZTF(zr);ZTF
58354.1608681;20.8643532;0.180575848;ZTF;ZTF(zr);ZTF
58356.2605324;20.5132484;0.15450561;ZTF;ZTF(zr);ZTF
58358.2425694;20.3564072;0.141669214;ZTF;ZTF(zr);ZTF
58360.154213;21.3148766;0.214092135;ZTF;ZTF(zg);ZTF
58361.2869907;20.764246;0.173142672;ZTF;ZTF(zr);ZTF
58362.1581829;20.6916161;0.167749763;ZTF;ZTF(zr);ZTF
58364.1435069;20.8912392;0.182572246;ZTF;ZTF(zr);ZTF
58364.1538426;21.0496483;0.194334388;ZTF;ZTF(zr);ZTF
58364.1755324;20.8294983;0.177987814;ZTF;ZTF(zr);ZTF
58365.1366898;20.9887314;0.18981123;ZTF;ZTF(zr);ZTF
58365.1569907;20.8754311;0.181398392;ZTF;ZTF(zr);ZTF
58365.1810417;20.9187908;0.184617996;ZTF;ZTF(zr);ZTF
58365.234375;21.375803;0.218554974;ZTF;ZTF(zg);ZTF
58366.2049306;21.227169;0.207667589;ZTF;ZTF(zg);ZTF
58366.2385417;21.5347328;0.230196476;ZTF;ZTF(zg);ZTF
58367.1593866;20.796772;0.175557852;ZTF;ZTF(zr);ZTF
58367.1781944;20.9035072;0.183483124;ZTF;ZTF(zr);ZTF
58367.2043634;20.8143291;0.176861525;ZTF;ZTF(zr);ZTF
58368.1376273;21.0610008;0.195177317;ZTF;ZTF(zr);ZTF
58368.1577199;20.8513336;0.179609179;ZTF;ZTF(zr);ZTF
58369.1350694;20.8189468;0.17720437;ZTF;ZTF(zr);ZTF
58369.1580208;20.7560616;0.172534943;ZTF;ZTF(zr);ZTF
58369.180162;20.5199089;0.15500021;ZTF;ZTF(zr);ZTF
58369.2569213;21.014986;0.19212532;ZTF;ZTF(zg);ZTF
58370.1784954;21.4657097;0.225140572;ZTF;ZTF(zg);ZTF
58370.2191319;21.1263599;0.200283408;ZTF;ZTF(zg);ZTF
58371.1388079;21.0195599;0.192100286;ZTF;ZTF(zr);ZTF
58371.159456;21.0213604;0.19223392;ZTF;ZTF(zr);ZTF
58371.1603704;20.8267956;0.177787066;ZTF;ZTF(zr);ZTF
58371.180544;20.8681011;0.180854082;ZTF;ZTF(zr);ZTF
58372.1430093;20.8834629;0.181994796;ZTF;ZTF(zr);ZTF
58372.1553704;20.5419273;0.156635046;ZTF;ZTF(zr);ZTF
58372.1815278;20.7204628;0.169891715;ZTF;ZTF(zr);ZTF
58373.1599074;20.8284607;0.177910805;ZTF;ZTF(zr);ZTF
58373.1822454;20.6772575;0.166683674;ZTF;ZTF(zr);ZTF
58374.1339931;20.4772644;0.151682839;ZTF;ZTF(zr);ZTF
58374.1589005;20.7887402;0.174961448;ZTF;ZTF(zr);ZTF
58374.1598032;20.6697674;0.166127443;ZTF;ZTF(zr);ZTF
58375.1767014;20.940279;0.186213493;ZTF;ZTF(zr);ZTF
58375.1999306;20.9330482;0.185676575;ZTF;ZTF(zr);ZTF
58376.1640278;20.8243141;0.177602887;ZTF;ZTF(zr);ZTF
58376.1752778;20.7939739;0.17535007;ZTF;ZTF(zr);ZTF
58376.1960648;20.6133671;0.161939621;ZTF;ZTF(zr);ZTF
58376.2263773;21.1643524;0.203066349;ZTF;ZTF(zg);ZTF
58379.1390278;20.2722588;0.168123469;ZTF;ZTF(zi);ZTF
58379.2185417;20.6069221;0.161461115;ZTF;ZTF(zr);ZTF
58381.1404745;20.4560432;0.149936765;ZTF;ZTF(zr);ZTF
58383.1593403;20.4036999;0.145602316;ZTF;ZTF(zr);ZTF
58387.1550926;20.5477085;0.157064319;ZTF;ZTF(zr);ZTF
58389.1165625;20.7969704;0.175572515;ZTF;ZTF(zr);ZTF
58389.13375;21.5094662;0.228345752;ZTF;ZTF(zg);ZTF
58390.2172569;20.5043621;0.153845787;ZTF;ZTF(zr);ZTF
58476.5311574;20.3486004;0.141019672;ZTF;ZTF(zr);ZTF
58487.5528819;20.742794;0.171549797;ZTF;ZTF(zr);ZTF
58503.55120744;15.756;0.323;NEOWISE;WISE(W1);NEOWISE
58511.5492361;20.8966656;0.182975054;ZTF;ZTF(zr);ZTF
58538.4981829;20.1810417;0.127194822;ZTF;ZTF(zr);ZTF
58540.5402431;21.0177631;0.191966891;ZTF;ZTF(zr);ZTF
58541.5125926;20.9685917;0.188315749;ZTF;ZTF(zr);ZTF
58541.5366898;20.8544426;0.179839969;ZTF;ZTF(zr);ZTF
58547.5347106;20.9665318;0.188162804;ZTF;ZTF(zr);ZTF
58547.5356134;21.0310555;0.192953825;ZTF;ZTF(zr);ZTF
58547.5451505;20.3679886;0.177850842;ZTF;ZTF(zi);ZTF
58556.4705556;21.1800804;0.204218388;ZTF;ZTF(zg);ZTF
58556.5157407;20.5678902;0.158562899;ZTF;ZTF(zr);ZTF
58558.3696181;20.4118423;0.146278366;ZTF;ZTF(zr);ZTF
58560.410162;20.9281349;0.185311794;ZTF;ZTF(zr);ZTF
58560.4294676;20.7436256;0.171611547;ZTF;ZTF(zr);ZTF
58560.4703588;20.562973;0.158197761;ZTF;ZTF(zr);ZTF
58561.3583912;20.4252758;0.14739266;ZTF;ZTF(zr);ZTF
58567.5309491;20.7056389;0.168791056;ZTF;ZTF(zr);ZTF
58568.4723032;20.194521;0.16027014;ZTF;ZTF(zi);ZTF
58568.4973958;21.166029;0.202975869;ZTF;ZTF(zr);ZTF
58569.3845949;20.8704987;0.181032181;ZTF;ZTF(zr);ZTF
58572.4265278;21.1566734;0.202281237;ZTF;ZTF(zr);ZTF
58573.4249537;20.5778122;0.159299612;ZTF;ZTF(zr);ZTF
58573.4528819;20.9327106;0.185651541;ZTF;ZTF(zr);ZTF
58574.4080208;21.4245605;0.222126484;ZTF;ZTF(zg);ZTF
58574.4297338;20.7721291;0.173727989;ZTF;ZTF(zr);ZTF
58574.4510648;20.8418312;0.17890358;ZTF;ZTF(zr);ZTF
58575.4295949;20.8095684;0.17650795;ZTF;ZTF(zr);ZTF
58575.4480208;21.1046467;0.19841814;ZTF;ZTF(zr);ZTF
58580.4270023;21.4530182;0.224210978;ZTF;ZTF(zg);ZTF
58580.4944907;20.9400787;0.186198592;ZTF;ZTF(zr);ZTF
58580.5076505;20.5724163;0.15889895;ZTF;ZTF(zr);ZTF
58582.4116435;20.9569931;0.187454581;ZTF;ZTF(zr);ZTF
58582.456169;20.7376556;0.171168327;ZTF;ZTF(zr);ZTF
58584.3753704;20.8480835;0.179367781;ZTF;ZTF(zr);ZTF
58584.3808102;20.8527889;0.179717183;ZTF;ZTF(zr);ZTF
58584.4068171;20.9505424;0.186975598;ZTF;ZTF(zr);ZTF
58584.4660995;21.216732;0.2069031;ZTF;ZTF(zg);ZTF
58585.4132407;20.9539089;0.18722558;ZTF;ZTF(zr);ZTF
58585.4357407;21.1994896;0.205460429;ZTF;ZTF(zr);ZTF
58586.3899769;20.690094;0.167636752;ZTF;ZTF(zr);ZTF
58586.4288773;21.8183975;0.250974774;ZTF;ZTF(zg);ZTF
58586.4928356;20.8617573;0.180383086;ZTF;ZTF(zr);ZTF
58586.5145602;20.4844398;0.189553946;ZTF;ZTF(zi);ZTF
58588.3883681;20.8375969;0.178589106;ZTF;ZTF(zr);ZTF
58588.4576852;20.6887951;0.167540312;ZTF;ZTF(zr);ZTF
58593.3817708;20.5494766;0.157195687;ZTF;ZTF(zr);ZTF
58596.3227778;20.7226219;0.170052052;ZTF;ZTF(zr);ZTF
58596.3836227;20.4109287;0.182197839;ZTF;ZTF(zi);ZTF
58596.4007986;20.7964706;0.17553544;ZTF;ZTF(zr);ZTF
58597.3738426;20.8480949;0.179368615;ZTF;ZTF(zr);ZTF
58597.410081;20.8272438;0.177820444;ZTF;ZTF(zr);ZTF
58598.2810069;21.8634491;0.254274845;ZTF;ZTF(zg);ZTF
58598.3529977;20.8445091;0.179102421;ZTF;ZTF(zr);ZTF
58598.3666204;20.9194202;0.184664726;ZTF;ZTF(zr);ZTF
58598.3870833;20.8001251;0.175806761;ZTF;ZTF(zr);ZTF
58599.2572801;21.7530022;0.246184587;ZTF;ZTF(zg);ZTF
58605.4115394;20.8018093;0.175931811;ZTF;ZTF(zr);ZTF
58605.4373727;20.5940533;0.160505533;ZTF;ZTF(zr);ZTF
58605.473044;20.7180576;0.211214662;ZTF;ZTF(zi);ZTF
58607.3471412;20.962635;0.187873483;ZTF;ZTF(zr);ZTF
58607.3715972;20.8660469;0.180701613;ZTF;ZTF(zr);ZTF
58607.3942708;20.8115845;0.176657677;ZTF;ZTF(zr);ZTF
58608.3934375;20.8743896;0.181321025;ZTF;ZTF(zr);ZTF
58612.3523611;20.9185276;0.184598446;ZTF;ZTF(zr);ZTF
58612.3892824;21.9784889;0.262701392;ZTF;ZTF(zg);ZTF
58612.4300231;20.9668922;0.188189626;ZTF;ZTF(zr);ZTF
58612.4309259;20.784483;0.174645305;ZTF;ZTF(zr);ZTF
58612.4535301;20.9948883;0.190268397;ZTF;ZTF(zr);ZTF
58616.2400926;20.8722401;0.181669235;ZTF;ZTF(zg);ZTF
58616.3505903;20.7313061;0.212436438;ZTF;ZTF(zi);ZTF
58616.3704977;20.9949341;0.190271735;ZTF;ZTF(zr);ZTF
58616.371412;21.0247002;0.192481875;ZTF;ZTF(zr);ZTF
58616.3862269;20.9967766;0.190408587;ZTF;ZTF(zr);ZTF
58617.3429398;20.6644897;0.165735602;ZTF;ZTF(zr);ZTF
58617.3665741;20.8360195;0.178472042;ZTF;ZTF(zr);ZTF
58617.43;21.3637848;0.217674613;ZTF;ZTF(zg);ZTF
58627.3702315;20.7191849;0.169796824;ZTF;ZTF(zr);ZTF
58627.3711458;21.0212078;0.192222595;ZTF;ZTF(zr);ZTF
58627.3908449;21.0080299;0.191244125;ZTF;ZTF(zr);ZTF
58627.440625;20.7371063;0.21297133;ZTF;ZTF(zi);ZTF
58628.3911921;20.6697502;0.166126251;ZTF;ZTF(zr);ZTF
58632.2959606;20.8808174;0.181798339;ZTF;ZTF(zr);ZTF
58633.277037;20.4882622;0.189932019;ZTF;ZTF(zi);ZTF
58635.2772801;20.9128799;0.184179068;ZTF;ZTF(zr);ZTF
58637.2471875;21.7700958;0.247436762;ZTF;ZTF(zg);ZTF
58637.2802431;20.4437447;0.185498908;ZTF;ZTF(zi);ZTF
58637.3052431;20.7871056;0.174840093;ZTF;ZTF(zr);ZTF
58637.3252083;20.8357563;0.178452492;ZTF;ZTF(zr);ZTF
58637.3412153;21.0028419;0.19085896;ZTF;ZTF(zr);ZTF
58637.4468634;21.6465969;0.238390446;ZTF;ZTF(zg);ZTF
58638.2588657;21.0675259;0.195661783;ZTF;ZTF(zr);ZTF
58638.2765972;20.7907486;0.175110579;ZTF;ZTF(zr);ZTF
58638.2775;20.9566746;0.187430859;ZTF;ZTF(zr);ZTF
58638.3026736;20.9940434;0.190205574;ZTF;ZTF(zr);ZTF
58638.3324306;21.5863075;0.233974338;ZTF;ZTF(zg);ZTF
58638.3390856;21.7714119;0.247533083;ZTF;ZTF(zg);ZTF
58639.2477894;21.7360916;0.244945884;ZTF;ZTF(zg);ZTF
58639.2658102;21.5677128;0.232612252;ZTF;ZTF(zg);ZTF
58639.2860764;21.0496902;0.194337487;ZTF;ZTF(zr);ZTF
58639.3067245;21.1685467;0.203162789;ZTF;ZTF(zr);ZTF
58639.3239352;21.0203972;0.192162395;ZTF;ZTF(zr);ZTF
58639.4267014;21.7650185;0.247064829;ZTF;ZTF(zg);ZTF
58640.2428704;20.8060799;0.176248908;ZTF;ZTF(zr);ZTF
58640.2648495;20.6858559;0.16732204;ZTF;ZTF(zr);ZTF
58640.2893287;20.9468498;0.186701417;ZTF;ZTF(zr);ZTF
58641.2051389;21.5101681;0.228397131;ZTF;ZTF(zg);ZTF
58641.2409144;21.9809589;0.262882352;ZTF;ZTF(zg);ZTF
58641.2623958;20.7206707;0.211455584;ZTF;ZTF(zi);ZTF
58641.2908565;20.8516788;0.179634809;ZTF;ZTF(zr);ZTF
58641.3007523;20.9591427;0.187614202;ZTF;ZTF(zr);ZTF
58641.3016551;21.1318111;0.200435162;ZTF;ZTF(zr);ZTF
58641.322338;21.0061798;0.191106796;ZTF;ZTF(zr);ZTF
58642.2403472;21.1273098;0.200100899;ZTF;ZTF(zr);ZTF
58642.2633796;20.8089676;0.176463366;ZTF;ZTF(zr);ZTF
58642.2889352;20.8738079;0.181277871;ZTF;ZTF(zr);ZTF
58642.3936574;21.5542831;0.231628537;ZTF;ZTF(zg);ZTF
58642.4108796;21.5773029;0.233314753;ZTF;ZTF(zg);ZTF
58643.2894907;20.9150333;0.184338927;ZTF;ZTF(zr);ZTF
58643.3110764;20.8468971;0.179279685;ZTF;ZTF(zr);ZTF
58643.3253704;21.8118935;0.250498414;ZTF;ZTF(zg);ZTF
58644.2255903;21.4652328;0.225105643;ZTF;ZTF(zg);ZTF
58644.2706713;20.8017445;0.175927043;ZTF;ZTF(zr);ZTF
58644.2883218;20.9435577;0.186456919;ZTF;ZTF(zr);ZTF
58644.308206;21.1260529;0.200007558;ZTF;ZTF(zr);ZTF
58645.2604861;20.4264336;0.183760315;ZTF;ZTF(zi);ZTF
58645.2846875;20.492363;0.152919963;ZTF;ZTF(zr);ZTF
58645.3007292;20.8884697;0.18236649;ZTF;ZTF(zr);ZTF
58646.2376968;20.9613609;0.187778831;ZTF;ZTF(zr);ZTF
58646.2880093;20.4580917;0.15010564;ZTF;ZTF(zr);ZTF
58646.4157292;21.5894165;0.234202027;ZTF;ZTF(zg);ZTF
58647.249456;20.5710697;0.158798933;ZTF;ZTF(zr);ZTF
58647.2621644;20.6093102;0.161638379;ZTF;ZTF(zr);ZTF
58647.2630671;20.8695393;0.180960894;ZTF;ZTF(zr);ZTF
58648.2218866;20.6459484;0.164358854;ZTF;ZTF(zr);ZTF
58650.268831;20.7787495;0.174219608;ZTF;ZTF(zr);ZTF
58651.2797801;20.3555641;0.141599163;ZTF;ZTF(zr);ZTF
58653.1988889;20.9227448;0.184911489;ZTF;ZTF(zr);ZTF
58653.2190162;20.5066471;0.154015422;ZTF;ZTF(zr);ZTF
58655.1859838;20.6320438;0.163326383;ZTF;ZTF(zr);ZTF
58655.2011574;20.9976406;0.190472722;ZTF;ZTF(zr);ZTF
58657.1807292;20.6137524;0.201595664;ZTF;ZTF(zi);ZTF
58657.2651157;20.9504108;0.186965823;ZTF;ZTF(zr);ZTF
58657.3521065;20.5043678;0.153846264;ZTF;ZTF(zr);ZTF
58657.368044;20.8496742;0.179485917;ZTF;ZTF(zr);ZTF
58658.2229861;21.7413559;0.245331526;ZTF;ZTF(zg);ZTF
58658.2440278;20.9952908;0.1902982;ZTF;ZTF(zr);ZTF
58660.2455093;20.7539406;0.172377467;ZTF;ZTF(zr);ZTF
58660.246412;20.785841;0.174746156;ZTF;ZTF(zr);ZTF
58661.1809954;20.3300114;0.173992276;ZTF;ZTF(zi);ZTF
58662.2219792;21.879324;0.255437613;ZTF;ZTF(zg);ZTF
58663.2077546;20.9861298;0.189617991;ZTF;ZTF(zr);ZTF
58663.36599133;16.241;0.374;NEOWISE;WISE(W1);NEOWISE
58663.88922253;16.561;0.455;NEOWISE;WISE(W1);NEOWISE
58664.6742595;15.247;0.244;NEOWISE;WISE(W1);NEOWISE
58666.2678241;20.7505989;0.172129393;ZTF;ZTF(zr);ZTF
58667.3517708;21.4887886;0.226831079;ZTF;ZTF(zg);ZTF
58668.3252199;20.7890797;0.174986601;ZTF;ZTF(zr);ZTF
58669.2063657;21.4338665;0.222808123;ZTF;ZTF(zg);ZTF
58669.3234838;21.3697052;0.218099236;ZTF;ZTF(zr);ZTF
58669.4108333;20.6289368;0.163095713;ZTF;ZTF(zr);ZTF
58670.2895602;21.7464409;0.245704055;ZTF;ZTF(zg);ZTF
58670.3032639;20.8216953;0.177408457;ZTF;ZTF(zr);ZTF
58671.1957292;20.8583183;0.18012774;ZTF;ZTF(zr);ZTF
58672.2171528;21.1213608;0.199659228;ZTF;ZTF(zr);ZTF
58672.3063889;21.3515282;0.216776848;ZTF;ZTF(zg);ZTF
58672.328287;21.9822006;0.262973309;ZTF;ZTF(zg);ZTF
58674.2133333;20.9866924;0.189659834;ZTF;ZTF(zr);ZTF
58676.2549884;20.6334076;0.163427711;ZTF;ZTF(zr);ZTF
58678.2001042;20.9626522;0.187874794;ZTF;ZTF(zr);ZTF
58679.2580903;20.5098019;0.19200933;ZTF;ZTF(zi);ZTF
58681.2818171;20.3893394;0.144408911;ZTF;ZTF(zr);ZTF
58684.1803472;20.7988262;0.17571032;ZTF;ZTF(zr);ZTF
58685.1973264;21.9108925;0.257750034;ZTF;ZTF(zg);ZTF
58685.3261343;20.992569;0.19009614;ZTF;ZTF(zr);ZTF
58691.1802894;20.7273865;0.170405746;ZTF;ZTF(zr);ZTF
58698.1623727;20.5038624;0.153808713;ZTF;ZTF(zr);ZTF
58700.1828819;21.0457745;0.194046736;ZTF;ZTF(zr);ZTF
58700.1837963;20.8735275;0.18125701;ZTF;ZTF(zr);ZTF
58704.1844329;20.9014626;0.183331251;ZTF;ZTF(zr);ZTF
58704.1862963;20.5382481;0.156361938;ZTF;ZTF(zr);ZTF
58707.1805093;20.6278114;0.163012147;ZTF;ZTF(zr);ZTF
58709.2659259;20.8439522;0.179061055;ZTF;ZTF(zr);ZTF
58714.179456;20.5668201;0.158483386;ZTF;ZTF(zr);ZTF
58715.2636458;20.6454315;0.164320469;ZTF;ZTF(zr);ZTF
58719.1515278;19.9427433;0.135838062;ZTF;ZTF(zi);ZTF
58720.2850231;20.7553749;0.17248404;ZTF;ZTF(zr);ZTF
58722.2900231;21.4712505;0.225546479;ZTF;ZTF(zg);ZTF
58725.220081;20.3363113;0.174632683;ZTF;ZTF(zi);ZTF
58725.2625463;20.955864;0.187370658;ZTF;ZTF(zr);ZTF
58726.2639931;20.9498367;0.186923146;ZTF;ZTF(zr);ZTF
58727.1401389;20.7879066;0.174899578;ZTF;ZTF(zr);ZTF
58727.1589931;21.6724625;0.240285158;ZTF;ZTF(zg);ZTF
58727.1730324;21.7726421;0.247623205;ZTF;ZTF(zg);ZTF
58728.219375;20.6590233;0.165329695;ZTF;ZTF(zr);ZTF
58732.2231019;20.6177788;0.162267208;ZTF;ZTF(zr);ZTF
58732.2628935;20.5066719;0.154017329;ZTF;ZTF(zr);ZTF
58733.2624884;20.3176613;0.138446674;ZTF;ZTF(zr);ZTF
58745.1379282;21.5082893;0.228259563;ZTF;ZTF(zg);ZTF
58761.1149769;20.9093933;0.183920145;ZTF;ZTF(zr);ZTF
58764.1192593;20.929287;0.185397267;ZTF;ZTF(zr);ZTF
58775.0994792;20.951973;0.187081814;ZTF;ZTF(zr);ZTF
58775.1195139;20.6662827;0.166582942;ZTF;ZTF(zg);ZTF
58856.5241319;21.0428829;0.19383204;ZTF;ZTF(zr);ZTF
58864.5157639;20.9221401;0.184866667;ZTF;ZTF(zr);ZTF
58871.5326042;20.5430241;0.156716585;ZTF;ZTF(zr);ZTF
58873.5304977;21.4167061;0.221589088;ZTF;ZTF(zr);ZTF
58876.5546181;21.1717911;0.203403711;ZTF;ZTF(zr);ZTF
58886.5543056;21.0706673;0.195895076;ZTF;ZTF(zr);ZTF
58893.5440394;20.7388592;0.171257615;ZTF;ZTF(zr);ZTF
58898.5350579;20.9524918;0.187120318;ZTF;ZTF(zr);ZTF
58899.5084954;20.7556152;0.172501802;ZTF;ZTF(zr);ZTF
58899.5371296;21.9472542;0.260413527;ZTF;ZTF(zg);ZTF
58903.5173032;21.0823917;0.196765661;ZTF;ZTF(zr);ZTF
58903.5354051;21.4658947;0.225154161;ZTF;ZTF(zg);ZTF
58904.5279282;20.9899902;0.18990469;ZTF;ZTF(zr);ZTF
58908.5385069;21.6389389;0.237829566;ZTF;ZTF(zg);ZTF
58912.4958681;20.9851933;0.189548492;ZTF;ZTF(zr);ZTF
58912.5368171;21.9892979;0.26349318;ZTF;ZTF(zg);ZTF
58936.5164699;20.9403648;0.186219811;ZTF;ZTF(zr);ZTF
58941.4329282;20.8577461;0.180085301;ZTF;ZTF(zr);ZTF
58944.5079167;20.8220215;0.177432656;ZTF;ZTF(zr);ZTF
58953.4449769;20.7398834;0.171333671;ZTF;ZTF(zr);ZTF
58953.4718403;20.6789417;0.207607388;ZTF;ZTF(zi);ZTF
58954.5080324;20.7552414;0.172474027;ZTF;ZTF(zr);ZTF
58962.4056597;20.5999069;0.200318813;ZTF;ZTF(zi);ZTF
58962.4780324;20.854496;0.179843903;ZTF;ZTF(zr);ZTF
58963.3888426;21.9868927;0.263316989;ZTF;ZTF(zg);ZTF
58964.4340162;21.1269989;0.200077772;ZTF;ZTF(zr);ZTF
58966.3889699;20.8893661;0.182433128;ZTF;ZTF(zr);ZTF
58966.4062384;21.789259;0.248840451;ZTF;ZTF(zg);ZTF
58967.3948727;20.8395004;0.178730488;ZTF;ZTF(zr);ZTF
58967.4268171;21.739357;0.245185137;ZTF;ZTF(zg);ZTF
58968.4014005;20.9040794;0.183525562;ZTF;ZTF(zr);ZTF
58968.4443866;21.6609688;0.239443183;ZTF;ZTF(zg);ZTF
58970.3410185;20.4686241;0.187983945;ZTF;ZTF(zi);ZTF
58970.4017708;20.9594269;0.187635303;ZTF;ZTF(zr);ZTF
58970.4026968;20.7577362;0.172659278;ZTF;ZTF(zr);ZTF
58970.4502199;21.5335941;0.230113149;ZTF;ZTF(zg);ZTF
58971.3912037;20.8444328;0.179096699;ZTF;ZTF(zr);ZTF
58972.3902662;21.13974;0.201023817;ZTF;ZTF(zr);ZTF
58973.3419444;20.7654648;0.173233151;ZTF;ZTF(zr);ZTF
58974.3091319;20.8680019;0.18084681;ZTF;ZTF(zr);ZTF
58979.322963;20.8572845;0.180050969;ZTF;ZTF(zr);ZTF
58984.4337616;21.811697;0.25048399;ZTF;ZTF(zg);ZTF
58984.467662;20.8396664;0.178742766;ZTF;ZTF(zr);ZTF
58985.3062731;21.448576;0.223885536;ZTF;ZTF(zg);ZTF
58985.3477778;20.6218224;0.202339888;ZTF;ZTF(zi);ZTF
58985.3889468;21.0271854;0.192666411;ZTF;ZTF(zr);ZTF
58985.3898843;21.0148582;0.191751122;ZTF;ZTF(zr);ZTF
58986.3911343;21.5243301;0.22943449;ZTF;ZTF(zg);ZTF
58987.3489583;20.7473431;0.171887636;ZTF;ZTF(zr);ZTF
58991.2792014;21.2974205;0.212731957;ZTF;ZTF(zr);ZTF
58991.281169;20.7272587;0.170396328;ZTF;ZTF(zr);ZTF
58991.3295833;22.0202866;0.265763044;ZTF;ZTF(zg);ZTF
58991.3394097;20.7168808;0.211106181;ZTF;ZTF(zi);ZTF
58992.2747454;20.9852829;0.189555168;ZTF;ZTF(zr);ZTF
58992.2827431;21.0336571;0.193146944;ZTF;ZTF(zr);ZTF
58994.3196644;20.866785;0.18075645;ZTF;ZTF(zr);ZTF
58994.3206019;21.0316963;0.19300139;ZTF;ZTF(zr);ZTF
58995.2827083;20.8808861;0.181803465;ZTF;ZTF(zr);ZTF
58995.2841204;20.6226578;0.162629485;ZTF;ZTF(zr);ZTF
58995.3281366;21.5001392;0.227662563;ZTF;ZTF(zg);ZTF
58995.3720139;20.7631512;0.215373158;ZTF;ZTF(zi);ZTF
58996.2969907;21.0080109;0.191242695;ZTF;ZTF(zr);ZTF
58996.3199769;21.7555504;0.246371269;ZTF;ZTF(zg);ZTF
58997.3095139;20.9739017;0.188710093;ZTF;ZTF(zr);ZTF
58997.310463;20.7682762;0.173441887;ZTF;ZTF(zr);ZTF
58997.3944676;21.727417;0.244310498;ZTF;ZTF(zg);ZTF
58998.3160648;20.8807774;0.181795359;ZTF;ZTF(zr);ZTF
58998.3170255;20.9432278;0.186432481;ZTF;ZTF(zr);ZTF
58998.3449306;21.6214447;0.236548066;ZTF;ZTF(zg);ZTF
58998.3458681;21.7145004;0.243364453;ZTF;ZTF(zg);ZTF
58999.3672106;20.5279217;0.193680286;ZTF;ZTF(zi);ZTF
59001.2702778;20.4748287;0.151482984;ZTF;ZTF(zr);ZTF
59008.3296875;20.4366722;0.148336411;ZTF;ZTF(zr);ZTF
59008.3672917;20.2100983;0.161836833;ZTF;ZTF(zi);ZTF
59011.263588;20.9770107;0.188940883;ZTF;ZTF(zr);ZTF
59012.3472801;20.3669891;0.177749455;ZTF;ZTF(zi);ZTF
59014.2686458;20.7985783;0.175691962;ZTF;ZTF(zr);ZTF
59017.262338;20.8366985;0.178522468;ZTF;ZTF(zr);ZTF
59017.306794;21.8223476;0.251264095;ZTF;ZTF(zg);ZTF
59020.2247917;21.7959366;0.249329567;ZTF;ZTF(zg);ZTF
59020.2845833;20.9548759;0.187297344;ZTF;ZTF(zr);ZTF
59020.3202083;20.7100468;0.210475922;ZTF;ZTF(zi);ZTF
59023.2012384;20.8273201;0.177826047;ZTF;ZTF(zr);ZTF
59031.2292245;20.8211784;0.177370071;ZTF;ZTF(zr);ZTF
59031.54175277;16.722;0.417;NEOWISE;WISE(W1);NEOWISE
59031.54175277;13.54;0.246;NEOWISE;WISE(W2);NEOWISE
59032.2364815;20.6447029;0.164266348;ZTF;ZTF(zr);ZTF
59035.322662;20.3275261;0.139266759;ZTF;ZTF(zr);ZTF
59038.2178588;20.7610512;0.172905445;ZTF;ZTF(zr);ZTF
59040.241713;21.9826431;0.263005733;ZTF;ZTF(zg);ZTF
59040.28375;20.6259956;0.162877321;ZTF;ZTF(zr);ZTF
59041.2162153;21.884491;0.255816102;ZTF;ZTF(zg);ZTF
59041.262037;20.9057007;0.183645964;ZTF;ZTF(zr);ZTF
59042.2399537;20.8498764;0.179500937;ZTF;ZTF(zr);ZTF
59042.3032176;21.4832325;0.226424098;ZTF;ZTF(zg);ZTF
59043.2251505;21.8669758;0.254533172;ZTF;ZTF(zg);ZTF
59043.2581713;20.8667488;0.180753708;ZTF;ZTF(zr);ZTF
59044.2365972;20.8261299;0.177737713;ZTF;ZTF(zr);ZTF
59044.2640162;20.8248787;0.22106576;ZTF;ZTF(zi);ZTF
59045.2159491;20.9101906;0.183979392;ZTF;ZTF(zr);ZTF
59046.2075;20.907135;0.183752537;ZTF;ZTF(zr);ZTF
59048.2007639;20.8693962;0.180950284;ZTF;ZTF(zr);ZTF
59048.2021759;21.121212;0.199648142;ZTF;ZTF(zr);ZTF
59048.2807523;21.5024033;0.227828383;ZTF;ZTF(zg);ZTF
59048.2840741;21.3838234;0.219142437;ZTF;ZTF(zg);ZTF
59048.2990046;20.7112694;0.210588694;ZTF;ZTF(zi);ZTF
59050.1993171;21.4948788;0.22727716;ZTF;ZTF(zg);ZTF
59050.2826968;20.7037392;0.168649912;ZTF;ZTF(zr);ZTF
59050.2857407;21.022768;0.192338467;ZTF;ZTF(zr);ZTF
59051.2484838;20.819767;0.177265286;ZTF;ZTF(zr);ZTF
59052.2065278;20.7557583;0.214691401;ZTF;ZTF(zi);ZTF
59052.2498843;20.9786186;0.18906033;ZTF;ZTF(zr);ZTF
59053.323912;20.8264084;0.177758336;ZTF;ZTF(zr);ZTF
59053.3282523;21.1643181;0.202848792;ZTF;ZTF(zr);ZTF
59054.2865972;21.4678326;0.22529614;ZTF;ZTF(zg);ZTF
59054.3436111;20.7875042;0.174869657;ZTF;ZTF(zr);ZTF
59055.3063079;21.5273285;0.229654193;ZTF;ZTF(zg);ZTF
59056.2046296;20.9132538;0.184206843;ZTF;ZTF(zr);ZTF
59056.2069792;21.0454292;0.194021106;ZTF;ZTF(zr);ZTF
59056.3066319;20.34161;0.175171465;ZTF;ZTF(zi);ZTF
59057.3285069;20.8443623;0.179091454;ZTF;ZTF(zr);ZTF
59059.1625694;20.780407;0.174342632;ZTF;ZTF(zr);ZTF
59060.2029167;20.7667122;0.173325777;ZTF;ZTF(zr);ZTF
59060.2556713;20.7486858;0.214039207;ZTF;ZTF(zi);ZTF
59061.2604398;20.9066696;0.183717966;ZTF;ZTF(zr);ZTF
59062.2354514;20.4551907;0.149866372;ZTF;ZTF(zr);ZTF
59062.2406597;20.7036533;0.168643594;ZTF;ZTF(zr);ZTF
59063.1746644;20.5877438;0.160037041;ZTF;ZTF(zr);ZTF
59065.1761921;20.6014481;0.161054611;ZTF;ZTF(zr);ZTF
59066.2496991;20.6296768;0.163150668;ZTF;ZTF(zr);ZTF
59066.2984838;20.2997665;0.137941986;ZTF;ZTF(zg);ZTF
59067.1736458;20.8448906;0.179130673;ZTF;ZTF(zr);ZTF
59067.1745833;20.848568;0.179403782;ZTF;ZTF(zr);ZTF
59068.1989236;21.6440678;0.238205194;ZTF;ZTF(zg);ZTF
59068.2456713;20.7703648;0.173596978;ZTF;ZTF(zr);ZTF
59070.1831019;20.7210312;0.169933915;ZTF;ZTF(zr);ZTF
59070.1840741;20.6597958;0.165387034;ZTF;ZTF(zr);ZTF
59070.2482407;21.4445267;0.223588943;ZTF;ZTF(zg);ZTF
59070.2491667;21.7833424;0.248407006;ZTF;ZTF(zg);ZTF
59071.1806829;20.9489021;0.186853766;ZTF;ZTF(zr);ZTF
59071.1816204;21.1071739;0.198605776;ZTF;ZTF(zr);ZTF
59072.1829167;20.8035431;0.176060557;ZTF;ZTF(zr);ZTF
59072.1844444;20.862133;0.180410981;ZTF;ZTF(zr);ZTF
59072.2704051;20.5586357;0.196512699;ZTF;ZTF(zi);ZTF
59073.1774074;21.0799332;0.196583033;ZTF;ZTF(zr);ZTF
59073.179375;20.8316727;0.178149223;ZTF;ZTF(zr);ZTF
59074.1808449;20.7175522;0.169675589;ZTF;ZTF(zr);ZTF
59077.2165856;21.8587952;0.253933907;ZTF;ZTF(zg);ZTF
59077.2586921;20.8022709;0.175966144;ZTF;ZTF(zr);ZTF
59078.2188194;21.55196;0.231458426;ZTF;ZTF(zg);ZTF
59079.2219792;20.7605228;0.172866225;ZTF;ZTF(zr);ZTF
59080.1801736;20.8515015;0.179621577;ZTF;ZTF(zr);ZTF
59080.2454282;20.5376835;0.194580555;ZTF;ZTF(zi);ZTF
59081.1990046;20.8722343;0.181161046;ZTF;ZTF(zr);ZTF
59082.1840046;20.8275528;0.177843332;ZTF;ZTF(zr);ZTF
59082.2873958;21.0041618;0.191332459;ZTF;ZTF(zg);ZTF
59085.2769444;20.3602562;0.177065939;ZTF;ZTF(zi);ZTF
59086.1771875;21.061779;0.195235133;ZTF;ZTF(zr);ZTF
59087.1421991;20.6904182;0.167660832;ZTF;ZTF(zr);ZTF
59087.1596065;20.7793045;0.174260855;ZTF;ZTF(zr);ZTF
59088.1760417;20.6993504;0.168324113;ZTF;ZTF(zr);ZTF
59089.191331;20.5867653;0.199106812;ZTF;ZTF(zi);ZTF
59096.2226968;20.4496555;0.186090827;ZTF;ZTF(zi);ZTF
59097.2195486;20.2035141;0.161174059;ZTF;ZTF(zi);ZTF
59098.1612731;20.7884197;0.174937606;ZTF;ZTF(zr);ZTF
59098.1633449;20.9096565;0.183939695;ZTF;ZTF(zr);ZTF
59099.1596991;21.5245056;0.229447365;ZTF;ZTF(zg);ZTF
59099.1974884;20.6933231;0.167876482;ZTF;ZTF(zr);ZTF
59099.2385648;20.5598373;0.196623564;ZTF;ZTF(zi);ZTF
59099.2861227;20.3384857;0.174853712;ZTF;ZTF(zi);ZTF
59107.2015394;20.3261223;0.173596919;ZTF;ZTF(zi);ZTF
59107.2446991;20.2180481;0.162637845;ZTF;ZTF(zi);ZTF
59109.1228588;20.8287716;0.221424699;ZTF;ZTF(zi);ZTF
59109.133125;20.3747044;0.178532228;ZTF;ZTF(zi);ZTF
59110.1437269;20.9098053;0.183950782;ZTF;ZTF(zr);ZTF
59110.1744213;20.441885;0.185312465;ZTF;ZTF(zi);ZTF
59111.1759375;20.5934505;0.199723363;ZTF;ZTF(zi);ZTF
59112.1415046;21.3550835;0.21703732;ZTF;ZTF(zg);ZTF
59112.1760532;20.9773121;0.188963294;ZTF;ZTF(zr);ZTF
59112.2187384;20.5729561;0.197833419;ZTF;ZTF(zi);ZTF
59112.2431829;20.8576202;0.224085093;ZTF;ZTF(zi);ZTF
59113.1156481;20.4889507;0.190000117;ZTF;ZTF(zi);ZTF
59113.1347685;20.8879814;0.182330251;ZTF;ZTF(zr);ZTF
59114.1364005;20.5623512;0.196855426;ZTF;ZTF(zi);ZTF
59114.1514815;20.3677826;0.177829787;ZTF;ZTF(zi);ZTF
59115.1169676;20.7111282;0.210575581;ZTF;ZTF(zi);ZTF
59115.1758218;20.6509495;0.205025911;ZTF;ZTF(zi);ZTF
59117.1541782;20.3988914;0.180981725;ZTF;ZTF(zi);ZTF
59117.1983333;20.6267128;0.202790856;ZTF;ZTF(zi);ZTF
59119.1164468;20.6164379;0.201843262;ZTF;ZTF(zi);ZTF
59119.1344213;20.463768;0.187500507;ZTF;ZTF(zi);ZTF
59121.1433449;20.5999947;0.20032692;ZTF;ZTF(zi);ZTF
59128.1393287;20.6211681;0.162518859;ZTF;ZTF(zr);ZTF
59128.2004167;20.3271179;0.173697993;ZTF;ZTF(zi);ZTF
59137.0962616;20.6787567;0.166794896;ZTF;ZTF(zr);ZTF
59138.1608218;20.4534187;0.18646735;ZTF;ZTF(zi);ZTF
59140.1239236;20.7372437;0.171137691;ZTF;ZTF(zr);ZTF
59204.5310995;20.3681965;0.177871913;ZTF;ZTF(zi);ZTF
59218.5523032;20.8459969;0.223013163;ZTF;ZTF(zi);ZTF
59219.4956134;20.4741325;0.151425779;ZTF;ZTF(zr);ZTF
59221.5350347;20.7743893;0.173895836;ZTF;ZTF(zr);ZTF
59224.4968634;20.5832291;0.159701824;ZTF;ZTF(zr);ZTF
59230.530787;20.9878788;0.18974781;ZTF;ZTF(zr);ZTF
59231.4945718;20.7165298;0.169599652;ZTF;ZTF(zr);ZTF
59232.4893981;20.9528389;0.187146068;ZTF;ZTF(zr);ZTF
59248.5281019;21.1301498;0.20031178;ZTF;ZTF(zr);ZTF
59248.5290394;20.6392612;0.163862348;ZTF;ZTF(zr);ZTF
59249.5130671;20.7344151;0.170927644;ZTF;ZTF(zr);ZTF
59250.4915509;21.3794003;0.218818426;ZTF;ZTF(zg);ZTF
59250.5327083;20.8977604;0.183056355;ZTF;ZTF(zr);ZTF
59250.5336458;20.4549427;0.149845928;ZTF;ZTF(zr);ZTF
59252.4122106;20.2577248;0.166649505;ZTF;ZTF(zi);ZTF
59252.5097338;21.0038815;0.190936089;ZTF;ZTF(zr);ZTF
59255.5158912;20.5510597;0.195814133;ZTF;ZTF(zi);ZTF
59256.4307755;20.8879356;0.182326913;ZTF;ZTF(zr);ZTF
59258.4910995;20.5340366;0.156049252;ZTF;ZTF(zr);ZTF
59262.4890741;20.6913624;0.167730927;ZTF;ZTF(zr);ZTF
59264.3901736;20.6649704;0.206318974;ZTF;ZTF(zi);ZTF
59264.4910301;21.4982567;0.227524638;ZTF;ZTF(zg);ZTF
59264.5310417;21.0939674;0.19762516;ZTF;ZTF(zr);ZTF
59267.5160532;20.6043396;0.200727582;ZTF;ZTF(zi);ZTF
59268.4642593;20.6753941;0.166545272;ZTF;ZTF(zr);ZTF
59276.4131944;20.707365;0.168919206;ZTF;ZTF(zr);ZTF
59276.5298611;20.4710922;0.18822968;ZTF;ZTF(zi);ZTF
59278.4970255;21.0022469;0.190814734;ZTF;ZTF(zr);ZTF
59278.4989583;20.8948479;0.182840109;ZTF;ZTF(zr);ZTF
59282.512037;21.0454254;0.194020867;ZTF;ZTF(zr);ZTF
59292.4111574;20.7662621;0.215660095;ZTF;ZTF(zi);ZTF
59292.4584028;21.3510323;0.216740489;ZTF;ZTF(zg);ZTF
59292.4731481;20.7077465;0.168947458;ZTF;ZTF(zr);ZTF
59303.493044;20.3948212;0.180570036;ZTF;ZTF(zi);ZTF
59306.4087731;20.715126;0.210944295;ZTF;ZTF(zi);ZTF
59306.469838;21.0187721;0.192041755;ZTF;ZTF(zr);ZTF
59307.4456597;21.2133179;0.206487179;ZTF;ZTF(zr);ZTF
59307.4465972;21.1988678;0.205414176;ZTF;ZTF(zr);ZTF
59309.4322569;20.6479225;0.204746842;ZTF;ZTF(zi);ZTF
59311.4784028;21.0314369;0.192982197;ZTF;ZTF(zr);ZTF
59312.3669213;20.344738;0.175489381;ZTF;ZTF(zi);ZTF
59315.3034606;21.576786;0.233276844;ZTF;ZTF(zg);ZTF
59317.4309144;21.0731812;0.196081758;ZTF;ZTF(zr);ZTF
59320.4716435;21.016077;0.191841602;ZTF;ZTF(zr);ZTF
59322.2806019;20.9146442;0.184310079;ZTF;ZTF(zr);ZTF
59322.3451273;21.3585243;0.217289329;ZTF;ZTF(zg);ZTF
59323.4544213;20.4503307;0.186158568;ZTF;ZTF(zi);ZTF
59329.4109259;20.4236279;0.183478117;ZTF;ZTF(zi);ZTF
59334.2486806;21.604269;0.235290051;ZTF;ZTF(zg);ZTF
59334.3835417;20.5453377;0.156888366;ZTF;ZTF(zr);ZTF
59334.4314931;20.4856663;0.189675272;ZTF;ZTF(zi);ZTF
59335.3425463;20.5476017;0.157056451;ZTF;ZTF(zr);ZTF
59336.3449306;21.077898;0.196431994;ZTF;ZTF(zr);ZTF
59336.3458681;20.9033852;0.183474064;ZTF;ZTF(zr);ZTF
59336.4092361;21.149025;0.201943636;ZTF;ZTF(zg);ZTF
59338.3724421;20.6227608;0.202426314;ZTF;ZTF(zi);ZTF
59338.3891782;21.0899086;0.197323799;ZTF;ZTF(zr);ZTF
59339.3233102;21.1594162;0.202484846;ZTF;ZTF(zr);ZTF
59339.3242477;20.9668159;0.188183904;ZTF;ZTF(zr);ZTF
59339.3653704;22.1288548;0.273715615;ZTF;ZTF(zg);ZTF
59339.3663079;21.7201958;0.243781567;ZTF;ZTF(zg);ZTF
59340.386169;21.8578148;0.253862143;ZTF;ZTF(zg);ZTF
59340.4054977;20.955925;0.187375188;ZTF;ZTF(zr);ZTF
59341.3265625;21.7515087;0.246075273;ZTF;ZTF(zg);ZTF
59341.3831944;20.3939018;0.180477172;ZTF;ZTF(zi);ZTF
59342.3649421;21.380703;0.218913913;ZTF;ZTF(zg);ZTF
59342.425787;20.9673233;0.188221574;ZTF;ZTF(zr);ZTF
59343.3427894;20.9773865;0.188968778;ZTF;ZTF(zr);ZTF
59343.34625;20.7396126;0.171313643;ZTF;ZTF(zr);ZTF
59344.4053704;20.9152031;0.184351563;ZTF;ZTF(zr);ZTF
59345.3516204;20.9864616;0.189642668;ZTF;ZTF(zr);ZTF
59348.4081019;20.7441196;0.171648264;ZTF;ZTF(zr);ZTF
59349.3412963;20.8384361;0.178651452;ZTF;ZTF(zr);ZTF
59349.3422685;21.0339012;0.193165183;ZTF;ZTF(zr);ZTF
59349.3901736;21.6075363;0.235529304;ZTF;ZTF(zg);ZTF
59349.3911111;22.0125637;0.265197396;ZTF;ZTF(zg);ZTF
59353.2882523;20.5748062;0.198004007;ZTF;ZTF(zi);ZTF
59353.328588;20.8277035;0.177854538;ZTF;ZTF(zr);ZTF
59353.3645833;21.2099285;0.206404686;ZTF;ZTF(zg);ZTF
59356.3496412;20.3767872;0.178743303;ZTF;ZTF(zi);ZTF
59357.4506944;20.7203789;0.169885516;ZTF;ZTF(zr);ZTF
59359.3659838;20.5889397;0.199307442;ZTF;ZTF(zi);ZTF
59359.3901968;20.4120369;0.146294579;ZTF;ZTF(zr);ZTF
59361.224294;20.7205582;0.169898748;ZTF;ZTF(zr);ZTF
59363.3456713;20.8542938;0.179828882;ZTF;ZTF(zr);ZTF
59363.3787616;20.9643021;0.187997222;ZTF;ZTF(zr);ZTF
59364.4246412;21.0266743;0.192628503;ZTF;ZTF(zr);ZTF
59365.3031713;21.6568604;0.239142299;ZTF;ZTF(zg);ZTF
59365.3470139;20.7730713;0.173797965;ZTF;ZTF(zr);ZTF
59365.4180671;20.8049679;0.176166415;ZTF;ZTF(zr);ZTF
59366.2881944;22.0120697;0.265161157;ZTF;ZTF(zg);ZTF
59366.3197222;21.297142;0.212793112;ZTF;ZTF(zg);ZTF
59366.3369444;20.7222977;0.170027971;ZTF;ZTF(zr);ZTF
59366.3378704;21.0885582;0.197223544;ZTF;ZTF(zr);ZTF
59367.3301505;20.7586937;0.214962125;ZTF;ZTF(zi);ZTF
59367.3719676;20.8378983;0.178611517;ZTF;ZTF(zr);ZTF
59367.4241319;21.6117249;0.235836148;ZTF;ZTF(zg);ZTF
59368.2038889;21.6772308;0.240634441;ZTF;ZTF(zg);ZTF
59368.3048843;21.0511627;0.194446802;ZTF;ZTF(zr);ZTF
59368.3058218;21.168335;0.203147054;ZTF;ZTF(zr);ZTF
59368.4008796;20.9683399;0.188297033;ZTF;ZTF(zr);ZTF
59369.2378704;21.7102585;0.243053675;ZTF;ZTF(zg);ZTF
59369.3275;20.9089489;0.183887124;ZTF;ZTF(zr);ZTF
59369.3622917;21.7575474;0.246517539;ZTF;ZTF(zg);ZTF
59369.4291435;21.1025906;0.198265433;ZTF;ZTF(zr);ZTF
59370.3472338;20.6396866;0.163893938;ZTF;ZTF(zr);ZTF
59371.2036227;21.599781;0.234961271;ZTF;ZTF(zg);ZTF
59371.325162;20.9231033;0.184938192;ZTF;ZTF(zr);ZTF
59371.3475463;20.7569065;0.172597766;ZTF;ZTF(zr);ZTF
59373.1952083;20.5189018;0.192848444;ZTF;ZTF(zi);ZTF
59373.3445023;21.3662052;0.217851996;ZTF;ZTF(zg);ZTF
59375.2366898;20.8848801;0.182100058;ZTF;ZTF(zr);ZTF
59375.4039583;21.0661469;0.195559382;ZTF;ZTF(zr);ZTF
59376.2079398;20.7679272;0.215813637;ZTF;ZTF(zi);ZTF
59376.2348958;21.859314;0.253971934;ZTF;ZTF(zg);ZTF
59376.3068403;21.4344673;0.222907901;ZTF;ZTF(zr);ZTF
59377.263669;20.9045486;0.183560491;ZTF;ZTF(zr);ZTF
59377.3031366;21.1899986;0.204944849;ZTF;ZTF(zg);ZTF
59377.3907176;20.7737446;0.173848033;ZTF;ZTF(zr);ZTF
59377.4024653;20.7559528;0.172526956;ZTF;ZTF(zr);ZTF
59378.2614931;21.0207767;0.192190647;ZTF;ZTF(zr);ZTF
59378.3446528;21.4450493;0.22362721;ZTF;ZTF(zg);ZTF
59379.2639699;20.5221252;0.193145752;ZTF;ZTF(zi);ZTF
59379.3484606;20.9204388;0.184740305;ZTF;ZTF(zr);ZTF
59379.3503472;20.799221;0.175739646;ZTF;ZTF(zr);ZTF
59379.3845139;20.9495678;0.186903238;ZTF;ZTF(zr);ZTF
59382.3716551;20.7664394;0.173305511;ZTF;ZTF(zr);ZTF
59385.2462269;20.6814213;0.166992784;ZTF;ZTF(zr);ZTF
59385.3618287;20.8108463;0.17660284;ZTF;ZTF(zr);ZTF
59386.2787847;21.1083374;0.198963284;ZTF;ZTF(zg);ZTF
59390.3600579;20.4765968;0.151628047;ZTF;ZTF(zr);ZTF
59390.4165046;20.7921524;0.218047738;ZTF;ZTF(zi);ZTF
59392.2071296;20.8574486;0.180063128;ZTF;ZTF(zr);ZTF
59395.0570062;16.124;0.293;NEOWISE;WISE(W1);NEOWISE
59395.5145306;16.006;0.357;NEOWISE;WISE(W1);NEOWISE
59395.90673128;16.79;0.451;NEOWISE;WISE(W1);NEOWISE
59395.90673128;13.86;0.286;NEOWISE;WISE(W2);NEOWISE
59396.3503241;20.6056328;0.16136539;ZTF;ZTF(zr);ZTF
59397.2830093;21.6018486;0.235112667;ZTF;ZTF(zg);ZTF
59397.3226736;20.7958164;0.218385577;ZTF;ZTF(zi);ZTF
59397.3428356;21.1275139;0.200116038;ZTF;ZTF(zr);ZTF
59397.3447801;20.7719288;0.173713207;ZTF;ZTF(zr);ZTF
59397.3796412;20.6148071;0.162046552;ZTF;ZTF(zr);ZTF
59399.2240741;20.6675014;0.165959239;ZTF;ZTF(zr);ZTF
59399.3232523;20.9685307;0.188311219;ZTF;ZTF(zr);ZTF
59399.3276389;21.04673;0.194117665;ZTF;ZTF(zr);ZTF
59400.207581;20.8124695;0.176723361;ZTF;ZTF(zr);ZTF
59400.3070486;21.3938389;0.219876051;ZTF;ZTF(zg);ZTF
59400.3475694;21.2658405;0.210387111;ZTF;ZTF(zr);ZTF
59401.2864583;20.9213428;0.18480742;ZTF;ZTF(zr);ZTF
59401.3237616;20.8659878;0.180697203;ZTF;ZTF(zr);ZTF
59401.3496528;20.918644;0.184607029;ZTF;ZTF(zr);ZTF
59402.2654861;21.304369;0.213247895;ZTF;ZTF(zr);ZTF
59402.2664352;20.5610313;0.158053637;ZTF;ZTF(zr);ZTF
59402.2879514;21.490696;0.226970792;ZTF;ZTF(zg);ZTF
59402.2889005;21.2416077;0.208725214;ZTF;ZTF(zg);ZTF
59403.2118171;21.2405376;0.208508253;ZTF;ZTF(zr);ZTF
59403.3250463;21.0551682;0.194744229;ZTF;ZTF(zr);ZTF
59404.216956;21.1643353;0.202850103;ZTF;ZTF(zr);ZTF
59404.3013079;20.9535751;0.187200785;ZTF;ZTF(zr);ZTF
59405.2054167;21.1557522;0.202212811;ZTF;ZTF(zr);ZTF
59405.2187037;21.3285351;0.215092659;ZTF;ZTF(zg);ZTF
59406.261412;20.6765842;0.166633606;ZTF;ZTF(zr);ZTF
59406.2623495;21.0455551;0.194030404;ZTF;ZTF(zr);ZTF
59407.1991204;20.9449234;0.186558366;ZTF;ZTF(zr);ZTF
59407.2000579;20.8039227;0.17608881;ZTF;ZTF(zr);ZTF
59407.2228704;20.3500252;0.176026493;ZTF;ZTF(zi);ZTF
59407.3192708;21.1013889;0.198176265;ZTF;ZTF(zr);ZTF
59409.2995602;20.8755283;0.181405663;ZTF;ZTF(zr);ZTF
59410.213125;20.6517467;0.164789438;ZTF;ZTF(zr);ZTF
59410.237338;20.9167557;0.184466839;ZTF;ZTF(zr);ZTF
59410.238287;21.0745964;0.196186781;ZTF;ZTF(zr);ZTF
59410.3313657;20.3773518;0.178800598;ZTF;ZTF(zi);ZTF
59411.3109259;21.2302246;0.207891464;ZTF;ZTF(zg);ZTF
59414.2876852;20.7382488;0.171212316;ZTF;ZTF(zr);ZTF
59415.2028241;20.7184906;0.169745207;ZTF;ZTF(zr);ZTF
59422.3281713;20.2108192;0.161909342;ZTF;ZTF(zi);ZTF
59424.2203009;20.9548054;0.187292099;ZTF;ZTF(zr);ZTF
59425.2208912;21.649456;0.238599896;ZTF;ZTF(zg);ZTF
59427.1995602;21.3545341;0.216972709;ZTF;ZTF(zr);ZTF
59428.1994444;20.7221565;0.170017481;ZTF;ZTF(zr);ZTF
59428.2873958;20.7586403;0.214957237;ZTF;ZTF(zi);ZTF
59430.2429745;20.7744255;0.173898578;ZTF;ZTF(zr);ZTF
59434.2001736;20.6715755;0.166261673;ZTF;ZTF(zr);ZTF
59435.186169;20.8538628;0.22373867;ZTF;ZTF(zi);ZTF
59435.2013194;21.6021538;0.235135078;ZTF;ZTF(zg);ZTF
59435.2417593;20.9360428;0.1858989;ZTF;ZTF(zr);ZTF
59436.2168403;20.9386253;0.186090708;ZTF;ZTF(zr);ZTF
59441.1824074;20.9935856;0.190171599;ZTF;ZTF(zr);ZTF
59451.1798958;20.9508362;0.186997414;ZTF;ZTF(zr);ZTF
59451.1808449;20.6696358;0.166117668;ZTF;ZTF(zr);ZTF
59453.1947569;21.8607864;0.254079819;ZTF;ZTF(zg);ZTF
59453.1957639;21.6739883;0.240396857;ZTF;ZTF(zg);ZTF
59453.2437269;20.7573586;0.214838982;ZTF;ZTF(zi);ZTF
59453.2613889;20.702198;0.168535471;ZTF;ZTF(zr);ZTF
59453.2623264;20.8211327;0.177366614;ZTF;ZTF(zr);ZTF
59455.1740394;21.007309;0.1911906;ZTF;ZTF(zr);ZTF
59455.1764005;20.8758678;0.181430817;ZTF;ZTF(zr);ZTF
59458.1776273;21.6800079;0.240837812;ZTF;ZTF(zg);ZTF
59458.1785648;21.5955772;0.234653354;ZTF;ZTF(zg);ZTF
59458.2194097;20.9658909;0.188115239;ZTF;ZTF(zr);ZTF
59459.1660185;20.4758682;0.188704193;ZTF;ZTF(zi);ZTF
59459.2064352;20.8725758;0.181186438;ZTF;ZTF(zr);ZTF
59460.2377315;20.6758919;0.166582227;ZTF;ZTF(zr);ZTF
59460.2401852;20.8287582;0.177932858;ZTF;ZTF(zr);ZTF
59462.1620255;20.6023598;0.200544953;ZTF;ZTF(zi);ZTF
59462.2190625;20.9403648;0.186219811;ZTF;ZTF(zr);ZTF
59462.2219444;20.9942322;0.190219641;ZTF;ZTF(zr);ZTF
59466.1570602;20.9867954;0.189667463;ZTF;ZTF(zr);ZTF
59466.218831;21.1892643;0.204891086;ZTF;ZTF(zg);ZTF
59468.2232639;20.6900482;0.167633414;ZTF;ZTF(zr);ZTF
59473.144838;20.8452702;0.179158926;ZTF;ZTF(zr);ZTF
59477.2070139;19.6074562;0.107157819;ZTF;ZTF(zi);ZTF
59480.2019676;20.4593868;0.150212348;ZTF;ZTF(zr);ZTF
59486.1825694;20.7431068;0.171573043;ZTF;ZTF(zr);ZTF
59491.1587384;21.2328167;0.207934976;ZTF;ZTF(zr);ZTF
59512.1253356;20.8514595;0.179618478;ZTF;ZTF(zr);ZTF
59522.1164352;20.4423504;0.18535912;ZTF;ZTF(zi);ZTF
59623.3875347;20.2087555;0.129455164;ZTF;ZTF(zr);ZTF
59624.4908912;20.6430798;0.204300165;ZTF;ZTF(zi);ZTF
59630.5348958;20.6860847;0.167339087;ZTF;ZTF(zr);ZTF
59640.4288773;20.6027641;0.200582266;ZTF;ZTF(zi);ZTF
59641.3675116;20.9074898;0.183778882;ZTF;ZTF(zr);ZTF
59670.4455671;20.6141605;0.201633215;ZTF;ZTF(zi);ZTF
59673.3650347;20.9889565;0.189827919;ZTF;ZTF(zr);ZTF
59675.436088;20.7752781;0.173961878;ZTF;ZTF(zr);ZTF
59677.4370486;20.7661991;0.173287749;ZTF;ZTF(zr);ZTF
59679.3450116;20.4515915;0.186284482;ZTF;ZTF(zi);ZTF
59679.3668519;20.7821465;0.174471855;ZTF;ZTF(zr);ZTF
59683.3325231;20.7157078;0.210997939;ZTF;ZTF(zi);ZTF
59693.3923264;20.4464226;0.185767174;ZTF;ZTF(zi);ZTF
59697.3877662;20.9170094;0.184485674;ZTF;ZTF(zr);ZTF
59700.3652083;21.3927231;0.219794393;ZTF;ZTF(zg);ZTF
59700.4158102;21.0192642;0.192078352;ZTF;ZTF(zr);ZTF
59702.4089005;20.7872963;0.174854279;ZTF;ZTF(zr);ZTF
59707.3608102;20.889801;0.182465434;ZTF;ZTF(zr);ZTF
59708.4062384;20.760191;0.172841549;ZTF;ZTF(zr);ZTF
59709.3644676;20.6139317;0.161981583;ZTF;ZTF(zr);ZTF
59712.3261227;20.5452328;0.195276737;ZTF;ZTF(zi);ZTF
59712.364919;20.9184036;0.184589148;ZTF;ZTF(zr);ZTF
59719.2801389;21.0310459;0.19295311;ZTF;ZTF(zr);ZTF
59719.3006597;20.6526546;0.164856791;ZTF;ZTF(zr);ZTF
59721.3424537;20.7111206;0.169198036;ZTF;ZTF(zr);ZTF
59721.4057407;20.6322556;0.163342118;ZTF;ZTF(zr);ZTF
59722.3283333;21.7435837;0.245494723;ZTF;ZTF(zg);ZTF
59722.3457407;21.4987183;0.227558494;ZTF;ZTF(zg);ZTF
59723.2818287;20.4162483;0.182734385;ZTF;ZTF(zi);ZTF
59723.304375;20.9516258;0.187056065;ZTF;ZTF(zr);ZTF
59724.3641088;21.5714607;0.232886791;ZTF;ZTF(zg);ZTF
59724.4115972;21.0760651;0.196295857;ZTF;ZTF(zr);ZTF
59724.4329514;20.9500637;0.186940074;ZTF;ZTF(zr);ZTF
59725.2787153;21.6054611;0.235377312;ZTF;ZTF(zg);ZTF
59725.3085648;21.5573769;0.231855154;ZTF;ZTF(zg);ZTF
59725.3231829;20.8045635;0.176136374;ZTF;ZTF(zr);ZTF
59725.325544;20.9204216;0.184738994;ZTF;ZTF(zr);ZTF
59725.3844213;21.1700897;0.203277349;ZTF;ZTF(zr);ZTF
59726.3905324;20.9287148;0.185354829;ZTF;ZTF(zr);ZTF
59727.3811458;21.0489826;0.194284916;ZTF;ZTF(zr);ZTF
59729.4500926;20.8875465;0.182297945;ZTF;ZTF(zr);ZTF
59730.3506944;20.4343281;0.184554189;ZTF;ZTF(zi);ZTF
59730.4075579;21.0367222;0.193374634;ZTF;ZTF(zr);ZTF
59730.4195602;20.8781528;0.181600451;ZTF;ZTF(zr);ZTF
59731.307963;20.8626022;0.18044579;ZTF;ZTF(zr);ZTF
59732.2961921;21.1539345;0.202077866;ZTF;ZTF(zr);ZTF
59732.2971528;20.993866;0.190192461;ZTF;ZTF(zr);ZTF
59732.388287;20.9486465;0.186834812;ZTF;ZTF(zr);ZTF
59733.2602315;21.0820751;0.196742177;ZTF;ZTF(zr);ZTF
59733.2824421;20.4673424;0.18785651;ZTF;ZTF(zi);ZTF
59733.306956;21.5811005;0.233592868;ZTF;ZTF(zg);ZTF
59734.3075116;21.4425087;0.223441124;ZTF;ZTF(zg);ZTF
59736.2068171;20.8014011;0.175901532;ZTF;ZTF(zr);ZTF
59736.3256713;20.8913078;0.227191806;ZTF;ZTF(zi);ZTF
59736.3430208;20.7077694;0.168949246;ZTF;ZTF(zr);ZTF
59736.4332292;20.9889431;0.189826846;ZTF;ZTF(zr);ZTF
59737.2193056;20.9276123;0.185272932;ZTF;ZTF(zr);ZTF
59738.2846412;20.7845345;0.174649119;ZTF;ZTF(zr);ZTF
59738.4251042;21.0924835;0.197515011;ZTF;ZTF(zr);ZTF
59739.3250579;20.2717037;0.168067098;ZTF;ZTF(zi);ZTF
59740.2070602;20.8366947;0.17852211;ZTF;ZTF(zr);ZTF
59740.3486343;20.9025345;0.183410883;ZTF;ZTF(zr);ZTF
59740.3505208;21.0502262;0.194377303;ZTF;ZTF(zr);ZTF
59740.408831;21.1860218;0.204653621;ZTF;ZTF(zg);ZTF
59741.2710648;20.8157349;0.176965833;ZTF;ZTF(zr);ZTF
59742.4158681;20.5818577;0.159600019;ZTF;ZTF(zr);ZTF
59747.2427894;21.2869606;0.211955309;ZTF;ZTF(zr);ZTF
59747.2658102;21.4168434;0.221561193;ZTF;ZTF(zg);ZTF
59747.3913657;20.5303402;0.193903327;ZTF;ZTF(zi);ZTF
59749.2599074;21.6197338;0.236422777;ZTF;ZTF(zg);ZTF
59749.3286574;20.7711773;0.173657298;ZTF;ZTF(zr);ZTF
59750.2208102;20.5143986;0.192433238;ZTF;ZTF(zi);ZTF
59750.2389236;21.7327576;0.244701743;ZTF;ZTF(zg);ZTF
59750.3087153;20.533884;0.156037807;ZTF;ZTF(zr);ZTF
59751.2854514;20.924633;0.185051799;ZTF;ZTF(zr);ZTF
59751.3790741;20.7630253;0.173052073;ZTF;ZTF(zr);ZTF
59752.2914352;20.8948956;0.182843685;ZTF;ZTF(zr);ZTF
59753.3246412;20.7677879;0.173405647;ZTF;ZTF(zr);ZTF
59753.3703125;20.4191151;0.183023483;ZTF;ZTF(zi);ZTF
59753.4432523;20.6365414;0.163660407;ZTF;ZTF(zr);ZTF
59754.2470139;21.2804146;0.21156776;ZTF;ZTF(zg);ZTF
59755.2805093;21.6897659;0.241552591;ZTF;ZTF(zg);ZTF
59755.3037731;20.9483147;0.186810136;ZTF;ZTF(zr);ZTF
59755.3047222;20.8343964;0.178351521;ZTF;ZTF(zr);ZTF
59755.3968171;21.2205276;0.207181096;ZTF;ZTF(zg);ZTF
59756.2246296;21.027277;0.192673206;ZTF;ZTF(zr);ZTF
59756.3303588;20.6772861;0.207454681;ZTF;ZTF(zi);ZTF
59756.3652315;20.861496;0.180363655;ZTF;ZTF(zr);ZTF
59757.2484259;21.9458008;0.260307074;ZTF;ZTF(zg);ZTF
59757.2884259;21.4629707;0.224939942;ZTF;ZTF(zg);ZTF
59757.3;21.4914513;0.227026105;ZTF;ZTF(zg);ZTF
59758.3049074;21.1657677;0.202956438;ZTF;ZTF(zr);ZTF
59759.2429861;20.7319851;0.212499022;ZTF;ZTF(zi);ZTF
59759.2793403;21.61516;0.236087799;ZTF;ZTF(zg);ZTF
59759.3034954;20.9574547;0.187488794;ZTF;ZTF(zr);ZTF
59759.3058681;20.9917469;0.190035105;ZTF;ZTF(zr);ZTF
59760.2459028;21.9279881;0.259002209;ZTF;ZTF(zg);ZTF
59761.2228009;20.8947716;0.182834506;ZTF;ZTF(zr);ZTF
59762.2157639;21.4979477;0.227501988;ZTF;ZTF(zg);ZTF
59762.3081944;20.6299534;0.203089714;ZTF;ZTF(zi);ZTF
59762.343287;21.3783531;0.218741775;ZTF;ZTF(zg);ZTF
59762.3844676;20.8435783;0.179033279;ZTF;ZTF(zr);ZTF
59763.2796296;20.4968834;0.153289318;ZTF;ZTF(zr);ZTF
59763.3160764;20.8703022;0.181017518;ZTF;ZTF(zr);ZTF
59764.28125;21.054409;0.194687843;ZTF;ZTF(zr);ZTF
59764.3620255;20.7895699;0.175023079;ZTF;ZTF(zr);ZTF
59765.3071991;20.7076645;0.210256219;ZTF;ZTF(zi);ZTF
59765.3289583;21.0025139;0.190834522;ZTF;ZTF(zr);ZTF
59766.2442477;20.9668617;0.188187361;ZTF;ZTF(zr);ZTF
59770.320463;20.8211975;0.177930355;ZTF;ZTF(zg);ZTF
59772.2061111;20.5849304;0.159828186;ZTF;ZTF(zr);ZTF
59772.2653588;20.7822533;0.174479723;ZTF;ZTF(zr);ZTF
59772.3089815;20.8139343;0.176832199;ZTF;ZTF(zr);ZTF
59773.2291204;20.7191734;0.16979599;ZTF;ZTF(zr);ZTF
59773.3738426;20.2065716;0.129276514;ZTF;ZTF(zr);ZTF
59775.2432407;20.8262558;0.177747011;ZTF;ZTF(zr);ZTF
59776.1960995;20.7471752;0.171875119;ZTF;ZTF(zr);ZTF
59776.2199306;20.9248123;0.185065031;ZTF;ZTF(zr);ZTF
59776.2208681;21.0866108;0.197078943;ZTF;ZTF(zr);ZTF
59776.2840972;21.068819;0.195757866;ZTF;ZTF(zr);ZTF
59776.3414815;20.9779377;0.189009666;ZTF;ZTF(zr);ZTF
59777.2245486;20.8840103;0.182035446;ZTF;ZTF(zr);ZTF
59779.2410069;20.9359436;0.185891628;ZTF;ZTF(zr);ZTF
59779.3087269;20.9064884;0.183704495;ZTF;ZTF(zr);ZTF
59779.3096759;20.9686146;0.188317418;ZTF;ZTF(zr);ZTF
59779.348669;20.7878513;0.174895406;ZTF;ZTF(zr);ZTF
59781.2429861;21.6127129;0.235908508;ZTF;ZTF(zg);ZTF
59782.2227662;20.7041302;0.209930301;ZTF;ZTF(zi);ZTF
59783.2618056;20.7148209;0.169472814;ZTF;ZTF(zr);ZTF
59783.2810301;21.7698402;0.247418046;ZTF;ZTF(zg);ZTF
59785.2660069;20.8218822;0.220789313;ZTF;ZTF(zi);ZTF
59789.2211806;20.9186058;0.184604168;ZTF;ZTF(zr);ZTF
59789.309456;20.5190353;0.192860842;ZTF;ZTF(zi);ZTF
59791.2036227;21.1148224;0.199173689;ZTF;ZTF(zr);ZTF
59793.2613657;21.3783493;0.218741536;ZTF;ZTF(zg);ZTF
59794.2456713;21.1261711;0.200016379;ZTF;ZTF(zr);ZTF
59794.2624537;20.8836746;0.182010531;ZTF;ZTF(zr);ZTF
59794.2787847;20.68787;0.167471647;ZTF;ZTF(zr);ZTF
59797.1953704;20.6778069;0.166724443;ZTF;ZTF(zr);ZTF
59797.3280671;20.6851673;0.167270899;ZTF;ZTF(zr);ZTF
59798.2153125;20.8954983;0.182888389;ZTF;ZTF(zr);ZTF
59798.2344907;20.4513359;0.149548262;ZTF;ZTF(zr);ZTF
59799.1762616;20.812273;0.219903231;ZTF;ZTF(zi);ZTF
59808.2803935;20.7790127;0.216835976;ZTF;ZTF(zi);ZTF
59809.1853125;21.1052094;0.198459864;ZTF;ZTF(zr);ZTF
59814.2402199;20.7155361;0.169525862;ZTF;ZTF(zr);ZTF
59815.1660301;20.352644;0.176292717;ZTF;ZTF(zi);ZTF
59816.164838;20.7151604;0.169497967;ZTF;ZTF(zr);ZTF
59823.175544;20.8297043;0.178003073;ZTF;ZTF(zr);ZTF
59823.1765278;20.6541481;0.164967656;ZTF;ZTF(zr);ZTF
59824.1651736;20.6592484;0.205791235;ZTF;ZTF(zi);ZTF
59824.1965741;21.3728161;0.218336225;ZTF;ZTF(zg);ZTF
59825.1649769;20.9022789;0.183391929;ZTF;ZTF(zr);ZTF
59825.1768519;20.9431553;0.186427116;ZTF;ZTF(zr);ZTF
59825.1778009;20.9259052;0.185146213;ZTF;ZTF(zr);ZTF
59826.1590162;20.7078514;0.168955326;ZTF;ZTF(zr);ZTF
59826.1906366;21.0168858;0.192264438;ZTF;ZTF(zg);ZTF
59840.1753472;21.6083946;0.235592246;ZTF;ZTF(zg);ZTF
59843.1766435;20.7649937;0.173198223;ZTF;ZTF(zr);ZTF
59844.1558796;20.9232826;0.184951425;ZTF;ZTF(zr);ZTF
59846.1585532;20.8307266;0.178079009;ZTF;ZTF(zr);ZTF
59853.18125;20.7759495;0.174011707;ZTF;ZTF(zr);ZTF
59853.1826852;20.9788799;0.189079642;ZTF;ZTF(zr);ZTF
59856.1414583;20.5914116;0.19953537;ZTF;ZTF(zi);ZTF
59860.1540856;20.4886837;0.152619004;ZTF;ZTF(zr);ZTF
59882.1168171;20.3674889;0.177800044;ZTF;ZTF(zi);ZTF
59969.4338773;20.370203;0.142817274;ZTF;ZTF(zr);ZTF
59987.4982755;20.7912045;0.175144434;ZTF;ZTF(zr);ZTF
59996.4947106;21.1165657;0.19930315;ZTF;ZTF(zr);ZTF
60029.4976042;21.3649254;0.217758179;ZTF;ZTF(zg);ZTF
60042.4291551;20.8059807;0.176241517;ZTF;ZTF(zr);ZTF
60044.4097222;20.9643059;0.18799758;ZTF;ZTF(zr);ZTF
60046.3841782;20.8763618;0.181467533;ZTF;ZTF(zr);ZTF
60050.4475694;20.8726978;0.181195498;ZTF;ZTF(zr);ZTF
60050.4749537;21.6651402;0.239748836;ZTF;ZTF(zg);ZTF
60055.4047106;20.9956627;0.190325856;ZTF;ZTF(zr);ZTF
60059.3649769;21.6365566;0.237655044;ZTF;ZTF(zg);ZTF
60061.4646644;20.8702469;0.181013465;ZTF;ZTF(zr);ZTF
60063.4696065;20.7247887;0.170212865;ZTF;ZTF(zr);ZTF
60075.3298843;20.992527;0.19009304;ZTF;ZTF(zr);ZTF
60078.4314005;21.1495266;0.201750517;ZTF;ZTF(zr);ZTF
60082.3476042;21.0435333;0.19388032;ZTF;ZTF(zr);ZTF
60086.2848727;21.6136913;0.235980153;ZTF;ZTF(zg);ZTF
60086.3860301;20.6666889;0.165898919;ZTF;ZTF(zr);ZTF
60088.3275926;21.8060112;0.250067472;ZTF;ZTF(zg);ZTF
60088.3834491;20.9655247;0.188088059;ZTF;ZTF(zr);ZTF
60093.385463;20.930994;0.185524106;ZTF;ZTF(zr);ZTF
60100.2915741;20.5404644;0.156526446;ZTF;ZTF(zr);ZTF
60104.2774306;22.3326225;0.288641572;ZTF;ZTF(zg);ZTF
60104.340787;20.841568;0.178884029;ZTF;ZTF(zr);ZTF
60109.3425463;21.0211678;0.192219615;ZTF;ZTF(zr);ZTF
60114.3683796;20.8681374;0.180856824;ZTF;ZTF(zr);ZTF
60120.3726736;20.9199276;0.184702396;ZTF;ZTF(zr);ZTF
60122.2869676;20.3575706;0.141766027;ZTF;ZTF(zr);ZTF
60122.3193866;21.1751747;0.203859091;ZTF;ZTF(zg);ZTF
60124.4293287;20.5605469;0.158017635;ZTF;ZTF(zr);ZTF
60126.35645051;14.407;0.281;NEOWISE;WISE(W2);NEOWISE
60134.2199306;20.7440376;0.171642184;ZTF;ZTF(zr);ZTF
60136.3044213;20.7624016;0.1730057;ZTF;ZTF(zr);ZTF
60138.2826852;21.0067196;0.191146851;ZTF;ZTF(zr);ZTF
60140.2587037;20.8385925;0.178663015;ZTF;ZTF(zr);ZTF
60143.3678819;20.7423477;0.171516657;ZTF;ZTF(zr);ZTF
60149.2420486;20.7468414;0.171850324;ZTF;ZTF(zr);ZTF
60151.2049074;21.0087814;0.191299915;ZTF;ZTF(zr);ZTF
60153.2211458;20.8971519;0.183011174;ZTF;ZTF(zr);ZTF
60155.2827662;20.8531647;0.179745078;ZTF;ZTF(zr);ZTF
60159.260162;20.5250187;0.155379653;ZTF;ZTF(zr);ZTF
60163.283125;20.8881512;0.182342887;ZTF;ZTF(zr);ZTF
60165.1980208;20.8065491;0.176283836;ZTF;ZTF(zr);ZTF
60169.3036921;20.4484177;0.149307311;ZTF;ZTF(zr);ZTF
60171.2584954;20.907938;0.183812141;ZTF;ZTF(zr);ZTF
60179.163669;21.2288551;0.207640886;ZTF;ZTF(zr);ZTF
60185.2061921;20.6630363;0.165627718;ZTF;ZTF(zr);ZTF
60195.2021644;20.9902248;0.189922094;ZTF;ZTF(zr);ZTF
60311.5236921;20.6814384;0.166994095;ZTF;ZTF(zr);ZTF
60330.36379031;14.329;0.417;NEOWISE;WISE(W2);NEOWISE
60353.4920602;21.3996181;0.220299363;ZTF;ZTF(zg);ZTF
60355.5094444;21.3600826;0.217403412;ZTF;ZTF(zg);ZTF
60369.4308912;20.8635101;0.180513263;ZTF;ZTF(zr);ZTF
60389.4927431;20.9365845;0.185939193;ZTF;ZTF(zr);ZTF
60423.4447106;20.4719849;0.151249245;ZTF;ZTF(zr);ZTF
60429.3705093;20.8247395;0.177634478;ZTF;ZTF(zr);ZTF
60431.36;22.1293983;0.273755431;ZTF;ZTF(zg);ZTF
60434.3614236;20.9257812;0.185137033;ZTF;ZTF(zr);ZTF
60436.4058333;21.462925;0.224936604;ZTF;ZTF(zg);ZTF
60436.4499421;20.7737446;0.173848033;ZTF;ZTF(zr);ZTF
60438.4119792;20.8959312;0.182920575;ZTF;ZTF(zr);ZTF
60442.4297338;20.8947582;0.182833433;ZTF;ZTF(zr);ZTF
60450.3931829;20.4036751;0.145600319;ZTF;ZTF(zr);ZTF
60459.3672338;21.0207844;0.192191124;ZTF;ZTF(zr);ZTF
60463.2623032;21.2137775;0.206521273;ZTF;ZTF(zr);ZTF
60468.3477199;21.313879;0.21401906;ZTF;ZTF(zg);ZTF
60472.3468056;20.7616882;0.172952771;ZTF;ZTF(zr);ZTF
60475.2775579;21.2196484;0.206957221;ZTF;ZTF(zr);ZTF
60480.3242361;20.7416801;0.171467185;ZTF;ZTF(zr);ZTF
60480.4061111;20.4532413;0.150672257;ZTF;ZTF(zg);ZTF
60487.2998032;20.8129387;0.17675817;ZTF;ZTF(zr);ZTF
60490.28236603;15.68;0.25;NEOWISE;WISE(W1);NEOWISE
