MJD;Magnitude;Error;Facility;Filter;Observer
52263.3574775;20.244455;0.028531065;SDSS;SDSS(r);SDSS
52263.35830676;19.849277;0.025676072;SDSS;SDSS(i);SDSS
52263.35913603;22.855564;0.29664475;SDSS;SDSS(u);SDSS
52263.35996529;19.553984;0.06372661;SDSS;SDSS(z);SDSS
52263.36079456;21.165884;0.03591629;SDSS;SDSS(g);SDSS
52650.3187776;18.917;0.477;LINEAR;LINEAR(CL);LINEAR
52650.3331116;19.248;0.599;LINEAR;LINEAR(CL);LINEAR
52693.2698636;19.388;0.599;LINEAR;LINEAR(CL);LINEAR
52693.332879;19.274;0.612;LINEAR;LINEAR(CL);LINEAR
52721.2411203;19.017;0.455;LINEAR;LINEAR(CL);LINEAR
52721.2538548;19.053;0.47;LINEAR;LINEAR(CL);LINEAR
52721.2666533;19.333;0.609;LINEAR;LINEAR(CL);LINEAR
52721.2794223;19.109;0.512;LINEAR;LINEAR(CL);LINEAR
52750.1830983;18.743;0.416;LINEAR;LINEAR(CL);LINEAR
52750.1938565;18.896;0.459;LINEAR;LINEAR(CL);LINEAR
52750.2046553;18.898;0.487;LINEAR;LINEAR(CL);LINEAR
52750.215408;19.035;0.531;LINEAR;LINEAR(CL);LINEAR
52750.2261835;18.319;0.292;LINEAR;LINEAR(CL);LINEAR
52781.1786561;19.079;0.649;LINEAR;LINEAR(CL);LINEAR
52977.4372579;19.025;0.493;LINEAR;LINEAR(CL);LINEAR
52978.4255925;18.505;0.413;LINEAR;LINEAR(CL);LINEAR
52978.4382273;18.874;0.549;LINEAR;LINEAR(CL);LINEAR
53065.2274735;18.912;0.502;LINEAR;LINEAR(CL);LINEAR
53065.2513714;18.909;0.487;LINEAR;LINEAR(CL);LINEAR
53065.2751782;19.067;0.564;LINEAR;LINEAR(CL);LINEAR
53094.2100534;18.722;0.447;LINEAR;LINEAR(CL);LINEAR
53094.2201653;18.747;0.446;LINEAR;LINEAR(CL);LINEAR
53108.1973452;19.14;0.607;LINEAR;LINEAR(CL);LINEAR
53108.2199028;19.257;0.67;LINEAR;LINEAR(CL);LINEAR
53108.231204;19.026;0.538;LINEAR;LINEAR(CL);LINEAR
53134.1937204;18.586;0.424;LINEAR;LINEAR(CL);LINEAR
53134.2126994;18.591;0.546;LINEAR;LINEAR(CL);LINEAR
53303.4390277;18.131;0.398;LINEAR;LINEAR(CL);LINEAR
53303.4508923;18.315;0.394;LINEAR;LINEAR(CL);LINEAR
53303.4747059;17.519;0.39;LINEAR;LINEAR(CL);LINEAR
53358.3976758;19.121;0.568;LINEAR;LINEAR(CL);LINEAR
53358.4106918;18.829;0.435;LINEAR;LINEAR(CL);LINEAR
53358.4237133;18.834;0.479;LINEAR;LINEAR(CL);LINEAR
53358.4368171;19.074;0.553;LINEAR;LINEAR(CL);LINEAR
53358.4507357;18.965;0.511;LINEAR;LINEAR(CL);LINEAR
53360.3832558;18.646;0.44;LINEAR;LINEAR(CL);LINEAR
53360.3977689;18.657;0.4;LINEAR;LINEAR(CL);LINEAR
53360.4149008;19.047;0.647;LINEAR;LINEAR(CL);LINEAR
53386.378617;19.019;0.479;LINEAR;LINEAR(CL);LINEAR
53386.3916409;18.91;0.435;LINEAR;LINEAR(CL);LINEAR
53441.2619957;19.281;0.57;LINEAR;LINEAR(CL);LINEAR
53461.2288783;18.743;0.437;LINEAR;LINEAR(CL);LINEAR
53461.2392235;19.187;0.67;LINEAR;LINEAR(CL);LINEAR
53490.1933514;18.696;0.483;LINEAR;LINEAR(CL);LINEAR
53490.2040496;19.057;0.57;LINEAR;LINEAR(CL);LINEAR
53531.16093;19.88;0.27;CRTS;CRTS(CL);CRTS
53531.16744;19.73;0.25;CRTS;CRTS(CL);CRTS
53531.17405;19.95;0.28;CRTS;CRTS(CL);CRTS
53686.4484682;18.509;0.309;LINEAR;LINEAR(CL);LINEAR
53686.4616668;18.665;0.355;LINEAR;LINEAR(CL);LINEAR
53686.4745062;19.061;0.511;LINEAR;LINEAR(CL);LINEAR
53686.4877424;18.438;0.289;LINEAR;LINEAR(CL);LINEAR
53686.5006281;18.752;0.385;LINEAR;LINEAR(CL);LINEAR
53714.37582;19.63;0.23;CRTS;CRTS(CL);CRTS
53714.38288;19.62;0.23;CRTS;CRTS(CL);CRTS
53714.38994;19.79;0.25;CRTS;CRTS(CL);CRTS
53714.39706;19.33;0.19;CRTS;CRTS(CL);CRTS
53745.26626;19.73;0.25;CRTS;CRTS(CL);CRTS
53745.28559;19.84;0.26;CRTS;CRTS(CL);CRTS
53745.2953;20.16;0.31;CRTS;CRTS(CL);CRTS
53756.3648161;18.48;0.474;LINEAR;LINEAR(CL);LINEAR
53769.30667;19.55;0.26;CRTS;CRTS(CL);CRTS
53769.31709;19.04;0.2;CRTS;CRTS(CL);CRTS
53769.32776;19.66;0.27;CRTS;CRTS(CL);CRTS
53769.33857;19.59;0.28;CRTS;CRTS(CL);CRTS
53793.21913;19.13;0.18;CRTS;CRTS(CL);CRTS
53793.22474;19.53;0.22;CRTS;CRTS(CL);CRTS
53802.3386768;18.305;0.391;LINEAR;LINEAR(CL);LINEAR
53823.16384;19.43;0.21;CRTS;CRTS(CL);CRTS
53823.17254;19.49;0.22;CRTS;CRTS(CL);CRTS
53823.18148;19.5;0.22;CRTS;CRTS(CL);CRTS
53823.19121;19.45;0.21;CRTS;CRTS(CL);CRTS
53828.2297881;19.035;0.561;LINEAR;LINEAR(CL);LINEAR
53842.189739;18.832;0.518;LINEAR;LINEAR(CL);LINEAR
53854.27365;20.0;0.3;CRTS;CRTS(CL);CRTS
53854.29012;20.22;0.34;CRTS;CRTS(CL);CRTS
53860.29685;19.12;0.22;CRTS;CRTS(CL);CRTS
53863.20314;19.6;0.24;CRTS;CRTS(CL);CRTS
53863.21622;19.83;0.26;CRTS;CRTS(CL);CRTS
53863.22281;19.83;0.27;CRTS;CRTS(CL);CRTS
53884.15935;19.38;0.21;CRTS;CRTS(CL);CRTS
53884.16581;19.31;0.2;CRTS;CRTS(CL);CRTS
53884.17229;19.29;0.2;CRTS;CRTS(CL);CRTS
53884.17878;19.29;0.2;CRTS;CRTS(CL);CRTS
54051.43993;19.48;0.22;CRTS;CRTS(CL);CRTS
54051.45746;19.97;0.28;CRTS;CRTS(CL);CRTS
54051.4595288;18.861;0.647;LINEAR;LINEAR(CL);LINEAR
54059.49948;19.57;0.21;CRTS;CRTS(CL);CRTS
54059.50462;19.06;0.16;CRTS;CRTS(CL);CRTS
54059.5098;19.29;0.18;CRTS;CRTS(CL);CRTS
54059.51494;19.34;0.19;CRTS;CRTS(CL);CRTS
54094.28597;19.95;0.26;CRTS;CRTS(CL);CRTS
54094.29741;19.5;0.2;CRTS;CRTS(CL);CRTS
54094.3088;20.38;0.32;CRTS;CRTS(CL);CRTS
54094.32017;19.28;0.18;CRTS;CRTS(CL);CRTS
54138.28592;19.69;0.26;CRTS;CRTS(CL);CRTS
54138.29027;19.94;0.27;CRTS;CRTS(CL);CRTS
54157.1751;19.82;0.27;CRTS;CRTS(CL);CRTS
54157.19435;19.61;0.24;CRTS;CRTS(CL);CRTS
54157.20453;20.09;0.31;CRTS;CRTS(CL);CRTS
54170.30427;19.14;0.17;CRTS;CRTS(CL);CRTS
54170.30963;19.56;0.21;CRTS;CRTS(CL);CRTS
54170.31496;19.89;0.25;CRTS;CRTS(CL);CRTS
54170.32033;19.5;0.21;CRTS;CRTS(CL);CRTS
54176.13786;19.73;0.23;CRTS;CRTS(CL);CRTS
54176.14701;19.8;0.24;CRTS;CRTS(CL);CRTS
54176.15618;19.52;0.21;CRTS;CRTS(CL);CRTS
54176.1654;19.75;0.23;CRTS;CRTS(CL);CRTS
54202.11864;20.09;0.4;CRTS;CRTS(CL);CRTS
54202.12735;19.68;0.28;CRTS;CRTS(CL);CRTS
54209.24451;19.4;0.2;CRTS;CRTS(CL);CRTS
54209.24827;19.46;0.21;CRTS;CRTS(CL);CRTS
54209.25202;19.87;0.26;CRTS;CRTS(CL);CRTS
54209.25577;19.61;0.22;CRTS;CRTS(CL);CRTS
54246.15462;20.61;0.39;CRTS;CRTS(CL);CRTS
54246.16274;19.62;0.23;CRTS;CRTS(CL);CRTS
54262.16124;20.22;0.22;CRTS;CRTS(CL);CRTS
54262.16925;19.35;0.15;CRTS;CRTS(CL);CRTS
54262.17729;19.46;0.15;CRTS;CRTS(CL);CRTS
54262.18532;19.71;0.17;CRTS;CRTS(CL);CRTS
54407.4721787;18.458;0.358;LINEAR;LINEAR(CL);LINEAR
54407.4845338;18.433;0.343;LINEAR;LINEAR(CL);LINEAR
54416.448865;19.187;0.554;LINEAR;LINEAR(CL);LINEAR
54478.33911;19.48;0.2;CRTS;CRTS(CL);CRTS
54478.34574;19.46;0.2;CRTS;CRTS(CL);CRTS
54478.35237;19.59;0.24;CRTS;CRTS(CL);CRTS
54478.35898;19.69;0.25;CRTS;CRTS(CL);CRTS
54504.2412;19.45;0.2;CRTS;CRTS(CL);CRTS
54504.24666;19.87;0.25;CRTS;CRTS(CL);CRTS
54504.2521;19.53;0.21;CRTS;CRTS(CL);CRTS
54504.25762;19.64;0.22;CRTS;CRTS(CL);CRTS
54525.2786077;19.291;0.577;LINEAR;LINEAR(CL);LINEAR
54525.2900765;18.859;0.373;LINEAR;LINEAR(CL);LINEAR
54525.3017117;18.52;0.277;LINEAR;LINEAR(CL);LINEAR
54525.3134022;18.549;0.279;LINEAR;LINEAR(CL);LINEAR
54539.2248839;18.882;0.545;LINEAR;LINEAR(CL);LINEAR
54632.17948;19.23;0.22;CRTS;CRTS(CL);CRTS
54632.18328;19.61;0.27;CRTS;CRTS(CL);CRTS
54789.49253;19.54;0.21;CRTS;CRTS(CL);CRTS
54789.50463;19.07;0.17;CRTS;CRTS(CL);CRTS
54789.5107;18.78;0.15;CRTS;CRTS(CL);CRTS
54805.38032;19.32;0.19;CRTS;CRTS(CL);CRTS
54805.38797;19.34;0.19;CRTS;CRTS(CL);CRTS
54805.3958;19.06;0.17;CRTS;CRTS(CL);CRTS
54805.40376;19.5;0.2;CRTS;CRTS(CL);CRTS
54850.50103;19.54;0.24;CRTS;CRTS(CL);CRTS
54850.50591;19.67;0.25;CRTS;CRTS(CL);CRTS
54850.51071;19.76;0.26;CRTS;CRTS(CL);CRTS
54850.51558;19.34;0.21;CRTS;CRTS(CL);CRTS
54861.27049;19.4;0.19;CRTS;CRTS(CL);CRTS
54861.27612;19.4;0.19;CRTS;CRTS(CL);CRTS
54861.28171;19.96;0.25;CRTS;CRTS(CL);CRTS
54861.28731;19.81;0.23;CRTS;CRTS(CL);CRTS
54875.37512;19.89;0.28;CRTS;CRTS(CL);CRTS
54875.38975;20.32;0.35;CRTS;CRTS(CL);CRTS
54884.24897;19.29;0.18;CRTS;CRTS(CL);CRTS
54884.25455;19.29;0.18;CRTS;CRTS(CL);CRTS
54884.26013;18.93;0.16;CRTS;CRTS(CL);CRTS
54884.26561;20.01;0.26;CRTS;CRTS(CL);CRTS
54892.16461;19.54;0.21;CRTS;CRTS(CL);CRTS
54892.1757;18.93;0.16;CRTS;CRTS(CL);CRTS
54892.18678;19.33;0.19;CRTS;CRTS(CL);CRTS
54892.19778;19.32;0.19;CRTS;CRTS(CL);CRTS
54905.1992572;19.541284561157227;0.07137206196784973;PTF;PTF(R);PTF
54905.3422372;19.681732177734375;0.09636877477169037;PTF;PTF(R);PTF
54913.16049;19.91;0.25;CRTS;CRTS(CL);CRTS
54913.16604;19.6;0.21;CRTS;CRTS(CL);CRTS
54913.17149;19.74;0.23;CRTS;CRTS(CL);CRTS
54913.17695;19.5;0.2;CRTS;CRTS(CL);CRTS
54920.2072;19.88;0.25;CRTS;CRTS(CL);CRTS
54920.21463;19.18;0.18;CRTS;CRTS(CL);CRTS
54920.22207;19.78;0.24;CRTS;CRTS(CL);CRTS
54920.22945;19.27;0.19;CRTS;CRTS(CL);CRTS
54943.25316;19.55;0.22;CRTS;CRTS(CL);CRTS
54943.26805;19.37;0.2;CRTS;CRTS(CL);CRTS
54943.27346;19.39;0.2;CRTS;CRTS(CL);CRTS
54943.28037;19.53;0.21;CRTS;CRTS(CL);CRTS
55089.5061772;19.42830467224121;0.1135445162653923;PTF;PTF(R);PTF
55143.4008672;19.42911720275879;0.24096569418907166;PTF;PTF(R);PTF
55143.47897;19.33;0.22;CRTS;CRTS(CL);CRTS
55143.48336;19.29;0.22;CRTS;CRTS(CL);CRTS
55143.48773;19.27;0.21;CRTS;CRTS(CL);CRTS
55143.49208;20.21;0.35;CRTS;CRTS(CL);CRTS
55155.43806;19.68;0.23;CRTS;CRTS(CL);CRTS
55155.44347;19.88;0.25;CRTS;CRTS(CL);CRTS
55155.44899;19.51;0.21;CRTS;CRTS(CL);CRTS
55155.45434;19.08;0.17;CRTS;CRTS(CL);CRTS
55183.33834;19.61;0.22;CRTS;CRTS(CL);CRTS
55183.34294;19.64;0.22;CRTS;CRTS(CL);CRTS
55183.34762;19.51;0.21;CRTS;CRTS(CL);CRTS
55183.35228;19.16;0.18;CRTS;CRTS(CL);CRTS
55244.25324;19.39;0.2;CRTS;CRTS(CL);CRTS
55244.26016;19.44;0.2;CRTS;CRTS(CL);CRTS
55244.26707;19.63;0.22;CRTS;CRTS(CL);CRTS
55244.27398;19.53;0.21;CRTS;CRTS(CL);CRTS
55272.32526;19.93;0.26;CRTS;CRTS(CL);CRTS
55272.32866;19.33;0.19;CRTS;CRTS(CL);CRTS
55272.3333;19.55;0.21;CRTS;CRTS(CL);CRTS
55272.33794;19.07;0.17;CRTS;CRTS(CL);CRTS
55272.34261;19.46;0.2;CRTS;CRTS(CL);CRTS
55272.34726;19.39;0.2;CRTS;CRTS(CL);CRTS
55286.1766272;19.727792739868164;0.1503315567970276;PTF;PTF(R);PTF
55286.2203772;19.71735954284668;0.15241678059101105;PTF;PTF(R);PTF
55298.23286;19.7;0.23;CRTS;CRTS(CL);CRTS
55298.23795;19.08;0.17;CRTS;CRTS(CL);CRTS
55298.2431;19.37;0.2;CRTS;CRTS(CL);CRTS
55298.24821;19.44;0.21;CRTS;CRTS(CL);CRTS
55313.2588072;19.76685333251953;0.12027591466903687;PTF;PTF(R);PTF
55313.3053972;19.716569900512695;0.15287287533283234;PTF;PTF(R);PTF
55315.6704063;15.977;0.214;ALLWISE;WISE(W1);ALLWISE
55315.8027105;16.38;0.332;ALLWISE;WISE(W1);ALLWISE
55315.9350148;16.322;0.281;ALLWISE;WISE(W1);ALLWISE
55315.9350148;15.707;0.535;ALLWISE;WISE(W2);ALLWISE
55316.0012306;16.572;0.358;ALLWISE;WISE(W1);ALLWISE
55316.0012306;14.96;0.281;ALLWISE;WISE(W2);ALLWISE
55316.0673191;16.084;0.215;ALLWISE;WISE(W1);ALLWISE
55316.1335349;16.152;0.25;ALLWISE;WISE(W1);ALLWISE
55316.1996234;15.798;0.185;ALLWISE;WISE(W1);ALLWISE
55316.2658392;16.095;0.229;ALLWISE;WISE(W1);ALLWISE
55316.3319277;15.433;0.428;ALLWISE;WISE(W2);ALLWISE
55316.3319277;16.972;0.524;ALLWISE;WISE(W1);ALLWISE
55316.3981435;16.649;0.361;ALLWISE;WISE(W1);ALLWISE
55316.5304478;16.341;0.298;ALLWISE;WISE(W1);ALLWISE
55316.6627521;15.462;0.428;ALLWISE;WISE(W2);ALLWISE
55316.6627521;16.676;0.397;ALLWISE;WISE(W1);ALLWISE
55316.7950564;15.913;0.279;ALLWISE;WISE(W1);ALLWISE
55316.7950564;15.381;0.404;ALLWISE;WISE(W2);ALLWISE
55327.17917;19.31;0.19;CRTS;CRTS(CL);CRTS
55327.18558;19.41;0.2;CRTS;CRTS(CL);CRTS
55327.19222;19.46;0.21;CRTS;CRTS(CL);CRTS
55327.19848;19.42;0.2;CRTS;CRTS(CL);CRTS
55343.1954072;19.47599983215332;0.13124363124370575;PTF;PTF(R);PTF
55343.2386472;19.778635025024414;0.13072533905506134;PTF;PTF(R);PTF
55350.1812072;19.66144371032715;0.11468181759119034;PTF;PTF(R);PTF
55350.2252372;19.46294403076172;0.0838588997721672;PTF;PTF(R);PTF
55465.5071572;19.918733596801758;0.14316873252391815;PTF;PTF(R);PTF
55497.46678;19.45;0.24;CRTS;CRTS(CL);CRTS
55497.47811;20.19;0.35;CRTS;CRTS(CL);CRTS
55506.7813567;15.612;0.512;ALLWISE;WISE(W2);ALLWISE
55506.7813567;16.331;0.291;ALLWISE;WISE(W1);ALLWISE
55506.9136607;16.196;0.245;ALLWISE;WISE(W1);ALLWISE
55507.0459648;16.393;0.292;ALLWISE;WISE(W1);ALLWISE
55507.1781416;15.903;0.197;ALLWISE;WISE(W1);ALLWISE
55507.2443573;15.806;0.177;ALLWISE;WISE(W1);ALLWISE
55507.3104457;16.877;0.457;ALLWISE;WISE(W1);ALLWISE
55507.376534;16.236;0.257;ALLWISE;WISE(W1);ALLWISE
55507.4427498;16.164;0.234;ALLWISE;WISE(W1);ALLWISE
55507.5088381;15.963;0.207;ALLWISE;WISE(W1);ALLWISE
55507.5088381;15.066;0.312;ALLWISE;WISE(W2);ALLWISE
55507.5749264;15.579;0.529;ALLWISE;WISE(W2);ALLWISE
55507.5750538;16.306;0.277;ALLWISE;WISE(W1);ALLWISE
55507.6411422;16.306;0.268;ALLWISE;WISE(W1);ALLWISE
55507.905623;16.587;0.36;ALLWISE;WISE(W1);ALLWISE
55562.2213872;19.65777015686035;0.2312561422586441;PTF;PTF(R);PTF
55562.2935172;20.543601989746094;0.22043830156326294;PTF;PTF(g);PTF
55566.2762972;19.45195770263672;0.08622517436742783;PTF;PTF(R);PTF
55567.2298472;20.82297134399414;0.29835090041160583;PTF;PTF(g);PTF
55569.4415472;20.2373104095459;0.15792907774448395;PTF;PTF(g);PTF
55572.2311672;19.26349639892578;0.13363778591156006;PTF;PTF(R);PTF
55575.27016;19.22;0.22;CRTS;CRTS(CL);CRTS
55575.27653;19.65;0.28;CRTS;CRTS(CL);CRTS
55575.28292;19.66;0.28;CRTS;CRTS(CL);CRTS
55575.28932;19.3;0.23;CRTS;CRTS(CL);CRTS
55591.34388;19.63;0.23;CRTS;CRTS(CL);CRTS
55591.35047;19.31;0.19;CRTS;CRTS(CL);CRTS
55591.35712;19.48;0.21;CRTS;CRTS(CL);CRTS
55591.36389;19.54;0.21;CRTS;CRTS(CL);CRTS
55601.2334;19.7;0.24;CRTS;CRTS(CL);CRTS
55601.23982;19.83;0.26;CRTS;CRTS(CL);CRTS
55601.24622;19.07;0.18;CRTS;CRTS(CL);CRTS
55601.25262;19.54;0.22;CRTS;CRTS(CL);CRTS
55602.29643;19.59;0.19;CRTS;CRTS(CL);CRTS
55602.30266;19.57;0.19;CRTS;CRTS(CL);CRTS
55602.3089;19.16;0.16;CRTS;CRTS(CL);CRTS
55602.31514;19.47;0.18;CRTS;CRTS(CL);CRTS
55628.23177;19.49;0.22;CRTS;CRTS(CL);CRTS
55628.23918;19.8;0.25;CRTS;CRTS(CL);CRTS
55628.24664;19.41;0.21;CRTS;CRTS(CL);CRTS
55628.25417;19.29;0.2;CRTS;CRTS(CL);CRTS
55679.25605;19.88;0.27;CRTS;CRTS(CL);CRTS
55679.26178;19.09;0.18;CRTS;CRTS(CL);CRTS
55679.26751;19.65;0.24;CRTS;CRTS(CL);CRTS
55679.27328;19.57;0.23;CRTS;CRTS(CL);CRTS
55694.23363;19.63;0.26;CRTS;CRTS(CL);CRTS
55694.23981;19.0;0.19;CRTS;CRTS(CL);CRTS
55694.25225;19.25;0.22;CRTS;CRTS(CL);CRTS
55867.46369;19.52;0.18;CRTS;CRTS(CL);CRTS
55867.47052;19.66;0.19;CRTS;CRTS(CL);CRTS
55867.47734;19.85;0.21;CRTS;CRTS(CL);CRTS
55867.48414;19.97;0.23;CRTS;CRTS(CL);CRTS
55880.4436772;19.590450286865234;0.1389806568622589;PTF;PTF(R);PTF
55880.4448272;19.53789520263672;0.16575148701667786;PTF;PTF(R);PTF
55923.37839;19.75;0.2;CRTS;CRTS(CL);CRTS
55923.38661;19.29;0.16;CRTS;CRTS(CL);CRTS
55923.3949;19.45;0.17;CRTS;CRTS(CL);CRTS
55923.4032;19.2;0.16;CRTS;CRTS(CL);CRTS
55945.46484;19.41;0.2;CRTS;CRTS(CL);CRTS
55945.47042;19.47;0.21;CRTS;CRTS(CL);CRTS
55945.47592;19.0;0.16;CRTS;CRTS(CL);CRTS
55945.48149;19.41;0.2;CRTS;CRTS(CL);CRTS
55958.39557;19.47;0.21;CRTS;CRTS(CL);CRTS
55958.40057;19.58;0.22;CRTS;CRTS(CL);CRTS
55958.40568;19.27;0.19;CRTS;CRTS(CL);CRTS
55958.4108;19.31;0.19;CRTS;CRTS(CL);CRTS
55981.33654;19.16;0.18;CRTS;CRTS(CL);CRTS
55981.3432;19.5;0.21;CRTS;CRTS(CL);CRTS
55981.34989;19.78;0.24;CRTS;CRTS(CL);CRTS
55981.35652;19.65;0.23;CRTS;CRTS(CL);CRTS
55989.13302;19.59;0.22;CRTS;CRTS(CL);CRTS
55989.1381;19.43;0.21;CRTS;CRTS(CL);CRTS
55989.14317;19.75;0.24;CRTS;CRTS(CL);CRTS
56018.1461;19.03;0.17;CRTS;CRTS(CL);CRTS
56018.1547;19.18;0.18;CRTS;CRTS(CL);CRTS
56018.16333;19.98;0.27;CRTS;CRTS(CL);CRTS
56018.17197;18.72;0.15;CRTS;CRTS(CL);CRTS
56045.24128;19.34;0.2;CRTS;CRTS(CL);CRTS
56045.25842;19.31;0.19;CRTS;CRTS(CL);CRTS
56045.26704;19.13;0.18;CRTS;CRTS(CL);CRTS
56067.21553;19.42;0.2;CRTS;CRTS(CL);CRTS
56067.22224;19.13;0.17;CRTS;CRTS(CL);CRTS
56067.22896;19.49;0.21;CRTS;CRTS(CL);CRTS
56067.23568;20.03;0.28;CRTS;CRTS(CL);CRTS
56087.15749;19.22;0.18;CRTS;CRTS(CL);CRTS
56087.16253;19.36;0.19;CRTS;CRTS(CL);CRTS
56087.16763;18.75;0.15;CRTS;CRTS(CL);CRTS
56087.17278;19.63;0.22;CRTS;CRTS(CL);CRTS
56272.52121;19.5;0.18;CRTS;CRTS(CL);CRTS
56272.52485;19.17;0.16;CRTS;CRTS(CL);CRTS
56272.52853;19.44;0.18;CRTS;CRTS(CL);CRTS
56272.53215;19.28;0.16;CRTS;CRTS(CL);CRTS
56299.35977;19.55;0.27;CRTS;CRTS(CL);CRTS
56299.36576;19.38;0.2;CRTS;CRTS(CL);CRTS
56299.37176;19.58;0.22;CRTS;CRTS(CL);CRTS
56306.47356;19.43;0.17;CRTS;CRTS(CL);CRTS
56306.48011;19.48;0.18;CRTS;CRTS(CL);CRTS
56306.48666;19.07;0.15;CRTS;CRTS(CL);CRTS
56306.49318;19.54;0.18;CRTS;CRTS(CL);CRTS
56314.25211;19.65;0.23;CRTS;CRTS(CL);CRTS
56314.2608;19.49;0.21;CRTS;CRTS(CL);CRTS
56314.26951;19.68;0.23;CRTS;CRTS(CL);CRTS
56314.27823;19.55;0.22;CRTS;CRTS(CL);CRTS
56325.20742;19.78;0.25;CRTS;CRTS(CL);CRTS
56325.21376;19.77;0.25;CRTS;CRTS(CL);CRTS
56325.22004;19.89;0.29;CRTS;CRTS(CL);CRTS
56325.22633;19.57;0.23;CRTS;CRTS(CL);CRTS
56334.43811;19.38;0.17;CRTS;CRTS(CL);CRTS
56334.44689;18.91;0.14;CRTS;CRTS(CL);CRTS
56334.45309;19.52;0.18;CRTS;CRTS(CL);CRTS
56334.4593;19.35;0.17;CRTS;CRTS(CL);CRTS
56394.19331;19.79;0.25;CRTS;CRTS(CL);CRTS
56394.19891;19.31;0.2;CRTS;CRTS(CL);CRTS
56394.20457;19.11;0.19;CRTS;CRTS(CL);CRTS
56394.21027;19.3;0.2;CRTS;CRTS(CL);CRTS
56402.14855;19.4;0.2;CRTS;CRTS(CL);CRTS
56402.15359;19.29;0.19;CRTS;CRTS(CL);CRTS
56402.15866;19.56;0.22;CRTS;CRTS(CL);CRTS
56420.19115;20.04;0.29;CRTS;CRTS(CL);CRTS
56420.20144;19.45;0.21;CRTS;CRTS(CL);CRTS
56420.2118;19.74;0.25;CRTS;CRTS(CL);CRTS
56420.22204;19.43;0.21;CRTS;CRTS(CL);CRTS
56433.22962;19.69;0.24;CRTS;CRTS(CL);CRTS
56433.23526;19.17;0.19;CRTS;CRTS(CL);CRTS
56777.67589241;16.476;0.309;NEOWISE;WISE(W1);NEOWISE
56777.80755997;16.158;0.243;NEOWISE;WISE(W1);NEOWISE
56777.80755997;15.274;0.43;NEOWISE;WISE(W2);NEOWISE
56777.93910021;15.975;0.338;NEOWISE;WISE(W1);NEOWISE
56778.13660159;16.376;0.337;NEOWISE;WISE(W1);NEOWISE
56778.13660159;15.541;0.539;NEOWISE;WISE(W2);NEOWISE
56778.20230804;16.358;0.283;NEOWISE;WISE(W1);NEOWISE
56778.20243537;16.172;0.25;NEOWISE;WISE(W1);NEOWISE
56778.26814178;16.078;0.237;NEOWISE;WISE(W1);NEOWISE
56778.33397556;16.088;0.229;NEOWISE;WISE(W1);NEOWISE
56778.39980939;14.701;0.154;NEOWISE;WISE(W1);NEOWISE
56778.46564316;16.008;0.254;NEOWISE;WISE(W1);NEOWISE
56778.53147694;15.382;0.485;NEOWISE;WISE(W2);NEOWISE
56778.66314449;15.888;0.192;NEOWISE;WISE(W1);NEOWISE
56778.79481205;16.352;0.354;NEOWISE;WISE(W1);NEOWISE
56968.7930528;16.627;0.374;NEOWISE;WISE(W1);NEOWISE
56969.05600583;16.212;0.252;NEOWISE;WISE(W1);NEOWISE
56969.18754596;16.313;0.259;NEOWISE;WISE(W1);NEOWISE
56969.25325238;16.39;0.317;NEOWISE;WISE(W1);NEOWISE
56969.31908618;15.842;0.261;NEOWISE;WISE(W1);NEOWISE
56969.38479251;15.84;0.182;NEOWISE;WISE(W1);NEOWISE
56969.45049894;16.078;0.398;NEOWISE;WISE(W1);NEOWISE
56969.6477455;16.143;0.296;NEOWISE;WISE(W1);NEOWISE
56969.77928572;15.989;0.296;NEOWISE;WISE(W1);NEOWISE
56969.91069853;16.549;0.383;NEOWISE;WISE(W1);NEOWISE
56975.43322566;16.033;0.225;NEOWISE;WISE(W1);NEOWISE
57136.88031172;15.794;0.234;NEOWISE;WISE(W1);NEOWISE
57136.88043909;15.242;0.39;NEOWISE;WISE(W2);NEOWISE
57136.88043909;16.078;0.207;NEOWISE;WISE(W1);NEOWISE
57137.01159747;16.464;0.337;NEOWISE;WISE(W1);NEOWISE
57137.14288325;16.171;0.269;NEOWISE;WISE(W1);NEOWISE
57137.27416904;15.926;0.197;NEOWISE;WISE(W1);NEOWISE
57137.33987557;16.122;0.309;NEOWISE;WISE(W1);NEOWISE
57137.33987557;14.877;0.401;NEOWISE;WISE(W2);NEOWISE
57137.47116131;15.74;0.164;NEOWISE;WISE(W1);NEOWISE
57137.60244709;16.795;0.464;NEOWISE;WISE(W1);NEOWISE
57137.73373284;16.213;0.263;NEOWISE;WISE(W1);NEOWISE
57139.768343;15.957;0.439;NEOWISE;WISE(W1);NEOWISE
57139.89962869;16.836;0.465;NEOWISE;WISE(W1);NEOWISE
57139.96520791;15.883;0.226;NEOWISE;WISE(W1);NEOWISE
57139.96533522;15.341;0.445;NEOWISE;WISE(W2);NEOWISE
57139.96533522;16.044;0.24;NEOWISE;WISE(W1);NEOWISE
57140.03091439;16.278;0.326;NEOWISE;WISE(W1);NEOWISE
57140.09649354;16.664;0.477;NEOWISE;WISE(W1);NEOWISE
57140.22777924;16.107;0.237;NEOWISE;WISE(W1);NEOWISE
57140.29348576;15.909;0.201;NEOWISE;WISE(W1);NEOWISE
57140.49035063;16.002;0.205;NEOWISE;WISE(W1);NEOWISE
57140.75292197;16.468;0.321;NEOWISE;WISE(W1);NEOWISE
57333.6500288;16.153;0.238;NEOWISE;WISE(W1);NEOWISE
57333.78118715;15.97;0.206;NEOWISE;WISE(W1);NEOWISE
57333.91234546;15.516;0.526;NEOWISE;WISE(W2);NEOWISE
57334.04350377;15.723;0.263;NEOWISE;WISE(W1);NEOWISE
57334.10908291;16.908;0.471;NEOWISE;WISE(W1);NEOWISE
57334.10921028;15.87;0.188;NEOWISE;WISE(W1);NEOWISE
57334.17466199;16.23;0.287;NEOWISE;WISE(W1);NEOWISE
57334.17478935;15.998;0.266;NEOWISE;WISE(W1);NEOWISE
57334.24024112;16.289;0.315;NEOWISE;WISE(W1);NEOWISE
57334.2403685;16.14;0.373;NEOWISE;WISE(W1);NEOWISE
57334.2403685;15.216;0.371;NEOWISE;WISE(W2);NEOWISE
57334.30582025;15.414;0.528;NEOWISE;WISE(W2);NEOWISE
57334.30582025;16.472;0.36;NEOWISE;WISE(W1);NEOWISE
57334.30594763;16.327;0.405;NEOWISE;WISE(W1);NEOWISE
57334.37152676;16.166;0.3;NEOWISE;WISE(W1);NEOWISE
57334.43710594;15.714;0.238;NEOWISE;WISE(W1);NEOWISE
57334.50268507;15.839;0.221;NEOWISE;WISE(W1);NEOWISE
57334.63384338;16.556;0.349;NEOWISE;WISE(W1);NEOWISE
57334.63384338;15.463;0.536;NEOWISE;WISE(W2);NEOWISE
57334.76500169;15.299;0.398;NEOWISE;WISE(W2);NEOWISE
57334.76500169;16.142;0.224;NEOWISE;WISE(W1);NEOWISE
57498.50193609;16.223;0.234;NEOWISE;WISE(W1);NEOWISE
57498.63296709;16.054;0.238;NEOWISE;WISE(W1);NEOWISE
57498.76399866;16.264;0.302;NEOWISE;WISE(W1);NEOWISE
57498.89502965;15.844;0.207;NEOWISE;WISE(W1);NEOWISE
57499.02618807;16.191;0.234;NEOWISE;WISE(W1);NEOWISE
57499.15721906;15.839;0.192;NEOWISE;WISE(W1);NEOWISE
57499.28825002;16.154;0.243;NEOWISE;WISE(W1);NEOWISE
57499.48486017;16.421;0.282;NEOWISE;WISE(W1);NEOWISE
57499.48486017;15.517;0.493;NEOWISE;WISE(W2);NEOWISE
57499.61589117;15.858;0.195;NEOWISE;WISE(W1);NEOWISE
57697.88163082;15.396;0.495;NEOWISE;WISE(W2);NEOWISE
57697.88163082;16.16;0.256;NEOWISE;WISE(W1);NEOWISE
57698.14369377;15.95;0.203;NEOWISE;WISE(W1);NEOWISE
57698.27472486;15.781;0.176;NEOWISE;WISE(W1);NEOWISE
57698.34017679;16.889;0.484;NEOWISE;WISE(W1);NEOWISE
57698.40575605;16.022;0.23;NEOWISE;WISE(W1);NEOWISE
57698.47120799;16.243;0.263;NEOWISE;WISE(W1);NEOWISE
57698.53678725;16.172;0.236;NEOWISE;WISE(W1);NEOWISE
57698.53678725;15.084;0.423;NEOWISE;WISE(W2);NEOWISE
57698.60223909;16.091;0.275;NEOWISE;WISE(W1);NEOWISE
57698.73327022;15.901;0.253;NEOWISE;WISE(W1);NEOWISE
57859.03854119;15.734;0.509;NEOWISE;WISE(W1);NEOWISE
57859.03866851;16.692;0.376;NEOWISE;WISE(W1);NEOWISE
57859.16957208;15.868;0.226;NEOWISE;WISE(W1);NEOWISE
57859.30047572;16.638;0.525;NEOWISE;WISE(W1);NEOWISE
57859.43150662;15.873;0.274;NEOWISE;WISE(W1);NEOWISE
57859.49695844;16.266;0.249;NEOWISE;WISE(W1);NEOWISE
57859.56241025;16.222;0.25;NEOWISE;WISE(W1);NEOWISE
57859.62786203;16.444;0.31;NEOWISE;WISE(W1);NEOWISE
57859.69344116;16.755;0.437;NEOWISE;WISE(W1);NEOWISE
57859.82434473;16.252;0.275;NEOWISE;WISE(W1);NEOWISE
57859.88979655;16.468;0.313;NEOWISE;WISE(W1);NEOWISE
57860.0208275;16.361;0.272;NEOWISE;WISE(W1);NEOWISE
57860.15173109;15.975;0.202;NEOWISE;WISE(W1);NEOWISE
58062.08046073;16.283;0.27;NEOWISE;WISE(W1);NEOWISE
58062.21136409;16.253;0.347;NEOWISE;WISE(W1);NEOWISE
58062.4732983;16.08;0.245;NEOWISE;WISE(W1);NEOWISE
58062.53875;15.372;0.497;NEOWISE;WISE(W2);NEOWISE
58062.53875;15.881;0.231;NEOWISE;WISE(W1);NEOWISE
58062.66965345;16.025;0.218;NEOWISE;WISE(W1);NEOWISE
58062.9314603;16.344;0.371;NEOWISE;WISE(W1);NEOWISE
58063.0623637;15.943;0.251;NEOWISE;WISE(W1);NEOWISE
58217.2108796;19.9348583;0.158670351;ZTF;ZTF(zr);ZTF
58218.2647106;19.7445374;0.138086528;ZTF;ZTF(zr);ZTF
58219.210544;19.7917728;0.143024683;ZTF;ZTF(zr);ZTF
58219.60878613;16.4;0.283;NEOWISE;WISE(W1);NEOWISE
58219.73968969;15.712;0.23;NEOWISE;WISE(W1);NEOWISE
58219.87059329;16.029;0.286;NEOWISE;WISE(W1);NEOWISE
58220.06682123;15.975;0.24;NEOWISE;WISE(W1);NEOWISE
58220.13189103;15.754;0.16;NEOWISE;WISE(W1);NEOWISE
58220.19721537;16.03;0.285;NEOWISE;WISE(W1);NEOWISE
58220.19734273;16.147;0.227;NEOWISE;WISE(W1);NEOWISE
58220.26317648;16.203;0.245;NEOWISE;WISE(W1);NEOWISE
58220.32862823;16.107;0.242;NEOWISE;WISE(W1);NEOWISE
58220.39408003;16.02;0.221;NEOWISE;WISE(W1);NEOWISE
58220.45902238;16.232;0.343;NEOWISE;WISE(W1);NEOWISE
58220.45902238;15.116;0.471;NEOWISE;WISE(W2);NEOWISE
58220.59043529;17.048;0.526;NEOWISE;WISE(W1);NEOWISE
58220.59043529;14.793;0.418;NEOWISE;WISE(W2);NEOWISE
58222.2540741;19.8705101;0.151511908;ZTF;ZTF(zr);ZTF
58223.1875231;19.8528042;0.149576366;ZTF;ZTF(zr);ZTF
58223.1909144;19.8455753;0.148790553;ZTF;ZTF(zr);ZTF
58226.2566551;19.802393;0.144151002;ZTF;ZTF(zr);ZTF
58229.1924537;19.8725662;0.15173769;ZTF;ZTF(zr);ZTF
58232.2993866;19.2447186;0.10064055;ZTF;ZTF(zi);ZTF
58242.153287;19.748106;0.138455376;ZTF;ZTF(zr);ZTF
58245.1601042;19.7795143;0.141731679;ZTF;ZTF(zr);ZTF
58245.2178472;20.4809456;0.219010338;ZTF;ZTF(zg);ZTF
58246.2849537;19.4896927;0.120370626;ZTF;ZTF(zi);ZTF
58248.1671181;19.690815;0.132616431;ZTF;ZTF(zr);ZTF
58248.1780556;20.8270302;0.250503659;ZTF;ZTF(zg);ZTF
58254.1741898;19.9083023;0.155693188;ZTF;ZTF(zr);ZTF
58262.1782755;19.6520271;0.128766164;ZTF;ZTF(zr);ZTF
58262.2361111;19.5359287;0.117750898;ZTF;ZTF(zr);ZTF
58263.197662;19.7873421;0.142556444;ZTF;ZTF(zr);ZTF
58266.2196991;19.5859776;0.128705874;ZTF;ZTF(zi);ZTF
58266.257662;19.5737991;0.121259406;ZTF;ZTF(zr);ZTF
58266.2585764;19.6031609;0.124036118;ZTF;ZTF(zr);ZTF
58271.1822454;19.7987614;0.143765211;ZTF;ZTF(zr);ZTF
58274.2361227;20.8964405;0.256995797;ZTF;ZTF(zg);ZTF
58274.237037;20.7441311;0.24274981;ZTF;ZTF(zg);ZTF
58277.2022801;20.4264526;0.215658292;ZTF;ZTF(zg);ZTF
58278.2422917;19.6282845;0.126451179;ZTF;ZTF(zr);ZTF
58278.243206;19.788105;0.142636999;ZTF;ZTF(zr);ZTF
58279.1827894;19.7961693;0.1434903;ZTF;ZTF(zr);ZTF
58279.1996412;21.0772934;0.273911595;ZTF;ZTF(zg);ZTF
58280.1855903;19.8023033;0.144141495;ZTF;ZTF(zr);ZTF
58280.2213542;20.5293999;0.222665191;ZTF;ZTF(zg);ZTF
58284.1795602;19.8109779;0.145065904;ZTF;ZTF(zr);ZTF
58380.5151852;20.6697922;0.235796571;ZTF;ZTF(zg);ZTF
58388.5302894;19.8306885;0.147180468;ZTF;ZTF(zr);ZTF
58397.4856713;20.8279495;0.250589609;ZTF;ZTF(zg);ZTF
58397.5234838;19.7654991;0.140263319;ZTF;ZTF(zr);ZTF
58422.5200347;19.7534637;0.139010608;ZTF;ZTF(zr);ZTF
58423.512963;19.7352104;0.137125552;ZTF;ZTF(zr);ZTF
58423.513912;19.6318226;0.126794159;ZTF;ZTF(zr);ZTF
58424.4997801;20.6671181;0.23554647;ZTF;ZTF(zg);ZTF
58424.5304167;19.6896648;0.132501021;ZTF;ZTF(zr);ZTF
58425.4859838;19.6578941;0.129343197;ZTF;ZTF(zr);ZTF
58426.4839005;20.7842693;0.246504068;ZTF;ZTF(zg);ZTF
58426.496331;20.8115692;0.249057531;ZTF;ZTF(zg);ZTF
58426.5262731;19.7571926;0.139397904;ZTF;ZTF(zr);ZTF
58426.5272338;19.8047428;0.144401133;ZTF;ZTF(zr);ZTF
58426.5467014;19.6383228;0.135129809;ZTF;ZTF(zr);ZTF
58427.4882639;19.681633;0.131697461;ZTF;ZTF(zr);ZTF
58427.5459606;20.4458694;0.182563365;ZTF;ZTF(zg);ZTF
58428.5060069;19.6108131;0.124767989;ZTF;ZTF(zr);ZTF
58428.5354398;20.3394146;0.209163919;ZTF;ZTF(zg);ZTF
58429.35692259;16.124;0.236;NEOWISE;WISE(W1);NEOWISE
58429.48731662;16.353;0.384;NEOWISE;WISE(W1);NEOWISE
58429.4968981;20.6265335;0.231750488;ZTF;ZTF(zg);ZTF
58429.4979051;20.8118343;0.249082327;ZTF;ZTF(zg);ZTF
58429.532419;19.7937508;0.143234;ZTF;ZTF(zr);ZTF
58429.55315025;16.258;0.292;NEOWISE;WISE(W1);NEOWISE
58429.55327762;16.303;0.298;NEOWISE;WISE(W1);NEOWISE
58429.61860199;16.271;0.295;NEOWISE;WISE(W1);NEOWISE
58429.68405368;15.913;0.19;NEOWISE;WISE(W1);NEOWISE
58429.814957;16.093;0.243;NEOWISE;WISE(W1);NEOWISE
58429.94586038;16.516;0.331;NEOWISE;WISE(W1);NEOWISE
58430.07676376;16.199;0.286;NEOWISE;WISE(W1);NEOWISE
58430.4099421;20.6686096;0.19965899;ZTF;ZTF(zg);ZTF
58430.4910764;19.8725548;0.151736364;ZTF;ZTF(zr);ZTF
58432.4740394;20.8440647;0.252096891;ZTF;ZTF(zg);ZTF
58432.4749769;21.0174141;0.268310905;ZTF;ZTF(zg);ZTF
58432.5294444;19.870697;0.151532426;ZTF;ZTF(zr);ZTF
58432.5318634;19.9396248;0.159208104;ZTF;ZTF(zr);ZTF
58434.4735185;19.4495163;0.110053927;ZTF;ZTF(zr);ZTF
58437.5142477;20.5877037;0.228118539;ZTF;ZTF(zg);ZTF
58437.525463;19.7521591;0.138875231;ZTF;ZTF(zr);ZTF
58438.4676042;20.7674274;0.244928718;ZTF;ZTF(zg);ZTF
58438.5328819;19.834095;0.147547975;ZTF;ZTF(zr);ZTF
58439.3681019;19.8066025;0.150661215;ZTF;ZTF(zr);ZTF
58440.5339583;19.7703209;0.140767246;ZTF;ZTF(zr);ZTF
58440.5348958;19.7021294;0.133755282;ZTF;ZTF(zr);ZTF
58441.4943519;20.7113972;0.239688039;ZTF;ZTF(zg);ZTF
58441.5288542;19.8840599;0.15300338;ZTF;ZTF(zr);ZTF
58443.4484259;19.8564529;0.149974003;ZTF;ZTF(zr);ZTF
58443.449375;19.965168;0.162106007;ZTF;ZTF(zr);ZTF
58443.5334144;20.8212833;0.249966145;ZTF;ZTF(zg);ZTF
58447.4316435;19.7162552;0.135187104;ZTF;ZTF(zr);ZTF
58447.5315046;19.6058445;0.124292478;ZTF;ZTF(zr);ZTF
58447.5324306;19.7450047;0.138134792;ZTF;ZTF(zr);ZTF
58448.4877199;19.8402824;0.148216829;ZTF;ZTF(zr);ZTF
58448.5294792;19.8237057;0.146429136;ZTF;ZTF(zr);ZTF
58449.4287731;19.7478333;0.145186603;ZTF;ZTF(zr);ZTF
58449.5054398;19.8788376;0.152427495;ZTF;ZTF(zr);ZTF
58450.4665278;20.5940552;0.228712678;ZTF;ZTF(zg);ZTF
58450.5330324;19.8867435;0.153299764;ZTF;ZTF(zr);ZTF
58450.5339468;19.846674;0.148909867;ZTF;ZTF(zr);ZTF
58455.469456;19.6799583;0.131530344;ZTF;ZTF(zr);ZTF
58455.4743403;19.7334824;0.136947975;ZTF;ZTF(zr);ZTF
58455.5080093;19.7263222;0.136214182;ZTF;ZTF(zr);ZTF
58455.5304977;20.0557404;0.172587246;ZTF;ZTF(zr);ZTF
58461.5280324;19.7670269;0.140422821;ZTF;ZTF(zr);ZTF
58461.5289468;19.7091179;0.134462327;ZTF;ZTF(zr);ZTF
58464.4864468;20.6897984;0.237667799;ZTF;ZTF(zg);ZTF
58465.496794;19.7170258;0.135265455;ZTF;ZTF(zr);ZTF
58465.5383681;20.622509;0.231374025;ZTF;ZTF(zg);ZTF
58468.4553009;20.9007378;0.257397771;ZTF;ZTF(zg);ZTF
58468.4849653;19.8933163;0.154027075;ZTF;ZTF(zr);ZTF
58469.5113657;20.8935165;0.256722331;ZTF;ZTF(zg);ZTF
58471.5335185;19.7070236;0.134250149;ZTF;ZTF(zr);ZTF
58471.5344676;19.9049339;0.155317783;ZTF;ZTF(zr);ZTF
58472.4166319;19.7876091;0.14888829;ZTF;ZTF(zr);ZTF
58472.5072454;20.55443;0.225006342;ZTF;ZTF(zg);ZTF
58472.5475926;19.8347073;0.147614121;ZTF;ZTF(zr);ZTF
58474.3439236;19.8318825;0.147309229;ZTF;ZTF(zr);ZTF
58476.4564005;19.9565029;0.164638489;ZTF;ZTF(zr);ZTF
58480.4480208;19.7123795;0.134793192;ZTF;ZTF(zr);ZTF
58481.442963;19.559803;0.128097713;ZTF;ZTF(zr);ZTF
58486.4961806;19.9061565;0.15545404;ZTF;ZTF(zr);ZTF
58486.4976389;19.6324959;0.126859412;ZTF;ZTF(zr);ZTF
58487.4328704;19.7180576;0.135370567;ZTF;ZTF(zr);ZTF
58491.4466088;20.3860855;0.212801993;ZTF;ZTF(zg);ZTF
58492.5128588;20.7671089;0.244899035;ZTF;ZTF(zg);ZTF
58493.4516782;19.8026524;0.150292248;ZTF;ZTF(zr);ZTF
58493.517662;19.9007168;0.154848516;ZTF;ZTF(zr);ZTF
58493.5362384;21.0373936;0.270179629;ZTF;ZTF(zg);ZTF
58494.4846412;20.7457504;0.242901206;ZTF;ZTF(zg);ZTF
58502.4126968;19.6196308;0.125615224;ZTF;ZTF(zr);ZTF
58502.433206;19.730793;0.136672005;ZTF;ZTF(zr);ZTF
58502.5153472;19.6398735;0.127577141;ZTF;ZTF(zr);ZTF
58502.5162963;19.564785;0.120416805;ZTF;ZTF(zr);ZTF
58503.3819444;19.5131836;0.115683272;ZTF;ZTF(zr);ZTF
58503.3993866;19.7355843;0.137163922;ZTF;ZTF(zr);ZTF
58503.4167593;19.9177208;0.156745389;ZTF;ZTF(zr);ZTF
58503.4332639;19.7100086;0.134552598;ZTF;ZTF(zr);ZTF
58503.4496644;19.9691639;0.162561834;ZTF;ZTF(zr);ZTF
58505.3206597;19.3952312;0.105437867;ZTF;ZTF(zr);ZTF
58506.2565625;19.5853634;0.122347191;ZTF;ZTF(zr);ZTF
58506.3048148;19.5547657;0.119485818;ZTF;ZTF(zr);ZTF
58506.3210532;19.2754498;0.0958445594;ZTF;ZTF(zr);ZTF
58506.3559144;19.7693233;0.140662968;ZTF;ZTF(zr);ZTF
58506.3735532;19.5396461;0.118091598;ZTF;ZTF(zr);ZTF
58506.3899769;19.4809933;0.11280793;ZTF;ZTF(zr);ZTF
58506.4314005;19.4795837;0.112683319;ZTF;ZTF(zr);ZTF
58507.2736921;19.7747345;0.141229793;ZTF;ZTF(zr);ZTF
58507.2945602;19.8231544;0.146369845;ZTF;ZTF(zr);ZTF
58507.2975116;19.6975327;0.133291751;ZTF;ZTF(zr);ZTF
58507.300463;19.6892052;0.132455021;ZTF;ZTF(zr);ZTF
58507.3034144;19.9961548;0.165657505;ZTF;ZTF(zr);ZTF
58507.3063657;19.7982788;0.143713966;ZTF;ZTF(zr);ZTF
58507.3093171;19.7648354;0.140193999;ZTF;ZTF(zr);ZTF
58507.3122685;19.7430248;0.137930363;ZTF;ZTF(zr);ZTF
58507.3152199;19.9390354;0.159141496;ZTF;ZTF(zr);ZTF
58507.3181713;19.7704754;0.140783474;ZTF;ZTF(zr);ZTF
58507.3211227;19.7268047;0.13626343;ZTF;ZTF(zr);ZTF
58507.3240741;19.9530373;0.160726309;ZTF;ZTF(zr);ZTF
58507.3270255;19.7769318;0.141460359;ZTF;ZTF(zr);ZTF
58507.3299769;19.6038857;0.124105297;ZTF;ZTF(zr);ZTF
58507.3329282;19.6902905;0.1325638;ZTF;ZTF(zr);ZTF
58507.3358796;19.8074245;0.144686729;ZTF;ZTF(zr);ZTF
58507.338831;19.8698177;0.151435912;ZTF;ZTF(zr);ZTF
58507.3417824;19.8324661;0.147372246;ZTF;ZTF(zr);ZTF
58507.3447338;19.7917576;0.143023059;ZTF;ZTF(zr);ZTF
58507.3476852;19.954071;0.160843655;ZTF;ZTF(zr);ZTF
58507.3506366;19.868782;0.151322424;ZTF;ZTF(zr);ZTF
58507.3549769;19.7687378;0.14060165;ZTF;ZTF(zr);ZTF
58507.3579398;19.6503716;0.128603801;ZTF;ZTF(zr);ZTF
58507.3609028;19.75494;0.139163807;ZTF;ZTF(zr);ZTF
58507.3638657;19.8587265;0.150222078;ZTF;ZTF(zr);ZTF
58507.3668287;19.6211395;0.125760689;ZTF;ZTF(zr);ZTF
58507.3698032;19.6038685;0.124103695;ZTF;ZTF(zr);ZTF
58507.3727662;19.9816666;0.163992167;ZTF;ZTF(zr);ZTF
58507.3757407;19.7696857;0.140700921;ZTF;ZTF(zr);ZTF
58507.3787037;19.6452065;0.128097922;ZTF;ZTF(zr);ZTF
58507.3816782;19.5581093;0.119795784;ZTF;ZTF(zr);ZTF
58507.3846528;19.8219891;0.146244794;ZTF;ZTF(zr);ZTF
58507.3876157;19.8879337;0.153431281;ZTF;ZTF(zr);ZTF
58507.3905903;19.7920113;0.143049911;ZTF;ZTF(zr);ZTF
58507.3935417;19.8608551;0.150454611;ZTF;ZTF(zr);ZTF
58507.3965162;19.7399864;0.137617007;ZTF;ZTF(zr);ZTF
58507.3994792;20.0075874;0.166977316;ZTF;ZTF(zr);ZTF
58507.4083565;19.685339;0.132067725;ZTF;ZTF(zr);ZTF
58507.4113194;19.8121948;0.145195901;ZTF;ZTF(zr);ZTF
58507.4142824;19.8943138;0.154137671;ZTF;ZTF(zr);ZTF
58507.4172569;19.8252316;0.146593153;ZTF;ZTF(zr);ZTF
58507.4202199;19.3654747;0.102979064;ZTF;ZTF(zr);ZTF
58507.4231829;19.6565514;0.129211038;ZTF;ZTF(zr);ZTF
58507.4261458;19.7215176;0.135723248;ZTF;ZTF(zr);ZTF
58507.4320602;19.7472515;0.138366953;ZTF;ZTF(zr);ZTF
58507.4350231;19.5614948;0.120110407;ZTF;ZTF(zr);ZTF
58507.4379745;19.7498875;0.138639867;ZTF;ZTF(zr);ZTF
58507.4527315;19.5079136;0.115208432;ZTF;ZTF(zr);ZTF
58507.4556829;19.7275543;0.136340171;ZTF;ZTF(zr);ZTF
58507.5125694;19.7559376;0.124943689;ZTF;ZTF(zg);ZTF
58508.2946759;19.4540195;0.110444471;ZTF;ZTF(zr);ZTF
58508.2976157;19.7683334;0.140559375;ZTF;ZTF(zr);ZTF
58508.3005671;19.7017555;0.133717626;ZTF;ZTF(zr);ZTF
58508.3053819;19.731411;0.136735335;ZTF;ZTF(zr);ZTF
58508.3083333;19.7152328;0.135083064;ZTF;ZTF(zr);ZTF
58508.3128009;19.6149864;0.125168368;ZTF;ZTF(zr);ZTF
58508.3157523;19.8053436;0.144465104;ZTF;ZTF(zr);ZTF
58508.3187037;19.7615337;0.139849663;ZTF;ZTF(zr);ZTF
58508.3216551;19.779705;0.141751766;ZTF;ZTF(zr);ZTF
58508.3246065;19.5272923;0.116962299;ZTF;ZTF(zr);ZTF
58508.3275579;19.7467613;0.138316274;ZTF;ZTF(zr);ZTF
58508.3305093;19.7676201;0.14048484;ZTF;ZTF(zr);ZTF
58508.3334606;19.8861847;0.153237998;ZTF;ZTF(zr);ZTF
58508.336412;19.7281513;0.13640134;ZTF;ZTF(zr);ZTF
58508.3393634;19.6876335;0.132297426;ZTF;ZTF(zr);ZTF
58508.3423148;19.7608967;0.139783353;ZTF;ZTF(zr);ZTF
58508.3482176;19.630043;0.126621529;ZTF;ZTF(zr);ZTF
58508.3541319;19.6900826;0.132542998;ZTF;ZTF(zr);ZTF
58508.3570833;19.6949139;0.13302815;ZTF;ZTF(zr);ZTF
58508.3600463;19.7453079;0.13816607;ZTF;ZTF(zr);ZTF
58508.3630093;19.5370121;0.11785014;ZTF;ZTF(zr);ZTF
58508.3659838;19.6336594;0.126972392;ZTF;ZTF(zr);ZTF
58508.3703241;19.6963787;0.133175552;ZTF;ZTF(zr);ZTF
58508.373287;19.6948547;0.133022264;ZTF;ZTF(zr);ZTF
58508.3762616;19.7865429;0.142472029;ZTF;ZTF(zr);ZTF
58508.3792361;19.4897842;0.113587238;ZTF;ZTF(zr);ZTF
58508.3821991;19.5192318;0.11623022;ZTF;ZTF(zr);ZTF
58508.3851736;19.7733555;0.141085163;ZTF;ZTF(zr);ZTF
58508.3881366;19.6553822;0.129095942;ZTF;ZTF(zr);ZTF
58508.3911111;19.6234589;0.12598455;ZTF;ZTF(zr);ZTF
58508.3940741;19.6705322;0.130592674;ZTF;ZTF(zr);ZTF
58508.397037;19.705801;0.134126365;ZTF;ZTF(zr);ZTF
58508.3999884;19.7209644;0.135666788;ZTF;ZTF(zr);ZTF
58508.402963;19.7355881;0.13716428;ZTF;ZTF(zr);ZTF
58508.4059259;19.8317451;0.147294462;ZTF;ZTF(zr);ZTF
58508.4118519;19.6967087;0.133208796;ZTF;ZTF(zr);ZTF
58508.4148148;19.7976723;0.143649578;ZTF;ZTF(zr);ZTF
58508.4177778;19.7318192;0.136777297;ZTF;ZTF(zr);ZTF
58508.4207292;19.7605057;0.139742613;ZTF;ZTF(zr);ZTF
58508.4236921;19.6690464;0.130445242;ZTF;ZTF(zr);ZTF
58508.4266551;19.7755108;0.141311213;ZTF;ZTF(zr);ZTF
58508.4296181;19.7686768;0.140595272;ZTF;ZTF(zr);ZTF
58508.4325694;19.6820545;0.131739467;ZTF;ZTF(zr);ZTF
58508.4384838;19.7441349;0.138044924;ZTF;ZTF(zr);ZTF
58508.4414352;19.4452553;0.109685525;ZTF;ZTF(zr);ZTF
58508.444375;19.7895775;0.142792523;ZTF;ZTF(zr);ZTF
58508.4473264;19.8961563;0.1543421;ZTF;ZTF(zr);ZTF
58508.4502778;19.4538765;0.110432029;ZTF;ZTF(zr);ZTF
58508.4561921;19.7719555;0.140938506;ZTF;ZTF(zr);ZTF
58509.2837847;19.6182289;0.12548022;ZTF;ZTF(zr);ZTF
58509.2951505;19.9051495;0.155341804;ZTF;ZTF(zr);ZTF
58509.2981019;19.6386375;0.12745665;ZTF;ZTF(zr);ZTF
58509.3010532;19.4140167;0.107016221;ZTF;ZTF(zr);ZTF
58509.3040046;19.4784565;0.112583868;ZTF;ZTF(zr);ZTF
58509.3069676;19.4862499;0.113273337;ZTF;ZTF(zr);ZTF
58509.309919;19.3866615;0.104724631;ZTF;ZTF(zr);ZTF
58509.3128704;19.4903412;0.113636717;ZTF;ZTF(zr);ZTF
58509.3158218;19.7725334;0.14099896;ZTF;ZTF(zr);ZTF
58509.3187731;19.3973484;0.105614729;ZTF;ZTF(zr);ZTF
58509.3217245;19.8205757;0.1460931;ZTF;ZTF(zr);ZTF
58509.3246759;19.5482063;0.118879318;ZTF;ZTF(zr);ZTF
58509.3276273;19.613142;0.124991275;ZTF;ZTF(zr);ZTF
58509.3305787;19.551918;0.119222209;ZTF;ZTF(zr);ZTF
58509.3335301;19.6585789;0.12941061;ZTF;ZTF(zr);ZTF
58509.3364815;19.5546207;0.11947234;ZTF;ZTF(zr);ZTF
58509.3414005;19.69487;0.133023828;ZTF;ZTF(zr);ZTF
58509.3443519;19.6911659;0.132651612;ZTF;ZTF(zr);ZTF
58509.3473032;19.7808647;0.141873747;ZTF;ZTF(zr);ZTF
58509.3532176;19.5871162;0.122512683;ZTF;ZTF(zr);ZTF
58509.3650926;19.8525658;0.149550423;ZTF;ZTF(zr);ZTF
58509.3680556;19.7928028;0.143133655;ZTF;ZTF(zr);ZTF
58509.3710301;19.6078224;0.124481566;ZTF;ZTF(zr);ZTF
58509.3740046;19.57164;0.121057197;ZTF;ZTF(zr);ZTF
58509.3769676;19.6338177;0.1269878;ZTF;ZTF(zr);ZTF
58509.3829167;19.6308098;0.126695856;ZTF;ZTF(zr);ZTF
58509.3858796;19.6910248;0.132637486;ZTF;ZTF(zr);ZTF
58509.3888426;19.5856857;0.122377582;ZTF;ZTF(zr);ZTF
58509.3918056;19.4251747;0.107963234;ZTF;ZTF(zr);ZTF
58509.3947801;19.6559372;0.12915048;ZTF;ZTF(zr);ZTF
58509.3977431;19.5792408;0.121770345;ZTF;ZTF(zr);ZTF
58509.4066319;19.8344078;0.147581697;ZTF;ZTF(zr);ZTF
58509.4095949;19.7770615;0.141474023;ZTF;ZTF(zr);ZTF
58509.4125579;20.0990086;0.177691728;ZTF;ZTF(zr);ZTF
58509.4184838;19.5687275;0.120784819;ZTF;ZTF(zr);ZTF
58509.4214468;19.5405064;0.118170619;ZTF;ZTF(zr);ZTF
58509.4244097;19.7107162;0.134624302;ZTF;ZTF(zr);ZTF
58509.4273727;19.8651295;0.150922179;ZTF;ZTF(zr);ZTF
58509.4303356;19.8026752;0.144181043;ZTF;ZTF(zr);ZTF
58509.433287;19.7299423;0.136584744;ZTF;ZTF(zr);ZTF
58509.4362384;19.8043804;0.144362569;ZTF;ZTF(zr);ZTF
58509.4392014;19.7015648;0.133698359;ZTF;ZTF(zr);ZTF
58509.4421412;19.6984711;0.133386225;ZTF;ZTF(zr);ZTF
58509.4450926;19.7295113;0.136540651;ZTF;ZTF(zr);ZTF
58509.448044;19.7138271;0.134940207;ZTF;ZTF(zr);ZTF
58509.4509954;19.6686897;0.130409896;ZTF;ZTF(zr);ZTF
58509.4539468;19.4799538;0.112716079;ZTF;ZTF(zr);ZTF
58509.4568981;19.6966896;0.133206859;ZTF;ZTF(zr);ZTF
58509.4711921;19.7770996;0.147908583;ZTF;ZTF(zr);ZTF
58510.2769213;19.6963501;0.133172661;ZTF;ZTF(zr);ZTF
58510.294838;19.5328522;0.11746946;ZTF;ZTF(zr);ZTF
58510.2977894;19.5397434;0.118100598;ZTF;ZTF(zr);ZTF
58510.3007407;19.6356316;0.12716417;ZTF;ZTF(zr);ZTF
58510.3095949;19.7708187;0.140819415;ZTF;ZTF(zr);ZTF
58510.3125463;19.7966156;0.143537566;ZTF;ZTF(zr);ZTF
58510.3184491;19.6492004;0.128488898;ZTF;ZTF(zr);ZTF
58511.4262963;20.6070557;0.229928613;ZTF;ZTF(zg);ZTF
58511.4351157;20.8089333;0.248811007;ZTF;ZTF(zg);ZTF
58522.4202199;20.8644447;0.254003167;ZTF;ZTF(zg);ZTF
58540.2183912;19.7594376;0.146264672;ZTF;ZTF(zr);ZTF
58540.4336806;20.7461014;0.205898404;ZTF;ZTF(zg);ZTF
58541.2391435;20.8039856;0.248348236;ZTF;ZTF(zg);ZTF
58556.2024769;19.706171;0.134163901;ZTF;ZTF(zr);ZTF
58558.1949769;19.3335381;0.109006748;ZTF;ZTF(zr);ZTF
58567.1822454;20.73386;0.241789103;ZTF;ZTF(zg);ZTF
58567.2233102;19.7323875;0.136835635;ZTF;ZTF(zr);ZTF
58567.3518866;19.4092426;0.113637641;ZTF;ZTF(zi);ZTF
58572.2026273;20.5110645;0.220950246;ZTF;ZTF(zg);ZTF
58572.2236458;19.8789234;0.152436957;ZTF;ZTF(zr);ZTF
58575.2704861;20.9897041;0.265719056;ZTF;ZTF(zg);ZTF
58580.21625;19.7195816;0.135525793;ZTF;ZTF(zr);ZTF
58581.2900116;19.5676556;0.127099067;ZTF;ZTF(zi);ZTF
58582.1969329;19.7827969;0.148439541;ZTF;ZTF(zr);ZTF
58583.81433156;15.379;0.424;NEOWISE;WISE(W2);NEOWISE
58583.81433156;16.193;0.247;NEOWISE;WISE(W1);NEOWISE
58583.94510772;15.916;0.192;NEOWISE;WISE(W1);NEOWISE
58583.94510772;15.251;0.436;NEOWISE;WISE(W2);NEOWISE
58584.0758838;16.421;0.37;NEOWISE;WISE(W1);NEOWISE
58584.07601116;16.373;0.29;NEOWISE;WISE(W1);NEOWISE
58584.07601116;15.539;0.503;NEOWISE;WISE(W2);NEOWISE
58584.1779167;19.6203346;0.125683099;ZTF;ZTF(zr);ZTF
58584.2722389;16.79;0.437;NEOWISE;WISE(W1);NEOWISE
58584.2722389;14.371;0.533;NEOWISE;WISE(W2);NEOWISE
58584.3375633;16.521;0.371;NEOWISE;WISE(W1);NEOWISE
58584.3375633;15.155;0.499;NEOWISE;WISE(W2);NEOWISE
58584.33769061;15.846;0.312;NEOWISE;WISE(W1);NEOWISE
58584.40301501;16.008;0.392;NEOWISE;WISE(W1);NEOWISE
58584.46795742;16.257;0.258;NEOWISE;WISE(W1);NEOWISE
58584.66469748;16.144;0.223;NEOWISE;WISE(W1);NEOWISE
58584.79560094;15.044;0.359;NEOWISE;WISE(W2);NEOWISE
58584.79560094;16.005;0.224;NEOWISE;WISE(W1);NEOWISE
58584.92637709;16.399;0.34;NEOWISE;WISE(W1);NEOWISE
58587.2940046;19.6417923;0.127764359;ZTF;ZTF(zr);ZTF
58587.67344023;15.86;0.204;NEOWISE;WISE(W1);NEOWISE
58587.80434365;16.369;0.296;NEOWISE;WISE(W1);NEOWISE
58588.2514699;20.4963531;0.185924947;ZTF;ZTF(zg);ZTF
58589.225544;19.6541309;0.13656576;ZTF;ZTF(zr);ZTF
58592.2871759;19.8293781;0.152789861;ZTF;ZTF(zr);ZTF
58593.2848611;19.6681366;0.137842998;ZTF;ZTF(zr);ZTF
58594.1625;19.734127;0.137014195;ZTF;ZTF(zr);ZTF
58596.345625;19.4123268;0.113891453;ZTF;ZTF(zi);ZTF
58597.2602199;20.8169231;0.24955833;ZTF;ZTF(zg);ZTF
58597.3460648;19.8248272;0.146549672;ZTF;ZTF(zr);ZTF
58600.2039468;20.7095966;0.239519596;ZTF;ZTF(zg);ZTF
58605.2150347;20.654768;0.234391332;ZTF;ZTF(zg);ZTF
58605.2168866;21.0338802;0.269851089;ZTF;ZTF(zg);ZTF
58606.1556366;20.6419239;0.23318994;ZTF;ZTF(zg);ZTF
58606.1794213;19.8289547;0.146993712;ZTF;ZTF(zr);ZTF
58607.2606597;19.4729843;0.118953697;ZTF;ZTF(zi);ZTF
58608.1974306;20.7416821;0.24252069;ZTF;ZTF(zg);ZTF
58608.1983912;20.8473434;0.252403617;ZTF;ZTF(zg);ZTF
58608.220544;19.8061485;0.144550815;ZTF;ZTF(zr);ZTF
58608.2214815;19.7941265;0.143273756;ZTF;ZTF(zr);ZTF
58612.1778704;20.881218;0.255571961;ZTF;ZTF(zg);ZTF
58612.1787731;20.9381485;0.260896921;ZTF;ZTF(zg);ZTF
58612.2004514;19.7328415;0.136882126;ZTF;ZTF(zr);ZTF
58612.2013657;19.7332439;0.136923492;ZTF;ZTF(zr);ZTF
58616.2065278;19.4544449;0.117392614;ZTF;ZTF(zi);ZTF
58617.2261458;19.7552166;0.139192536;ZTF;ZTF(zr);ZTF
58617.2276273;19.8385525;0.148029655;ZTF;ZTF(zr);ZTF
58618.2137731;19.7369576;0.144177988;ZTF;ZTF(zr);ZTF
58628.1633565;19.5006237;0.121302679;ZTF;ZTF(zi);ZTF
58632.1857407;19.7414608;0.137768999;ZTF;ZTF(zr);ZTF
58633.181956;19.9639397;0.161966085;ZTF;ZTF(zr);ZTF
58634.1771528;19.8951664;0.154232204;ZTF;ZTF(zr);ZTF
58634.1780903;19.7754345;0.141303182;ZTF;ZTF(zr);ZTF
58634.2067361;20.6808224;0.236828327;ZTF;ZTF(zg);ZTF
58634.2076389;20.7431335;0.242656469;ZTF;ZTF(zg);ZTF
58637.1740278;19.8964672;0.154376611;ZTF;ZTF(zr);ZTF
58640.1761227;20.4193897;0.21517992;ZTF;ZTF(zg);ZTF
58640.2251389;19.9039516;0.155208394;ZTF;ZTF(zr);ZTF
58643.244375;19.6479988;0.128371149;ZTF;ZTF(zr);ZTF
58646.2148843;19.8787384;0.152416617;ZTF;ZTF(zr);ZTF
58649.220787;19.8192558;0.145951584;ZTF;ZTF(zr);ZTF
58757.4705324;19.6251717;0.126149938;ZTF;ZTF(zr);ZTF
58757.5102778;19.9027958;0.155079722;ZTF;ZTF(zr);ZTF
58760.4865625;20.9918156;0.265916586;ZTF;ZTF(zg);ZTF
58760.5136343;19.70788;0.134336844;ZTF;ZTF(zr);ZTF
58764.4893403;19.9247551;0.157533973;ZTF;ZTF(zr);ZTF
58764.511875;20.7702408;0.245191932;ZTF;ZTF(zg);ZTF
58770.4689236;19.8559074;0.155270934;ZTF;ZTF(zr);ZTF
58770.469375;19.6755161;0.138517708;ZTF;ZTF(zr);ZTF
58770.4886343;19.7760162;0.141364247;ZTF;ZTF(zr);ZTF
58771.4683449;19.1184559;0.0927959904;ZTF;ZTF(zr);ZTF
58776.5052199;19.633379;0.126945183;ZTF;ZTF(zr);ZTF
58779.5074769;20.754858;0.243753076;ZTF;ZTF(zg);ZTF
58783.5151736;19.5399113;0.126345649;ZTF;ZTF(zr);ZTF
58783.515625;19.7268333;0.143240631;ZTF;ZTF(zr);ZTF
58785.5047917;19.8999557;0.154763967;ZTF;ZTF(zr);ZTF
58788.5134722;20.7758751;0.245718956;ZTF;ZTF(zg);ZTF
58788.5371412;19.6702499;0.130564615;ZTF;ZTF(zr);ZTF
58791.5114468;19.719326;0.135499805;ZTF;ZTF(zr);ZTF
58793.35878437;16.171;0.246;NEOWISE;WISE(W1);NEOWISE
58793.62046368;16.294;0.261;NEOWISE;WISE(W1);NEOWISE
58793.8166913;14.817;0.364;NEOWISE;WISE(W2);NEOWISE
58793.8166913;16.006;0.207;NEOWISE;WISE(W1);NEOWISE
58793.88201567;16.143;0.271;NEOWISE;WISE(W1);NEOWISE
58793.94746732;16.356;0.29;NEOWISE;WISE(W1);NEOWISE
58794.012919;16.253;0.305;NEOWISE;WISE(W1);NEOWISE
58794.07837069;16.378;0.279;NEOWISE;WISE(W1);NEOWISE
58794.20914667;16.215;0.269;NEOWISE;WISE(W1);NEOWISE
58794.33992264;17.025;0.525;NEOWISE;WISE(W1);NEOWISE
58794.33992264;14.89;0.503;NEOWISE;WISE(W2);NEOWISE
58794.47082597;16.401;0.274;NEOWISE;WISE(W1);NEOWISE
58794.5358796;19.9903908;0.164993897;ZTF;ZTF(zr);ZTF
58799.4732176;19.9313622;0.158276707;ZTF;ZTF(zr);ZTF
58802.547338;20.5312767;0.222840786;ZTF;ZTF(zg);ZTF
58805.5082292;20.5352421;0.188920617;ZTF;ZTF(zg);ZTF
58806.5486111;19.6810875;0.131642967;ZTF;ZTF(zr);ZTF
58806.5490625;19.8314476;0.152983353;ZTF;ZTF(zr);ZTF
58806.5495139;19.8881187;0.158281192;ZTF;ZTF(zr);ZTF
58827.4435532;19.6516857;0.128732711;ZTF;ZTF(zr);ZTF
58830.4357407;19.8066807;0.150668472;ZTF;ZTF(zr);ZTF
58830.4361921;19.9004879;0.159435451;ZTF;ZTF(zr);ZTF
58830.4366435;19.8561878;0.14994514;ZTF;ZTF(zr);ZTF
58830.4488889;19.8381691;0.14798826;ZTF;ZTF(zr);ZTF
58831.4331829;19.5530796;0.119329624;ZTF;ZTF(zr);ZTF
58833.4259606;19.5263023;0.116872221;ZTF;ZTF(zr);ZTF
58833.4383796;19.1938267;0.0897650272;ZTF;ZTF(zr);ZTF
58835.4519792;19.4246235;0.116459601;ZTF;ZTF(zr);ZTF
58836.4879977;19.7426071;0.137887165;ZTF;ZTF(zr);ZTF
58846.4502894;19.8241348;0.146475255;ZTF;ZTF(zr);ZTF
58846.4511806;19.8990192;0.154659867;ZTF;ZTF(zr);ZTF
58849.4455903;19.6806355;0.131597877;ZTF;ZTF(zr);ZTF
58849.4465509;19.8846207;0.15306522;ZTF;ZTF(zr);ZTF
58850.4986806;19.7255402;0.136134192;ZTF;ZTF(zr);ZTF
58851.4503009;19.8355465;0.14770475;ZTF;ZTF(zr);ZTF
58851.4866551;19.700943;0.133635551;ZTF;ZTF(zr);ZTF
58852.4489005;19.9937801;0.16538398;ZTF;ZTF(zr);ZTF
58852.4507407;19.7963772;0.143512279;ZTF;ZTF(zr);ZTF
58853.4373958;19.9245663;0.157512814;ZTF;ZTF(zr);ZTF
58854.4785185;19.578186;0.121671163;ZTF;ZTF(zr);ZTF
58855.3642014;19.718914;0.135457784;ZTF;ZTF(zr);ZTF
58856.3311343;19.6837444;0.139271542;ZTF;ZTF(zr);ZTF
58859.2894097;19.5984631;0.131538108;ZTF;ZTF(zr);ZTF
58859.4364699;19.7390289;0.137518406;ZTF;ZTF(zr);ZTF
58860.3491088;19.7789249;0.141669795;ZTF;ZTF(zr);ZTF
58860.3500463;19.5717583;0.121068224;ZTF;ZTF(zr);ZTF
58862.333669;19.7424088;0.144683361;ZTF;ZTF(zr);ZTF
58862.3388889;19.7545128;0.139119491;ZTF;ZTF(zr);ZTF
58863.3446181;19.6470222;0.128275558;ZTF;ZTF(zr);ZTF
58863.3455556;19.6029091;0.124012128;ZTF;ZTF(zr);ZTF
58864.2398148;19.9667549;0.162286922;ZTF;ZTF(zr);ZTF
58864.4124769;20.6773567;0.236504078;ZTF;ZTF(zg);ZTF
58866.3590625;19.8962784;0.154355571;ZTF;ZTF(zr);ZTF
58867.3454977;19.7860107;0.142415941;ZTF;ZTF(zr);ZTF
58871.2906366;19.6713085;0.1381329;ZTF;ZTF(zr);ZTF
58871.291088;19.7212296;0.142722607;ZTF;ZTF(zr);ZTF
58871.2915394;19.5967255;0.123423375;ZTF;ZTF(zr);ZTF
58871.3184722;19.7697773;0.140710369;ZTF;ZTF(zr);ZTF
58871.3194097;19.8267803;0.146759659;ZTF;ZTF(zr);ZTF
58872.2386343;20.5603199;0.225557208;ZTF;ZTF(zg);ZTF
58873.3248727;19.8110008;0.145068318;ZTF;ZTF(zr);ZTF
58873.3263542;19.6317215;0.12678434;ZTF;ZTF(zr);ZTF
58873.37027780013;20.23224641720351;0.1570823293703997;ZTF;ZTF(zg);ZTF
58874.2952083;19.7161312;0.135174498;ZTF;ZTF(zr);ZTF
58874.296169;19.7716599;0.140907556;ZTF;ZTF(zr);ZTF
58874.2971296;19.7656059;0.140274391;ZTF;ZTF(zr);ZTF
58874.367060199846;20.30089078813994;0.12622315945361726;ZTF;ZTF(zg);ZTF
58875.3043981;19.6872787;0.132261992;ZTF;ZTF(zr);ZTF
58875.3053472;19.3903732;0.10503301;ZTF;ZTF(zr);ZTF
58876.2363194;20.2328262;0.199792892;ZTF;ZTF(zg);ZTF
58876.3047222;19.669239;0.130464375;ZTF;ZTF(zr);ZTF
58876.3056829;19.5938816;0.123153254;ZTF;ZTF(zr);ZTF
58877.3090856;19.457777;0.110771209;ZTF;ZTF(zr);ZTF
58877.31;19.5028286;0.114751853;ZTF;ZTF(zr);ZTF
58877.3109144;19.4561157;0.110626593;ZTF;ZTF(zr);ZTF
58877.365879599936;20.142285990532013;0.15551892954396082;ZTF;ZTF(zg);ZTF
58878.2596991;20.3036804;0.206169218;ZTF;ZTF(zg);ZTF
58878.3010648;19.3508911;0.101792283;ZTF;ZTF(zr);ZTF
58878.3083565;19.3584404;0.102405123;ZTF;ZTF(zr);ZTF
58879.2278009;19.9415607;0.140705362;ZTF;ZTF(zg);ZTF
58879.2282523;20.2331638;0.165968969;ZTF;ZTF(zg);ZTF
58879.2287037;20.3003521;0.205882013;ZTF;ZTF(zg);ZTF
58879.2598148;19.7481136;0.149970084;ZTF;ZTF(zg);ZTF
58879.2640625;19.8610611;0.161731005;ZTF;ZTF(zg);ZTF
58879.3160069;19.3219223;0.0994706228;ZTF;ZTF(zr);ZTF
58879.3266551;19.7395267;0.137569606;ZTF;ZTF(zr);ZTF
58880.2972338;19.4282894;0.108228885;ZTF;ZTF(zr);ZTF
58880.299537;19.4777393;0.112520553;ZTF;ZTF(zr);ZTF
58880.3004514;19.4285851;0.108254127;ZTF;ZTF(zr);ZTF
58880.433807900175;20.044685517968645;0.17758713326540526;ZTF;ZTF(zg);ZTF
58880.4347569;20.1375923;0.19053781;ZTF;ZTF(zg);ZTF
58880.434756900184;20.032972364105767;0.18664424943943766;ZTF;ZTF(zg);ZTF
58881.3486227;19.5882931;0.122623906;ZTF;ZTF(zr);ZTF
58881.3495255;19.4105759;0.106725559;ZTF;ZTF(zr);ZTF
58881.44673610013;19.97049269667069;0.13502095881879844;ZTF;ZTF(zg);ZTF
58881.4586806;20.0895824;0.185667098;ZTF;ZTF(zg);ZTF
58882.2080324;19.4754772;0.120761395;ZTF;ZTF(zr);ZTF
58882.2084838;19.3853951;0.10461951;ZTF;ZTF(zr);ZTF
58883.2784606;19.4496231;0.11006321;ZTF;ZTF(zr);ZTF
58883.2819213;19.3092747;0.09847188;ZTF;ZTF(zr);ZTF
58883.2828704;19.4073353;0.106452532;ZTF;ZTF(zr);ZTF
58883.4240046;19.6766415;0.142690241;ZTF;ZTF(zg);ZTF
58883.4249306;20.0482807;0.181403756;ZTF;ZTF(zg);ZTF
58883.4263426;19.7593746;0.151130363;ZTF;ZTF(zg);ZTF
58883.426342600025;19.812905032295212;0.1748835320991255;ZTF;ZTF(zg);ZTF
58884.2061227;19.2826614;0.104992226;ZTF;ZTF(zr);ZTF
58884.2065741;19.3718491;0.112100855;ZTF;ZTF(zr);ZTF
58884.2364468;19.2470398;0.0936870128;ZTF;ZTF(zr);ZTF
58884.287338;19.7522373;0.150394559;ZTF;ZTF(zg);ZTF
58885.2176157;19.2296085;0.0923852623;ZTF;ZTF(zr);ZTF
58885.2185301;19.5800495;0.121846378;ZTF;ZTF(zr);ZTF
58885.2859606;19.7278881;0.147894531;ZTF;ZTF(zg);ZTF
58885.2868981;19.755022;0.150681525;ZTF;ZTF(zg);ZTF
58886.2370023;19.8514137;0.160717785;ZTF;ZTF(zg);ZTF
58886.2403125;19.6468353;0.139703229;ZTF;ZTF(zg);ZTF
58886.2412153;19.5492897;0.130162865;ZTF;ZTF(zg);ZTF
58886.2772917;19.3052807;0.0981582776;ZTF;ZTF(zr);ZTF
58886.2781944;19.3630848;0.102783732;ZTF;ZTF(zr);ZTF
58886.2790972;19.2708969;0.0954958126;ZTF;ZTF(zr);ZTF
58887.232419;19.7588959;0.151080877;ZTF;ZTF(zg);ZTF
58888.2862963;19.3675823;0.113505363;ZTF;ZTF(zg);ZTF
58890.2606713;19.3258781;0.109907024;ZTF;ZTF(zg);ZTF
58890.2641782;19.4045792;0.11676982;ZTF;ZTF(zg);ZTF
58890.26417820016;19.298340303486473;0.18695478734202278;ZTF;ZTF(zg);ZTF
58890.4205324;19.2062531;0.0906671062;ZTF;ZTF(zr);ZTF
58890.4214352;18.986557;0.0759177431;ZTF;ZTF(zr);ZTF
58890.4232755;19.2302246;0.0924310163;ZTF;ZTF(zr);ZTF
58891.2176505;19.4880753;0.124379873;ZTF;ZTF(zg);ZTF
58891.217650500126;19.453669588528186;0.14548046963066522;ZTF;ZTF(zg);ZTF
58891.2259491;19.4333;0.119350143;ZTF;ZTF(zg);ZTF
58891.2983796;19.1561966;0.0870841369;ZTF;ZTF(zr);ZTF
58891.29837960005;19.12363448432502;0.09265053690545416;ZTF;ZTF(zr);ZTF
58891.3022801;19.253336;0.0941613466;ZTF;ZTF(zr);ZTF
58892.2485301;19.165678;0.0877524242;ZTF;ZTF(zr);ZTF
58892.2485301001;19.144593460994436;0.0627623887122346;ZTF;ZTF(zr);ZTF
58892.2494676;19.1805477;0.0888103172;ZTF;ZTF(zr);ZTF
58892.2560995;19.1268902;0.0850485191;ZTF;ZTF(zr);ZTF
58892.25609950023;19.08305425433223;0.0744474635714989;ZTF;ZTF(zr);ZTF
58892.2565509;19.2032108;0.0989441127;ZTF;ZTF(zr);ZTF
58893.216851899866;19.37442748730527;0.10432700821174107;ZTF;ZTF(zg);ZTF
58893.23723379988;19.41447582056251;0.12651759217313388;ZTF;ZTF(zg);ZTF
58893.2815046;19.1925812;0.0896750689;ZTF;ZTF(zr);ZTF
58893.28244209988;19.124587971976933;0.082271839324482;ZTF;ZTF(zr);ZTF
58893.2824421;19.2396584;0.0931337252;ZTF;ZTF(zr);ZTF
58893.2833912;19.1905689;0.0895299017;ZTF;ZTF(zr);ZTF
58893.283391200006;19.149898022097446;0.07374669106446631;ZTF;ZTF(zr);ZTF
58894.2618634;19.1600838;0.0873574838;ZTF;ZTF(zr);ZTF
58894.26186340023;19.09933602407444;0.06843018101806106;ZTF;ZTF(zr);ZTF
58894.2658565;19.1523685;0.0868155882;ZTF;ZTF(zr);ZTF
58894.32444440015;19.387501589992503;0.10025682629686006;ZTF;ZTF(zg);ZTF
58895.22138890019;19.383149687246764;0.12635159966587534;ZTF;ZTF(zg);ZTF
58895.2799537;19.1227264;0.084762983;ZTF;ZTF(zr);ZTF
58895.288946799934;19.13401575069525;0.09621037843225999;ZTF;ZTF(zr);ZTF
58895.2889468;19.2005768;0.0902539715;ZTF;ZTF(zr);ZTF
58896.23734949995;19.31909745552937;0.10229908547733105;ZTF;ZTF(zg);ZTF
58896.24709489988;19.288397736492627;0.10210061880708204;ZTF;ZTF(zg);ZTF
58896.27723379992;19.08703188743328;0.08935382199117003;ZTF;ZTF(zr);ZTF
58896.2772338;19.1764278;0.0885160342;ZTF;ZTF(zr);ZTF
58896.27814809978;19.09628849815419;0.08207998316723274;ZTF;ZTF(zr);ZTF
58896.2781481;19.1387043;0.08586362;ZTF;ZTF(zr);ZTF
58896.2833102;19.1790047;0.0886999369;ZTF;ZTF(zr);ZTF
58898.3232986;19.0793724;0.0818438008;ZTF;ZTF(zr);ZTF
58899.273669;19.0487823;0.087979354;ZTF;ZTF(zr);ZTF
58899.2741204;19.1742325;0.096806474;ZTF;ZTF(zr);ZTF
58899.2745718;19.0874557;0.0823806971;ZTF;ZTF(zr);ZTF
58899.27457180014;19.080784505299864;0.08323291489311171;ZTF;ZTF(zr);ZTF
58899.292407399975;19.135503745663762;0.06400484136751788;ZTF;ZTF(zr);ZTF
58899.2924074;19.1372509;0.0857629701;ZTF;ZTF(zr);ZTF
58899.2933102;19.092701;0.0827308744;ZTF;ZTF(zr);ZTF
58899.35934029985;19.30408244347493;0.11037543536419503;ZTF;ZTF(zg);ZTF
58900.23451389978;19.02541235653017;0.07376718658923945;ZTF;ZTF(zr);ZTF
58900.2345139;19.0662479;0.0809792727;ZTF;ZTF(zr);ZTF
58900.2605324;19.1546097;0.0869726762;ZTF;ZTF(zr);ZTF
58900.312094899826;19.268722550553527;0.13756761561226905;ZTF;ZTF(zg);ZTF
58903.2161111;19.107235;0.0837086588;ZTF;ZTF(zr);ZTF
58903.2207523;19.0626621;0.0807446018;ZTF;ZTF(zr);ZTF
58903.22075230023;19.030971515769323;0.07679341012846264;ZTF;ZTF(zr);ZTF
58903.261134299915;19.18986064621924;0.13402141309460275;ZTF;ZTF(zg);ZTF
58904.2375463;19.0653439;0.0809200704;ZTF;ZTF(zr);ZTF
58905.2146991;19.0588951;0.0804988071;ZTF;ZTF(zr);ZTF
58905.270162;19.1056499;0.0923769251;ZTF;ZTF(zg);ZTF
58906.2193634;19.0136185;0.0776007175;ZTF;ZTF(zr);ZTF
58906.22030089982;18.956440979027384;0.07466817019334672;ZTF;ZTF(zr);ZTF
58906.2203009;18.9533005;0.0738988146;ZTF;ZTF(zr);ZTF
58906.2842361;19.2207985;0.101231582;ZTF;ZTF(zg);ZTF
58906.285625;19.2215271;0.101289764;ZTF;ZTF(zg);ZTF
58906.28562500002;19.16822262910931;0.12195109356460034;ZTF;ZTF(zg);ZTF
58909.2467361;18.9318428;0.0802971274;ZTF;ZTF(zg);ZTF
58909.24765049992;19.031005076362675;0.12354771800761358;ZTF;ZTF(zg);ZTF
58909.2476505;18.9670773;0.0826227516;ZTF;ZTF(zg);ZTF
58909.3266088;19.0787621;0.0818034038;ZTF;ZTF(zr);ZTF
58909.3275;19.06637;0.0809873194;ZTF;ZTF(zr);ZTF
58909.32750000013;19.021852159515728;0.09183962232590681;ZTF;ZTF(zr);ZTF
58911.2291898;18.9643192;0.0745617226;ZTF;ZTF(zr);ZTF
58911.3632986;19.1686707;0.0971383601;ZTF;ZTF(zg);ZTF
58912.1945602;19.1020069;0.083355628;ZTF;ZTF(zr);ZTF
58912.205463;19.0815163;0.0819858462;ZTF;ZTF(zr);ZTF
58912.20546300011;19.000007344270657;0.0805142835249745;ZTF;ZTF(zr);ZTF
58912.2608912;19.1368828;0.0947110653;ZTF;ZTF(zg);ZTF
58912.26179399993;19.1374828489969;0.09581901192384157;ZTF;ZTF(zg);ZTF
58912.261794;19.163002;0.0967016071;ZTF;ZTF(zg);ZTF
58912.3095023;18.9347572;0.0793062299;ZTF;ZTF(zi);ZTF
58913.2027662;19.0651855;0.0809096918;ZTF;ZTF(zr);ZTF
58913.20276620006;18.996114537262855;0.08795032285057942;ZTF;ZTF(zr);ZTF
58913.2393171;19.0348072;0.0789441094;ZTF;ZTF(zr);ZTF
58913.2897106;19.1330757;0.0944238305;ZTF;ZTF(zg);ZTF
58914.2153356;18.9951992;0.0845234692;ZTF;ZTF(zg);ZTF
58914.3434144;18.999876;0.0767414942;ZTF;ZTF(zr);ZTF
58915.2066434999;19.01292788656687;0.16913484625528116;ZTF;ZTF(zg);ZTF
58915.2066435;19.1832523;0.0982692242;ZTF;ZTF(zg);ZTF
58915.2085648;19.0170727;0.08602947;ZTF;ZTF(zg);ZTF
58915.3631019;18.8795547;0.0696120188;ZTF;ZTF(zr);ZTF
58915.370254599955;18.889056801781646;0.0947635627713501;ZTF;ZTF(zr);ZTF
58915.3702546;18.9493313;0.0736614168;ZTF;ZTF(zr);ZTF
58936.2600579001;19.395172485161577;0.09485973434560838;ZTF;ZTF(zg);ZTF
58939.1553241;19.0586128;0.0804803967;ZTF;ZTF(zr);ZTF
58939.15532410005;19.013368525015387;0.07573057850389665;ZTF;ZTF(zr);ZTF
58939.2156019;19.1820145;0.0889152735;ZTF;ZTF(zr);ZTF
58939.2165045999;19.083179937324005;0.08384868125781798;ZTF;ZTF(zr);ZTF
58939.2165046;19.1542187;0.0869452432;ZTF;ZTF(zr);ZTF
58939.2972685;19.2381287;0.102623388;ZTF;ZTF(zg);ZTF
58939.297268500086;19.216422075361134;0.14042326584125986;ZTF;ZTF(zg);ZTF
58939.3221875;19.1814899;0.0981319025;ZTF;ZTF(zg);ZTF
58940.1779977;19.3733406;0.114008993;ZTF;ZTF(zg);ZTF
58940.2263657;19.1604195;0.0873811692;ZTF;ZTF(zr);ZTF
58941.2548032;19.3076077;0.108358085;ZTF;ZTF(zg);ZTF
58944.1760995;19.1797695;0.088754639;ZTF;ZTF(zr);ZTF
58944.1774884;19.2695637;0.0953939408;ZTF;ZTF(zr);ZTF
58950.77352535;16.376;0.308;NEOWISE;WISE(W1);NEOWISE
58950.90430146;15.85;0.227;NEOWISE;WISE(W1);NEOWISE
58951.03507752;15.12;0.381;NEOWISE;WISE(W2);NEOWISE
58951.03507752;15.786;0.392;NEOWISE;WISE(W1);NEOWISE
58951.16585363;15.594;0.499;NEOWISE;WISE(W2);NEOWISE
58951.16585363;16.267;0.345;NEOWISE;WISE(W1);NEOWISE
58951.2313053;16.083;0.214;NEOWISE;WISE(W1);NEOWISE
58951.36208137;16.125;0.246;NEOWISE;WISE(W1);NEOWISE
58951.42753309;15.917;0.188;NEOWISE;WISE(W1);NEOWISE
58951.4928574;15.379;0.168;NEOWISE;WISE(W1);NEOWISE
58951.55830911;16.06;0.218;NEOWISE;WISE(W1);NEOWISE
58951.62363346;15.736;0.182;NEOWISE;WISE(W1);NEOWISE
58951.75453684;16.481;0.354;NEOWISE;WISE(W1);NEOWISE
58954.17070600018;19.563283403565606;0.1306864578622077;ZTF;ZTF(zg);ZTF
58954.2161806;19.301775;0.0978838652;ZTF;ZTF(zr);ZTF
58954.2171296;19.3288422;0.10002093;ZTF;ZTF(zr);ZTF
58955.2471759;19.2487049;0.0938122496;ZTF;ZTF(zr);ZTF
58956.2537731;19.293663;0.0972513556;ZTF;ZTF(zr);ZTF
58962.1782176;19.3392677;0.100855112;ZTF;ZTF(zr);ZTF
58962.180081;19.3061104;0.098223336;ZTF;ZTF(zr);ZTF
58962.2210995;19.8257084;0.158024415;ZTF;ZTF(zg);ZTF
58962.22450229991;19.678880136126008;0.14191778366028623;ZTF;ZTF(zg);ZTF
58962.2245023;19.7300262;0.148113444;ZTF;ZTF(zg);ZTF
58963.1960301;19.5984039;0.134919167;ZTF;ZTF(zg);ZTF
58963.2555324;19.5803509;0.13315931;ZTF;ZTF(zg);ZTF
58964.1956366;19.6857567;0.143609881;ZTF;ZTF(zg);ZTF
58964.2150463;19.3936996;0.105310164;ZTF;ZTF(zr);ZTF
58965.1829051;19.3542366;0.102063522;ZTF;ZTF(zr);ZTF
58965.1838079;19.296629;0.0974821821;ZTF;ZTF(zr);ZTF
58965.2157176;19.6962509;0.144671947;ZTF;ZTF(zg);ZTF
58965.21909719985;19.70875587837964;0.11333236975156183;ZTF;ZTF(zg);ZTF
58965.2190972;19.7461262;0.149765551;ZTF;ZTF(zg);ZTF
58967.1759491;19.3603745;0.102562591;ZTF;ZTF(zr);ZTF
58967.2177778;19.8510284;0.160677388;ZTF;ZTF(zg);ZTF
58968.1715972;19.2309017;0.0924812853;ZTF;ZTF(zr);ZTF
58968.1725463;19.2976151;0.0975590199;ZTF;ZTF(zr);ZTF
58968.2166898;19.7594643;0.151139557;ZTF;ZTF(zg);ZTF
58968.2190972;19.8999405;0.165823281;ZTF;ZTF(zg);ZTF
58970.2260417;19.5049896;0.125960976;ZTF;ZTF(zg);ZTF
58971.1763079;19.3542194;0.102062069;ZTF;ZTF(zr);ZTF
58971.1772569;19.2554131;0.0943182707;ZTF;ZTF(zr);ZTF
58971.1810185;19.3339806;0.100431331;ZTF;ZTF(zr);ZTF
58971.2404282;19.657568;0.140775204;ZTF;ZTF(zg);ZTF
58971.2461458;19.8657265;0.162221253;ZTF;ZTF(zg);ZTF
58972.1877662;19.3935738;0.105299622;ZTF;ZTF(zr);ZTF
58972.2028588;19.4440289;0.109579638;ZTF;ZTF(zr);ZTF
58972.2443287;19.5553589;0.109024197;ZTF;ZTF(zg);ZTF
58972.2448032;19.5807896;0.133201927;ZTF;ZTF(zg);ZTF
58973.1758218;19.3568478;0.102275565;ZTF;ZTF(zr);ZTF
58974.1810995;19.5425091;0.129514173;ZTF;ZTF(zg);ZTF
58974.1820486;19.7178097;0.146864682;ZTF;ZTF(zg);ZTF
58974.2465741;19.5338039;0.117556527;ZTF;ZTF(zr);ZTF
58974.2475116;19.4987164;0.11438363;ZTF;ZTF(zr);ZTF
58975.1840856;19.4651451;0.111414164;ZTF;ZTF(zr);ZTF
58975.2324884;19.7062531;0.145687401;ZTF;ZTF(zg);ZTF
58976.1853819;19.7579918;0.15098767;ZTF;ZTF(zg);ZTF
58976.2465278;19.3855476;0.104632169;ZTF;ZTF(zr);ZTF
58977.1595602;19.4523621;0.121084474;ZTF;ZTF(zg);ZTF
58977.225;19.2406139;0.0932052135;ZTF;ZTF(zr);ZTF
58977.2259375;19.5375519;0.117899641;ZTF;ZTF(zr);ZTF
58978.1765741;19.8680534;0.162465915;ZTF;ZTF(zg);ZTF
58978.2269792;19.3308735;0.100182965;ZTF;ZTF(zr);ZTF
58979.2185648;19.8085155;0.1562289;ZTF;ZTF(zg);ZTF
58980.2391898;19.4991016;0.114418067;ZTF;ZTF(zr);ZTF
58980.2401273;19.4389;0.109137848;ZTF;ZTF(zr);ZTF
58981.2276389;19.3665886;0.103070147;ZTF;ZTF(zr);ZTF
58985.1623727;19.9144287;0.16735068;ZTF;ZTF(zg);ZTF
58985.1665856;19.9091339;0.137901381;ZTF;ZTF(zg);ZTF
58985.1670486;19.8847542;0.135804653;ZTF;ZTF(zg);ZTF
58985.1807755;19.9808121;0.174345911;ZTF;ZTF(zg);ZTF
58986.1826505;19.9938602;0.175717041;ZTF;ZTF(zg);ZTF
58986.183588;19.9275894;0.168738559;ZTF;ZTF(zg);ZTF
58986.2387963;19.448288;0.109947622;ZTF;ZTF(zr);ZTF
58986.2397222;19.4907417;0.113672331;ZTF;ZTF(zr);ZTF
58987.1752431;19.5503864;0.119080633;ZTF;ZTF(zr);ZTF
58987.2198495;19.953289;0.171448067;ZTF;ZTF(zg);ZTF
58991.164375;20.065918;0.183231056;ZTF;ZTF(zg);ZTF
58992.2424537;19.52911;0.117127925;ZTF;ZTF(zr);ZTF
58992.2471991;19.4912796;0.113720298;ZTF;ZTF(zr);ZTF
58994.2253588;20.1114006;0.187893689;ZTF;ZTF(zg);ZTF
58995.1794907;19.9289112;0.168877974;ZTF;ZTF(zg);ZTF
58995.223287;19.5539227;0.119407631;ZTF;ZTF(zr);ZTF
58996.1801968;20.1390114;0.190679997;ZTF;ZTF(zg);ZTF
58996.1816204;19.9115868;0.167051047;ZTF;ZTF(zg);ZTF
58996.2355903;19.5676441;0.120683596;ZTF;ZTF(zr);ZTF
58996.2365278;19.5192108;0.11622829;ZTF;ZTF(zr);ZTF
58997.1716551;20.234436;0.199943304;ZTF;ZTF(zg);ZTF
58997.2371991;19.4650555;0.111406334;ZTF;ZTF(zr);ZTF
58998.2435069;19.3486996;0.101615027;ZTF;ZTF(zr);ZTF
58999.1838079;19.4593945;0.110911995;ZTF;ZTF(zr);ZTF
58999.187581;19.42276;0.107757643;ZTF;ZTF(zr);ZTF
58999.2217593;20.1340446;0.190181762;ZTF;ZTF(zg);ZTF
59000.2360532;19.7035484;0.145412609;ZTF;ZTF(zg);ZTF
59005.2475463;19.3264885;0.0998334959;ZTF;ZTF(zr);ZTF
59011.2429745;19.4781132;0.112553589;ZTF;ZTF(zr);ZTF
59018.1834838;19.6990356;0.133443192;ZTF;ZTF(zr);ZTF
59018.1884606;19.5288868;0.1171076;ZTF;ZTF(zr);ZTF
59018.1934491;19.7281017;0.136396199;ZTF;ZTF(zr);ZTF
59020.1743403;19.4490604;0.110014491;ZTF;ZTF(zr);ZTF
59020.1794792;19.5455837;0.118637539;ZTF;ZTF(zr);ZTF
59020.1897338;19.6108856;0.124774821;ZTF;ZTF(zr);ZTF
59022.1811111;19.6489029;0.128459826;ZTF;ZTF(zr);ZTF
59022.1860648;19.5435066;0.118446387;ZTF;ZTF(zr);ZTF
59022.1910069;19.4849243;0.113155812;ZTF;ZTF(zr);ZTF
59022.1959606;19.5654869;0.120482244;ZTF;ZTF(zr);ZTF
59024.1735417;19.6525421;0.128816754;ZTF;ZTF(zr);ZTF
59024.1784375;19.5828819;0.122113094;ZTF;ZTF(zr);ZTF
59024.1833218;19.5752678;0.121397153;ZTF;ZTF(zr);ZTF
59024.1882176;19.5460167;0.1186774;ZTF;ZTF(zr);ZTF
59026.1731134;19.6590023;0.129452422;ZTF;ZTF(zr);ZTF
59026.1779051;19.4574604;0.110743597;ZTF;ZTF(zr);ZTF
59026.1826968;19.5714474;0.121039107;ZTF;ZTF(zr);ZTF
59026.1875;19.7219639;0.135768861;ZTF;ZTF(zr);ZTF
59027.1773611;19.5503464;0.119076878;ZTF;ZTF(zr);ZTF
59032.1765625;19.5346928;0.117637761;ZTF;ZTF(zr);ZTF
59032.1866782;19.5037308;0.114832677;ZTF;ZTF(zr);ZTF
59034.1893981;19.4505882;0.110146739;ZTF;ZTF(zr);ZTF
59036.1704861;19.4123192;0.106872775;ZTF;ZTF(zr);ZTF
59036.1753819;19.3678989;0.103177436;ZTF;ZTF(zr);ZTF
59036.1802778;19.3837376;0.104482196;ZTF;ZTF(zr);ZTF
59036.1851852;19.4197044;0.107498042;ZTF;ZTF(zr);ZTF
59107.5051273;19.9604301;0.161566496;ZTF;ZTF(zr);ZTF
59107.5098495;20.0110683;0.167380124;ZTF;ZTF(zr);ZTF
59107.5193056;19.4199219;0.107516453;ZTF;ZTF(zr);ZTF
59124.4681713;19.57934;0.12177965;ZTF;ZTF(zr);ZTF
59126.5124769;19.6772156;0.131256923;ZTF;ZTF(zr);ZTF
59130.5286806;19.7119141;0.134745866;ZTF;ZTF(zr);ZTF
59135.4681134;20.6652374;0.235370517;ZTF;ZTF(zg);ZTF
59135.508669;19.6754818;0.131084412;ZTF;ZTF(zr);ZTF
59137.4524306;20.6785088;0.236611843;ZTF;ZTF(zg);ZTF
59137.5084838;19.7030888;0.133852214;ZTF;ZTF(zr);ZTF
59139.5117593;19.8916264;0.153839946;ZTF;ZTF(zr);ZTF
59141.5089815;19.8199348;0.146024421;ZTF;ZTF(zr);ZTF
59143.4728935;19.7956467;0.143434793;ZTF;ZTF(zr);ZTF
59145.5146296;19.7718277;0.14092502;ZTF;ZTF(zr);ZTF
59151.4509375;19.3524132;0.101915598;ZTF;ZTF(zr);ZTF
59151.4956829;19.9698563;0.173193201;ZTF;ZTF(zg);ZTF
59153.4754977;19.6788139;0.131416216;ZTF;ZTF(zr);ZTF
59156.4952431;20.4149513;0.214874402;ZTF;ZTF(zg);ZTF
59156.5272685;19.6474113;0.128313601;ZTF;ZTF(zr);ZTF
59157.63376735;15.958;0.208;NEOWISE;WISE(W1);NEOWISE
59157.63376735;15.435;0.463;NEOWISE;WISE(W2);NEOWISE
59157.63389466;15.925;0.204;NEOWISE;WISE(W1);NEOWISE
59157.76454332;15.889;0.231;NEOWISE;WISE(W1);NEOWISE
59157.8954467;16.024;0.294;NEOWISE;WISE(W1);NEOWISE
59158.02622267;16.081;0.279;NEOWISE;WISE(W1);NEOWISE
59158.15699869;16.523;0.363;NEOWISE;WISE(W1);NEOWISE
59158.15699869;15.329;0.517;NEOWISE;WISE(W2);NEOWISE
59158.22232297;16.037;0.231;NEOWISE;WISE(W1);NEOWISE
59158.28777466;16.018;0.225;NEOWISE;WISE(W1);NEOWISE
59158.48387501;16.541;0.445;NEOWISE;WISE(W1);NEOWISE
59161.81936435;16.409;0.31;NEOWISE;WISE(W1);NEOWISE
59163.445706;20.7479134;0.206044316;ZTF;ZTF(zg);ZTF
59165.4113889;19.6648159;0.13002634;ZTF;ZTF(zr);ZTF
59168.4263194;19.6744766;0.130984336;ZTF;ZTF(zr);ZTF
59170.5322685;19.5971146;0.123460293;ZTF;ZTF(zr);ZTF
59173.5146875;19.9190769;0.156897306;ZTF;ZTF(zr);ZTF
59177.5001968;19.6985245;0.133391663;ZTF;ZTF(zr);ZTF
59179.4030208;19.2328053;0.0997428596;ZTF;ZTF(zi);ZTF
59181.4956481;19.5788288;0.12173155;ZTF;ZTF(zr);ZTF
59184.3959722;19.3684502;0.110314324;ZTF;ZTF(zi);ZTF
59185.4770718;19.714613;0.135020047;ZTF;ZTF(zr);ZTF
59187.3182986;19.2106571;0.0980899408;ZTF;ZTF(zi);ZTF
59190.3815278;19.5013618;0.121365733;ZTF;ZTF(zi);ZTF
59193.3955556;19.6825943;0.13179341;ZTF;ZTF(zr);ZTF
59194.4733912;19.7803841;0.141823202;ZTF;ZTF(zr);ZTF
59198.4472801;19.8203697;0.146070942;ZTF;ZTF(zr);ZTF
59199.4769329;19.198494;0.0971912816;ZTF;ZTF(zi);ZTF
59200.510162;19.8577271;0.150113046;ZTF;ZTF(zr);ZTF
59202.4479282;19.3319435;0.107395157;ZTF;ZTF(zi);ZTF
59203.4667708;19.6016903;0.123895958;ZTF;ZTF(zr);ZTF
59205.4053241;19.2660179;0.102260597;ZTF;ZTF(zi);ZTF
59217.3610069;19.5590668;0.119884789;ZTF;ZTF(zr);ZTF
59218.5110301;19.4538746;0.117344812;ZTF;ZTF(zi);ZTF
59219.3606481;19.6899319;0.132527813;ZTF;ZTF(zr);ZTF
59221.2807639;19.3744965;0.110802881;ZTF;ZTF(zi);ZTF
59221.4074769;19.6406784;0.127655625;ZTF;ZTF(zr);ZTF
59223.4795949;19.6467209;0.128246039;ZTF;ZTF(zr);ZTF
59224.3845486;19.0742416;0.0883818045;ZTF;ZTF(zi);ZTF
59225.3959838;19.7007561;0.133616671;ZTF;ZTF(zr);ZTF
59225.4513542;20.6176033;0.230915189;ZTF;ZTF(zg);ZTF
59227.3715972;19.7146606;0.135024875;ZTF;ZTF(zr);ZTF
59227.409456;19.4247704;0.114919223;ZTF;ZTF(zi);ZTF
59229.4144676;19.7813568;0.141925558;ZTF;ZTF(zr);ZTF
59230.3878704;19.369051;0.110362813;ZTF;ZTF(zi);ZTF
59231.369294;19.7176704;0.135331109;ZTF;ZTF(zr);ZTF
59248.3015394;19.473793;0.119022124;ZTF;ZTF(zi);ZTF
59248.4056829;20.6034145;0.229588032;ZTF;ZTF(zg);ZTF
59248.4581019;19.7628193;0.139983714;ZTF;ZTF(zr);ZTF
59248.481875;20.6294479;0.232023001;ZTF;ZTF(zg);ZTF
59249.3295139;19.631958;0.126807213;ZTF;ZTF(zr);ZTF
59249.3500116;19.7802944;0.141813815;ZTF;ZTF(zr);ZTF
59250.3884491;19.7315102;0.136745632;ZTF;ZTF(zr);ZTF
59250.4447569;19.5768604;0.121546611;ZTF;ZTF(zr);ZTF
59251.3293866;19.7119694;0.134751558;ZTF;ZTF(zr);ZTF
59251.3303241;19.8331966;0.147450954;ZTF;ZTF(zr);ZTF
59251.3427315;19.4537697;0.11733602;ZTF;ZTF(zi);ZTF
59251.4116088;20.7621441;0.244434595;ZTF;ZTF(zg);ZTF
59251.4653935;19.6935101;0.132887065;ZTF;ZTF(zr);ZTF
59252.198044;19.8592567;0.150279969;ZTF;ZTF(zr);ZTF
59252.3044792;19.829586;0.147061765;ZTF;ZTF(zr);ZTF
59253.3113773;19.8771324;0.15223968;ZTF;ZTF(zr);ZTF
59253.3244213;19.7676754;0.140490577;ZTF;ZTF(zr);ZTF
59253.347581;19.8980522;0.15455249;ZTF;ZTF(zr);ZTF
59254.1850926;19.7762012;0.141383663;ZTF;ZTF(zr);ZTF
59254.3466782;19.4274559;0.115141675;ZTF;ZTF(zi);ZTF
59255.2864005;19.7153416;0.135094091;ZTF;ZTF(zr);ZTF
59255.4081134;19.7766304;0.141428679;ZTF;ZTF(zr);ZTF
59256.2279745;19.8267059;0.146751717;ZTF;ZTF(zr);ZTF
59257.2646759;19.8292599;0.147026598;ZTF;ZTF(zr);ZTF
59260.2605208;19.7574196;0.139421463;ZTF;ZTF(zr);ZTF
59260.4163889;19.6871052;0.132244557;ZTF;ZTF(zr);ZTF
59262.2078588;19.769062;0.140635535;ZTF;ZTF(zr);ZTF
59262.2392477;19.776104;0.141373515;ZTF;ZTF(zr);ZTF
59262.2440394;19.6869259;0.132226646;ZTF;ZTF(zr);ZTF
59263.3101273;19.1914291;0.0966722742;ZTF;ZTF(zi);ZTF
59264.183044;19.654562;0.129015297;ZTF;ZTF(zr);ZTF
59264.3002662;19.7528591;0.138947785;ZTF;ZTF(zr);ZTF
59264.3233102;20.6164894;0.230811;ZTF;ZTF(zg);ZTF
59265.2403125;19.7875156;0.142574683;ZTF;ZTF(zr);ZTF
59265.3019329;19.8242321;0.146485627;ZTF;ZTF(zr);ZTF
59266.1353009;19.9496155;0.171060979;ZTF;ZTF(zg);ZTF
59266.2354167;19.6026554;0.123987898;ZTF;ZTF(zr);ZTF
59266.2686111;19.538908;0.118023902;ZTF;ZTF(zr);ZTF
59266.3387037;19.0322094;0.085556224;ZTF;ZTF(zi);ZTF
59266.3720718;19.6224365;0.1258858;ZTF;ZTF(zr);ZTF
59266.4064583;19.9518929;0.171300948;ZTF;ZTF(zg);ZTF
59267.1779282;19.6214542;0.125791058;ZTF;ZTF(zr);ZTF
59268.2080671;20.3135777;0.207015127;ZTF;ZTF(zg);ZTF
59268.2847454;19.8488388;0.149145037;ZTF;ZTF(zr);ZTF
59268.2973264;19.6866264;0.132196575;ZTF;ZTF(zr);ZTF
59268.3622106;19.9199257;0.156992391;ZTF;ZTF(zr);ZTF
59269.4048611;19.3315964;0.107367665;ZTF;ZTF(zi);ZTF
59270.2809144;19.9316921;0.16917114;ZTF;ZTF(zg);ZTF
59270.3147801;19.7183857;0.135403976;ZTF;ZTF(zr);ZTF
59272.2766551;19.8832893;0.152918234;ZTF;ZTF(zr);ZTF
59272.3434375;19.3029442;0.105114438;ZTF;ZTF(zi);ZTF
59275.1817477;20.5180626;0.221604824;ZTF;ZTF(zg);ZTF
59275.195706;20.3510532;0.210101962;ZTF;ZTF(zg);ZTF
59275.2906134;19.8724785;0.151728004;ZTF;ZTF(zr);ZTF
59275.2915741;19.7591724;0.139603749;ZTF;ZTF(zr);ZTF
59275.4128125;19.6313782;0.126751006;ZTF;ZTF(zr);ZTF
59276.2247338;20.7769413;0.245818615;ZTF;ZTF(zg);ZTF
59276.4260301;20.3184795;0.207429573;ZTF;ZTF(zg);ZTF
59278.1793634;19.7735271;0.141103163;ZTF;ZTF(zr);ZTF
59278.2891435;19.6120758;0.124889024;ZTF;ZTF(zr);ZTF
59278.4279514;19.7272987;0.136314064;ZTF;ZTF(zr);ZTF
59280.263287;19.8900642;0.153666943;ZTF;ZTF(zr);ZTF
59280.3051736;19.8954258;0.154261023;ZTF;ZTF(zr);ZTF
59281.2203125;19.8895931;0.153614819;ZTF;ZTF(zr);ZTF
59281.2348843;19.6448612;0.128064096;ZTF;ZTF(zr);ZTF
59281.2358218;19.8378696;0.14795576;ZTF;ZTF(zr);ZTF
59290.2826273;19.52528;0.123418972;ZTF;ZTF(zi);ZTF
59291.2478472;19.9094296;0.15581885;ZTF;ZTF(zr);ZTF
59292.2322454;19.8312759;0.147243813;ZTF;ZTF(zr);ZTF
59292.2490625;20.6915054;0.201502562;ZTF;ZTF(zg);ZTF
59292.249537;20.6870384;0.201142907;ZTF;ZTF(zg);ZTF
59293.1967708;20.6944962;0.201743364;ZTF;ZTF(zg);ZTF
59293.2416319;19.8482227;0.149078056;ZTF;ZTF(zr);ZTF
59293.2425926;19.7464695;0.138286069;ZTF;ZTF(zr);ZTF
59293.3011343;20.6650887;0.235356688;ZTF;ZTF(zg);ZTF
59293.3020718;20.6360703;0.232642412;ZTF;ZTF(zg);ZTF
59294.2167245;19.8036652;0.144286424;ZTF;ZTF(zr);ZTF
59294.3041551;19.5815144;0.128313661;ZTF;ZTF(zi);ZTF
59296.2159606;19.6428604;0.127868652;ZTF;ZTF(zr);ZTF
59297.1975579;19.2673473;0.102362424;ZTF;ZTF(zi);ZTF
59301.2903472;19.4431515;0.109503977;ZTF;ZTF(zr);ZTF
59302.2308333;19.9347477;0.158657998;ZTF;ZTF(zr);ZTF
59302.2849421;19.3759384;0.110919535;ZTF;ZTF(zi);ZTF
59303.3471181;19.7035751;0.133901328;ZTF;ZTF(zr);ZTF
59304.1759954;19.7583237;0.139515445;ZTF;ZTF(zr);ZTF
59304.1769329;19.5403042;0.118152022;ZTF;ZTF(zr);ZTF
59304.1934028;20.3853455;0.212747052;ZTF;ZTF(zg);ZTF
59305.3717361;19.4778099;0.119361952;ZTF;ZTF(zi);ZTF
59306.2471181;19.8314705;0.147264764;ZTF;ZTF(zr);ZTF
59306.2480671;19.8553505;0.149853766;ZTF;ZTF(zr);ZTF
59307.2208796;19.700491;0.133589968;ZTF;ZTF(zr);ZTF
59308.2081481;19.7659378;0.140309125;ZTF;ZTF(zr);ZTF
59308.3070718;19.6443119;0.133876771;ZTF;ZTF(zi);ZTF
59309.2457523;19.6000156;0.123736367;ZTF;ZTF(zr);ZTF
59310.3176157;19.8277321;0.146862045;ZTF;ZTF(zr);ZTF
59311.2556481;19.6254768;0.132198647;ZTF;ZTF(zi);ZTF
59312.268206;19.7687378;0.14060165;ZTF;ZTF(zr);ZTF
59314.2659375;19.8981438;0.154562667;ZTF;ZTF(zr);ZTF
59314.3099306;19.3793564;0.111196622;ZTF;ZTF(zi);ZTF
59314.98381132;16.032;0.264;NEOWISE;WISE(W1);NEOWISE
59315.11407797;15.896;0.351;NEOWISE;WISE(W1);NEOWISE
59315.2453633;14.888;0.322;NEOWISE;WISE(W2);NEOWISE
59315.2453633;16.372;0.301;NEOWISE;WISE(W1);NEOWISE
59315.44146363;15.991;0.194;NEOWISE;WISE(W1);NEOWISE
59315.50678852;16.257;0.256;NEOWISE;WISE(W1);NEOWISE
59315.5716035;16.491;0.4;NEOWISE;WISE(W1);NEOWISE
59315.57173081;16.277;0.25;NEOWISE;WISE(W1);NEOWISE
59315.63756449;15.111;0.507;NEOWISE;WISE(W2);NEOWISE
59315.63756449;16.081;0.243;NEOWISE;WISE(W1);NEOWISE
59315.70288885;15.932;0.226;NEOWISE;WISE(W1);NEOWISE
59315.76821318;16.49;0.322;NEOWISE;WISE(W1);NEOWISE
59315.76821318;15.038;0.497;NEOWISE;WISE(W2);NEOWISE
59315.83366483;16.672;0.373;NEOWISE;WISE(W1);NEOWISE
59315.96431356;16.208;0.24;NEOWISE;WISE(W1);NEOWISE
59315.96431356;14.935;0.377;NEOWISE;WISE(W2);NEOWISE
59316.09508957;16.584;0.343;NEOWISE;WISE(W1);NEOWISE
59316.2868981;19.8156261;0.145562753;ZTF;ZTF(zr);ZTF
59317.2131829;19.4267368;0.115082078;ZTF;ZTF(zi);ZTF
59319.2164005;19.7094326;0.13449423;ZTF;ZTF(zr);ZTF
59321.2291319;19.7859344;0.142407879;ZTF;ZTF(zr);ZTF
59321.3231481;19.5738029;0.127637193;ZTF;ZTF(zi);ZTF
59323.2235301;19.8355904;0.147709399;ZTF;ZTF(zr);ZTF
59324.301794;19.3848419;0.111642063;ZTF;ZTF(zi);ZTF
59325.177662;19.6230602;0.125945985;ZTF;ZTF(zr);ZTF
59325.220081;20.739109;0.242280006;ZTF;ZTF(zg);ZTF
59329.2196991;19.7565918;0.139335468;ZTF;ZTF(zr);ZTF
59329.2220602;19.9020386;0.154995501;ZTF;ZTF(zr);ZTF
59335.1848958;19.8007526;0.143976659;ZTF;ZTF(zr);ZTF
59335.186794;19.7334557;0.136945277;ZTF;ZTF(zr);ZTF
59335.2387153;20.7179794;0.240303755;ZTF;ZTF(zg);ZTF
59335.244456;20.3578339;0.210639328;ZTF;ZTF(zg);ZTF
59338.24625;19.8098164;0.144941926;ZTF;ZTF(zr);ZTF
59339.1834838;19.4328365;0.115588389;ZTF;ZTF(zi);ZTF
59340.1799306;20.8099899;0.248909831;ZTF;ZTF(zg);ZTF
59340.2470718;19.7971287;0.143591911;ZTF;ZTF(zr);ZTF
59341.1976273;19.794239;0.143285647;ZTF;ZTF(zr);ZTF
59342.1800694;19.3444328;0.108387873;ZTF;ZTF(zi);ZTF
59342.2840278;19.7906303;0.142903775;ZTF;ZTF(zr);ZTF
59344.2175231;19.889267;0.153578803;ZTF;ZTF(zr);ZTF
59346.2858796;19.8734589;0.151835769;ZTF;ZTF(zr);ZTF
59346.2868171;19.9025345;0.155050665;ZTF;ZTF(zr);ZTF
59348.1832639;19.8917446;0.153853014;ZTF;ZTF(zr);ZTF
59349.2614236;19.3796883;0.111223511;ZTF;ZTF(zi);ZTF
59350.2346528;19.6083755;0.124534488;ZTF;ZTF(zr);ZTF
59353.1805208;19.844408;0.148663938;ZTF;ZTF(zr);ZTF
59355.2009838;19.7678509;0.140508905;ZTF;ZTF(zr);ZTF
59355.2047222;19.7170963;0.135272622;ZTF;ZTF(zr);ZTF
59356.2452662;19.7636566;0.14007099;ZTF;ZTF(zr);ZTF
59358.2225694;19.7397823;0.137595996;ZTF;ZTF(zr);ZTF
59361.2040278;19.6675911;0.130300984;ZTF;ZTF(zr);ZTF
59363.1843287;19.8588524;0.150235876;ZTF;ZTF(zr);ZTF
59377.1986458;19.522337;0.123165324;ZTF;ZTF(zi);ZTF
59390.1832523;19.8730659;0.151792541;ZTF;ZTF(zr);ZTF
59390.184213;19.7868423;0.142503724;ZTF;ZTF(zr);ZTF
59392.1833102;19.7879696;0.14262265;ZTF;ZTF(zr);ZTF
59392.1842824;19.7319431;0.136790007;ZTF;ZTF(zr);ZTF
59392.1852431;19.7679996;0.140524477;ZTF;ZTF(zr);ZTF
59392.1862037;19.6210194;0.125749081;ZTF;ZTF(zr);ZTF
59392.1871759;19.809763;0.144936219;ZTF;ZTF(zr);ZTF
59393.1828819;19.914566;0.156392545;ZTF;ZTF(zr);ZTF
59393.1838426;19.6644459;0.129989803;ZTF;ZTF(zr);ZTF
59393.1848148;19.5988674;0.123627096;ZTF;ZTF(zr);ZTF
59393.1857755;19.7350101;0.137104958;ZTF;ZTF(zr);ZTF
59393.1867477;19.8035851;0.144277811;ZTF;ZTF(zr);ZTF
59396.1716551;19.9185371;0.156836838;ZTF;ZTF(zr);ZTF
59396.1763657;19.5828285;0.122108035;ZTF;ZTF(zr);ZTF
59396.1787153;20.0169983;0.168067276;ZTF;ZTF(zr);ZTF
59397.1734606;19.7355461;0.137159988;ZTF;ZTF(zr);ZTF
59397.1758218;19.8732986;0.151818097;ZTF;ZTF(zr);ZTF
59397.1781944;19.7652893;0.140241414;ZTF;ZTF(zr);ZTF
59397.1805671;20.0146408;0.16779387;ZTF;ZTF(zr);ZTF
59400.1716204;19.6006451;0.123796321;ZTF;ZTF(zr);ZTF
59400.1740509;19.5221367;0.116493545;ZTF;ZTF(zr);ZTF
59400.1764815;19.7774372;0.141513452;ZTF;ZTF(zr);ZTF
59400.1789005;19.8972282;0.154461026;ZTF;ZTF(zr);ZTF
59401.1714931;19.5139771;0.115754947;ZTF;ZTF(zr);ZTF
59401.176331;19.7476959;0.138412938;ZTF;ZTF(zr);ZTF
59401.1811806;19.6924191;0.132777512;ZTF;ZTF(zr);ZTF
59402.1737153;19.8062897;0.144565791;ZTF;ZTF(zr);ZTF
59402.1761458;19.8643932;0.150841549;ZTF;ZTF(zr);ZTF
59402.1785648;19.736742;0.137282923;ZTF;ZTF(zr);ZTF
59402.1809838;19.4636459;0.111283131;ZTF;ZTF(zr);ZTF
59403.1753935;19.8050804;0.14443706;ZTF;ZTF(zr);ZTF
59403.1801852;19.9178925;0.156764612;ZTF;ZTF(zr);ZTF
59404.1775579;19.8866177;0.153285787;ZTF;ZTF(zr);ZTF
59405.1696412;19.4514542;0.11022187;ZTF;ZTF(zr);ZTF
59405.1720023;19.5337944;0.117555648;ZTF;ZTF(zr);ZTF
59405.1790972;19.6516895;0.128733054;ZTF;ZTF(zr);ZTF
59473.5029514;19.5672874;0.120650321;ZTF;ZTF(zr);ZTF
59473.5054977;19.9904594;0.165001839;ZTF;ZTF(zr);ZTF
59473.5080324;19.5903568;0.122819275;ZTF;ZTF(zr);ZTF
59473.5105671;19.8491611;0.149180025;ZTF;ZTF(zr);ZTF
59473.5131134;19.4613113;0.111079179;ZTF;ZTF(zr);ZTF
59496.4528819;19.683445;0.131878451;ZTF;ZTF(zr);ZTF
59498.4731829;19.3947029;0.112445809;ZTF;ZTF(zi);ZTF
59500.4914005;19.7442074;0.138052419;ZTF;ZTF(zr);ZTF
59503.5090856;20.4356594;0.216267601;ZTF;ZTF(zg);ZTF
59509.4359375;19.8682404;0.1624856;ZTF;ZTF(zg);ZTF
59512.5140625;19.7726746;0.141013816;ZTF;ZTF(zr);ZTF
59518.4686111;19.36586;0.110105455;ZTF;ZTF(zi);ZTF
59521.4552894;19.6844368;0.131977588;ZTF;ZTF(zr);ZTF
59521.4715394;19.8349152;0.147636518;ZTF;ZTF(zr);ZTF
59521.4884028;19.3452873;0.108455956;ZTF;ZTF(zi);ZTF
59522.4656944;19.8257885;0.146652982;ZTF;ZTF(zr);ZTF
59522.4944329;19.93997;0.159247041;ZTF;ZTF(zr);ZTF
59522.4953704;19.8574066;0.150078043;ZTF;ZTF(zr);ZTF
59523.4853009;19.8041344;0.144336313;ZTF;ZTF(zr);ZTF
59523.509456;19.9123821;0.156148493;ZTF;ZTF(zr);ZTF
59523.5376968;20.9589233;0.262840033;ZTF;ZTF(zg);ZTF
59524.4673611;19.7842712;0.142232537;ZTF;ZTF(zr);ZTF
59524.4697222;19.9361744;0.158818692;ZTF;ZTF(zr);ZTF
59524.60141873;15.593;0.172;NEOWISE;WISE(W1);NEOWISE
59524.73219528;16.119;0.241;NEOWISE;WISE(W1);NEOWISE
59524.8628439;15.957;0.204;NEOWISE;WISE(W1);NEOWISE
59525.18908347;15.999;0.225;NEOWISE;WISE(W1);NEOWISE
59525.25491709;15.464;0.537;NEOWISE;WISE(W2);NEOWISE
59525.25491709;16.179;0.235;NEOWISE;WISE(W1);NEOWISE
59525.4490162;19.8704224;0.151502341;ZTF;ZTF(zr);ZTF
59525.45101738;16.13;0.238;NEOWISE;WISE(W1);NEOWISE
59525.5084144;19.8326626;0.147393331;ZTF;ZTF(zr);ZTF
59525.71231458;15.958;0.209;NEOWISE;WISE(W1);NEOWISE
59526.5159954;19.7870865;0.142529383;ZTF;ZTF(zr);ZTF
59527.5258565;19.522398;0.123170674;ZTF;ZTF(zi);ZTF
59529.4135648;19.8063164;0.144568726;ZTF;ZTF(zr);ZTF
59529.5131481;20.5266857;0.222411275;ZTF;ZTF(zg);ZTF
59530.4723032;19.4877396;0.113405585;ZTF;ZTF(zr);ZTF
59532.4710417;19.7651482;0.140226603;ZTF;ZTF(zr);ZTF
59538.4255671;19.6691971;0.130460232;ZTF;ZTF(zr);ZTF
59540.3528356;19.9206219;0.157070398;ZTF;ZTF(zr);ZTF
59540.4871875;19.4607086;0.11791876;ZTF;ZTF(zi);ZTF
59540.5305208;19.7531548;0.138978451;ZTF;ZTF(zr);ZTF
59550.2990046;20.9892864;0.265680075;ZTF;ZTF(zg);ZTF
59550.2999421;20.5546017;0.225022435;ZTF;ZTF(zg);ZTF
59550.3466435;19.739109;0.137526631;ZTF;ZTF(zr);ZTF
59550.4058102;19.8330536;0.147435501;ZTF;ZTF(zr);ZTF
59550.4067593;19.7822838;0.142023206;ZTF;ZTF(zr);ZTF
59550.425544;20.9529781;0.26228404;ZTF;ZTF(zg);ZTF
59600.3618866;19.8172989;0.14574182;ZTF;ZTF(zr);ZTF
59600.3919444;19.5048637;0.121665269;ZTF;ZTF(zi);ZTF
59621.4579861;19.8373547;0.147900075;ZTF;ZTF(zr);ZTF
59622.2892245;19.5603733;0.120006204;ZTF;ZTF(zr);ZTF
59622.3049884;20.2781963;0.169715971;ZTF;ZTF(zg);ZTF
59622.3304051;19.7422218;0.137847438;ZTF;ZTF(zr);ZTF
59622.3877199;20.2728786;0.203462437;ZTF;ZTF(zg);ZTF
59622.4237847;19.2891769;0.104043879;ZTF;ZTF(zi);ZTF
59622.448287;19.5822735;0.122055814;ZTF;ZTF(zr);ZTF
59623.2268171;20.1655846;0.193322361;ZTF;ZTF(zg);ZTF
59623.3603125;19.6682091;0.130362302;ZTF;ZTF(zr);ZTF
59624.2638079;20.4073143;0.214340493;ZTF;ZTF(zg);ZTF
59624.3920023;19.7404633;0.137666121;ZTF;ZTF(zr);ZTF
59624.414294;19.6817894;0.131713048;ZTF;ZTF(zr);ZTF
59625.1621181;19.3931408;0.105263546;ZTF;ZTF(zr);ZTF
59625.3232176;19.4217091;0.114665866;ZTF;ZTF(zi);ZTF
59627.3315046;19.2687263;0.0953299329;ZTF;ZTF(zr);ZTF
59628.3470833;19.5135078;0.122406162;ZTF;ZTF(zi);ZTF
59628.4568866;19.5625381;0.120207593;ZTF;ZTF(zr);ZTF
59629.345544;19.7561245;0.139286906;ZTF;ZTF(zr);ZTF
59629.4822454;19.5284233;0.117065325;ZTF;ZTF(zr);ZTF
59630.4585069;20.2882652;0.204827979;ZTF;ZTF(zg);ZTF
59636.3469907;19.8276558;0.146853819;ZTF;ZTF(zr);ZTF
59636.3677546;19.4312954;0.115460306;ZTF;ZTF(zi);ZTF
59636.4025231;19.8050842;0.144437432;ZTF;ZTF(zr);ZTF
59636.4492014;20.8329735;0.251059532;ZTF;ZTF(zg);ZTF
59638.3858102;19.7704487;0.140780732;ZTF;ZTF(zr);ZTF
59638.4681366;19.8048897;0.144416735;ZTF;ZTF(zr);ZTF
59639.1509375;19.7665577;0.140373871;ZTF;ZTF(zr);ZTF
59639.217037;19.456398;0.117556557;ZTF;ZTF(zi);ZTF
59639.2374074;19.6978836;0.133327127;ZTF;ZTF(zr);ZTF
59640.2662847;20.0272636;0.169259757;ZTF;ZTF(zr);ZTF
59640.3105787;20.7970886;0.247703075;ZTF;ZTF(zg);ZTF
59640.3578472;20.8551998;0.253138423;ZTF;ZTF(zg);ZTF
59640.3622106;20.8244362;0.250260949;ZTF;ZTF(zg);ZTF
59640.4028125;19.9271355;0.15780133;ZTF;ZTF(zr);ZTF
59641.3666319;19.8795795;0.152509183;ZTF;ZTF(zr);ZTF
59671.3085648;19.4391499;0.116113804;ZTF;ZTF(zi);ZTF
59671.3317245;19.8776608;0.152297974;ZTF;ZTF(zr);ZTF
59674.3101968;19.9115906;0.156060085;ZTF;ZTF(zr);ZTF
59674.345706;19.3892517;0.112001017;ZTF;ZTF(zi);ZTF
59674.3919792;20.4801216;0.218964517;ZTF;ZTF(zg);ZTF
59676.3461806;19.7630081;0.140003338;ZTF;ZTF(zr);ZTF
59677.2619097;19.6298656;0.132589042;ZTF;ZTF(zi);ZTF
59678.239919;19.8041439;0.144337282;ZTF;ZTF(zr);ZTF
59678.3079051;20.8023624;0.248196363;ZTF;ZTF(zg);ZTF
59679.32989912;16.697;0.41;NEOWISE;WISE(W1);NEOWISE
59679.32989912;14.327;0.362;NEOWISE;WISE(W2);NEOWISE
59679.45991175;15.749;0.235;NEOWISE;WISE(W1);NEOWISE
59679.46003912;16.521;0.421;NEOWISE;WISE(W1);NEOWISE
59679.5910699;15.594;0.182;NEOWISE;WISE(W1);NEOWISE
59679.65626696;14.552;0.274;NEOWISE;WISE(W2);NEOWISE
59679.72159133;16.153;0.247;NEOWISE;WISE(W1);NEOWISE
59679.78691575;16.125;0.294;NEOWISE;WISE(W1);NEOWISE
59679.8521128;16.15;0.249;NEOWISE;WISE(W1);NEOWISE
59679.9827616;15.751;0.185;NEOWISE;WISE(W1);NEOWISE
59682.20200797;16.014;0.324;NEOWISE;WISE(W1);NEOWISE
59682.33252998;14.883;0.532;NEOWISE;WISE(W2);NEOWISE
59682.33252998;16.104;0.375;NEOWISE;WISE(W1);NEOWISE
59682.46305145;16.312;0.31;NEOWISE;WISE(W1);NEOWISE
59682.59357282;14.018;0.255;NEOWISE;WISE(W2);NEOWISE
59682.59370014;16.727;0.383;NEOWISE;WISE(W1);NEOWISE
59682.6588972;16.103;0.249;NEOWISE;WISE(W1);NEOWISE
59682.92006742;15.964;0.282;NEOWISE;WISE(W1);NEOWISE
59683.18123763;16.141;0.288;NEOWISE;WISE(W1);NEOWISE
59683.18123763;15.249;0.411;NEOWISE;WISE(W2);NEOWISE
59683.2442245;19.8384609;0.148019716;ZTF;ZTF(zr);ZTF
59683.3208333;19.3376999;0.107851923;ZTF;ZTF(zi);ZTF
59687.3235648;19.211813;0.0981757268;ZTF;ZTF(zi);ZTF
59688.1865741;20.7023773;0.238844395;ZTF;ZTF(zg);ZTF
59690.2374421;19.7990417;0.143794969;ZTF;ZTF(zr);ZTF
59694.17875;19.7744694;0.141201898;ZTF;ZTF(zr);ZTF
59694.2052778;19.4979801;0.121076889;ZTF;ZTF(zi);ZTF
59696.1830671;21.0385628;0.270289063;ZTF;ZTF(zg);ZTF
59696.2417477;19.7601261;0.13970302;ZTF;ZTF(zr);ZTF
59697.2384259;19.5168896;0.122696698;ZTF;ZTF(zi);ZTF
59699.1742593;19.8374424;0.147909597;ZTF;ZTF(zr);ZTF
59701.238125;19.4366169;0.115902804;ZTF;ZTF(zi);ZTF
59703.2670255;20.3187943;0.207456067;ZTF;ZTF(zg);ZTF
59708.2001736;19.5878067;0.122577935;ZTF;ZTF(zr);ZTF
59712.1808449;20.666502;0.235488892;ZTF;ZTF(zg);ZTF
59712.2079051;19.8372021;0.147883579;ZTF;ZTF(zr);ZTF
59714.2015162;19.7462959;0.138268232;ZTF;ZTF(zr);ZTF
59717.1997917;19.8330536;0.147435501;ZTF;ZTF(zr);ZTF
59719.2231829;19.7580414;0.139486164;ZTF;ZTF(zr);ZTF
59724.1859144;19.2872963;0.103898205;ZTF;ZTF(zi);ZTF
59739.2268171;19.4211044;0.114615768;ZTF;ZTF(zi);ZTF
59742.2083912;19.4123726;0.113895282;ZTF;ZTF(zi);ZTF
59753.1828472;19.6908665;0.132621557;ZTF;ZTF(zr);ZTF
59753.1839236;19.8657608;0.150991231;ZTF;ZTF(zr);ZTF
59753.185;19.7363815;0.137245893;ZTF;ZTF(zr);ZTF
59753.1860764;19.7750587;0.141263813;ZTF;ZTF(zr);ZTF
59753.1871528;19.6964912;0.133186951;ZTF;ZTF(zr);ZTF
59754.182963;19.7420578;0.1378306;ZTF;ZTF(zr);ZTF
59754.183912;19.6033974;0.124058753;ZTF;ZTF(zr);ZTF
59754.1848495;19.5895119;0.122739278;ZTF;ZTF(zr);ZTF
59754.1857986;19.5561256;0.119611755;ZTF;ZTF(zr);ZTF
59754.1867361;19.6552658;0.129084453;ZTF;ZTF(zr);ZTF
59755.1832755;19.5668354;0.120608032;ZTF;ZTF(zr);ZTF
59755.1842477;19.7606964;0.139762476;ZTF;ZTF(zr);ZTF
59755.1852083;19.9156628;0.156515196;ZTF;ZTF(zr);ZTF
59755.1861806;19.7055931;0.134105384;ZTF;ZTF(zr);ZTF
59755.1871412;19.5041542;0.114870772;ZTF;ZTF(zr);ZTF
59756.1833218;19.9577808;0.161265075;ZTF;ZTF(zr);ZTF
59756.1842824;19.6261311;0.126242727;ZTF;ZTF(zr);ZTF
59756.1852546;19.8124676;0.145225063;ZTF;ZTF(zr);ZTF
59756.1862153;19.7514992;0.138806865;ZTF;ZTF(zr);ZTF
59756.1871759;19.8079281;0.144740522;ZTF;ZTF(zr);ZTF
59757.1833333;19.5855827;0.122367889;ZTF;ZTF(zr);ZTF
59757.1843056;19.588253;0.122620195;ZTF;ZTF(zr);ZTF
59757.1852662;19.7884884;0.142677411;ZTF;ZTF(zr);ZTF
59757.1862269;19.7527924;0.138940871;ZTF;ZTF(zr);ZTF
59757.1871875;19.7379265;0.137404859;ZTF;ZTF(zr);ZTF
59758.1838426;19.7144432;0.135002822;ZTF;ZTF(zr);ZTF
59758.1848148;19.6677284;0.130314693;ZTF;ZTF(zr);ZTF
59758.1857755;19.9378948;0.159012884;ZTF;ZTF(zr);ZTF
59758.1867477;19.8451424;0.1487436;ZTF;ZTF(zr);ZTF
59761.1764005;19.8084679;0.144797966;ZTF;ZTF(zr);ZTF
59761.1811111;19.608593;0.124555275;ZTF;ZTF(zr);ZTF
59762.1734954;19.6402702;0.127615854;ZTF;ZTF(zr);ZTF
59762.1758681;19.8531437;0.149613366;ZTF;ZTF(zr);ZTF
59762.1782292;19.7112503;0.134678468;ZTF;ZTF(zr);ZTF
59762.1806019;19.7452011;0.138154984;ZTF;ZTF(zr);ZTF
59763.1710648;19.6579418;0.129347891;ZTF;ZTF(zr);ZTF
59763.1781713;19.9260502;0.157679498;ZTF;ZTF(zr);ZTF
59763.1801157;19.8676243;0.151195392;ZTF;ZTF(zr);ZTF
59764.1718056;19.641468;0.127732739;ZTF;ZTF(zr);ZTF
59764.1766667;19.6341248;0.127017662;ZTF;ZTF(zr);ZTF
59764.1790972;19.6962013;0.13315767;ZTF;ZTF(zr);ZTF
59765.1813773;19.8195;0.145977765;ZTF;ZTF(zr);ZTF
59766.1739236;19.5614491;0.120106205;ZTF;ZTF(zr);ZTF
59766.1812037;19.645155;0.128092915;ZTF;ZTF(zr);ZTF
59767.1713079;19.521698;0.116453752;ZTF;ZTF(zr);ZTF
59767.1737384;19.7868347;0.142502844;ZTF;ZTF(zr);ZTF
59767.176169;19.7632923;0.140032947;ZTF;ZTF(zr);ZTF
59767.178588;19.9870453;0.164609432;ZTF;ZTF(zr);ZTF
59767.1810301;19.8787022;0.152412534;ZTF;ZTF(zr);ZTF
59839.5016667;19.9076462;0.166635513;ZTF;ZTF(zg);ZTF
59852.4785995;20.7659607;0.207497478;ZTF;ZTF(zg);ZTF
59857.4970139;19.8769188;0.152216211;ZTF;ZTF(zr);ZTF
59859.4728009;20.4918251;0.219601765;ZTF;ZTF(zg);ZTF
59861.4929167;19.7597275;0.139661551;ZTF;ZTF(zr);ZTF
59863.4847685;20.1658745;0.185673431;ZTF;ZTF(zr);ZTF
59866.4850694;19.6245022;0.126085311;ZTF;ZTF(zr);ZTF
59872.4450694;19.8498344;0.149253249;ZTF;ZTF(zr);ZTF
59872.4886458;19.3672295;0.110215858;ZTF;ZTF(zi);ZTF
59874.5061458;19.7898865;0.142825127;ZTF;ZTF(zr);ZTF
59877.4678125;19.6084976;0.130692646;ZTF;ZTF(zi);ZTF
59878.4506713;20.5501194;0.224603176;ZTF;ZTF(zg);ZTF
59878.5061921;20.0574932;0.172793165;ZTF;ZTF(zr);ZTF
59880.5115046;19.4980164;0.121080041;ZTF;ZTF(zi);ZTF
59881.4903009;19.8498268;0.149252474;ZTF;ZTF(zr);ZTF
59883.4434375;19.9419346;0.159468949;ZTF;ZTF(zr);ZTF
59883.4755324;19.3893375;0.112008005;ZTF;ZTF(zi);ZTF
59888.931828;15.926;0.198;NEOWISE;WISE(W1);NEOWISE
59889.06222208;16.489;0.402;NEOWISE;WISE(W1);NEOWISE
59889.19248881;15.854;0.254;NEOWISE;WISE(W1);NEOWISE
59889.25768586;16.098;0.224;NEOWISE;WISE(W1);NEOWISE
59889.32288285;15.137;0.395;NEOWISE;WISE(W2);NEOWISE
59889.32288285;16.422;0.524;NEOWISE;WISE(W1);NEOWISE
59889.38807994;14.284;0.315;NEOWISE;WISE(W2);NEOWISE
59889.38807994;16.625;0.423;NEOWISE;WISE(W1);NEOWISE
59889.45314966;16.726;0.48;NEOWISE;WISE(W1);NEOWISE
59889.51834666;16.094;0.235;NEOWISE;WISE(W1);NEOWISE
59889.90940207;16.285;0.268;NEOWISE;WISE(W1);NEOWISE
59893.4708681;19.6406593;0.127653763;ZTF;ZTF(zr);ZTF
59895.4032986;19.5545826;0.119468793;ZTF;ZTF(zr);ZTF
59900.4748264;20.2779369;0.169694588;ZTF;ZTF(zg);ZTF
59901.4964583;19.9153862;0.156484246;ZTF;ZTF(zr);ZTF
59903.4121296;19.4043732;0.11323759;ZTF;ZTF(zi);ZTF
59903.4990394;19.8455925;0.148792505;ZTF;ZTF(zr);ZTF
59906.4096528;19.5516968;0.12570703;ZTF;ZTF(zi);ZTF
59908.4255671;19.841032;0.148298025;ZTF;ZTF(zr);ZTF
59908.4668519;20.1733761;0.194088921;ZTF;ZTF(zg);ZTF
59909.4346296;20.0155449;0.16789861;ZTF;ZTF(zr);ZTF
59909.494375;20.838129;0.251541734;ZTF;ZTF(zg);ZTF
59909.5329514;19.9153557;0.156480789;ZTF;ZTF(zr);ZTF
59910.5091898;20.5725193;0.226698279;ZTF;ZTF(zg);ZTF
59914.4268287;19.8529358;0.14959079;ZTF;ZTF(zr);ZTF
59914.4349074;19.9248486;0.157544553;ZTF;ZTF(zr);ZTF
59914.4528125;19.4864826;0.120097756;ZTF;ZTF(zi);ZTF
59922.3327894;19.7798634;0.141768411;ZTF;ZTF(zr);ZTF
59922.3742593;19.8574066;0.150078043;ZTF;ZTF(zr);ZTF
59923.3636458;19.691843;0.132719561;ZTF;ZTF(zr);ZTF
59923.451331;19.754715;0.139140412;ZTF;ZTF(zr);ZTF
59923.4869097;19.5896416;0.122751579;ZTF;ZTF(zr);ZTF
59928.298669;19.7833099;0.14213115;ZTF;ZTF(zr);ZTF
59930.3491435;19.7776928;0.141540259;ZTF;ZTF(zr);ZTF
59930.4209722;19.6954308;0.13308017;ZTF;ZTF(zr);ZTF
59932.2617708;20.293251;0.205264986;ZTF;ZTF(zg);ZTF
59932.2795139;19.699501;0.133490071;ZTF;ZTF(zr);ZTF
59932.4079282;19.5841694;0.128546908;ZTF;ZTF(zi);ZTF
59932.4997454;20.7070217;0.202751875;ZTF;ZTF(zg);ZTF
59933.4037847;19.8514271;0.149426505;ZTF;ZTF(zr);ZTF
59934.5176273;19.8266621;0.146746978;ZTF;ZTF(zr);ZTF
59935.2992014;19.8202209;0.146055102;ZTF;ZTF(zr);ZTF
59935.3001389;19.7230206;0.135876685;ZTF;ZTF(zr);ZTF
59935.3518056;20.9751644;0.264359117;ZTF;ZTF(zg);ZTF
59935.4150926;19.5629692;0.126689553;ZTF;ZTF(zi);ZTF
59935.4341088;19.8897896;0.153636575;ZTF;ZTF(zr);ZTF
59936.2787037;19.7799721;0.14177984;ZTF;ZTF(zr);ZTF
59936.2999884;19.9085541;0.155721247;ZTF;ZTF(zr);ZTF
59937.2806134;19.5939751;0.123162195;ZTF;ZTF(zr);ZTF
59937.4306019;19.7906837;0.142909437;ZTF;ZTF(zr);ZTF
59937.474838;19.9403;0.159284309;ZTF;ZTF(zr);ZTF
59956.4909375;19.6551476;0.12907283;ZTF;ZTF(zr);ZTF
59966.2919213;19.4371071;0.115943603;ZTF;ZTF(zi);ZTF
59966.387419;19.7675552;0.140478;ZTF;ZTF(zr);ZTF
59967.3894792;19.596859;0.123436056;ZTF;ZTF(zr);ZTF
59968.2388426;19.6952667;0.133063629;ZTF;ZTF(zr);ZTF
59968.3686227;19.8130093;0.145282894;ZTF;ZTF(zr);ZTF
59968.4491667;19.7765255;0.141417682;ZTF;ZTF(zr);ZTF
59969.2771875;21.0232849;0.268859982;ZTF;ZTF(zg);ZTF
59969.3193634;19.7841682;0.1422216;ZTF;ZTF(zr);ZTF
59969.3437963;19.2770424;0.103106655;ZTF;ZTF(zi);ZTF
59969.366956;20.7849388;0.246566653;ZTF;ZTF(zg);ZTF
59971.328287;19.8455162;0.14878422;ZTF;ZTF(zr);ZTF
59971.3410648;19.7939739;0.143257603;ZTF;ZTF(zr);ZTF
59971.4264005;19.78545;0.142356843;ZTF;ZTF(zr);ZTF
59972.3105787;19.8986206;0.154615656;ZTF;ZTF(zr);ZTF
59972.346713;19.6690521;0.130445823;ZTF;ZTF(zr);ZTF
59977.3045833;19.6459637;0.128171951;ZTF;ZTF(zr);ZTF
59979.3923495;19.1364365;0.0927065089;ZTF;ZTF(zi);ZTF
59979.4586111;19.7472515;0.138366953;ZTF;ZTF(zr);ZTF
59980.3623727;19.5928364;0.123054206;ZTF;ZTF(zr);ZTF
59983.1660764;19.8468685;0.148930982;ZTF;ZTF(zr);ZTF
59984.3033102;20.0516701;0.172110036;ZTF;ZTF(zr);ZTF
59984.3176852;20.2132149;0.197942019;ZTF;ZTF(zg);ZTF
59984.3541782;19.6568069;0.129236117;ZTF;ZTF(zr);ZTF
59984.3710069;19.5269566;0.123563617;ZTF;ZTF(zi);ZTF
59985.1460648;19.6020336;0.135274589;ZTF;ZTF(zg);ZTF
59985.2226042;19.6165524;0.125318944;ZTF;ZTF(zr);ZTF
59985.2432639;19.8131905;0.145302266;ZTF;ZTF(zr);ZTF
59985.4251736;20.2872581;0.204739481;ZTF;ZTF(zg);ZTF
59985.4835764;19.7017498;0.133717;ZTF;ZTF(zr);ZTF
59993.3184375;19.9468803;0.160028383;ZTF;ZTF(zr);ZTF
59993.3455093;19.5768909;0.127907962;ZTF;ZTF(zi);ZTF
59994.2451968;19.8447876;0.148705184;ZTF;ZTF(zr);ZTF
59994.2461458;19.7457886;0.138215736;ZTF;ZTF(zr);ZTF
59994.4036111;21.0616817;0.272451401;ZTF;ZTF(zg);ZTF
60020.2473727;19.9043312;0.155250609;ZTF;ZTF(zr);ZTF
60031.3059722;19.8626423;0.15064995;ZTF;ZTF(zr);ZTF
60036.2598495;19.6980267;0.133341566;ZTF;ZTF(zr);ZTF
60045.1873958;21.0675545;0.273000717;ZTF;ZTF(zg);ZTF
60046.62953383;16.131;0.215;NEOWISE;WISE(W1);NEOWISE
60046.7594186;15.945;0.232;NEOWISE;WISE(W1);NEOWISE
60046.82448828;16.686;0.387;NEOWISE;WISE(W1);NEOWISE
60046.88943064;16.024;0.218;NEOWISE;WISE(W1);NEOWISE
60046.95437304;15.977;0.211;NEOWISE;WISE(W1);NEOWISE
60047.01931541;16.161;0.256;NEOWISE;WISE(W1);NEOWISE
60047.08438513;16.133;0.305;NEOWISE;WISE(W1);NEOWISE
60047.21426979;16.126;0.231;NEOWISE;WISE(W1);NEOWISE
60047.4741666;16.267;0.272;NEOWISE;WISE(W1);NEOWISE
60049.2157523;19.8792744;0.152475566;ZTF;ZTF(zr);ZTF
60053.2202199;19.703804;0.133924454;ZTF;ZTF(zr);ZTF
60055.2171065;19.7679787;0.140522361;ZTF;ZTF(zr);ZTF
60055.2790972;20.8342972;0.251183391;ZTF;ZTF(zg);ZTF
60057.2142593;20.6756973;0.236348867;ZTF;ZTF(zg);ZTF
60059.1733912;20.7828293;0.246369362;ZTF;ZTF(zg);ZTF
60059.2017361;19.9392128;0.159161553;ZTF;ZTF(zr);ZTF
60061.1978356;19.721468;0.135718256;ZTF;ZTF(zr);ZTF
60063.2169329;20.4531879;0.217380822;ZTF;ZTF(zg);ZTF
60063.2395602;19.8727417;0.151756912;ZTF;ZTF(zr);ZTF
60065.1974653;19.6104736;0.124735408;ZTF;ZTF(zr);ZTF
60073.1808218;19.7855549;0.142367899;ZTF;ZTF(zr);ZTF
60077.2630093;20.676815;0.236453414;ZTF;ZTF(zg);ZTF
60081.2432986;19.705143;0.134059802;ZTF;ZTF(zr);ZTF
60083.1825116;19.7011528;0.133656725;ZTF;ZTF(zr);ZTF
60083.2059375;20.7968254;0.247678518;ZTF;ZTF(zg);ZTF
60097.1977546;19.749588;0.138608769;ZTF;ZTF(zr);ZTF
60114.2273032;19.6750774;0.13104409;ZTF;ZTF(zr);ZTF
60116.2239236;19.7501717;0.138669252;ZTF;ZTF(zr);ZTF
60204.5028009;19.7094288;0.134493738;ZTF;ZTF(zr);ZTF
60204.5053472;19.7142258;0.134980649;ZTF;ZTF(zr);ZTF
60204.5078935;19.8318787;0.147308871;ZTF;ZTF(zr);ZTF
60204.5104398;19.8734035;0.151829615;ZTF;ZTF(zr);ZTF
60205.5046412;19.7802334;0.141807422;ZTF;ZTF(zr);ZTF
60205.5071296;19.9099617;0.15587832;ZTF;ZTF(zr);ZTF
60205.5096065;19.7149048;0.135049745;ZTF;ZTF(zr);ZTF
60205.5120833;19.7188358;0.135449871;ZTF;ZTF(zr);ZTF
60205.5145602;19.7005253;0.13359347;ZTF;ZTF(zr);ZTF
60220.5038773;19.5876598;0.122564062;ZTF;ZTF(zr);ZTF
60222.4898843;19.2789497;0.0961134583;ZTF;ZTF(zr);ZTF
60230.447419;20.5074787;0.220614791;ZTF;ZTF(zg);ZTF
60230.5102546;19.8946609;0.154176146;ZTF;ZTF(zr);ZTF
60234.4657523;20.7345257;0.24185133;ZTF;ZTF(zg);ZTF
60238.4520139;20.8378162;0.251512527;ZTF;ZTF(zg);ZTF
60238.5142477;19.7941303;0.143274158;ZTF;ZTF(zr);ZTF
60242.4563542;19.8845215;0.153054297;ZTF;ZTF(zr);ZTF
60246.5172106;19.7931137;0.143166468;ZTF;ZTF(zr);ZTF
60250.4343171;19.8691692;0.151364774;ZTF;ZTF(zr);ZTF
60252.4335069;19.6508217;0.128647894;ZTF;ZTF(zr);ZTF
60253.13770323;14.528;0.382;NEOWISE;WISE(W2);NEOWISE
60254.4664931;20.5791245;0.227316141;ZTF;ZTF(zg);ZTF
60254.5227199;19.7903805;0.14287743;ZTF;ZTF(zr);ZTF
60255.98332453;15.993;0.228;NEOWISE;WISE(W1);NEOWISE
60256.11257251;16.075;0.345;NEOWISE;WISE(W1);NEOWISE
60256.30663543;16.14;0.255;NEOWISE;WISE(W1);NEOWISE
60256.50006172;15.942;0.213;NEOWISE;WISE(W1);NEOWISE
60256.5652587;16.248;0.274;NEOWISE;WISE(W1);NEOWISE
60256.62981906;15.964;0.25;NEOWISE;WISE(W1);NEOWISE
60256.69450672;15.746;0.196;NEOWISE;WISE(W1);NEOWISE
60256.95313;16.489;0.398;NEOWISE;WISE(W1);NEOWISE
60258.4773727;19.7850685;0.14231661;ZTF;ZTF(zr);ZTF
60287.3681481;19.6059189;0.124299526;ZTF;ZTF(zr);ZTF
60291.3844792;19.8825016;0.152831301;ZTF;ZTF(zr);ZTF
60296.4342593;19.952507;0.160666123;ZTF;ZTF(zr);ZTF
60296.4794792;20.5677166;0.226249099;ZTF;ZTF(zg);ZTF
60311.3063889;19.770752;0.140812427;ZTF;ZTF(zr);ZTF
60311.4383449;20.5511627;0.224700809;ZTF;ZTF(zg);ZTF
60315.3099537;19.8428249;0.148492277;ZTF;ZTF(zr);ZTF
60315.3883102;19.743721;0.138002202;ZTF;ZTF(zr);ZTF
60322.433912;19.7759724;0.141359612;ZTF;ZTF(zr);ZTF
60324.4112847;20.9729023;0.26414752;ZTF;ZTF(zg);ZTF
60324.4459722;19.689064;0.132440791;ZTF;ZTF(zr);ZTF
60354.304456;21.1098099;0.276952982;ZTF;ZTF(zg);ZTF
60374.3689468;19.8789616;0.152441144;ZTF;ZTF(zr);ZTF
60389.2176157;20.2002411;0.196700171;ZTF;ZTF(zg);ZTF
60398.2393056;20.5635757;0.225861788;ZTF;ZTF(zg);ZTF
60398.3901273;19.6434002;0.127921402;ZTF;ZTF(zr);ZTF
60404.1809606;20.6760712;0.236383915;ZTF;ZTF(zg);ZTF
60408.2488194;19.8022308;0.144133776;ZTF;ZTF(zr);ZTF
60413.2651736;20.5521011;0.224788547;ZTF;ZTF(zg);ZTF
60417.2059144;20.4511738;0.217256069;ZTF;ZTF(zg);ZTF
60419.1842361;20.6154442;0.230713248;ZTF;ZTF(zg);ZTF
60431.3521644;19.9240608;0.157456115;ZTF;ZTF(zr);ZTF
60434.2020139;21.1004658;0.276079059;ZTF;ZTF(zg);ZTF
60438.2233796;19.819416;0.145968691;ZTF;ZTF(zr);ZTF
60446.2640394;19.5333576;0.117515653;ZTF;ZTF(zr);ZTF
60448.2396528;19.5481968;0.118878447;ZTF;ZTF(zr);ZTF
60450.248044;19.8455372;0.148786411;ZTF;ZTF(zr);ZTF
