MJD;Magnitude;Error;Facility;Filter;Observer
50820.398099999875;14.13;0.068;2MASS;2MASS(K);2MASS
50820.398099999875;14.943;0.05;2MASS;2MASS(J);2MASS
50820.398099999875;14.378;0.064;2MASS;2MASS(H);2MASS
52994.2843326;17.992916;0.012978541;SDSS;SDSS(r);SDSS
52994.2843326;17.99338;0.012939306;SDSS;SDSS(r);SDSS
52994.2843326;17.99338;0.012958347;SDSS;SDSS(r);SDSS
52994.28516186;17.543358;0.013264326;SDSS;SDSS(i);SDSS
52994.28516186;17.544603;0.013267334;SDSS;SDSS(i);SDSS
52994.28516186;17.544603;0.013285066;SDSS;SDSS(i);SDSS
52994.28599113;20.460524;0.053234708;SDSS;SDSS(u);SDSS
52994.28599113;20.484516;0.055102862;SDSS;SDSS(u);SDSS
52994.28599113;20.472122;0.05350322;SDSS;SDSS(u);SDSS
52994.2868203901;17.101135;0.019277405;SDSS;SDSS(z);SDSS
52994.2868203901;17.10417;0.019272344;SDSS;SDSS(z);SDSS
52994.2868203901;17.101133;0.019274496;SDSS;SDSS(z);SDSS
52994.28764966;18.705696;0.015166;SDSS;SDSS(g);SDSS
52994.28764966;18.7057;0.015292782;SDSS;SDSS(g);SDSS
52994.28764966;18.703575;0.015155299;SDSS;SDSS(g);SDSS
53081.25886582;18.187069;0.013805036;SDSS;SDSS(r);SDSS
53081.25886582;18.186996;0.013813028;SDSS;SDSS(r);SDSS
53081.25886582;18.186996;0.01380644;SDSS;SDSS(r);SDSS
53081.25969509;17.78865;0.0149489;SDSS;SDSS(i);SDSS
53081.25969509;17.788044;0.0149560915;SDSS;SDSS(i);SDSS
53081.25969509;17.788044;0.014948724;SDSS;SDSS(i);SDSS
53081.26052435;20.55754;0.05183701;SDSS;SDSS(u);SDSS
53081.26052435;20.55754;0.050514508;SDSS;SDSS(u);SDSS
53081.26052435;20.54925;0.05150234;SDSS;SDSS(u);SDSS
53081.26135362;17.397385;0.016706623;SDSS;SDSS(z);SDSS
53081.26135362;17.396578;0.01669577;SDSS;SDSS(z);SDSS
53081.26135362;17.397385;0.01671552;SDSS;SDSS(z);SDSS
53081.26218288;18.900291;0.020649746;SDSS;SDSS(g);SDSS
53081.26218288;18.900347;0.020645645;SDSS;SDSS(g);SDSS
53081.26218288;18.900291;0.02061499;SDSS;SDSS(g);SDSS
53469.15198;15.83;0.06;CRTS;CRTS(CL);CRTS
53469.16015;15.83;0.06;CRTS;CRTS(CL);CRTS
53469.16828;15.84;0.06;CRTS;CRTS(CL);CRTS
53469.17683;15.82;0.06;CRTS;CRTS(CL);CRTS
53480.22658;15.7;0.06;CRTS;CRTS(CL);CRTS
53480.23518;15.74;0.06;CRTS;CRTS(CL);CRTS
53480.24382;15.82;0.06;CRTS;CRTS(CL);CRTS
53480.25247;15.7;0.06;CRTS;CRTS(CL);CRTS
53506.16831;15.77;0.06;CRTS;CRTS(CL);CRTS
53506.17369;15.96;0.07;CRTS;CRTS(CL);CRTS
53506.17904;15.93;0.07;CRTS;CRTS(CL);CRTS
53506.1844;15.82;0.07;CRTS;CRTS(CL);CRTS
53636.46637;15.83;0.07;CRTS;CRTS(CL);CRTS
53636.47127;15.76;0.07;CRTS;CRTS(CL);CRTS
53636.47609;15.75;0.07;CRTS;CRTS(CL);CRTS
53636.48092;15.88;0.07;CRTS;CRTS(CL);CRTS
53643.48214;15.96;0.05;CRTS;CRTS(CL);CRTS
53643.48541;15.97;0.05;CRTS;CRTS(CL);CRTS
53643.48877;15.95;0.05;CRTS;CRTS(CL);CRTS
53643.4921;15.95;0.05;CRTS;CRTS(CL);CRTS
53644.47173;15.86;0.07;CRTS;CRTS(CL);CRTS
53644.47663;15.84;0.07;CRTS;CRTS(CL);CRTS
53644.48155;15.88;0.07;CRTS;CRTS(CL);CRTS
53644.48648;15.84;0.07;CRTS;CRTS(CL);CRTS
53655.43652;15.85;0.07;CRTS;CRTS(CL);CRTS
53655.44144;15.83;0.07;CRTS;CRTS(CL);CRTS
53655.44629;15.89;0.07;CRTS;CRTS(CL);CRTS
53655.45123;15.86;0.07;CRTS;CRTS(CL);CRTS
53670.48654;15.8;0.05;CRTS;CRTS(CL);CRTS
53670.49307;15.79;0.05;CRTS;CRTS(CL);CRTS
53670.49962;15.79;0.05;CRTS;CRTS(CL);CRTS
53670.50638;15.81;0.05;CRTS;CRTS(CL);CRTS
53671.41842;15.83;0.07;CRTS;CRTS(CL);CRTS
53671.42489;15.89;0.07;CRTS;CRTS(CL);CRTS
53671.43143;15.83;0.07;CRTS;CRTS(CL);CRTS
53671.43798;15.87;0.07;CRTS;CRTS(CL);CRTS
53688.36936;15.89;0.07;CRTS;CRTS(CL);CRTS
53688.37678;15.82;0.06;CRTS;CRTS(CL);CRTS
53688.38421;15.93;0.07;CRTS;CRTS(CL);CRTS
53688.39168;15.92;0.07;CRTS;CRTS(CL);CRTS
53699.44209;15.88;0.06;CRTS;CRTS(CL);CRTS
53699.4519;15.88;0.06;CRTS;CRTS(CL);CRTS
53699.45308;15.84;0.05;CRTS;CRTS(CL);CRTS
53699.46019;15.8;0.05;CRTS;CRTS(CL);CRTS
53699.46179;15.86;0.06;CRTS;CRTS(CL);CRTS
53699.46694;15.8;0.05;CRTS;CRTS(CL);CRTS
53699.47168;15.86;0.06;CRTS;CRTS(CL);CRTS
53699.47376;15.82;0.05;CRTS;CRTS(CL);CRTS
53706.43086;15.79;0.05;CRTS;CRTS(CL);CRTS
53706.43815;15.81;0.05;CRTS;CRTS(CL);CRTS
53706.44544;15.77;0.05;CRTS;CRTS(CL);CRTS
53706.45278;15.8;0.05;CRTS;CRTS(CL);CRTS
53714.3103;15.87;0.06;CRTS;CRTS(CL);CRTS
53714.3173;15.82;0.06;CRTS;CRTS(CL);CRTS
53714.32424;15.84;0.06;CRTS;CRTS(CL);CRTS
53714.3312;15.82;0.06;CRTS;CRTS(CL);CRTS
53725.47677;15.82;0.06;CRTS;CRTS(CL);CRTS
53725.48465;15.86;0.06;CRTS;CRTS(CL);CRTS
53725.49254;15.8;0.06;CRTS;CRTS(CL);CRTS
53725.50047;15.82;0.06;CRTS;CRTS(CL);CRTS
53730.35454;15.82;0.06;CRTS;CRTS(CL);CRTS
53730.36276;15.78;0.06;CRTS;CRTS(CL);CRTS
53730.37105;15.83;0.06;CRTS;CRTS(CL);CRTS
53730.37922;15.82;0.06;CRTS;CRTS(CL);CRTS
53731.36952;15.87;0.06;CRTS;CRTS(CL);CRTS
53731.37831;15.87;0.06;CRTS;CRTS(CL);CRTS
53731.38708;15.84;0.06;CRTS;CRTS(CL);CRTS
53731.3957;15.86;0.06;CRTS;CRTS(CL);CRTS
53739.35226;15.84;0.05;CRTS;CRTS(CL);CRTS
53739.35966;15.83;0.05;CRTS;CRTS(CL);CRTS
53739.36707;15.82;0.05;CRTS;CRTS(CL);CRTS
53739.37446;15.82;0.05;CRTS;CRTS(CL);CRTS
53745.33222;15.78;0.05;CRTS;CRTS(CL);CRTS
53745.33758;15.78;0.05;CRTS;CRTS(CL);CRTS
53745.34296;15.81;0.05;CRTS;CRTS(CL);CRTS
53745.34832;15.79;0.05;CRTS;CRTS(CL);CRTS
53745.42155;15.85;0.06;CRTS;CRTS(CL);CRTS
53745.42857;15.81;0.06;CRTS;CRTS(CL);CRTS
53745.43564;15.86;0.07;CRTS;CRTS(CL);CRTS
53745.44266;15.84;0.06;CRTS;CRTS(CL);CRTS
53753.20927;15.88;0.06;CRTS;CRTS(CL);CRTS
53753.21631;15.9;0.07;CRTS;CRTS(CL);CRTS
53753.22332;15.85;0.06;CRTS;CRTS(CL);CRTS
53753.23037;15.83;0.06;CRTS;CRTS(CL);CRTS
53756.33161;15.74;0.06;CRTS;CRTS(CL);CRTS
53757.30103;15.81;0.05;CRTS;CRTS(CL);CRTS
53757.30868;15.79;0.05;CRTS;CRTS(CL);CRTS
53757.31632;15.82;0.05;CRTS;CRTS(CL);CRTS
53757.32395;15.81;0.05;CRTS;CRTS(CL);CRTS
53768.27148;15.86;0.06;CRTS;CRTS(CL);CRTS
53768.27797;15.87;0.06;CRTS;CRTS(CL);CRTS
53768.28447;15.84;0.06;CRTS;CRTS(CL);CRTS
53768.29093;15.86;0.06;CRTS;CRTS(CL);CRTS
53771.22177;15.84;0.06;CRTS;CRTS(CL);CRTS
53771.22972;15.88;0.06;CRTS;CRTS(CL);CRTS
53771.2378;15.99;0.07;CRTS;CRTS(CL);CRTS
53771.24579;15.92;0.06;CRTS;CRTS(CL);CRTS
53786.19358;15.85;0.06;CRTS;CRTS(CL);CRTS
53786.20112;15.88;0.07;CRTS;CRTS(CL);CRTS
53786.20865;15.9;0.07;CRTS;CRTS(CL);CRTS
53786.21618;15.83;0.07;CRTS;CRTS(CL);CRTS
53791.19403;15.83;0.05;CRTS;CRTS(CL);CRTS
53791.19971;15.84;0.05;CRTS;CRTS(CL);CRTS
53791.20544;15.83;0.05;CRTS;CRTS(CL);CRTS
53791.21127;15.82;0.05;CRTS;CRTS(CL);CRTS
53817.145;15.81;0.06;CRTS;CRTS(CL);CRTS
53817.15275;15.79;0.05;CRTS;CRTS(CL);CRTS
53817.16047;15.81;0.05;CRTS;CRTS(CL);CRTS
53817.1682;15.81;0.05;CRTS;CRTS(CL);CRTS
53827.14849;15.84;0.07;CRTS;CRTS(CL);CRTS
53827.15496;15.84;0.06;CRTS;CRTS(CL);CRTS
53827.16139;15.83;0.06;CRTS;CRTS(CL);CRTS
53827.16783;15.81;0.06;CRTS;CRTS(CL);CRTS
53834.15632;15.8;0.07;CRTS;CRTS(CL);CRTS
53834.16407;15.83;0.07;CRTS;CRTS(CL);CRTS
53834.17181;15.84;0.07;CRTS;CRTS(CL);CRTS
53834.17955;15.81;0.07;CRTS;CRTS(CL);CRTS
53844.12497;15.88;0.07;CRTS;CRTS(CL);CRTS
53844.13036;15.81;0.06;CRTS;CRTS(CL);CRTS
53844.13574;15.83;0.07;CRTS;CRTS(CL);CRTS
53844.1411;15.88;0.07;CRTS;CRTS(CL);CRTS
53845.122;15.75;0.06;CRTS;CRTS(CL);CRTS
53845.12845;15.79;0.06;CRTS;CRTS(CL);CRTS
53845.13473;15.78;0.06;CRTS;CRTS(CL);CRTS
53845.14107;15.8;0.06;CRTS;CRTS(CL);CRTS
53866.16251;15.85;0.11;CRTS;CRTS(CL);CRTS
53866.16343;15.84;0.11;CRTS;CRTS(CL);CRTS
53866.16416;15.89;0.11;CRTS;CRTS(CL);CRTS
53866.16489;15.88;0.11;CRTS;CRTS(CL);CRTS
53875.14599;15.84;0.07;CRTS;CRTS(CL);CRTS
53875.15158;15.86;0.07;CRTS;CRTS(CL);CRTS
53875.15718;15.85;0.07;CRTS;CRTS(CL);CRTS
53875.16279;15.87;0.07;CRTS;CRTS(CL);CRTS
53881.13448;15.73;0.08;CRTS;CRTS(CL);CRTS
53881.13686;15.74;0.08;CRTS;CRTS(CL);CRTS
53881.13923;15.89;0.08;CRTS;CRTS(CL);CRTS
53881.14159;15.78;0.08;CRTS;CRTS(CL);CRTS
53999.48328;15.82;0.06;CRTS;CRTS(CL);CRTS
53999.48797;15.79;0.06;CRTS;CRTS(CL);CRTS
53999.49266;15.84;0.06;CRTS;CRTS(CL);CRTS
53999.49735;15.79;0.06;CRTS;CRTS(CL);CRTS
54006.47857;15.81;0.06;CRTS;CRTS(CL);CRTS
54006.48477;15.81;0.05;CRTS;CRTS(CL);CRTS
54006.49089;15.81;0.06;CRTS;CRTS(CL);CRTS
54006.49722;15.81;0.06;CRTS;CRTS(CL);CRTS
54009.46344;15.83;0.06;CRTS;CRTS(CL);CRTS
54009.47207;15.85;0.06;CRTS;CRTS(CL);CRTS
54009.4807;15.82;0.06;CRTS;CRTS(CL);CRTS
54009.48935;15.86;0.06;CRTS;CRTS(CL);CRTS
54024.48128;15.82;0.06;CRTS;CRTS(CL);CRTS
54024.48615;15.82;0.06;CRTS;CRTS(CL);CRTS
54024.49109;15.84;0.06;CRTS;CRTS(CL);CRTS
54024.49618;15.84;0.06;CRTS;CRTS(CL);CRTS
54025.4391;15.82;0.05;CRTS;CRTS(CL);CRTS
54025.4458;15.83;0.05;CRTS;CRTS(CL);CRTS
54025.45263;15.82;0.05;CRTS;CRTS(CL);CRTS
54025.45947;15.81;0.05;CRTS;CRTS(CL);CRTS
54028.41938;15.85;0.06;CRTS;CRTS(CL);CRTS
54028.42999;15.82;0.06;CRTS;CRTS(CL);CRTS
54028.44056;15.82;0.06;CRTS;CRTS(CL);CRTS
54028.45112;15.83;0.06;CRTS;CRTS(CL);CRTS
54039.40298;15.84;0.06;CRTS;CRTS(CL);CRTS
54039.41133;15.82;0.06;CRTS;CRTS(CL);CRTS
54039.41983;15.82;0.06;CRTS;CRTS(CL);CRTS
54039.42821;15.82;0.06;CRTS;CRTS(CL);CRTS
54052.44482;15.8;0.06;CRTS;CRTS(CL);CRTS
54052.44934;15.79;0.06;CRTS;CRTS(CL);CRTS
54052.45401;15.81;0.05;CRTS;CRTS(CL);CRTS
54052.45864;15.81;0.05;CRTS;CRTS(CL);CRTS
54053.46903;15.8;0.06;CRTS;CRTS(CL);CRTS
54053.47556;15.82;0.06;CRTS;CRTS(CL);CRTS
54053.48218;15.79;0.06;CRTS;CRTS(CL);CRTS
54053.48887;15.8;0.06;CRTS;CRTS(CL);CRTS
54062.48763618;17.9999;0.014578043;SDSS;SDSS(r);SDSS
54062.48763618;17.999401;0.014541805;SDSS;SDSS(r);SDSS
54062.48763618;17.999405;0.0145566445;SDSS;SDSS(r);SDSS
54062.48846545;17.534508;0.015403966;SDSS;SDSS(i);SDSS
54062.48846545;17.53451;0.015408189;SDSS;SDSS(i);SDSS
54062.48846545;17.535631;0.015405345;SDSS;SDSS(i);SDSS
54062.48929471;20.428616;0.049137205;SDSS;SDSS(u);SDSS
54062.48929471;20.417864;0.04943766;SDSS;SDSS(u);SDSS
54062.48929471;20.417845;0.048874028;SDSS;SDSS(u);SDSS
54062.49012397;17.227892;0.01951392;SDSS;SDSS(z);SDSS
54062.49012397;17.227894;0.019521436;SDSS;SDSS(z);SDSS
54062.49012397;17.229105;0.021039888;SDSS;SDSS(z);SDSS
54062.49095324;18.788416;0.017764958;SDSS;SDSS(g);SDSS
54062.49095324;18.78841;0.01767039;SDSS;SDSS(g);SDSS
54062.49095324;18.788105;0.017664496;SDSS;SDSS(g);SDSS
54066.30925;15.83;0.06;CRTS;CRTS(CL);CRTS
54066.32035;15.79;0.06;CRTS;CRTS(CL);CRTS
54066.33141;15.83;0.06;CRTS;CRTS(CL);CRTS
54066.34251;15.8;0.06;CRTS;CRTS(CL);CRTS
54066.36387;15.81;0.05;CRTS;CRTS(CL);CRTS
54066.37007;15.8;0.05;CRTS;CRTS(CL);CRTS
54066.37641;15.81;0.05;CRTS;CRTS(CL);CRTS
54066.38259;15.82;0.05;CRTS;CRTS(CL);CRTS
54080.47856;15.82;0.1;CRTS;CRTS(CL);CRTS
54080.47955;15.79;0.1;CRTS;CRTS(CL);CRTS
54080.48064;15.71;0.1;CRTS;CRTS(CL);CRTS
54080.48169;15.78;0.1;CRTS;CRTS(CL);CRTS
54081.37474;15.83;0.05;CRTS;CRTS(CL);CRTS
54081.38732;15.82;0.05;CRTS;CRTS(CL);CRTS
54081.40047;15.81;0.05;CRTS;CRTS(CL);CRTS
54081.41663;15.82;0.05;CRTS;CRTS(CL);CRTS
54095.29385;15.83;0.07;CRTS;CRTS(CL);CRTS
54095.30397;15.79;0.07;CRTS;CRTS(CL);CRTS
54095.31411;15.81;0.06;CRTS;CRTS(CL);CRTS
54095.32433;15.8;0.06;CRTS;CRTS(CL);CRTS
54108.30459;15.83;0.06;CRTS;CRTS(CL);CRTS
54108.31102;15.79;0.06;CRTS;CRTS(CL);CRTS
54108.3175;15.85;0.06;CRTS;CRTS(CL);CRTS
54108.32396;15.86;0.06;CRTS;CRTS(CL);CRTS
54108.44915;15.79;0.06;CRTS;CRTS(CL);CRTS
54108.45416;15.8;0.06;CRTS;CRTS(CL);CRTS
54108.45931;15.81;0.06;CRTS;CRTS(CL);CRTS
54108.46438;15.83;0.06;CRTS;CRTS(CL);CRTS
54115.21013;15.81;0.06;CRTS;CRTS(CL);CRTS
54115.22001;15.85;0.06;CRTS;CRTS(CL);CRTS
54115.22993;15.84;0.06;CRTS;CRTS(CL);CRTS
54115.23986;15.84;0.06;CRTS;CRTS(CL);CRTS
54124.2407;15.82;0.05;CRTS;CRTS(CL);CRTS
54124.24733;15.78;0.05;CRTS;CRTS(CL);CRTS
54124.25401;15.81;0.05;CRTS;CRTS(CL);CRTS
54124.2606;15.82;0.05;CRTS;CRTS(CL);CRTS
54124.29287;15.83;0.06;CRTS;CRTS(CL);CRTS
54124.29883;15.82;0.06;CRTS;CRTS(CL);CRTS
54124.30476;15.84;0.06;CRTS;CRTS(CL);CRTS
54124.31068;15.82;0.06;CRTS;CRTS(CL);CRTS
54137.26904;15.82;0.06;CRTS;CRTS(CL);CRTS
54137.27853;15.81;0.05;CRTS;CRTS(CL);CRTS
54137.28812;15.81;0.05;CRTS;CRTS(CL);CRTS
54137.29759;15.82;0.05;CRTS;CRTS(CL);CRTS
54138.18316;15.81;0.06;CRTS;CRTS(CL);CRTS
54138.18971;15.8;0.06;CRTS;CRTS(CL);CRTS
54138.19623;15.79;0.06;CRTS;CRTS(CL);CRTS
54138.20275;15.83;0.06;CRTS;CRTS(CL);CRTS
54144.19901;15.45;0.1;CRTS;CRTS(CL);CRTS
54144.20718;15.8;0.06;CRTS;CRTS(CL);CRTS
54144.2155;15.81;0.06;CRTS;CRTS(CL);CRTS
54144.22362;15.79;0.06;CRTS;CRTS(CL);CRTS
54152.27011;15.79;0.05;CRTS;CRTS(CL);CRTS
54152.27737;15.83;0.05;CRTS;CRTS(CL);CRTS
54152.285;15.82;0.05;CRTS;CRTS(CL);CRTS
54152.29235;15.8;0.05;CRTS;CRTS(CL);CRTS
54168.22657;15.8;0.05;CRTS;CRTS(CL);CRTS
54168.23102;15.81;0.05;CRTS;CRTS(CL);CRTS
54168.23548;15.81;0.05;CRTS;CRTS(CL);CRTS
54168.23999;15.8;0.05;CRTS;CRTS(CL);CRTS
54170.17282;15.85;0.06;CRTS;CRTS(CL);CRTS
54170.17764;15.82;0.06;CRTS;CRTS(CL);CRTS
54170.18248;15.82;0.06;CRTS;CRTS(CL);CRTS
54170.18731;15.82;0.06;CRTS;CRTS(CL);CRTS
54201.1256;15.84;0.06;CRTS;CRTS(CL);CRTS
54201.13479;15.87;0.06;CRTS;CRTS(CL);CRTS
54201.14396;15.82;0.06;CRTS;CRTS(CL);CRTS
54201.15317;15.83;0.06;CRTS;CRTS(CL);CRTS
54201.15689;15.8;0.05;CRTS;CRTS(CL);CRTS
54201.16307;15.8;0.05;CRTS;CRTS(CL);CRTS
54201.16926;15.8;0.05;CRTS;CRTS(CL);CRTS
54201.17541;15.81;0.05;CRTS;CRTS(CL);CRTS
54208.16753;15.79;0.05;CRTS;CRTS(CL);CRTS
54208.1737;15.78;0.05;CRTS;CRTS(CL);CRTS
54208.17981;15.76;0.05;CRTS;CRTS(CL);CRTS
54208.18593;15.7;0.05;CRTS;CRTS(CL);CRTS
54231.13492;15.83;0.06;CRTS;CRTS(CL);CRTS
54231.14028;15.87;0.07;CRTS;CRTS(CL);CRTS
54231.14561;15.84;0.06;CRTS;CRTS(CL);CRTS
54231.15096;15.84;0.06;CRTS;CRTS(CL);CRTS
54238.13848;15.78;0.07;CRTS;CRTS(CL);CRTS
54238.15005;15.8;0.07;CRTS;CRTS(CL);CRTS
54238.15484;15.75;0.07;CRTS;CRTS(CL);CRTS
54238.15965;15.83;0.07;CRTS;CRTS(CL);CRTS
54353.49455;15.82;0.07;CRTS;CRTS(CL);CRTS
54353.49709;15.75;0.07;CRTS;CRTS(CL);CRTS
54353.49966;15.74;0.07;CRTS;CRTS(CL);CRTS
54353.50221;15.81;0.07;CRTS;CRTS(CL);CRTS
54386.45417;15.84;0.06;CRTS;CRTS(CL);CRTS
54386.4618;15.81;0.06;CRTS;CRTS(CL);CRTS
54386.4694;15.82;0.06;CRTS;CRTS(CL);CRTS
54386.47701;15.82;0.06;CRTS;CRTS(CL);CRTS
54393.45259;15.8;0.06;CRTS;CRTS(CL);CRTS
54393.4591;15.82;0.06;CRTS;CRTS(CL);CRTS
54393.4657;15.83;0.06;CRTS;CRTS(CL);CRTS
54393.4722;15.81;0.06;CRTS;CRTS(CL);CRTS
54407.49082;15.82;0.06;CRTS;CRTS(CL);CRTS
54407.49683;15.82;0.06;CRTS;CRTS(CL);CRTS
54407.5028;15.83;0.06;CRTS;CRTS(CL);CRTS
54407.50884;15.79;0.06;CRTS;CRTS(CL);CRTS
54408.44599;15.81;0.05;CRTS;CRTS(CL);CRTS
54408.45479;15.8;0.05;CRTS;CRTS(CL);CRTS
54408.46353;15.8;0.05;CRTS;CRTS(CL);CRTS
54408.4724;15.8;0.05;CRTS;CRTS(CL);CRTS
54411.40292;15.78;0.06;CRTS;CRTS(CL);CRTS
54411.41129;15.84;0.06;CRTS;CRTS(CL);CRTS
54411.41965;15.81;0.06;CRTS;CRTS(CL);CRTS
54411.42798;15.81;0.06;CRTS;CRTS(CL);CRTS
54415.40723;15.8;0.05;CRTS;CRTS(CL);CRTS
54415.41446;15.82;0.05;CRTS;CRTS(CL);CRTS
54415.42161;15.81;0.05;CRTS;CRTS(CL);CRTS
54415.42874;15.8;0.05;CRTS;CRTS(CL);CRTS
54421.37702;15.81;0.06;CRTS;CRTS(CL);CRTS
54421.38517;15.79;0.06;CRTS;CRTS(CL);CRTS
54421.39329;15.83;0.06;CRTS;CRTS(CL);CRTS
54421.40143;15.81;0.06;CRTS;CRTS(CL);CRTS
54425.35048;15.8;0.05;CRTS;CRTS(CL);CRTS
54425.35536;15.81;0.05;CRTS;CRTS(CL);CRTS
54425.36031;15.79;0.05;CRTS;CRTS(CL);CRTS
54425.36518;15.8;0.05;CRTS;CRTS(CL);CRTS
54437.34124;15.8;0.06;CRTS;CRTS(CL);CRTS
54437.34874;15.83;0.06;CRTS;CRTS(CL);CRTS
54437.35625;15.82;0.06;CRTS;CRTS(CL);CRTS
54437.36376;15.81;0.06;CRTS;CRTS(CL);CRTS
54454.27712;15.78;0.06;CRTS;CRTS(CL);CRTS
54454.28365;15.84;0.06;CRTS;CRTS(CL);CRTS
54454.29016;15.83;0.06;CRTS;CRTS(CL);CRTS
54454.2967;15.8;0.06;CRTS;CRTS(CL);CRTS
54464.3278;15.85;0.06;CRTS;CRTS(CL);CRTS
54464.33426;15.86;0.06;CRTS;CRTS(CL);CRTS
54464.3408;15.81;0.06;CRTS;CRTS(CL);CRTS
54464.34726;15.82;0.06;CRTS;CRTS(CL);CRTS
54475.43515;15.83;0.06;CRTS;CRTS(CL);CRTS
54475.44225;15.84;0.06;CRTS;CRTS(CL);CRTS
54475.44931;15.78;0.06;CRTS;CRTS(CL);CRTS
54475.45635;15.81;0.06;CRTS;CRTS(CL);CRTS
54495.21438;15.78;0.05;CRTS;CRTS(CL);CRTS
54495.22511;15.8;0.05;CRTS;CRTS(CL);CRTS
54495.23303;15.8;0.05;CRTS;CRTS(CL);CRTS
54495.2409;15.82;0.05;CRTS;CRTS(CL);CRTS
54495.24901;15.84;0.06;CRTS;CRTS(CL);CRTS
54495.25553;15.81;0.06;CRTS;CRTS(CL);CRTS
54495.26205;15.82;0.06;CRTS;CRTS(CL);CRTS
54495.26861;15.82;0.06;CRTS;CRTS(CL);CRTS
54502.19111;15.82;0.06;CRTS;CRTS(CL);CRTS
54502.19919;15.84;0.06;CRTS;CRTS(CL);CRTS
54502.20728;15.85;0.06;CRTS;CRTS(CL);CRTS
54502.21537;15.84;0.06;CRTS;CRTS(CL);CRTS
54520.16909;15.84;0.06;CRTS;CRTS(CL);CRTS
54520.17413;15.79;0.05;CRTS;CRTS(CL);CRTS
54520.17909;15.92;0.06;CRTS;CRTS(CL);CRTS
54520.18404;15.95;0.06;CRTS;CRTS(CL);CRTS
54528.10593;15.81;0.06;CRTS;CRTS(CL);CRTS
54528.11352;15.81;0.06;CRTS;CRTS(CL);CRTS
54528.12109;15.8;0.06;CRTS;CRTS(CL);CRTS
54528.1287;15.84;0.06;CRTS;CRTS(CL);CRTS
54532.18445;15.81;0.05;CRTS;CRTS(CL);CRTS
54532.19002;15.84;0.05;CRTS;CRTS(CL);CRTS
54532.19554;15.83;0.05;CRTS;CRTS(CL);CRTS
54532.20106;15.8;0.05;CRTS;CRTS(CL);CRTS
54551.20117;15.79;0.05;CRTS;CRTS(CL);CRTS
54551.20952;15.8;0.05;CRTS;CRTS(CL);CRTS
54551.21794;15.83;0.05;CRTS;CRTS(CL);CRTS
54551.22632;15.81;0.05;CRTS;CRTS(CL);CRTS
54567.14663;15.83;0.05;CRTS;CRTS(CL);CRTS
54567.15223;15.83;0.05;CRTS;CRTS(CL);CRTS
54567.15786;15.83;0.05;CRTS;CRTS(CL);CRTS
54567.16354;15.84;0.05;CRTS;CRTS(CL);CRTS
54573.1789;15.83;0.06;CRTS;CRTS(CL);CRTS
54573.18866;15.75;0.06;CRTS;CRTS(CL);CRTS
54573.19841;15.78;0.06;CRTS;CRTS(CL);CRTS
54573.20817;15.88;0.06;CRTS;CRTS(CL);CRTS
54581.17064;15.84;0.07;CRTS;CRTS(CL);CRTS
54581.17602;15.8;0.07;CRTS;CRTS(CL);CRTS
54581.18044;15.84;0.05;CRTS;CRTS(CL);CRTS
54581.18141;15.82;0.07;CRTS;CRTS(CL);CRTS
54581.18614;15.84;0.05;CRTS;CRTS(CL);CRTS
54581.1868;15.9;0.07;CRTS;CRTS(CL);CRTS
54581.19178;15.83;0.05;CRTS;CRTS(CL);CRTS
54581.1975;15.84;0.05;CRTS;CRTS(CL);CRTS
54592.13999;15.79;0.07;CRTS;CRTS(CL);CRTS
54592.14472;15.83;0.07;CRTS;CRTS(CL);CRTS
54592.14944;15.84;0.07;CRTS;CRTS(CL);CRTS
54592.15419;15.83;0.07;CRTS;CRTS(CL);CRTS
54763.45499;15.8;0.05;CRTS;CRTS(CL);CRTS
54763.45936;15.79;0.05;CRTS;CRTS(CL);CRTS
54763.46371;15.81;0.05;CRTS;CRTS(CL);CRTS
54763.4681;15.8;0.05;CRTS;CRTS(CL);CRTS
54763.47275;15.85;0.06;CRTS;CRTS(CL);CRTS
54763.48126;15.82;0.06;CRTS;CRTS(CL);CRTS
54763.48976;15.86;0.06;CRTS;CRTS(CL);CRTS
54763.49834;15.84;0.06;CRTS;CRTS(CL);CRTS
54777.4306;15.84;0.06;CRTS;CRTS(CL);CRTS
54777.44301;15.82;0.06;CRTS;CRTS(CL);CRTS
54777.45552;15.85;0.06;CRTS;CRTS(CL);CRTS
54777.46792;15.84;0.06;CRTS;CRTS(CL);CRTS
54778.40695;15.82;0.05;CRTS;CRTS(CL);CRTS
54778.41631;15.81;0.05;CRTS;CRTS(CL);CRTS
54778.42554;15.81;0.05;CRTS;CRTS(CL);CRTS
54778.43518;15.81;0.05;CRTS;CRTS(CL);CRTS
54791.39747;15.81;0.05;CRTS;CRTS(CL);CRTS
54791.4031;15.81;0.05;CRTS;CRTS(CL);CRTS
54791.40865;15.8;0.05;CRTS;CRTS(CL);CRTS
54791.41428;15.8;0.05;CRTS;CRTS(CL);CRTS
54791.44268;15.83;0.06;CRTS;CRTS(CL);CRTS
54791.4509;15.84;0.06;CRTS;CRTS(CL);CRTS
54791.45916;15.8;0.06;CRTS;CRTS(CL);CRTS
54791.46753;15.83;0.06;CRTS;CRTS(CL);CRTS
54807.32736;15.86;0.07;CRTS;CRTS(CL);CRTS
54807.33269;15.93;0.07;CRTS;CRTS(CL);CRTS
54807.33812;15.8;0.06;CRTS;CRTS(CL);CRTS
54807.34352;15.79;0.06;CRTS;CRTS(CL);CRTS
54807.34847;15.81;0.06;CRTS;CRTS(CL);CRTS
54807.35403;15.8;0.06;CRTS;CRTS(CL);CRTS
54807.35946;15.79;0.06;CRTS;CRTS(CL);CRTS
54807.36501;15.8;0.06;CRTS;CRTS(CL);CRTS
54820.32936;15.81;0.07;CRTS;CRTS(CL);CRTS
54820.33129;15.84;0.07;CRTS;CRTS(CL);CRTS
54820.33323;15.83;0.07;CRTS;CRTS(CL);CRTS
54820.33521;15.78;0.07;CRTS;CRTS(CL);CRTS
54848.2318;15.92;0.07;CRTS;CRTS(CL);CRTS
54856.3356;15.83;0.06;CRTS;CRTS(CL);CRTS
54856.34351;15.8;0.06;CRTS;CRTS(CL);CRTS
54856.35133;15.81;0.06;CRTS;CRTS(CL);CRTS
54856.35923;15.82;0.06;CRTS;CRTS(CL);CRTS
54867.21382;15.8;0.07;CRTS;CRTS(CL);CRTS
54867.22205;15.81;0.07;CRTS;CRTS(CL);CRTS
54867.23035;15.83;0.07;CRTS;CRTS(CL);CRTS
54867.2386;15.86;0.07;CRTS;CRTS(CL);CRTS
54876.26115;15.85;0.05;CRTS;CRTS(CL);CRTS
54876.26836;15.84;0.05;CRTS;CRTS(CL);CRTS
54876.2757;15.85;0.05;CRTS;CRTS(CL);CRTS
54876.28306;15.82;0.05;CRTS;CRTS(CL);CRTS
54883.16608;15.83;0.06;CRTS;CRTS(CL);CRTS
54883.17221;15.82;0.06;CRTS;CRTS(CL);CRTS
54883.17824;15.84;0.06;CRTS;CRTS(CL);CRTS
54883.18433;15.81;0.06;CRTS;CRTS(CL);CRTS
54889.25964;15.79;0.05;CRTS;CRTS(CL);CRTS
54889.2695;15.8;0.05;CRTS;CRTS(CL);CRTS
54889.27613;15.79;0.05;CRTS;CRTS(CL);CRTS
54889.28277;15.79;0.05;CRTS;CRTS(CL);CRTS
54905.16474;15.82;0.06;CRTS;CRTS(CL);CRTS
54905.16953;15.81;0.06;CRTS;CRTS(CL);CRTS
54905.17445;15.86;0.06;CRTS;CRTS(CL);CRTS
54905.17921;15.82;0.06;CRTS;CRTS(CL);CRTS
54909.2075;15.81;0.05;CRTS;CRTS(CL);CRTS
54909.21495;15.8;0.05;CRTS;CRTS(CL);CRTS
54909.22244;15.81;0.05;CRTS;CRTS(CL);CRTS
54909.22992;15.79;0.05;CRTS;CRTS(CL);CRTS
54914.13193;15.81;0.06;CRTS;CRTS(CL);CRTS
54914.13804;15.81;0.06;CRTS;CRTS(CL);CRTS
54914.14417;15.82;0.06;CRTS;CRTS(CL);CRTS
54914.15019;15.83;0.06;CRTS;CRTS(CL);CRTS
54937.124;15.79;0.07;CRTS;CRTS(CL);CRTS
54937.12863;15.84;0.07;CRTS;CRTS(CL);CRTS
54937.13576;15.79;0.07;CRTS;CRTS(CL);CRTS
54937.14035;15.77;0.07;CRTS;CRTS(CL);CRTS
54948.15616;15.83;0.06;CRTS;CRTS(CL);CRTS
54948.16158;15.8;0.06;CRTS;CRTS(CL);CRTS
54948.16706;15.79;0.06;CRTS;CRTS(CL);CRTS
54948.17256;15.8;0.06;CRTS;CRTS(CL);CRTS
54966.14336;15.73;0.05;CRTS;CRTS(CL);CRTS
54966.15157;15.75;0.06;CRTS;CRTS(CL);CRTS
54966.15981;15.77;0.06;CRTS;CRTS(CL);CRTS
54966.16803;15.78;0.06;CRTS;CRTS(CL);CRTS
55085.48395;15.83;0.07;CRTS;CRTS(CL);CRTS
55085.48824;15.86;0.07;CRTS;CRTS(CL);CRTS
55085.49252;15.73;0.07;CRTS;CRTS(CL);CRTS
55085.49673;15.85;0.07;CRTS;CRTS(CL);CRTS
55104.48254;15.79;0.06;CRTS;CRTS(CL);CRTS
55104.48774;15.8;0.06;CRTS;CRTS(CL);CRTS
55104.49297;15.83;0.06;CRTS;CRTS(CL);CRTS
55104.4982;15.8;0.06;CRTS;CRTS(CL);CRTS
55118.438;15.82;0.06;CRTS;CRTS(CL);CRTS
55118.44342;15.89;0.07;CRTS;CRTS(CL);CRTS
55118.44901;15.81;0.06;CRTS;CRTS(CL);CRTS
55118.4544;15.85;0.06;CRTS;CRTS(CL);CRTS
55122.47642;15.81;0.05;CRTS;CRTS(CL);CRTS
55122.48273;15.8;0.05;CRTS;CRTS(CL);CRTS
55122.48899;15.79;0.05;CRTS;CRTS(CL);CRTS
55122.49516;15.8;0.05;CRTS;CRTS(CL);CRTS
55134.4538;15.82;0.05;CRTS;CRTS(CL);CRTS
55134.46021;15.8;0.05;CRTS;CRTS(CL);CRTS
55134.46668;15.81;0.05;CRTS;CRTS(CL);CRTS
55134.4732;15.82;0.05;CRTS;CRTS(CL);CRTS
55146.4771;15.89;0.07;CRTS;CRTS(CL);CRTS
55146.48075;15.81;0.07;CRTS;CRTS(CL);CRTS
55146.48818;15.82;0.07;CRTS;CRTS(CL);CRTS
55151.44603;15.8;0.05;CRTS;CRTS(CL);CRTS
55151.45124;15.78;0.05;CRTS;CRTS(CL);CRTS
55151.45649;15.79;0.05;CRTS;CRTS(CL);CRTS
55151.46178;15.8;0.05;CRTS;CRTS(CL);CRTS
55161.38015;15.85;0.06;CRTS;CRTS(CL);CRTS
55161.38861;15.85;0.06;CRTS;CRTS(CL);CRTS
55161.39701;15.82;0.06;CRTS;CRTS(CL);CRTS
55161.40539;15.84;0.06;CRTS;CRTS(CL);CRTS
55162.35345;15.84;0.06;CRTS;CRTS(CL);CRTS
55162.36012;15.89;0.06;CRTS;CRTS(CL);CRTS
55162.36667;15.8;0.06;CRTS;CRTS(CL);CRTS
55162.37336;15.86;0.06;CRTS;CRTS(CL);CRTS
55180.40975;15.81;0.05;CRTS;CRTS(CL);CRTS
55180.41555;15.82;0.05;CRTS;CRTS(CL);CRTS
55180.42123;15.81;0.05;CRTS;CRTS(CL);CRTS
55180.42704;15.82;0.05;CRTS;CRTS(CL);CRTS
55202.35232;15.85;0.06;CRTS;CRTS(CL);CRTS
55202.35752;15.82;0.06;CRTS;CRTS(CL);CRTS
55202.36272;15.82;0.06;CRTS;CRTS(CL);CRTS
55202.36793;15.87;0.06;CRTS;CRTS(CL);CRTS
55203.39101;15.8;0.06;CRTS;CRTS(CL);CRTS
55203.3982;15.79;0.06;CRTS;CRTS(CL);CRTS
55203.40537;15.79;0.06;CRTS;CRTS(CL);CRTS
55203.41259;15.8;0.06;CRTS;CRTS(CL);CRTS
55211.29777;15.84;0.06;CRTS;CRTS(CL);CRTS
55211.30577;15.85;0.06;CRTS;CRTS(CL);CRTS
55211.31378;15.84;0.06;CRTS;CRTS(CL);CRTS
55211.32183;15.84;0.06;CRTS;CRTS(CL);CRTS
55229.30505;15.98;0.09;CRTS;CRTS(CL);CRTS
55229.30893;15.92;0.09;CRTS;CRTS(CL);CRTS
55229.31279;15.73;0.09;CRTS;CRTS(CL);CRTS
55229.31666;15.91;0.08;CRTS;CRTS(CL);CRTS
55232.19638;15.85;0.07;CRTS;CRTS(CL);CRTS
55232.20092;15.83;0.07;CRTS;CRTS(CL);CRTS
55232.20554;15.81;0.07;CRTS;CRTS(CL);CRTS
55232.21016;15.86;0.07;CRTS;CRTS(CL);CRTS
55236.18229;15.83;0.06;CRTS;CRTS(CL);CRTS
55240.2594;15.82;0.06;CRTS;CRTS(CL);CRTS
55240.26529;15.82;0.06;CRTS;CRTS(CL);CRTS
55240.27127;15.83;0.06;CRTS;CRTS(CL);CRTS
55240.27719;15.78;0.06;CRTS;CRTS(CL);CRTS
55259.23646;15.81;0.06;CRTS;CRTS(CL);CRTS
55259.24217;15.81;0.06;CRTS;CRTS(CL);CRTS
55259.24795;15.84;0.06;CRTS;CRTS(CL);CRTS
55259.25372;15.85;0.06;CRTS;CRTS(CL);CRTS
55267.16444;15.83;0.07;CRTS;CRTS(CL);CRTS
55267.16806;15.86;0.07;CRTS;CRTS(CL);CRTS
55267.17168;15.84;0.07;CRTS;CRTS(CL);CRTS
55267.17527;15.86;0.07;CRTS;CRTS(CL);CRTS
55268.19379;15.82;0.06;CRTS;CRTS(CL);CRTS
55268.20137;15.79;0.06;CRTS;CRTS(CL);CRTS
55268.2089;15.81;0.06;CRTS;CRTS(CL);CRTS
55268.21648;15.81;0.06;CRTS;CRTS(CL);CRTS
55295.16386;15.8;0.06;CRTS;CRTS(CL);CRTS
55295.17313;15.81;0.06;CRTS;CRTS(CL);CRTS
55295.18233;15.82;0.06;CRTS;CRTS(CL);CRTS
55295.18996;15.78;0.06;CRTS;CRTS(CL);CRTS
55296.12605;15.79;0.07;CRTS;CRTS(CL);CRTS
55296.13144;15.8;0.07;CRTS;CRTS(CL);CRTS
55296.13691;15.81;0.07;CRTS;CRTS(CL);CRTS
55296.14232;15.81;0.07;CRTS;CRTS(CL);CRTS
55300.5810915;13.376;0.108;ALLWISE;WISE(W2);ALLWISE
55300.5810915;14.227;0.103;ALLWISE;WISE(W1);ALLWISE
55300.5810915;13.861;0.16;ALLWISE;WISE(W2);ALLWISE
55300.5810915;13.392;0.057;ALLWISE;WISE(W1);ALLWISE
55300.7133956;13.378;0.061;ALLWISE;WISE(W1);ALLWISE
55300.7133956;13.376;0.117;ALLWISE;WISE(W2);ALLWISE
55300.7133956;13.778;0.149;ALLWISE;WISE(W2);ALLWISE
55300.7133956;14.178;0.11;ALLWISE;WISE(W1);ALLWISE
55300.8456997;13.3;0.1;ALLWISE;WISE(W2);ALLWISE
55300.8456997;13.912;0.162;ALLWISE;WISE(W2);ALLWISE
55300.8456997;14.161;0.103;ALLWISE;WISE(W1);ALLWISE
55300.8456997;13.401;0.058;ALLWISE;WISE(W1);ALLWISE
55300.9780038;14.035;0.216;ALLWISE;WISE(W2);ALLWISE
55300.9780038;14.067;0.101;ALLWISE;WISE(W1);ALLWISE
55300.9780038;13.341;0.06;ALLWISE;WISE(W1);ALLWISE
55300.9780038;13.274;0.116;ALLWISE;WISE(W2);ALLWISE
55301.0442195;14.0;0.185;ALLWISE;WISE(W2);ALLWISE
55301.0442195;13.456;0.06;ALLWISE;WISE(W1);ALLWISE
55301.0442195;13.197;0.092;ALLWISE;WISE(W2);ALLWISE
55301.0442195;14.254;0.106;ALLWISE;WISE(W1);ALLWISE
55301.1103079;14.112;0.207;ALLWISE;WISE(W2);ALLWISE
55301.1103079;14.13;0.102;ALLWISE;WISE(W1);ALLWISE
55301.1103079;13.408;0.063;ALLWISE;WISE(W1);ALLWISE
55301.1103079;13.305;0.106;ALLWISE;WISE(W2);ALLWISE
55301.1104352;13.868;0.167;ALLWISE;WISE(W2);ALLWISE
55301.1104352;14.219;0.113;ALLWISE;WISE(W1);ALLWISE
55301.1104352;13.397;0.067;ALLWISE;WISE(W1);ALLWISE
55301.1104352;13.28;0.103;ALLWISE;WISE(W2);ALLWISE
55301.1765236;13.325;0.055;ALLWISE;WISE(W1);ALLWISE
55301.1765236;14.089;0.197;ALLWISE;WISE(W2);ALLWISE
55301.1765236;14.168;0.105;ALLWISE;WISE(W1);ALLWISE
55301.1765236;13.312;0.102;ALLWISE;WISE(W2);ALLWISE
55301.3088277;14.171;0.097;ALLWISE;WISE(W1);ALLWISE
55301.3088277;13.348;0.055;ALLWISE;WISE(W1);ALLWISE
55301.3088277;13.304;0.101;ALLWISE;WISE(W2);ALLWISE
55301.3088277;13.863;0.169;ALLWISE;WISE(W2);ALLWISE
55301.4411319;13.236;0.1;ALLWISE;WISE(W2);ALLWISE
55301.4411319;13.402;0.053;ALLWISE;WISE(W1);ALLWISE
55301.4411319;14.369;0.254;ALLWISE;WISE(W2);ALLWISE
55301.4411319;14.222;0.099;ALLWISE;WISE(W1);ALLWISE
55301.5734419;13.328;0.052;ALLWISE;WISE(W1);ALLWISE
55301.5734419;13.467;0.13;ALLWISE;WISE(W2);ALLWISE
55301.5734419;14.126;0.093;ALLWISE;WISE(W1);ALLWISE
55301.5734419;14.006;0.2;ALLWISE;WISE(W2);ALLWISE
55329.14142;15.84;0.06;CRTS;CRTS(CL);CRTS
55329.14766;15.83;0.06;CRTS;CRTS(CL);CRTS
55329.15391;15.84;0.06;CRTS;CRTS(CL);CRTS
55329.16023;15.85;0.06;CRTS;CRTS(CL);CRTS
55449.508;15.85;0.1;CRTS;CRTS(CL);CRTS
55449.50923;15.74;0.09;CRTS;CRTS(CL);CRTS
55449.50981;15.19;0.08;CRTS;CRTS(CL);CRTS
55456.50347;15.88;0.08;CRTS;CRTS(CL);CRTS
55456.51031;15.9;0.08;CRTS;CRTS(CL);CRTS
55456.51325;16.0;0.08;CRTS;CRTS(CL);CRTS
55477.47337;15.84;0.06;CRTS;CRTS(CL);CRTS
55477.48738;15.83;0.06;CRTS;CRTS(CL);CRTS
55477.49438;15.84;0.06;CRTS;CRTS(CL);CRTS
55486.46434;15.79;0.06;CRTS;CRTS(CL);CRTS
55486.47609;15.78;0.06;CRTS;CRTS(CL);CRTS
55486.48196;15.8;0.06;CRTS;CRTS(CL);CRTS
55491.9732351;14.083;0.064;ALLWISE;WISE(W1);ALLWISE
55491.9732351;13.411;0.041;ALLWISE;WISE(W1);ALLWISE
55491.9732351;13.227;0.077;ALLWISE;WISE(W2);ALLWISE
55491.9732351;13.818;0.123;ALLWISE;WISE(W2);ALLWISE
55492.1055391;13.409;0.04;ALLWISE;WISE(W1);ALLWISE
55492.1055391;13.267;0.078;ALLWISE;WISE(W2);ALLWISE
55492.1055391;13.824;0.12;ALLWISE;WISE(W2);ALLWISE
55492.1055391;14.167;0.064;ALLWISE;WISE(W1);ALLWISE
55492.2377157;13.419;0.043;ALLWISE;WISE(W1);ALLWISE
55492.2377157;13.182;0.069;ALLWISE;WISE(W2);ALLWISE
55492.2377157;14.145;0.073;ALLWISE;WISE(W1);ALLWISE
55492.2377157;14.052;0.146;ALLWISE;WISE(W2);ALLWISE
55492.237843;13.893;0.129;ALLWISE;WISE(W2);ALLWISE
55492.237843;13.246;0.078;ALLWISE;WISE(W2);ALLWISE
55492.237843;14.202;0.069;ALLWISE;WISE(W1);ALLWISE
55492.237843;13.442;0.048;ALLWISE;WISE(W1);ALLWISE
55492.3700202;14.476;0.224;ALLWISE;WISE(W2);ALLWISE
55492.3700202;14.121;0.061;ALLWISE;WISE(W1);ALLWISE
55492.3700202;13.586;0.045;ALLWISE;WISE(W1);ALLWISE
55492.3700202;13.149;0.073;ALLWISE;WISE(W2);ALLWISE
55492.4362359;14.127;0.062;ALLWISE;WISE(W1);ALLWISE
55492.4362359;13.211;0.074;ALLWISE;WISE(W2);ALLWISE
55492.4362359;13.389;0.041;ALLWISE;WISE(W1);ALLWISE
55492.4362359;14.075;0.155;ALLWISE;WISE(W2);ALLWISE
55492.5023242;13.473;0.042;ALLWISE;WISE(W1);ALLWISE
55492.5023242;14.052;0.16;ALLWISE;WISE(W2);ALLWISE
55492.5023242;14.112;0.066;ALLWISE;WISE(W1);ALLWISE
55492.5023242;13.466;0.1;ALLWISE;WISE(W2);ALLWISE
55492.5684125;13.307;0.086;ALLWISE;WISE(W2);ALLWISE
55492.5684125;13.398;0.042;ALLWISE;WISE(W1);ALLWISE
55492.5684125;13.988;0.148;ALLWISE;WISE(W2);ALLWISE
55492.5684125;14.131;0.07;ALLWISE;WISE(W1);ALLWISE
55492.7007165;13.237;0.083;ALLWISE;WISE(W2);ALLWISE
55492.7007165;13.426;0.039;ALLWISE;WISE(W1);ALLWISE
55492.7007165;14.323;0.073;ALLWISE;WISE(W1);ALLWISE
55492.7007165;13.806;0.132;ALLWISE;WISE(W2);ALLWISE
55492.8330204;13.463;0.092;ALLWISE;WISE(W2);ALLWISE
55492.8330204;14.318;0.084;ALLWISE;WISE(W1);ALLWISE
55492.8330204;13.853;0.121;ALLWISE;WISE(W2);ALLWISE
55492.8330204;13.496;0.052;ALLWISE;WISE(W1);ALLWISE
55492.965197;14.004;0.165;ALLWISE;WISE(W2);ALLWISE
55492.965197;14.199;0.082;ALLWISE;WISE(W1);ALLWISE
55492.965197;13.258;0.086;ALLWISE;WISE(W2);ALLWISE
55492.965197;13.389;0.049;ALLWISE;WISE(W1);ALLWISE
55501.4334;15.77;0.06;CRTS;CRTS(CL);CRTS
55501.44729;15.85;0.06;CRTS;CRTS(CL);CRTS
55501.4543;15.84;0.06;CRTS;CRTS(CL);CRTS
55505.48246;15.81;0.05;CRTS;CRTS(CL);CRTS
55505.4882;15.82;0.05;CRTS;CRTS(CL);CRTS
55505.49394;15.8;0.05;CRTS;CRTS(CL);CRTS
55505.49965;15.8;0.05;CRTS;CRTS(CL);CRTS
55510.38863;15.84;0.06;CRTS;CRTS(CL);CRTS
55510.40152;15.83;0.06;CRTS;CRTS(CL);CRTS
55510.40794;15.83;0.06;CRTS;CRTS(CL);CRTS
55528.50831;15.88;0.07;CRTS;CRTS(CL);CRTS
55528.52141;15.81;0.07;CRTS;CRTS(CL);CRTS
55528.52793;15.79;0.07;CRTS;CRTS(CL);CRTS
55536.3711;15.8;0.05;CRTS;CRTS(CL);CRTS
55536.37636;15.82;0.05;CRTS;CRTS(CL);CRTS
55536.38161;15.81;0.05;CRTS;CRTS(CL);CRTS
55536.38677;15.81;0.05;CRTS;CRTS(CL);CRTS
55540.4633191;17.9634;0.002264;PS1;PS1(r);PS1
55544.43153;15.79;0.05;CRTS;CRTS(CL);CRTS
55544.43677;15.8;0.05;CRTS;CRTS(CL);CRTS
55544.44203;15.79;0.05;CRTS;CRTS(CL);CRTS
55544.44726;15.76;0.05;CRTS;CRTS(CL);CRTS
55545.33247;15.83;0.07;CRTS;CRTS(CL);CRTS
55545.34724;15.76;0.07;CRTS;CRTS(CL);CRTS
55545.35459;15.76;0.07;CRTS;CRTS(CL);CRTS
55557.29676;15.86;0.08;CRTS;CRTS(CL);CRTS
55557.30597;15.83;0.08;CRTS;CRTS(CL);CRTS
55557.31051;15.84;0.08;CRTS;CRTS(CL);CRTS
55564.37636;15.81;0.06;CRTS;CRTS(CL);CRTS
55564.39288;15.83;0.06;CRTS;CRTS(CL);CRTS
55564.4028;15.81;0.05;CRTS;CRTS(CL);CRTS
55564.41271;15.83;0.06;CRTS;CRTS(CL);CRTS
55577.34282;15.8;0.05;CRTS;CRTS(CL);CRTS
55577.35161;15.79;0.05;CRTS;CRTS(CL);CRTS
55577.36042;15.77;0.05;CRTS;CRTS(CL);CRTS
55577.36921;15.8;0.05;CRTS;CRTS(CL);CRTS
55584.30107;15.79;0.05;CRTS;CRTS(CL);CRTS
55584.3086;15.79;0.05;CRTS;CRTS(CL);CRTS
55584.31609;15.77;0.05;CRTS;CRTS(CL);CRTS
55584.32364;15.78;0.05;CRTS;CRTS(CL);CRTS
55587.35352;15.81;0.06;CRTS;CRTS(CL);CRTS
55587.36035;15.79;0.07;CRTS;CRTS(CL);CRTS
55587.36731;15.86;0.07;CRTS;CRTS(CL);CRTS
55587.37424;15.76;0.06;CRTS;CRTS(CL);CRTS
55590.22841;15.82;0.07;CRTS;CRTS(CL);CRTS
55590.23304;15.83;0.07;CRTS;CRTS(CL);CRTS
55590.23768;15.82;0.07;CRTS;CRTS(CL);CRTS
55590.24225;15.82;0.07;CRTS;CRTS(CL);CRTS
55590.24949;15.81;0.06;CRTS;CRTS(CL);CRTS
55590.25651;15.79;0.06;CRTS;CRTS(CL);CRTS
55590.26353;15.82;0.06;CRTS;CRTS(CL);CRTS
55590.27055;15.82;0.06;CRTS;CRTS(CL);CRTS
55590.28719;15.81;0.06;CRTS;CRTS(CL);CRTS
55590.29657;15.83;0.06;CRTS;CRTS(CL);CRTS
55590.30599;15.8;0.06;CRTS;CRTS(CL);CRTS
55590.31535;15.81;0.06;CRTS;CRTS(CL);CRTS
55596.18839;15.85;0.06;CRTS;CRTS(CL);CRTS
55596.19661;15.8;0.06;CRTS;CRTS(CL);CRTS
55596.20491;15.84;0.06;CRTS;CRTS(CL);CRTS
55596.21314;15.81;0.06;CRTS;CRTS(CL);CRTS
55602.16418;15.8;0.05;CRTS;CRTS(CL);CRTS
55602.17115;15.78;0.05;CRTS;CRTS(CL);CRTS
55602.17815;15.79;0.05;CRTS;CRTS(CL);CRTS
55602.18521;15.79;0.05;CRTS;CRTS(CL);CRTS
55615.14741;15.79;0.06;CRTS;CRTS(CL);CRTS
55615.15494;15.84;0.06;CRTS;CRTS(CL);CRTS
55615.16251;15.78;0.06;CRTS;CRTS(CL);CRTS
55615.17008;15.79;0.06;CRTS;CRTS(CL);CRTS
55618.13897;15.79;0.05;CRTS;CRTS(CL);CRTS
55618.14421;15.92;0.06;CRTS;CRTS(CL);CRTS
55618.14947;15.72;0.06;CRTS;CRTS(CL);CRTS
55618.15474;15.84;0.05;CRTS;CRTS(CL);CRTS
55624.15714;15.78;0.06;CRTS;CRTS(CL);CRTS
55624.16529;15.83;0.06;CRTS;CRTS(CL);CRTS
55624.17351;15.83;0.06;CRTS;CRTS(CL);CRTS
55624.18167;15.81;0.06;CRTS;CRTS(CL);CRTS
55628.14565;15.81;0.05;CRTS;CRTS(CL);CRTS
55628.15386;15.79;0.05;CRTS;CRTS(CL);CRTS
55628.16192;15.8;0.05;CRTS;CRTS(CL);CRTS
55628.17014;15.81;0.05;CRTS;CRTS(CL);CRTS
55655.19843;15.8;0.06;CRTS;CRTS(CL);CRTS
55655.20465;15.83;0.06;CRTS;CRTS(CL);CRTS
55655.21084;15.86;0.06;CRTS;CRTS(CL);CRTS
55655.21703;15.8;0.06;CRTS;CRTS(CL);CRTS
55688.14049;15.8;0.05;CRTS;CRTS(CL);CRTS
55688.14856;15.77;0.05;CRTS;CRTS(CL);CRTS
55688.15675;15.78;0.05;CRTS;CRTS(CL);CRTS
55688.16491;15.81;0.06;CRTS;CRTS(CL);CRTS
55703.14464;15.83;0.06;CRTS;CRTS(CL);CRTS
55703.14988;15.81;0.06;CRTS;CRTS(CL);CRTS
55703.15496;15.76;0.05;CRTS;CRTS(CL);CRTS
55703.16015;15.8;0.05;CRTS;CRTS(CL);CRTS
55850.45461;15.82;0.07;CRTS;CRTS(CL);CRTS
55850.46261;15.78;0.07;CRTS;CRTS(CL);CRTS
55850.47067;15.82;0.07;CRTS;CRTS(CL);CRTS
55850.47866;15.78;0.07;CRTS;CRTS(CL);CRTS
55856.46005;15.8;0.05;CRTS;CRTS(CL);CRTS
55856.46943;15.82;0.05;CRTS;CRTS(CL);CRTS
55856.47879;15.79;0.05;CRTS;CRTS(CL);CRTS
55856.48833;15.78;0.05;CRTS;CRTS(CL);CRTS
55861.41008;15.83;0.06;CRTS;CRTS(CL);CRTS
55861.41864;15.87;0.06;CRTS;CRTS(CL);CRTS
55861.42721;15.79;0.06;CRTS;CRTS(CL);CRTS
55861.43586;15.85;0.06;CRTS;CRTS(CL);CRTS
55887.37539;15.82;0.06;CRTS;CRTS(CL);CRTS
55887.38558;15.84;0.06;CRTS;CRTS(CL);CRTS
55887.39583;15.82;0.06;CRTS;CRTS(CL);CRTS
55887.40614;15.84;0.06;CRTS;CRTS(CL);CRTS
55892.42471;15.8;0.05;CRTS;CRTS(CL);CRTS
55892.43392;15.79;0.05;CRTS;CRTS(CL);CRTS
55892.44335;15.81;0.05;CRTS;CRTS(CL);CRTS
55892.4527;15.76;0.05;CRTS;CRTS(CL);CRTS
55919.38209;15.83;0.06;CRTS;CRTS(CL);CRTS
55919.3906;15.9;0.07;CRTS;CRTS(CL);CRTS
55919.3992;15.84;0.06;CRTS;CRTS(CL);CRTS
55919.40776;15.88;0.06;CRTS;CRTS(CL);CRTS
55930.3201;15.87;0.06;CRTS;CRTS(CL);CRTS
55930.33037;15.85;0.06;CRTS;CRTS(CL);CRTS
55930.34063;15.85;0.06;CRTS;CRTS(CL);CRTS
55930.35089;15.85;0.06;CRTS;CRTS(CL);CRTS
55939.2824872;15.785054206848145;0.03370681405067444;PTF;PTF(R);PTF
55939.3207472;15.789641380310059;0.033238451927900314;PTF;PTF(R);PTF
55939.4075172;15.736173629760742;0.03332611545920372;PTF;PTF(R);PTF
55939.44167;15.75;0.06;CRTS;CRTS(CL);CRTS
55939.44859;15.87;0.06;CRTS;CRTS(CL);CRTS
55939.45556;15.77;0.06;CRTS;CRTS(CL);CRTS
55939.46263;15.83;0.06;CRTS;CRTS(CL);CRTS
55940.2797872;15.948518753051758;0.39038026332855225;PTF;PTF(R);PTF
55940.3236572;15.864740371704102;0.3813210725784302;PTF;PTF(R);PTF
55941.2912272;15.811080932617188;0.07757557183504105;PTF;PTF(R);PTF
55941.3521872;15.76513957977295;0.07762249559164047;PTF;PTF(R);PTF
55941.3983372;15.798927307128906;0.07763080298900604;PTF;PTF(R);PTF
55943.2756272;15.734481811523438;0.026418577879667282;PTF;PTF(R);PTF
55944.2684772;15.7540922164917;0.11616463214159012;PTF;PTF(R);PTF
55944.3038872;15.764142036437988;0.11630603671073914;PTF;PTF(R);PTF
55944.3443;15.8;0.05;CRTS;CRTS(CL);CRTS
55944.3453572;15.821462631225586;0.11648998409509659;PTF;PTF(R);PTF
55944.34951;15.79;0.05;CRTS;CRTS(CL);CRTS
55944.35475;15.8;0.05;CRTS;CRTS(CL);CRTS
55944.36003;15.8;0.05;CRTS;CRTS(CL);CRTS
55944.3960772;15.747453689575195;0.1161879301071167;PTF;PTF(R);PTF
55946.2624172;15.752832412719727;0.15545395016670227;PTF;PTF(R);PTF
55946.2913672;15.762320518493652;0.15544824302196503;PTF;PTF(R);PTF
55946.4009372;15.748956680297852;0.1555529236793518;PTF;PTF(R);PTF
55952.2447472;15.73574161529541;0.02548079751431942;PTF;PTF(R);PTF
55952.25216;15.81;0.05;CRTS;CRTS(CL);CRTS
55952.25737;15.78;0.05;CRTS;CRTS(CL);CRTS
55952.26262;15.79;0.05;CRTS;CRTS(CL);CRTS
55952.2679;15.78;0.05;CRTS;CRTS(CL);CRTS
55952.3004072;15.736364364624023;0.025389157235622406;PTF;PTF(R);PTF
55952.3322172;15.7720947265625;0.025404078885912895;PTF;PTF(R);PTF
55952.3738872;15.76491641998291;0.02541370503604412;PTF;PTF(R);PTF
55954.2402172;15.739375114440918;0.03857334703207016;PTF;PTF(R);PTF
55954.3143672;15.732336044311523;0.038532186299562454;PTF;PTF(R);PTF
55954.3835772;15.710737228393555;0.038618482649326324;PTF;PTF(R);PTF
55957.2503;15.81;0.06;CRTS;CRTS(CL);CRTS
55957.25646;15.83;0.06;CRTS;CRTS(CL);CRTS
55957.26257;15.81;0.06;CRTS;CRTS(CL);CRTS
55957.26871;15.83;0.06;CRTS;CRTS(CL);CRTS
55967.31717;15.83;0.05;CRTS;CRTS(CL);CRTS
55967.32654;15.91;0.06;CRTS;CRTS(CL);CRTS
55967.33589;15.8;0.05;CRTS;CRTS(CL);CRTS
55967.34521;15.85;0.05;CRTS;CRTS(CL);CRTS
55967.34912;15.84;0.06;CRTS;CRTS(CL);CRTS
55967.35767;15.84;0.06;CRTS;CRTS(CL);CRTS
55967.36619;15.81;0.06;CRTS;CRTS(CL);CRTS
55967.37467;15.81;0.06;CRTS;CRTS(CL);CRTS
55982.19703;15.85;0.06;CRTS;CRTS(CL);CRTS
55982.20382;15.85;0.06;CRTS;CRTS(CL);CRTS
55982.21062;15.81;0.06;CRTS;CRTS(CL);CRTS
55982.21747;15.8;0.06;CRTS;CRTS(CL);CRTS
55988.12599;15.82;0.06;CRTS;CRTS(CL);CRTS
55988.13111;15.86;0.06;CRTS;CRTS(CL);CRTS
55988.13627;15.83;0.06;CRTS;CRTS(CL);CRTS
55988.14133;15.87;0.06;CRTS;CRTS(CL);CRTS
55999.17123;15.81;0.05;CRTS;CRTS(CL);CRTS
55999.17991;15.8;0.05;CRTS;CRTS(CL);CRTS
55999.18864;15.81;0.05;CRTS;CRTS(CL);CRTS
55999.19735;15.81;0.05;CRTS;CRTS(CL);CRTS
56001.16351;15.83;0.06;CRTS;CRTS(CL);CRTS
56001.16857;15.82;0.06;CRTS;CRTS(CL);CRTS
56001.17368;15.83;0.06;CRTS;CRTS(CL);CRTS
56001.17869;15.81;0.06;CRTS;CRTS(CL);CRTS
56005.7399912;17.3854;0.002985;PS1;PS1(z);PS1
56007.15198;15.85;0.06;CRTS;CRTS(CL);CRTS
56007.16223;15.81;0.06;CRTS;CRTS(CL);CRTS
56007.17254;15.85;0.06;CRTS;CRTS(CL);CRTS
56007.18281;15.81;0.06;CRTS;CRTS(CL);CRTS
56013.13686;15.79;0.06;CRTS;CRTS(CL);CRTS
56013.14189;15.78;0.06;CRTS;CRTS(CL);CRTS
56013.14695;15.85;0.06;CRTS;CRTS(CL);CRTS
56013.15203;15.78;0.06;CRTS;CRTS(CL);CRTS
56015.13799;15.8;0.05;CRTS;CRTS(CL);CRTS
56015.1432;15.8;0.05;CRTS;CRTS(CL);CRTS
56015.14844;15.79;0.05;CRTS;CRTS(CL);CRTS
56015.15365;15.79;0.05;CRTS;CRTS(CL);CRTS
56028.12132;15.8;0.06;CRTS;CRTS(CL);CRTS
56028.1279;15.82;0.06;CRTS;CRTS(CL);CRTS
56028.13443;15.82;0.06;CRTS;CRTS(CL);CRTS
56028.14095;15.78;0.06;CRTS;CRTS(CL);CRTS
56035.15202;15.81;0.06;CRTS;CRTS(CL);CRTS
56035.15708;15.8;0.06;CRTS;CRTS(CL);CRTS
56035.16213;15.82;0.06;CRTS;CRTS(CL);CRTS
56035.16727;15.83;0.06;CRTS;CRTS(CL);CRTS
56048.1322;15.88;0.07;CRTS;CRTS(CL);CRTS
56048.13837;15.87;0.07;CRTS;CRTS(CL);CRTS
56048.14472;15.91;0.07;CRTS;CRTS(CL);CRTS
56048.15111;15.84;0.06;CRTS;CRTS(CL);CRTS
56060.15242;15.85;0.06;CRTS;CRTS(CL);CRTS
56060.16024;15.87;0.06;CRTS;CRTS(CL);CRTS
56060.16821;15.87;0.06;CRTS;CRTS(CL);CRTS
56060.17633;15.79;0.06;CRTS;CRTS(CL);CRTS
56067.14578;15.85;0.06;CRTS;CRTS(CL);CRTS
56067.15091;15.86;0.06;CRTS;CRTS(CL);CRTS
56067.15602;15.88;0.06;CRTS;CRTS(CL);CRTS
56067.16107;15.83;0.06;CRTS;CRTS(CL);CRTS
56073.9664242;18.7642;0.004713;PS1;PS1(g);PS1
56213.42334;15.82;0.06;CRTS;CRTS(CL);CRTS
56213.43014;15.81;0.06;CRTS;CRTS(CL);CRTS
56213.43696;15.86;0.07;CRTS;CRTS(CL);CRTS
56213.44382;15.8;0.06;CRTS;CRTS(CL);CRTS
56220.42278;15.82;0.06;CRTS;CRTS(CL);CRTS
56220.43425;15.8;0.06;CRTS;CRTS(CL);CRTS
56220.44567;15.79;0.06;CRTS;CRTS(CL);CRTS
56220.4571;15.8;0.06;CRTS;CRTS(CL);CRTS
56226.40876;15.86;0.07;CRTS;CRTS(CL);CRTS
56226.41511;15.89;0.07;CRTS;CRTS(CL);CRTS
56226.42143;15.85;0.06;CRTS;CRTS(CL);CRTS
56226.42778;15.78;0.06;CRTS;CRTS(CL);CRTS
56233.42487;15.78;0.06;CRTS;CRTS(CL);CRTS
56233.43219;15.86;0.06;CRTS;CRTS(CL);CRTS
56233.43955;15.78;0.06;CRTS;CRTS(CL);CRTS
56233.44697;15.83;0.06;CRTS;CRTS(CL);CRTS
56244.464;15.8;0.06;CRTS;CRTS(CL);CRTS
56244.47102;15.82;0.06;CRTS;CRTS(CL);CRTS
56244.47802;15.81;0.06;CRTS;CRTS(CL);CRTS
56244.48499;15.8;0.06;CRTS;CRTS(CL);CRTS
56245.40618;15.82;0.06;CRTS;CRTS(CL);CRTS
56245.41296;15.79;0.06;CRTS;CRTS(CL);CRTS
56245.41973;15.85;0.06;CRTS;CRTS(CL);CRTS
56245.4266;15.83;0.06;CRTS;CRTS(CL);CRTS
56251.43886;15.82;0.06;CRTS;CRTS(CL);CRTS
56251.4439;15.82;0.06;CRTS;CRTS(CL);CRTS
56251.44895;15.8;0.06;CRTS;CRTS(CL);CRTS
56251.45406;15.81;0.06;CRTS;CRTS(CL);CRTS
56267.38578;15.85;0.06;CRTS;CRTS(CL);CRTS
56267.39196;15.86;0.06;CRTS;CRTS(CL);CRTS
56267.39804;15.86;0.06;CRTS;CRTS(CL);CRTS
56267.40419;15.88;0.06;CRTS;CRTS(CL);CRTS
56267.44818;15.8;0.06;CRTS;CRTS(CL);CRTS
56267.45344;15.78;0.06;CRTS;CRTS(CL);CRTS
56267.45873;15.79;0.06;CRTS;CRTS(CL);CRTS
56267.46402;15.79;0.06;CRTS;CRTS(CL);CRTS
56281.34293;15.82;0.06;CRTS;CRTS(CL);CRTS
56281.35271;15.83;0.06;CRTS;CRTS(CL);CRTS
56281.3625;15.81;0.06;CRTS;CRTS(CL);CRTS
56281.37233;15.82;0.06;CRTS;CRTS(CL);CRTS
56295.26546;15.8;0.06;CRTS;CRTS(CL);CRTS
56295.27431;15.81;0.06;CRTS;CRTS(CL);CRTS
56295.28221;15.8;0.06;CRTS;CRTS(CL);CRTS
56295.29013;15.8;0.06;CRTS;CRTS(CL);CRTS
56302.25161;15.84;0.07;CRTS;CRTS(CL);CRTS
56302.25723;15.8;0.07;CRTS;CRTS(CL);CRTS
56302.26294;15.79;0.07;CRTS;CRTS(CL);CRTS
56302.26862;15.8;0.07;CRTS;CRTS(CL);CRTS
56307.40681;15.8;0.06;CRTS;CRTS(CL);CRTS
56307.4148;15.78;0.06;CRTS;CRTS(CL);CRTS
56307.42275;15.82;0.06;CRTS;CRTS(CL);CRTS
56307.43066;15.8;0.06;CRTS;CRTS(CL);CRTS
56315.31431;15.8;0.05;CRTS;CRTS(CL);CRTS
56315.3179;15.78;0.05;CRTS;CRTS(CL);CRTS
56315.32155;15.79;0.05;CRTS;CRTS(CL);CRTS
56315.32517;15.78;0.05;CRTS;CRTS(CL);CRTS
56323.28155;15.81;0.06;CRTS;CRTS(CL);CRTS
56323.28664;15.83;0.06;CRTS;CRTS(CL);CRTS
56323.29177;15.87;0.06;CRTS;CRTS(CL);CRTS
56323.29689;15.79;0.06;CRTS;CRTS(CL);CRTS
56329.21113;15.82;0.06;CRTS;CRTS(CL);CRTS
56329.21959;15.83;0.06;CRTS;CRTS(CL);CRTS
56329.22482;15.81;0.06;CRTS;CRTS(CL);CRTS
56329.23001;15.82;0.06;CRTS;CRTS(CL);CRTS
56329.23487;15.81;0.06;CRTS;CRTS(CL);CRTS
56329.23996;15.79;0.06;CRTS;CRTS(CL);CRTS
56329.24504;15.83;0.06;CRTS;CRTS(CL);CRTS
56329.25013;15.8;0.06;CRTS;CRTS(CL);CRTS
56340.15763;15.8;0.06;CRTS;CRTS(CL);CRTS
56340.16381;15.78;0.06;CRTS;CRTS(CL);CRTS
56340.17002;15.8;0.06;CRTS;CRTS(CL);CRTS
56340.17627;15.83;0.06;CRTS;CRTS(CL);CRTS
56352.17383;15.84;0.06;CRTS;CRTS(CL);CRTS
56352.17888;15.83;0.06;CRTS;CRTS(CL);CRTS
56352.18392;15.85;0.06;CRTS;CRTS(CL);CRTS
56352.18898;15.84;0.06;CRTS;CRTS(CL);CRTS
56354.21492;15.81;0.06;CRTS;CRTS(CL);CRTS
56354.21913;15.8;0.06;CRTS;CRTS(CL);CRTS
56354.22329;15.81;0.06;CRTS;CRTS(CL);CRTS
56354.22747;15.82;0.06;CRTS;CRTS(CL);CRTS
56363.18294;15.82;0.06;CRTS;CRTS(CL);CRTS
56363.188;15.79;0.06;CRTS;CRTS(CL);CRTS
56363.19309;15.84;0.06;CRTS;CRTS(CL);CRTS
56363.19811;15.85;0.06;CRTS;CRTS(CL);CRTS
56366.18718;15.8;0.06;CRTS;CRTS(CL);CRTS
56366.19248;15.81;0.06;CRTS;CRTS(CL);CRTS
56366.19779;15.78;0.06;CRTS;CRTS(CL);CRTS
56366.20325;15.8;0.06;CRTS;CRTS(CL);CRTS
56383.11729;15.78;0.07;CRTS;CRTS(CL);CRTS
56383.12512;15.81;0.08;CRTS;CRTS(CL);CRTS
56383.133;15.84;0.07;CRTS;CRTS(CL);CRTS
56383.14086;15.78;0.07;CRTS;CRTS(CL);CRTS
56386.1689249;17.4548;0.001679;PS1;PS1(i);PS1
56388.14296;15.8;0.06;CRTS;CRTS(CL);CRTS
56388.1483;15.81;0.06;CRTS;CRTS(CL);CRTS
56388.15351;15.77;0.06;CRTS;CRTS(CL);CRTS
56388.15868;15.78;0.06;CRTS;CRTS(CL);CRTS
56389.146;15.8;0.06;CRTS;CRTS(CL);CRTS
56389.15682;15.81;0.06;CRTS;CRTS(CL);CRTS
56389.1677;15.84;0.06;CRTS;CRTS(CL);CRTS
56389.17867;15.8;0.06;CRTS;CRTS(CL);CRTS
56405.13386;15.86;0.07;CRTS;CRTS(CL);CRTS
56405.14065;15.89;0.07;CRTS;CRTS(CL);CRTS
56405.14739;15.8;0.06;CRTS;CRTS(CL);CRTS
56405.15415;15.82;0.07;CRTS;CRTS(CL);CRTS
56411.15952;15.81;0.07;CRTS;CRTS(CL);CRTS
56411.16446;15.84;0.07;CRTS;CRTS(CL);CRTS
56411.16952;15.82;0.07;CRTS;CRTS(CL);CRTS
56411.1745;15.82;0.07;CRTS;CRTS(CL);CRTS
56419.13291;15.84;0.07;CRTS;CRTS(CL);CRTS
56419.13853;15.86;0.07;CRTS;CRTS(CL);CRTS
56419.14416;15.77;0.06;CRTS;CRTS(CL);CRTS
56419.14976;15.85;0.07;CRTS;CRTS(CL);CRTS
56558.49307;15.9;0.08;CRTS;CRTS(CL);CRTS
56558.4946;15.83;0.08;CRTS;CRTS(CL);CRTS
56558.49623;15.87;0.08;CRTS;CRTS(CL);CRTS
56558.49786;15.85;0.08;CRTS;CRTS(CL);CRTS
56570.48371;15.82;0.06;CRTS;CRTS(CL);CRTS
56570.48707;15.82;0.06;CRTS;CRTS(CL);CRTS
56570.49041;15.83;0.06;CRTS;CRTS(CL);CRTS
56570.49379;15.82;0.06;CRTS;CRTS(CL);CRTS
56574.49119;15.8;0.06;CRTS;CRTS(CL);CRTS
56574.49783;15.81;0.06;CRTS;CRTS(CL);CRTS
56574.50446;15.81;0.06;CRTS;CRTS(CL);CRTS
56574.51113;15.82;0.06;CRTS;CRTS(CL);CRTS
56596.39063;15.87;0.07;CRTS;CRTS(CL);CRTS
56596.39722;15.84;0.06;CRTS;CRTS(CL);CRTS
56596.40383;15.87;0.07;CRTS;CRTS(CL);CRTS
56596.41044;15.83;0.06;CRTS;CRTS(CL);CRTS
56602.46961;15.78;0.06;CRTS;CRTS(CL);CRTS
56602.47703;15.8;0.06;CRTS;CRTS(CL);CRTS
56602.48444;15.8;0.06;CRTS;CRTS(CL);CRTS
56602.49185;15.76;0.06;CRTS;CRTS(CL);CRTS
56622.48236;15.82;0.06;CRTS;CRTS(CL);CRTS
56622.48768;15.81;0.06;CRTS;CRTS(CL);CRTS
56622.49303;15.81;0.06;CRTS;CRTS(CL);CRTS
56622.49836;15.79;0.06;CRTS;CRTS(CL);CRTS
56639.34569;15.79;0.06;CRTS;CRTS(CL);CRTS
56639.35365;15.79;0.06;CRTS;CRTS(CL);CRTS
56639.36161;15.81;0.06;CRTS;CRTS(CL);CRTS
56639.36958;15.84;0.06;CRTS;CRTS(CL);CRTS
56649.4335;15.81;0.05;CRTS;CRTS(CL);CRTS
56649.44466;15.84;0.05;CRTS;CRTS(CL);CRTS
56649.45571;15.83;0.05;CRTS;CRTS(CL);CRTS
56649.46411;15.79;0.05;CRTS;CRTS(CL);CRTS
56663.1713872;15.768848419189453;0.032243967056274414;PTF;PTF(R);PTF
56663.1870972;15.743000030517578;0.031940922141075134;PTF;PTF(R);PTF
56663.2017072;15.783443450927734;0.03184444457292557;PTF;PTF(R);PTF
56663.2163672;15.754622459411621;0.03168914467096329;PTF;PTF(R);PTF
56663.2315172;15.766358375549316;0.03163144737482071;PTF;PTF(R);PTF
56663.2472672;15.762110710144043;0.03155556693673134;PTF;PTF(R);PTF
56663.2623472;15.755690574645996;0.03145666420459747;PTF;PTF(R);PTF
56663.2760572;15.730697631835938;0.03137795254588127;PTF;PTF(R);PTF
56663.2897572;15.745462417602539;0.031377099454402924;PTF;PTF(R);PTF
56663.3034472;15.736323356628418;0.03136226162314415;PTF;PTF(R);PTF
56663.3172372;15.746179580688477;0.03137369453907013;PTF;PTF(R);PTF
56663.3309472;15.7492094039917;0.03136352822184563;PTF;PTF(R);PTF
56663.3446672;15.744328498840332;0.03134256973862648;PTF;PTF(R);PTF
56663.3583672;15.762417793273926;0.03135889023542404;PTF;PTF(R);PTF
56663.3720972;15.766095161437988;0.03137560933828354;PTF;PTF(R);PTF
56663.3858572;15.752242088317871;0.03136542811989784;PTF;PTF(R);PTF
56663.3997072;15.74012279510498;0.0313914455473423;PTF;PTF(R);PTF
56663.4134972;15.73577880859375;0.03142448887228966;PTF;PTF(R);PTF
56663.4273672;15.745213508605957;0.03141310438513756;PTF;PTF(R);PTF
56663.4433272;15.737344741821289;0.03142646700143814;PTF;PTF(R);PTF
56663.4731172;15.744941711425781;0.03153342381119728;PTF;PTF(R);PTF
56663.4869472;15.735660552978516;0.031579893082380295;PTF;PTF(R);PTF
56663.5008072;15.744034767150879;0.03157653659582138;PTF;PTF(R);PTF
56663.5146972;15.722601890563965;0.03175466135144234;PTF;PTF(R);PTF
56663.5309172;15.750843048095703;0.03175153583288193;PTF;PTF(R);PTF
56663.5448572;15.737146377563477;0.03206164389848709;PTF;PTF(R);PTF
56663.5587972;15.744675636291504;0.03263920918107033;PTF;PTF(R);PTF
56663.5728072;15.726881980895996;0.032744791358709335;PTF;PTF(R);PTF
56664.1691972;15.76854419708252;0.03304333612322807;PTF;PTF(R);PTF
56664.1833772;15.743558883666992;0.03281858563423157;PTF;PTF(R);PTF
56664.1970772;15.769123077392578;0.032757773995399475;PTF;PTF(R);PTF
56664.2117372;15.77653694152832;0.03266843408346176;PTF;PTF(R);PTF
56664.2254772;15.765588760375977;0.03255627676844597;PTF;PTF(R);PTF
56664.2391972;15.782672882080078;0.03251569718122482;PTF;PTF(R);PTF
56664.2529272;15.764503479003906;0.03245576471090317;PTF;PTF(R);PTF
56664.2666572;15.781167030334473;0.03245022892951965;PTF;PTF(R);PTF
56664.2804272;15.77208137512207;0.03237687423825264;PTF;PTF(R);PTF
56664.2941572;15.778204917907715;0.03232444077730179;PTF;PTF(R);PTF
56664.3078872;15.758060455322266;0.03229152038693428;PTF;PTF(R);PTF
56664.3216572;15.758544921875;0.032249562442302704;PTF;PTF(R);PTF
56664.3354172;15.74111270904541;0.03221960738301277;PTF;PTF(R);PTF
56664.3491872;15.763341903686523;0.032228682190179825;PTF;PTF(R);PTF
56664.3629772;15.755127906799316;0.03219250962138176;PTF;PTF(R);PTF
56664.3768772;15.763614654541016;0.03221750631928444;PTF;PTF(R);PTF
56664.3907672;15.76034164428711;0.03378088399767876;PTF;PTF(R);PTF
56664.4067672;15.761143684387207;0.03218632936477661;PTF;PTF(R);PTF
56664.4229472;15.764021873474121;0.03218818083405495;PTF;PTF(R);PTF
56664.4367872;15.730098724365234;0.032195404171943665;PTF;PTF(R);PTF
56664.4506472;15.757458686828613;0.03222065791487694;PTF;PTF(R);PTF
56664.4644972;15.761635780334473;0.03225407749414444;PTF;PTF(R);PTF
56664.4783972;15.774016380310059;0.03228580579161644;PTF;PTF(R);PTF
56664.4923972;15.746767044067383;0.032392438501119614;PTF;PTF(R);PTF
56664.5063472;15.793285369873047;0.03241780400276184;PTF;PTF(R);PTF
56664.5202872;15.774975776672363;0.032406724989414215;PTF;PTF(R);PTF
56664.5342772;15.78587818145752;0.03249765932559967;PTF;PTF(R);PTF
56664.5482472;15.774921417236328;0.032546188682317734;PTF;PTF(R);PTF
56664.5622672;15.795816421508789;0.0326809324324131;PTF;PTF(R);PTF
56665.3040672;16.05243682861328;0.3487864136695862;PTF;PTF(R);PTF
56665.3178072;15.916207313537598;0.34794557094573975;PTF;PTF(R);PTF
56665.3315672;15.829317092895508;0.3476294279098511;PTF;PTF(R);PTF
56665.3453172;15.86583423614502;0.34833431243896484;PTF;PTF(R);PTF
56665.3590772;15.86785888671875;0.3479995131492615;PTF;PTF(R);PTF
56665.3729372;15.786365509033203;0.34754055738449097;PTF;PTF(R);PTF
56665.3867672;15.777058601379395;0.3475276529788971;PTF;PTF(R);PTF
56665.4006572;15.789105415344238;0.347550630569458;PTF;PTF(R);PTF
56665.4148072;15.796072006225586;0.34751591086387634;PTF;PTF(R);PTF
56665.4297172;15.829739570617676;0.3476203680038452;PTF;PTF(R);PTF
56665.4435372;15.853282928466797;0.34770557284355164;PTF;PTF(R);PTF
56665.4595772;16.051502227783203;0.3529045581817627;PTF;PTF(R);PTF
56665.4733972;15.807724952697754;0.3475600481033325;PTF;PTF(R);PTF
56665.4883872;15.820791244506836;0.3476046919822693;PTF;PTF(R);PTF
56665.5022972;15.800537109375;0.34753766655921936;PTF;PTF(R);PTF
56665.5173672;15.794456481933594;0.34753817319869995;PTF;PTF(R);PTF
56956.70090736;13.077;0.072;NEOWISE;WISE(W2);NEOWISE
56956.70090736;13.258;0.033;NEOWISE;WISE(W1);NEOWISE
56956.83244741;12.969;0.067;NEOWISE;WISE(W2);NEOWISE
56956.83244741;13.139;0.03;NEOWISE;WISE(W1);NEOWISE
56956.9639875;13.079;0.083;NEOWISE;WISE(W2);NEOWISE
56956.9639875;13.154;0.036;NEOWISE;WISE(W1);NEOWISE
56957.02969389;13.17;0.031;NEOWISE;WISE(W1);NEOWISE
56957.02969389;12.878;0.063;NEOWISE;WISE(W2);NEOWISE
56957.09552759;12.759;0.059;NEOWISE;WISE(W2);NEOWISE
56957.09552759;13.032;0.033;NEOWISE;WISE(W1);NEOWISE
56957.16123394;13.055;0.07;NEOWISE;WISE(W2);NEOWISE
56957.16123394;13.208;0.031;NEOWISE;WISE(W1);NEOWISE
56957.22694028;12.958;0.079;NEOWISE;WISE(W2);NEOWISE
56957.22694028;13.114;0.034;NEOWISE;WISE(W1);NEOWISE
56957.29277394;13.152;0.03;NEOWISE;WISE(W1);NEOWISE
56957.29277394;13.047;0.089;NEOWISE;WISE(W2);NEOWISE
56957.42418667;12.955;0.063;NEOWISE;WISE(W2);NEOWISE
56957.42418667;13.14;0.038;NEOWISE;WISE(W1);NEOWISE
56957.42431398;13.011;0.067;NEOWISE;WISE(W2);NEOWISE
56957.42431398;13.139;0.034;NEOWISE;WISE(W1);NEOWISE
56957.55572671;13.111;0.037;NEOWISE;WISE(W1);NEOWISE
56957.55572671;13.068;0.095;NEOWISE;WISE(W2);NEOWISE
56957.68726681;13.053;0.079;NEOWISE;WISE(W2);NEOWISE
56957.68726681;13.17;0.032;NEOWISE;WISE(W1);NEOWISE
57031.4082172;16.476360321044922;0.36387377977371216;PTF;PTF(R);PTF
57045.3921972;15.717177391052246;0.04736283794045448;PTF;PTF(R);PTF
57045.4575472;15.717641830444336;0.04745321720838547;PTF;PTF(R);PTF
57046.2532272;15.703190803527832;0.04622909054160118;PTF;PTF(R);PTF
57047.2604272;15.752479553222656;0.029501862823963165;PTF;PTF(R);PTF
57047.3250772;15.748620986938477;0.02944900654256344;PTF;PTF(R);PTF
57047.3907772;15.720717430114746;0.029535967856645584;PTF;PTF(R);PTF
57047.4568372;15.749917030334473;0.029704738408327103;PTF;PTF(R);PTF
57047.5218972;15.738764762878418;0.030319761484861374;PTF;PTF(R);PTF
57124.2708892;12.74;0.071;NEOWISE;WISE(W2);NEOWISE
57124.2708892;13.137;0.032;NEOWISE;WISE(W1);NEOWISE
57124.40217479;13.174;0.041;NEOWISE;WISE(W1);NEOWISE
57124.40217479;13.093;0.114;NEOWISE;WISE(W2);NEOWISE
57124.53346034;13.018;0.1;NEOWISE;WISE(W2);NEOWISE
57124.53346034;13.155;0.032;NEOWISE;WISE(W1);NEOWISE
57124.59916676;13.106;0.034;NEOWISE;WISE(W1);NEOWISE
57124.59916676;12.843;0.091;NEOWISE;WISE(W2);NEOWISE
57124.66474582;13.222;0.034;NEOWISE;WISE(W1);NEOWISE
57124.66474582;13.047;0.106;NEOWISE;WISE(W2);NEOWISE
57124.7304523;12.842;0.06;NEOWISE;WISE(W2);NEOWISE
57124.7304523;13.159;0.035;NEOWISE;WISE(W1);NEOWISE
57124.79603141;12.91;0.07;NEOWISE;WISE(W2);NEOWISE
57124.79603141;13.154;0.037;NEOWISE;WISE(W1);NEOWISE
57124.86173788;13.028;0.084;NEOWISE;WISE(W2);NEOWISE
57124.86173788;13.209;0.038;NEOWISE;WISE(W1);NEOWISE
57124.99302347;13.203;0.034;NEOWISE;WISE(W1);NEOWISE
57124.99302347;12.92;0.09;NEOWISE;WISE(W2);NEOWISE
57125.12430911;13.222;0.034;NEOWISE;WISE(W1);NEOWISE
57125.12430911;12.915;0.067;NEOWISE;WISE(W2);NEOWISE
57125.25559461;13.181;0.032;NEOWISE;WISE(W1);NEOWISE
57125.25559461;13.037;0.071;NEOWISE;WISE(W2);NEOWISE
57318.57141013;13.005;0.069;NEOWISE;WISE(W2);NEOWISE
57318.57141013;13.17;0.034;NEOWISE;WISE(W1);NEOWISE
57318.70256833;13.018;0.069;NEOWISE;WISE(W2);NEOWISE
57318.70256833;13.168;0.033;NEOWISE;WISE(W1);NEOWISE
57318.83372663;13.087;0.083;NEOWISE;WISE(W2);NEOWISE
57318.83372663;13.146;0.032;NEOWISE;WISE(W1);NEOWISE
57318.96488493;12.967;0.075;NEOWISE;WISE(W2);NEOWISE
57318.96488493;13.094;0.035;NEOWISE;WISE(W1);NEOWISE
57319.03046406;13.046;0.069;NEOWISE;WISE(W2);NEOWISE
57319.03046406;13.281;0.035;NEOWISE;WISE(W1);NEOWISE
57319.09604318;12.933;0.065;NEOWISE;WISE(W2);NEOWISE
57319.09604318;13.198;0.037;NEOWISE;WISE(W1);NEOWISE
57319.16162227;13.129;0.078;NEOWISE;WISE(W2);NEOWISE
57319.16162227;13.207;0.036;NEOWISE;WISE(W1);NEOWISE
57319.16174968;13.085;0.072;NEOWISE;WISE(W2);NEOWISE
57319.16174968;13.054;0.038;NEOWISE;WISE(W1);NEOWISE
57319.22720139;13.193;0.038;NEOWISE;WISE(W1);NEOWISE
57319.22720139;13.056;0.075;NEOWISE;WISE(W2);NEOWISE
57319.2273287;13.111;0.039;NEOWISE;WISE(W1);NEOWISE
57319.2273287;13.131;0.082;NEOWISE;WISE(W2);NEOWISE
57319.29290784;13.214;0.036;NEOWISE;WISE(W1);NEOWISE
57319.29290784;12.993;0.066;NEOWISE;WISE(W2);NEOWISE
57319.42406613;12.925;0.068;NEOWISE;WISE(W2);NEOWISE
57319.42406613;13.288;0.038;NEOWISE;WISE(W1);NEOWISE
57319.55522443;13.158;0.033;NEOWISE;WISE(W1);NEOWISE
57319.55522443;13.162;0.081;NEOWISE;WISE(W2);NEOWISE
57483.16173052;13.082;0.033;NEOWISE;WISE(W1);NEOWISE
57483.16173052;12.954;0.063;NEOWISE;WISE(W2);NEOWISE
57483.29288907;13.159;0.039;NEOWISE;WISE(W1);NEOWISE
57483.29288907;13.093;0.082;NEOWISE;WISE(W2);NEOWISE
57483.42392041;13.142;0.084;NEOWISE;WISE(W2);NEOWISE
57483.42392041;13.142;0.036;NEOWISE;WISE(W1);NEOWISE
57483.55495163;13.107;0.07;NEOWISE;WISE(W2);NEOWISE
57483.55495163;13.262;0.037;NEOWISE;WISE(W1);NEOWISE
57483.6205309;13.099;0.071;NEOWISE;WISE(W2);NEOWISE
57483.6205309;13.199;0.034;NEOWISE;WISE(W1);NEOWISE
57483.68611023;13.109;0.075;NEOWISE;WISE(W2);NEOWISE
57483.68611023;12.994;0.042;NEOWISE;WISE(W1);NEOWISE
57483.75156219;13.304;0.039;NEOWISE;WISE(W1);NEOWISE
57483.75156219;13.047;0.064;NEOWISE;WISE(W2);NEOWISE
57483.81714146;12.968;0.062;NEOWISE;WISE(W2);NEOWISE
57483.81714146;13.169;0.032;NEOWISE;WISE(W1);NEOWISE
57483.88259341;12.84;0.082;NEOWISE;WISE(W2);NEOWISE
57483.88259341;13.201;0.034;NEOWISE;WISE(W1);NEOWISE
57483.88272073;13.019;0.062;NEOWISE;WISE(W2);NEOWISE
57483.88272073;13.11;0.033;NEOWISE;WISE(W1);NEOWISE
57484.01375206;12.851;0.075;NEOWISE;WISE(W2);NEOWISE
57484.01375206;13.123;0.03;NEOWISE;WISE(W1);NEOWISE
57484.14478335;13.16;0.034;NEOWISE;WISE(W1);NEOWISE
57484.14478335;12.96;0.062;NEOWISE;WISE(W2);NEOWISE
57682.69041079;13.213;0.036;NEOWISE;WISE(W1);NEOWISE
57682.69041079;12.815;0.093;NEOWISE;WISE(W2);NEOWISE
57682.8214421;13.044;0.148;NEOWISE;WISE(W2);NEOWISE
57682.8214421;13.232;0.038;NEOWISE;WISE(W1);NEOWISE
57682.95247336;13.094;0.16;NEOWISE;WISE(W2);NEOWISE
57682.95247336;13.135;0.043;NEOWISE;WISE(W1);NEOWISE
57683.08337725;13.288;0.049;NEOWISE;WISE(W1);NEOWISE
57683.08337725;12.97;0.134;NEOWISE;WISE(W2);NEOWISE
57683.08350456;13.131;0.041;NEOWISE;WISE(W1);NEOWISE
57683.08350456;13.198;0.233;NEOWISE;WISE(W2);NEOWISE
57683.14895656;12.908;0.189;NEOWISE;WISE(W2);NEOWISE
57683.14895656;13.088;0.043;NEOWISE;WISE(W1);NEOWISE
57683.21440851;13.244;0.279;NEOWISE;WISE(W2);NEOWISE
57683.21440851;13.259;0.06;NEOWISE;WISE(W1);NEOWISE
57683.41101912;13.243;0.05;NEOWISE;WISE(W1);NEOWISE
57683.41101912;13.149;0.239;NEOWISE;WISE(W2);NEOWISE
57683.54192302;12.877;0.198;NEOWISE;WISE(W2);NEOWISE
57683.54192302;13.046;0.052;NEOWISE;WISE(W1);NEOWISE
57685.57258894;13.221;0.037;NEOWISE;WISE(W1);NEOWISE
57685.57258894;13.042;0.074;NEOWISE;WISE(W2);NEOWISE
57685.5727163;13.09;0.055;NEOWISE;WISE(W1);NEOWISE
57685.5727163;12.975;0.076;NEOWISE;WISE(W2);NEOWISE
57685.70362015;13.106;0.08;NEOWISE;WISE(W2);NEOWISE
57685.70362015;13.268;0.035;NEOWISE;WISE(W1);NEOWISE
57685.83465141;13.088;0.092;NEOWISE;WISE(W2);NEOWISE
57685.83465141;13.129;0.032;NEOWISE;WISE(W1);NEOWISE
57685.96568266;13.246;0.036;NEOWISE;WISE(W1);NEOWISE
57685.96568266;13.179;0.109;NEOWISE;WISE(W2);NEOWISE
57686.03113462;13.265;0.035;NEOWISE;WISE(W1);NEOWISE
57686.03113462;12.983;0.068;NEOWISE;WISE(W2);NEOWISE
57686.09671392;13.14;0.078;NEOWISE;WISE(W2);NEOWISE
57686.09671392;13.166;0.036;NEOWISE;WISE(W1);NEOWISE
57686.16216587;12.824;0.084;NEOWISE;WISE(W2);NEOWISE
57686.16216587;13.22;0.034;NEOWISE;WISE(W1);NEOWISE
57686.22774509;13.167;0.036;NEOWISE;WISE(W1);NEOWISE
57686.22774509;12.961;0.071;NEOWISE;WISE(W2);NEOWISE
57686.29319704;13.166;0.133;NEOWISE;WISE(W2);NEOWISE
57686.29319704;13.211;0.033;NEOWISE;WISE(W1);NEOWISE
57686.42422835;13.025;0.088;NEOWISE;WISE(W2);NEOWISE
57686.42422835;13.071;0.044;NEOWISE;WISE(W1);NEOWISE
57686.55525956;13.124;0.093;NEOWISE;WISE(W2);NEOWISE
57686.55525956;13.096;0.034;NEOWISE;WISE(W1);NEOWISE
57843.71045433;12.935;0.081;NEOWISE;WISE(W2);NEOWISE
57843.71045433;13.166;0.037;NEOWISE;WISE(W1);NEOWISE
57843.8414858;12.906;0.063;NEOWISE;WISE(W2);NEOWISE
57843.8414858;13.186;0.036;NEOWISE;WISE(W1);NEOWISE
57843.97238997;13.209;0.034;NEOWISE;WISE(W1);NEOWISE
57843.97238997;12.971;0.07;NEOWISE;WISE(W2);NEOWISE
57844.1034214;13.195;0.035;NEOWISE;WISE(W1);NEOWISE
57844.1034214;13.012;0.062;NEOWISE;WISE(W2);NEOWISE
57844.16887346;13.138;0.033;NEOWISE;WISE(W1);NEOWISE
57844.16887346;13.286;0.096;NEOWISE;WISE(W2);NEOWISE
57844.23432552;12.984;0.066;NEOWISE;WISE(W2);NEOWISE
57844.23432552;13.157;0.031;NEOWISE;WISE(W1);NEOWISE
57844.29977757;13.188;0.045;NEOWISE;WISE(W1);NEOWISE
57844.29977757;12.999;0.068;NEOWISE;WISE(W2);NEOWISE
57844.430809;13.177;0.033;NEOWISE;WISE(W1);NEOWISE
57844.430809;13.021;0.068;NEOWISE;WISE(W2);NEOWISE
57844.56171308;12.945;0.077;NEOWISE;WISE(W2);NEOWISE
57844.56171308;13.116;0.031;NEOWISE;WISE(W1);NEOWISE
57844.6927445;13.267;0.101;NEOWISE;WISE(W2);NEOWISE
57844.6927445;13.172;0.036;NEOWISE;WISE(W1);NEOWISE
58049.77897384;13.21;0.035;NEOWISE;WISE(W1);NEOWISE
58049.77897384;12.963;0.065;NEOWISE;WISE(W2);NEOWISE
58049.90987729;13.085;0.084;NEOWISE;WISE(W2);NEOWISE
58049.90987729;13.217;0.035;NEOWISE;WISE(W1);NEOWISE
58050.0409081;13.218;0.12;NEOWISE;WISE(W2);NEOWISE
58050.0409081;13.197;0.034;NEOWISE;WISE(W1);NEOWISE
58050.17181155;13.094;0.075;NEOWISE;WISE(W2);NEOWISE
58050.17181155;13.045;0.037;NEOWISE;WISE(W1);NEOWISE
58050.23726325;13.209;0.033;NEOWISE;WISE(W1);NEOWISE
58050.23726325;12.958;0.085;NEOWISE;WISE(W2);NEOWISE
58050.30271495;13.226;0.036;NEOWISE;WISE(W1);NEOWISE
58050.30271495;13.083;0.075;NEOWISE;WISE(W2);NEOWISE
58050.3681667;13.078;0.079;NEOWISE;WISE(W2);NEOWISE
58050.3681667;13.206;0.033;NEOWISE;WISE(W1);NEOWISE
58050.4336184;13.151;0.032;NEOWISE;WISE(W1);NEOWISE
58050.4336184;12.984;0.095;NEOWISE;WISE(W2);NEOWISE
58050.49907015;13.093;0.083;NEOWISE;WISE(W2);NEOWISE
58050.49907015;13.284;0.035;NEOWISE;WISE(W1);NEOWISE
58050.6299736;13.101;0.034;NEOWISE;WISE(W1);NEOWISE
58050.6299736;13.004;0.076;NEOWISE;WISE(W2);NEOWISE
58050.63010091;12.968;0.076;NEOWISE;WISE(W2);NEOWISE
58050.63010091;13.046;0.039;NEOWISE;WISE(W1);NEOWISE
58050.76100436;12.939;0.072;NEOWISE;WISE(W2);NEOWISE
58050.76100436;13.052;0.038;NEOWISE;WISE(W1);NEOWISE
58207.16798422;13.133;0.084;NEOWISE;WISE(W2);NEOWISE
58207.16798422;13.036;0.044;NEOWISE;WISE(W1);NEOWISE
58207.16811163;12.918;0.067;NEOWISE;WISE(W2);NEOWISE
58207.16811163;13.101;0.035;NEOWISE;WISE(W1);NEOWISE
58207.29888789;13.057;0.07;NEOWISE;WISE(W2);NEOWISE
58207.29888789;13.194;0.049;NEOWISE;WISE(W1);NEOWISE
58207.42979161;13.198;0.043;NEOWISE;WISE(W1);NEOWISE
58207.42979161;13.014;0.077;NEOWISE;WISE(W2);NEOWISE
58207.56069528;13.025;0.071;NEOWISE;WISE(W2);NEOWISE
58207.56069528;13.122;0.031;NEOWISE;WISE(W1);NEOWISE
58207.62614713;13.191;0.042;NEOWISE;WISE(W1);NEOWISE
58207.62614713;12.98;0.073;NEOWISE;WISE(W2);NEOWISE
58207.69159899;13.0;0.072;NEOWISE;WISE(W2);NEOWISE
58207.69159899;13.136;0.031;NEOWISE;WISE(W1);NEOWISE
58207.75705086;12.986;0.067;NEOWISE;WISE(W2);NEOWISE
58207.75705086;13.268;0.038;NEOWISE;WISE(W1);NEOWISE
58207.88795453;13.147;0.031;NEOWISE;WISE(W1);NEOWISE
58207.88795453;13.009;0.074;NEOWISE;WISE(W2);NEOWISE
58208.01885473;13.044;0.068;NEOWISE;WISE(W2);NEOWISE
58208.01885473;13.189;0.037;NEOWISE;WISE(W1);NEOWISE
58208.14975838;12.972;0.071;NEOWISE;WISE(W2);NEOWISE
58208.14975838;13.166;0.04;NEOWISE;WISE(W1);NEOWISE
58414.05001362;13.216;0.034;NEOWISE;WISE(W1);NEOWISE
58414.05001362;13.051;0.08;NEOWISE;WISE(W2);NEOWISE
58414.180917;13.178;0.033;NEOWISE;WISE(W1);NEOWISE
58414.180917;13.091;0.091;NEOWISE;WISE(W2);NEOWISE
58414.31169297;13.152;0.034;NEOWISE;WISE(W1);NEOWISE
58414.31169297;13.123;0.086;NEOWISE;WISE(W2);NEOWISE
58414.31182029;13.132;0.09;NEOWISE;WISE(W2);NEOWISE
58414.31182029;13.158;0.033;NEOWISE;WISE(W1);NEOWISE
58414.44259634;13.431;0.124;NEOWISE;WISE(W2);NEOWISE
58414.44259634;13.232;0.036;NEOWISE;WISE(W1);NEOWISE
58414.50804799;13.162;0.032;NEOWISE;WISE(W1);NEOWISE
58414.50804799;12.601;0.075;NEOWISE;WISE(W2);NEOWISE
58414.57349968;13.154;0.036;NEOWISE;WISE(W1);NEOWISE
58414.57349968;12.976;0.075;NEOWISE;WISE(W2);NEOWISE
58414.63895137;12.873;0.072;NEOWISE;WISE(W2);NEOWISE
58414.63895137;13.125;0.032;NEOWISE;WISE(W1);NEOWISE
58414.76985469;13.191;0.079;NEOWISE;WISE(W2);NEOWISE
58414.76985469;13.192;0.034;NEOWISE;WISE(W1);NEOWISE
58414.90063075;13.039;0.086;NEOWISE;WISE(W2);NEOWISE
58414.90063075;13.14;0.035;NEOWISE;WISE(W1);NEOWISE
58415.03153409;13.149;0.033;NEOWISE;WISE(W1);NEOWISE
58415.03153409;13.085;0.071;NEOWISE;WISE(W2);NEOWISE
58422.5573323;13.127;0.043;NEOWISE;WISE(W1);NEOWISE
58422.5573323;12.62;0.144;NEOWISE;WISE(W2);NEOWISE
58571.37862919;13.128;0.07;NEOWISE;WISE(W2);NEOWISE
58571.37862919;13.197;0.037;NEOWISE;WISE(W1);NEOWISE
58571.5094053;13.206;0.041;NEOWISE;WISE(W1);NEOWISE
58571.5094053;13.163;0.082;NEOWISE;WISE(W2);NEOWISE
58571.64030874;13.139;0.036;NEOWISE;WISE(W1);NEOWISE
58571.64030874;13.048;0.076;NEOWISE;WISE(W2);NEOWISE
58571.70576051;13.235;0.035;NEOWISE;WISE(W1);NEOWISE
58571.70576051;13.166;0.073;NEOWISE;WISE(W2);NEOWISE
58571.77108491;13.071;0.038;NEOWISE;WISE(W1);NEOWISE
58571.77108491;12.869;0.064;NEOWISE;WISE(W2);NEOWISE
58571.77121227;12.99;0.075;NEOWISE;WISE(W2);NEOWISE
58571.77121227;13.178;0.034;NEOWISE;WISE(W1);NEOWISE
58571.83653667;13.122;0.089;NEOWISE;WISE(W2);NEOWISE
58571.83653667;13.126;0.038;NEOWISE;WISE(W1);NEOWISE
58571.90198844;12.962;0.068;NEOWISE;WISE(W2);NEOWISE
58571.90198844;13.085;0.03;NEOWISE;WISE(W1);NEOWISE
58571.9674401;13.086;0.069;NEOWISE;WISE(W2);NEOWISE
58571.9674401;13.144;0.039;NEOWISE;WISE(W1);NEOWISE
58572.09821627;13.043;0.079;NEOWISE;WISE(W2);NEOWISE
58572.09821627;13.173;0.034;NEOWISE;WISE(W1);NEOWISE
58572.22861035;13.052;0.068;NEOWISE;WISE(W2);NEOWISE
58572.22861035;13.114;0.033;NEOWISE;WISE(W1);NEOWISE
58572.35989582;13.22;0.034;NEOWISE;WISE(W1);NEOWISE
58572.35989582;12.983;0.064;NEOWISE;WISE(W2);NEOWISE
58781.1973764;13.219;0.033;NEOWISE;WISE(W1);NEOWISE
58781.1973764;12.96;0.076;NEOWISE;WISE(W2);NEOWISE
58781.32866223;12.883;0.092;NEOWISE;WISE(W2);NEOWISE
58781.32866223;13.152;0.032;NEOWISE;WISE(W1);NEOWISE
58781.45892878;13.149;0.077;NEOWISE;WISE(W2);NEOWISE
58781.45892878;13.249;0.042;NEOWISE;WISE(W1);NEOWISE
58781.4590561;13.222;0.034;NEOWISE;WISE(W1);NEOWISE
58781.4590561;13.078;0.082;NEOWISE;WISE(W2);NEOWISE
58781.52488976;13.163;0.032;NEOWISE;WISE(W1);NEOWISE
58781.52488976;12.929;0.066;NEOWISE;WISE(W2);NEOWISE
58781.59034141;13.038;0.091;NEOWISE;WISE(W2);NEOWISE
58781.59034141;13.146;0.036;NEOWISE;WISE(W1);NEOWISE
58781.65579299;13.033;0.087;NEOWISE;WISE(W2);NEOWISE
58781.65579299;13.154;0.035;NEOWISE;WISE(W1);NEOWISE
58781.72111733;12.985;0.081;NEOWISE;WISE(W2);NEOWISE
58781.72111733;13.199;0.035;NEOWISE;WISE(W1);NEOWISE
58781.78656898;13.14;0.095;NEOWISE;WISE(W2);NEOWISE
58781.78656898;13.154;0.032;NEOWISE;WISE(W1);NEOWISE
58781.9173449;13.141;0.034;NEOWISE;WISE(W1);NEOWISE
58781.9173449;13.069;0.074;NEOWISE;WISE(W2);NEOWISE
58782.04824821;12.877;0.077;NEOWISE;WISE(W2);NEOWISE
58782.04824821;13.167;0.044;NEOWISE;WISE(W1);NEOWISE
58935.59572777;12.929;0.069;NEOWISE;WISE(W2);NEOWISE
58935.59572777;13.161;0.032;NEOWISE;WISE(W1);NEOWISE
58935.72650385;12.983;0.071;NEOWISE;WISE(W2);NEOWISE
58935.72650385;13.212;0.045;NEOWISE;WISE(W1);NEOWISE
58935.85740725;13.119;0.037;NEOWISE;WISE(W1);NEOWISE
58935.85740725;12.915;0.06;NEOWISE;WISE(W2);NEOWISE
58935.98818338;13.145;0.034;NEOWISE;WISE(W1);NEOWISE
58935.98818338;12.975;0.062;NEOWISE;WISE(W2);NEOWISE
58936.05350777;12.633;0.064;NEOWISE;WISE(W2);NEOWISE
58936.05350777;13.128;0.04;NEOWISE;WISE(W1);NEOWISE
58936.11895942;13.171;0.032;NEOWISE;WISE(W1);NEOWISE
58936.11895942;13.01;0.078;NEOWISE;WISE(W2);NEOWISE
58936.18390181;13.021;0.086;NEOWISE;WISE(W2);NEOWISE
58936.18390181;13.218;0.035;NEOWISE;WISE(W1);NEOWISE
58936.3151872;13.066;0.041;NEOWISE;WISE(W1);NEOWISE
58936.3151872;13.106;0.079;NEOWISE;WISE(W2);NEOWISE
58936.44596329;13.241;0.036;NEOWISE;WISE(W1);NEOWISE
58936.44596329;13.045;0.104;NEOWISE;WISE(W2);NEOWISE
58936.57623001;13.129;0.031;NEOWISE;WISE(W1);NEOWISE
58936.57623001;12.968;0.076;NEOWISE;WISE(W2);NEOWISE
58942.20062398;13.519;0.118;NEOWISE;WISE(W1);NEOWISE
59145.21551895;13.007;0.081;NEOWISE;WISE(W2);NEOWISE
59145.21551895;13.106;0.033;NEOWISE;WISE(W1);NEOWISE
59145.34629484;13.215;0.033;NEOWISE;WISE(W1);NEOWISE
59145.34629484;13.0;0.072;NEOWISE;WISE(W2);NEOWISE
59145.47707078;13.185;0.033;NEOWISE;WISE(W1);NEOWISE
59145.47707078;13.02;0.106;NEOWISE;WISE(W2);NEOWISE
59145.60784667;13.045;0.084;NEOWISE;WISE(W2);NEOWISE
59145.60784667;13.13;0.041;NEOWISE;WISE(W1);NEOWISE
59145.67329831;12.983;0.068;NEOWISE;WISE(W2);NEOWISE
59145.67329831;13.164;0.039;NEOWISE;WISE(W1);NEOWISE
59145.73862265;13.273;0.148;NEOWISE;WISE(W2);NEOWISE
59145.73862265;12.984;0.05;NEOWISE;WISE(W1);NEOWISE
59145.80407426;13.059;0.108;NEOWISE;WISE(W2);NEOWISE
59145.80407426;13.164;0.033;NEOWISE;WISE(W1);NEOWISE
59145.86939854;13.238;0.089;NEOWISE;WISE(W2);NEOWISE
59145.86939854;13.272;0.04;NEOWISE;WISE(W1);NEOWISE
59145.9348502;13.354;0.147;NEOWISE;WISE(W2);NEOWISE
59145.9348502;13.162;0.035;NEOWISE;WISE(W1);NEOWISE
59146.06562609;13.252;0.038;NEOWISE;WISE(W1);NEOWISE
59146.06562609;13.021;0.124;NEOWISE;WISE(W2);NEOWISE
59146.19589266;13.166;0.051;NEOWISE;WISE(W1);NEOWISE
59146.19589266;13.029;0.101;NEOWISE;WISE(W2);NEOWISE
59302.68844515;13.036;0.073;NEOWISE;WISE(W2);NEOWISE
59302.68844515;13.174;0.033;NEOWISE;WISE(W1);NEOWISE
59302.81922126;13.142;0.038;NEOWISE;WISE(W1);NEOWISE
59302.81922126;12.975;0.098;NEOWISE;WISE(W2);NEOWISE
59302.94987005;12.855;0.078;NEOWISE;WISE(W2);NEOWISE
59302.94987005;13.235;0.038;NEOWISE;WISE(W1);NEOWISE
59302.94999736;13.254;0.095;NEOWISE;WISE(W2);NEOWISE
59302.94999736;13.155;0.033;NEOWISE;WISE(W1);NEOWISE
59303.01532233;12.759;0.072;NEOWISE;WISE(W2);NEOWISE
59303.01532233;13.165;0.033;NEOWISE;WISE(W1);NEOWISE
59303.08064668;12.943;0.08;NEOWISE;WISE(W2);NEOWISE
59303.08064668;13.182;0.032;NEOWISE;WISE(W1);NEOWISE
59303.14597108;12.999;0.067;NEOWISE;WISE(W2);NEOWISE
59303.14597108;13.031;0.038;NEOWISE;WISE(W1);NEOWISE
59303.14609844;12.975;0.077;NEOWISE;WISE(W2);NEOWISE
59303.14609844;13.129;0.035;NEOWISE;WISE(W1);NEOWISE
59303.21142279;13.087;0.072;NEOWISE;WISE(W2);NEOWISE
59303.21142279;13.195;0.032;NEOWISE;WISE(W1);NEOWISE
59303.27674718;13.227;0.038;NEOWISE;WISE(W1);NEOWISE
59303.27674718;13.123;0.076;NEOWISE;WISE(W2);NEOWISE
59303.40752324;13.209;0.032;NEOWISE;WISE(W1);NEOWISE
59303.40752324;13.048;0.07;NEOWISE;WISE(W2);NEOWISE
59303.53829935;13.072;0.073;NEOWISE;WISE(W2);NEOWISE
59303.53829935;13.181;0.034;NEOWISE;WISE(W1);NEOWISE
59509.57695139;13.152;0.078;NEOWISE;WISE(W2);NEOWISE
59509.57695139;13.121;0.032;NEOWISE;WISE(W1);NEOWISE
59509.70759997;13.203;0.034;NEOWISE;WISE(W1);NEOWISE
59509.70759997;13.152;0.092;NEOWISE;WISE(W2);NEOWISE
59509.838376;13.323;0.048;NEOWISE;WISE(W1);NEOWISE
59509.838376;13.223;0.116;NEOWISE;WISE(W2);NEOWISE
59509.90370027;13.199;0.033;NEOWISE;WISE(W1);NEOWISE
59509.90370027;12.896;0.072;NEOWISE;WISE(W2);NEOWISE
59509.96902462;13.073;0.081;NEOWISE;WISE(W2);NEOWISE
59509.96902462;13.319;0.039;NEOWISE;WISE(W1);NEOWISE
59510.03434898;13.281;0.034;NEOWISE;WISE(W1);NEOWISE
59510.03434898;13.033;0.077;NEOWISE;WISE(W2);NEOWISE
59510.0996733;13.113;0.035;NEOWISE;WISE(W1);NEOWISE
59510.0996733;12.808;0.076;NEOWISE;WISE(W2);NEOWISE
59510.09980061;13.135;0.038;NEOWISE;WISE(W1);NEOWISE
59510.09980061;12.809;0.07;NEOWISE;WISE(W2);NEOWISE
59510.16512492;13.166;0.037;NEOWISE;WISE(W1);NEOWISE
59510.16512492;12.978;0.085;NEOWISE;WISE(W2);NEOWISE
59510.29577359;13.214;0.04;NEOWISE;WISE(W1);NEOWISE
59510.29577359;13.089;0.085;NEOWISE;WISE(W2);NEOWISE
59510.42642221;13.259;0.04;NEOWISE;WISE(W1);NEOWISE
59510.42642221;13.211;0.104;NEOWISE;WISE(W2);NEOWISE
59510.42654953;13.203;0.039;NEOWISE;WISE(W1);NEOWISE
59510.42654953;12.941;0.082;NEOWISE;WISE(W2);NEOWISE
59515.91621244;12.942;0.167;NEOWISE;WISE(W2);NEOWISE
59515.91621244;12.974;0.046;NEOWISE;WISE(W1);NEOWISE
59666.78824822;13.088;0.034;NEOWISE;WISE(W1);NEOWISE
59666.78824822;12.932;0.069;NEOWISE;WISE(W2);NEOWISE
59666.91889767;13.039;0.091;NEOWISE;WISE(W2);NEOWISE
59666.91889767;13.146;0.033;NEOWISE;WISE(W1);NEOWISE
59667.04941914;13.122;0.037;NEOWISE;WISE(W1);NEOWISE
59667.04941914;13.211;0.078;NEOWISE;WISE(W2);NEOWISE
59667.18006799;13.159;0.034;NEOWISE;WISE(W1);NEOWISE
59667.18006799;13.063;0.108;NEOWISE;WISE(W2);NEOWISE
59667.24539235;13.176;0.033;NEOWISE;WISE(W1);NEOWISE
59667.24539235;13.096;0.077;NEOWISE;WISE(W2);NEOWISE
59667.31071677;12.994;0.062;NEOWISE;WISE(W2);NEOWISE
59667.31071677;13.098;0.042;NEOWISE;WISE(W1);NEOWISE
59667.37591388;13.13;0.033;NEOWISE;WISE(W1);NEOWISE
59667.37591388;12.998;0.079;NEOWISE;WISE(W2);NEOWISE
59667.50605331;13.259;0.036;NEOWISE;WISE(W1);NEOWISE
59667.50605331;13.094;0.078;NEOWISE;WISE(W2);NEOWISE
59667.6370841;13.047;0.074;NEOWISE;WISE(W2);NEOWISE
59667.6370841;13.19;0.033;NEOWISE;WISE(W1);NEOWISE
59667.63721141;13.113;0.069;NEOWISE;WISE(W2);NEOWISE
59667.63721141;13.133;0.039;NEOWISE;WISE(W1);NEOWISE
59667.76773288;13.145;0.033;NEOWISE;WISE(W1);NEOWISE
59667.76773288;12.872;0.061;NEOWISE;WISE(W2);NEOWISE
59876.68484282;13.08;0.032;NEOWISE;WISE(W1);NEOWISE
59876.68484282;13.021;0.073;NEOWISE;WISE(W2);NEOWISE
59876.81523678;12.921;0.066;NEOWISE;WISE(W2);NEOWISE
59876.81523678;13.194;0.034;NEOWISE;WISE(W1);NEOWISE
59876.94550405;13.06;0.07;NEOWISE;WISE(W2);NEOWISE
59876.94550405;13.258;0.043;NEOWISE;WISE(W1);NEOWISE
59877.01070101;13.045;0.073;NEOWISE;WISE(W2);NEOWISE
59877.01070101;13.228;0.034;NEOWISE;WISE(W1);NEOWISE
59877.07589801;13.481;0.121;NEOWISE;WISE(W2);NEOWISE
59877.07589801;13.242;0.037;NEOWISE;WISE(W1);NEOWISE
59877.14058566;13.157;0.097;NEOWISE;WISE(W2);NEOWISE
59877.14058566;13.214;0.035;NEOWISE;WISE(W1);NEOWISE
59877.20629203;13.025;0.098;NEOWISE;WISE(W2);NEOWISE
59877.20629203;13.215;0.036;NEOWISE;WISE(W1);NEOWISE
59877.27148898;12.929;0.08;NEOWISE;WISE(W2);NEOWISE
59877.27148898;13.031;0.037;NEOWISE;WISE(W1);NEOWISE
59877.40188303;13.201;0.104;NEOWISE;WISE(W2);NEOWISE
59877.40188303;13.2;0.035;NEOWISE;WISE(W1);NEOWISE
59877.53164028;13.154;0.038;NEOWISE;WISE(W1);NEOWISE
59877.53164028;13.001;0.075;NEOWISE;WISE(W2);NEOWISE
59877.53176759;13.038;0.091;NEOWISE;WISE(W2);NEOWISE
59877.53176759;13.17;0.038;NEOWISE;WISE(W1);NEOWISE
60031.02693782;13.173;0.034;NEOWISE;WISE(W1);NEOWISE
60031.02693782;13.124;0.079;NEOWISE;WISE(W2);NEOWISE
60031.15695008;13.043;0.087;NEOWISE;WISE(W2);NEOWISE
60031.15695008;13.164;0.038;NEOWISE;WISE(W1);NEOWISE
60031.28696235;13.157;0.072;NEOWISE;WISE(W2);NEOWISE
60031.28696235;13.213;0.033;NEOWISE;WISE(W1);NEOWISE
60031.35190478;12.982;0.074;NEOWISE;WISE(W2);NEOWISE
60031.35190478;13.182;0.033;NEOWISE;WISE(W1);NEOWISE
60031.41697462;12.927;0.071;NEOWISE;WISE(W2);NEOWISE
60031.41697462;13.168;0.036;NEOWISE;WISE(W1);NEOWISE
60031.48140773;13.134;0.04;NEOWISE;WISE(W1);NEOWISE
60031.48140773;13.092;0.088;NEOWISE;WISE(W2);NEOWISE
60031.54698071;13.179;0.046;NEOWISE;WISE(W1);NEOWISE
60031.54698071;13.149;0.085;NEOWISE;WISE(W2);NEOWISE
60031.61192311;13.032;0.079;NEOWISE;WISE(W2);NEOWISE
60031.61192311;13.162;0.033;NEOWISE;WISE(W1);NEOWISE
60031.74193534;12.772;0.1;NEOWISE;WISE(W2);NEOWISE
60031.74193534;13.119;0.031;NEOWISE;WISE(W1);NEOWISE
60031.87194755;13.063;0.077;NEOWISE;WISE(W2);NEOWISE
60031.87194755;13.098;0.031;NEOWISE;WISE(W1);NEOWISE
60032.00195977;13.113;0.083;NEOWISE;WISE(W2);NEOWISE
60032.00195977;13.193;0.034;NEOWISE;WISE(W1);NEOWISE
60034.40623093;12.459;0.192;NEOWISE;WISE(W2);NEOWISE
60034.40623093;12.945;0.091;NEOWISE;WISE(W1);NEOWISE
60034.47130069;13.281;0.069;NEOWISE;WISE(W1);NEOWISE
60034.47130069;13.301;0.435;NEOWISE;WISE(W2);NEOWISE
60034.5362431;13.11;0.055;NEOWISE;WISE(W1);NEOWISE
60034.73132503;13.336;0.118;NEOWISE;WISE(W1);NEOWISE
60034.86120985;13.231;0.05;NEOWISE;WISE(W1);NEOWISE
60034.86120985;13.051;0.219;NEOWISE;WISE(W2);NEOWISE
60034.86133721;13.488;0.378;NEOWISE;WISE(W2);NEOWISE
60034.86133721;13.346;0.065;NEOWISE;WISE(W1);NEOWISE
60240.85570335;12.968;0.073;NEOWISE;WISE(W2);NEOWISE
60240.85570335;13.304;0.038;NEOWISE;WISE(W1);NEOWISE
60240.98507863;12.967;0.1;NEOWISE;WISE(W2);NEOWISE
60240.98507863;13.252;0.035;NEOWISE;WISE(W1);NEOWISE
60241.11445398;13.197;0.043;NEOWISE;WISE(W1);NEOWISE
60241.11445398;13.109;0.215;NEOWISE;WISE(W2);NEOWISE
60241.17914161;13.184;0.033;NEOWISE;WISE(W1);NEOWISE
60241.17914161;13.044;0.076;NEOWISE;WISE(W2);NEOWISE
60241.24382928;12.907;0.117;NEOWISE;WISE(W2);NEOWISE
60241.24382928;13.186;0.034;NEOWISE;WISE(W1);NEOWISE
60241.308517;13.152;0.033;NEOWISE;WISE(W1);NEOWISE
60241.308517;12.962;0.076;NEOWISE;WISE(W2);NEOWISE
60241.37320462;13.128;0.034;NEOWISE;WISE(W1);NEOWISE
60241.37320462;12.901;0.078;NEOWISE;WISE(W2);NEOWISE
60241.43789234;13.093;0.077;NEOWISE;WISE(W2);NEOWISE
60241.43789234;13.129;0.039;NEOWISE;WISE(W1);NEOWISE
60241.56726764;13.111;0.098;NEOWISE;WISE(W2);NEOWISE
60241.56726764;13.197;0.037;NEOWISE;WISE(W1);NEOWISE
60241.69664293;13.085;0.078;NEOWISE;WISE(W2);NEOWISE
60241.69664293;13.194;0.037;NEOWISE;WISE(W1);NEOWISE
60597.45221060002;18.152745016182013;0.05057777347087278;ZTF;ZTF(zg);ZTF
60599.47894679988;18.092278874769868;0.07792674039773706;ZTF;ZTF(zg);ZTF
60602.463958300184;18.03521253284295;0.07593878773816905;ZTF;ZTF(zg);ZTF
60602.50493060006;17.141263791203198;0.06303278162041855;ZTF;ZTF(zr);ZTF
60604.48054399993;17.933030630185648;0.06352778294453099;ZTF;ZTF(zg);ZTF
60609.38540509995;17.870274047887293;0.07626753904964666;ZTF;ZTF(zg);ZTF
60609.4767593001;17.08279927130286;0.05465818063765349;ZTF;ZTF(zr);ZTF
60615.42670139996;17.679112279675554;0.046916711899337896;ZTF;ZTF(zg);ZTF
60615.54949070001;17.001134148138046;0.05140307565811274;ZTF;ZTF(zr);ZTF
60618.42813660018;16.980007985371376;0.05143383353973754;ZTF;ZTF(zr);ZTF
60620.518124999944;16.94970752020994;0.06287290083321727;ZTF;ZTF(zr);ZTF
60622.43403939996;16.931245006263566;0.04972087715726047;ZTF;ZTF(zr);ZTF
60622.473286999855;17.55633023249326;0.04041510831794364;ZTF;ZTF(zg);ZTF
60624.47158560017;17.414563737916612;0.04011979032503131;ZTF;ZTF(zg);ZTF
