MJD;Magnitude;Error;Facility;Filter;Observer
53644.40524;19.81;0.28;CRTS;CRTS(CL);CRTS
53644.41336;20.23;0.36;CRTS;CRTS(CL);CRTS
53644.42155;19.44;0.23;CRTS;CRTS(CL);CRTS
53644.42977;20.24;0.36;CRTS;CRTS(CL);CRTS
53652.3348;19.52;0.27;CRTS;CRTS(CL);CRTS
53653.38647;19.66;0.21;CRTS;CRTS(CL);CRTS
53653.39414;19.69;0.21;CRTS;CRTS(CL);CRTS
53653.4018;19.84;0.23;CRTS;CRTS(CL);CRTS
53653.40947;19.64;0.21;CRTS;CRTS(CL);CRTS
53654.44707933;20.64978;0.04629729;SDSS;SDSS(r);SDSS
53654.44707933;20.543135;0.035679214;SDSS;SDSS(r);SDSS
53654.4479085901;20.109612;0.035489418;SDSS;SDSS(i);SDSS
53654.4479085901;20.206839;0.048775684;SDSS;SDSS(i);SDSS
53654.44873786;22.143513;0.24175167;SDSS;SDSS(u);SDSS
53654.44873786;22.079994;0.24229401;SDSS;SDSS(u);SDSS
53654.44956712;19.608316;0.09212399;SDSS;SDSS(z);SDSS
53654.44956712;19.683235;0.105258726;SDSS;SDSS(z);SDSS
53654.45039638;21.561329;0.06540052;SDSS;SDSS(g);SDSS
53654.45039638;21.44133;0.05387339;SDSS;SDSS(g);SDSS
53655.44010618;20.690802;0.03981097;SDSS;SDSS(r);SDSS
53655.44010618;20.653147;0.033562534;SDSS;SDSS(r);SDSS
53655.44093545;20.117695;0.029885665;SDSS;SDSS(i);SDSS
53655.44093545;20.158955;0.036600858;SDSS;SDSS(i);SDSS
53655.4417647099;22.189423;0.22944027;SDSS;SDSS(u);SDSS
53655.4417647099;22.229465;0.229052;SDSS;SDSS(u);SDSS
53655.44259398;19.72664;0.07379422;SDSS;SDSS(z);SDSS
53655.44259398;19.803791;0.088655114;SDSS;SDSS(z);SDSS
53655.44342324;21.693819;0.05669228;SDSS;SDSS(g);SDSS
53655.44342324;21.75006;0.06379973;SDSS;SDSS(g);SDSS
53671.2461;19.8;0.29;CRTS;CRTS(CL);CRTS
53671.25678;19.67;0.31;CRTS;CRTS(CL);CRTS
53671.26212;19.68;0.26;CRTS;CRTS(CL);CRTS
53677.30897;19.18;0.2;CRTS;CRTS(CL);CRTS
53677.31324;19.48;0.23;CRTS;CRTS(CL);CRTS
53677.3175;19.07;0.19;CRTS;CRTS(CL);CRTS
53677.3218;19.56;0.24;CRTS;CRTS(CL);CRTS
53696.29616;19.41;0.22;CRTS;CRTS(CL);CRTS
53696.30146;19.6;0.24;CRTS;CRTS(CL);CRTS
53696.30676;20.89;0.49;CRTS;CRTS(CL);CRTS
53696.31205;20.1;0.32;CRTS;CRTS(CL);CRTS
53703.20424;19.04;0.19;CRTS;CRTS(CL);CRTS
53703.21068;19.89;0.29;CRTS;CRTS(CL);CRTS
53703.21713;19.11;0.19;CRTS;CRTS(CL);CRTS
53703.22357;19.67;0.25;CRTS;CRTS(CL);CRTS
53710.23903;19.25;0.2;CRTS;CRTS(CL);CRTS
53710.24705;19.64;0.24;CRTS;CRTS(CL);CRTS
53710.2551;19.13;0.19;CRTS;CRTS(CL);CRTS
53710.26312;19.58;0.24;CRTS;CRTS(CL);CRTS
53733.19386;19.59;0.24;CRTS;CRTS(CL);CRTS
53733.19872;19.22;0.2;CRTS;CRTS(CL);CRTS
53733.20353;19.57;0.24;CRTS;CRTS(CL);CRTS
53733.20831;19.59;0.24;CRTS;CRTS(CL);CRTS
53741.17956;19.37;0.21;CRTS;CRTS(CL);CRTS
53741.1865;20.32;0.35;CRTS;CRTS(CL);CRTS
53741.19347;19.82;0.27;CRTS;CRTS(CL);CRTS
53741.20044;20.08;0.31;CRTS;CRTS(CL);CRTS
53761.15367;19.87;0.28;CRTS;CRTS(CL);CRTS
53761.15845;19.49;0.24;CRTS;CRTS(CL);CRTS
53776.18179;19.13;0.2;CRTS;CRTS(CL);CRTS
53776.18821;20.05;0.33;CRTS;CRTS(CL);CRTS
53997.38727;19.58;0.22;CRTS;CRTS(CL);CRTS
53997.39789;19.7;0.24;CRTS;CRTS(CL);CRTS
53997.40852;19.29;0.19;CRTS;CRTS(CL);CRTS
53997.41922;19.27;0.19;CRTS;CRTS(CL);CRTS
54008.33409;19.69;0.24;CRTS;CRTS(CL);CRTS
54008.34604;19.54;0.22;CRTS;CRTS(CL);CRTS
54008.35801;19.65;0.24;CRTS;CRTS(CL);CRTS
54008.36995;19.66;0.24;CRTS;CRTS(CL);CRTS
54024.42248;19.67;0.24;CRTS;CRTS(CL);CRTS
54024.43003;19.63;0.24;CRTS;CRTS(CL);CRTS
54024.43756;19.21;0.19;CRTS;CRTS(CL);CRTS
54024.44513;19.75;0.25;CRTS;CRTS(CL);CRTS
54030.38071;19.64;0.23;CRTS;CRTS(CL);CRTS
54030.38842;19.34;0.2;CRTS;CRTS(CL);CRTS
54030.39617;19.98;0.28;CRTS;CRTS(CL);CRTS
54030.40389;19.47;0.21;CRTS;CRTS(CL);CRTS
54051.28378;19.66;0.26;CRTS;CRTS(CL);CRTS
54051.29249;19.19;0.21;CRTS;CRTS(CL);CRTS
54052.25275;19.59;0.23;CRTS;CRTS(CL);CRTS
54052.25965;20.01;0.28;CRTS;CRTS(CL);CRTS
54052.26655;19.34;0.2;CRTS;CRTS(CL);CRTS
54052.27341;19.84;0.26;CRTS;CRTS(CL);CRTS
54058.26579;19.86;0.26;CRTS;CRTS(CL);CRTS
54058.27902;19.42;0.21;CRTS;CRTS(CL);CRTS
54080.31045;19.99;0.29;CRTS;CRTS(CL);CRTS
54080.31718;19.71;0.25;CRTS;CRTS(CL);CRTS
54108.21107;19.43;0.22;CRTS;CRTS(CL);CRTS
54108.22605;19.26;0.2;CRTS;CRTS(CL);CRTS
54117.22793;19.08;0.18;CRTS;CRTS(CL);CRTS
54117.23457;19.27;0.2;CRTS;CRTS(CL);CRTS
54117.24116;19.52;0.23;CRTS;CRTS(CL);CRTS
54354.39808;19.45;0.22;CRTS;CRTS(CL);CRTS
54354.40555;19.73;0.26;CRTS;CRTS(CL);CRTS
54354.41302;19.61;0.24;CRTS;CRTS(CL);CRTS
54354.42049;19.61;0.24;CRTS;CRTS(CL);CRTS
54383.33676;19.74;0.26;CRTS;CRTS(CL);CRTS
54383.34829;19.14;0.19;CRTS;CRTS(CL);CRTS
54383.35984;19.48;0.22;CRTS;CRTS(CL);CRTS
54383.3714;19.45;0.22;CRTS;CRTS(CL);CRTS
54389.43246;19.79;0.26;CRTS;CRTS(CL);CRTS
54389.44074;19.51;0.22;CRTS;CRTS(CL);CRTS
54389.44899;19.93;0.28;CRTS;CRTS(CL);CRTS
54389.45726;19.02;0.18;CRTS;CRTS(CL);CRTS
54403.39103;18.97;0.17;CRTS;CRTS(CL);CRTS
54403.4;19.84;0.27;CRTS;CRTS(CL);CRTS
54403.40898;19.8;0.26;CRTS;CRTS(CL);CRTS
54403.41797;19.36;0.21;CRTS;CRTS(CL);CRTS
54409.34492;19.5;0.22;CRTS;CRTS(CL);CRTS
54409.35266;19.37;0.21;CRTS;CRTS(CL);CRTS
54409.36039;19.51;0.22;CRTS;CRTS(CL);CRTS
54409.36807;20.19;0.32;CRTS;CRTS(CL);CRTS
54440.18312;19.34;0.2;CRTS;CRTS(CL);CRTS
54440.19016;19.33;0.2;CRTS;CRTS(CL);CRTS
54440.19727;19.26;0.19;CRTS;CRTS(CL);CRTS
54440.20432;19.39;0.21;CRTS;CRTS(CL);CRTS
54477.14361;19.54;0.22;CRTS;CRTS(CL);CRTS
54477.15006;19.39;0.21;CRTS;CRTS(CL);CRTS
54477.15651;19.3;0.2;CRTS;CRTS(CL);CRTS
54477.16292;19.48;0.22;CRTS;CRTS(CL);CRTS
54506.13564;19.6;0.23;CRTS;CRTS(CL);CRTS
54506.14266;19.54;0.23;CRTS;CRTS(CL);CRTS
54506.14972;20.51;0.38;CRTS;CRTS(CL);CRTS
54506.15677;18.99;0.17;CRTS;CRTS(CL);CRTS
54524.09904;19.81;0.29;CRTS;CRTS(CL);CRTS
54524.10426;19.34;0.23;CRTS;CRTS(CL);CRTS
54524.10913;19.72;0.28;CRTS;CRTS(CL);CRTS
54524.11396;19.2;0.21;CRTS;CRTS(CL);CRTS
54738.3915;19.48;0.22;CRTS;CRTS(CL);CRTS
54738.40255;19.58;0.22;CRTS;CRTS(CL);CRTS
54738.4135;19.47;0.21;CRTS;CRTS(CL);CRTS
54738.42446;19.56;0.22;CRTS;CRTS(CL);CRTS
54747.42993;19.57;0.22;CRTS;CRTS(CL);CRTS
54747.43593;18.98;0.17;CRTS;CRTS(CL);CRTS
54747.44188;19.7;0.24;CRTS;CRTS(CL);CRTS
54747.44791;19.57;0.22;CRTS;CRTS(CL);CRTS
54747.47976791;20.524794;0.039753243;SDSS;SDSS(r);SDSS
54747.47976791;20.531626;0.04311737;SDSS;SDSS(r);SDSS
54747.48059717;19.943829;0.033395804;SDSS;SDSS(i);SDSS
54747.48059717;19.954798;0.038729444;SDSS;SDSS(i);SDSS
54747.48142644;23.038996;0.47432035;SDSS;SDSS(u);SDSS
54747.48142644;23.056213;0.47275;SDSS;SDSS(u);SDSS
54747.4822557;19.658762;0.082774095;SDSS;SDSS(z);SDSS
54747.4822557;19.67331;0.0879323;SDSS;SDSS(z);SDSS
54747.48308497;21.531723;0.046976868;SDSS;SDSS(g);SDSS
54747.48308497;21.534502;0.048154444;SDSS;SDSS(g);SDSS
55061.42214;19.31;0.21;CRTS;CRTS(CL);CRTS
55061.43736;19.64;0.25;CRTS;CRTS(CL);CRTS
55061.44503;19.64;0.25;CRTS;CRTS(CL);CRTS
55073.43761;19.24;0.29;CRTS;CRTS(CL);CRTS
55073.44725;20.27;0.59;CRTS;CRTS(CL);CRTS
55162.20369;20.38;0.47;CRTS;CRTS(CL);CRTS
55206.11475;19.97;0.3;CRTS;CRTS(CL);CRTS
55206.12388;19.52;0.24;CRTS;CRTS(CL);CRTS
55206.1284;19.53;0.24;CRTS;CRTS(CL);CRTS
55226.2118219;15.383;0.15;ALLWISE;WISE(W1);ALLWISE
55226.2118219;15.097;0.323;ALLWISE;WISE(W2);ALLWISE
55226.3442535;15.61;0.161;ALLWISE;WISE(W1);ALLWISE
55226.3442535;14.604;0.229;ALLWISE;WISE(W2);ALLWISE
55226.4765578;15.186;0.118;ALLWISE;WISE(W1);ALLWISE
55226.4765578;15.05;0.355;ALLWISE;WISE(W2);ALLWISE
55226.6088621;15.386;0.135;ALLWISE;WISE(W1);ALLWISE
55226.6088621;15.129;0.502;ALLWISE;WISE(W2);ALLWISE
55226.6750779;15.313;0.131;ALLWISE;WISE(W1);ALLWISE
55226.7411664;14.997;0.101;ALLWISE;WISE(W1);ALLWISE
55226.7411664;14.766;0.298;ALLWISE;WISE(W2);ALLWISE
55226.8073823;15.306;0.131;ALLWISE;WISE(W1);ALLWISE
55226.8073823;14.46;0.224;ALLWISE;WISE(W2);ALLWISE
55226.873598;15.289;0.42;ALLWISE;WISE(W2);ALLWISE
55226.873598;15.523;0.158;ALLWISE;WISE(W1);ALLWISE
55226.9396865;15.411;0.136;ALLWISE;WISE(W1);ALLWISE
55227.0719908;15.329;0.429;ALLWISE;WISE(W2);ALLWISE
55227.0719908;15.068;0.104;ALLWISE;WISE(W1);ALLWISE
55227.0721182;15.309;0.405;ALLWISE;WISE(W2);ALLWISE
55227.0721182;15.319;0.131;ALLWISE;WISE(W1);ALLWISE
55227.2044225;15.25;0.122;ALLWISE;WISE(W1);ALLWISE
55227.2044225;14.934;0.311;ALLWISE;WISE(W2);ALLWISE
55404.4816472;19.861021041870117;0.14345262944698334;PTF;PTF(R);PTF
55405.4493072;19.609806060791016;0.21478018164634705;PTF;PTF(R);PTF
55416.1803234;15.274;0.126;ALLWISE;WISE(W1);ALLWISE
55416.1803234;14.98;0.338;ALLWISE;WISE(W2);ALLWISE
55416.3126272;15.886;0.211;ALLWISE;WISE(W1);ALLWISE
55416.3126272;15.52;0.538;ALLWISE;WISE(W2);ALLWISE
55416.4449311;15.296;0.127;ALLWISE;WISE(W1);ALLWISE
55416.4449311;15.288;0.411;ALLWISE;WISE(W2);ALLWISE
55416.5110194;15.24;0.117;ALLWISE;WISE(W1);ALLWISE
55416.5110194;14.749;0.288;ALLWISE;WISE(W2);ALLWISE
55416.577235;15.179;0.114;ALLWISE;WISE(W1);ALLWISE
55416.577235;14.674;0.234;ALLWISE;WISE(W2);ALLWISE
55416.6433233;15.152;0.123;ALLWISE;WISE(W1);ALLWISE
55416.7095389;15.434;0.152;ALLWISE;WISE(W1);ALLWISE
55416.7756272;15.498;0.477;ALLWISE;WISE(W2);ALLWISE
55416.7756272;15.814;0.19;ALLWISE;WISE(W1);ALLWISE
55416.9079311;15.292;0.127;ALLWISE;WISE(W1);ALLWISE
55417.040235;14.663;0.26;ALLWISE;WISE(W2);ALLWISE
55417.040235;15.358;0.144;ALLWISE;WISE(W1);ALLWISE
55417.1725389;14.854;0.277;ALLWISE;WISE(W2);ALLWISE
55417.1725389;15.341;0.129;ALLWISE;WISE(W1);ALLWISE
55472.46788;19.4;0.22;CRTS;CRTS(CL);CRTS
55472.48171;19.66;0.26;CRTS;CRTS(CL);CRTS
55472.48863;19.75;0.27;CRTS;CRTS(CL);CRTS
55480.36851;19.48;0.23;CRTS;CRTS(CL);CRTS
55480.38235;19.78;0.26;CRTS;CRTS(CL);CRTS
55480.38931;19.42;0.22;CRTS;CRTS(CL);CRTS
55510.27082;19.71;0.25;CRTS;CRTS(CL);CRTS
55510.28587;19.44;0.22;CRTS;CRTS(CL);CRTS
55510.29335;19.96;0.29;CRTS;CRTS(CL);CRTS
55589.13593;19.27;0.21;CRTS;CRTS(CL);CRTS
55589.14169;19.34;0.21;CRTS;CRTS(CL);CRTS
55590.6735111;15.147;0.115;ALLWISE;WISE(W1);ALLWISE
55590.6735111;15.015;0.385;ALLWISE;WISE(W2);ALLWISE
55590.8058153;15.174;0.12;ALLWISE;WISE(W1);ALLWISE
55590.8058153;14.831;0.272;ALLWISE;WISE(W2);ALLWISE
55590.9381196;15.57;0.233;ALLWISE;WISE(W1);ALLWISE
55590.9381196;15.58;0.541;ALLWISE;WISE(W2);ALLWISE
55591.0702965;15.653;0.182;ALLWISE;WISE(W1);ALLWISE
55591.0702965;14.997;0.352;ALLWISE;WISE(W2);ALLWISE
55591.1365123;15.405;0.155;ALLWISE;WISE(W1);ALLWISE
55591.1365123;14.59;0.224;ALLWISE;WISE(W2);ALLWISE
55591.2026008;15.315;0.158;ALLWISE;WISE(W1);ALLWISE
55591.2026008;15.205;0.401;ALLWISE;WISE(W2);ALLWISE
55591.2686892;15.463;0.146;ALLWISE;WISE(W1);ALLWISE
55591.4009935;15.026;0.434;ALLWISE;WISE(W2);ALLWISE
55591.4009935;15.295;0.138;ALLWISE;WISE(W1);ALLWISE
55591.5331704;15.226;0.136;ALLWISE;WISE(W1);ALLWISE
55591.5331704;14.706;0.258;ALLWISE;WISE(W2);ALLWISE
55591.5332977;14.934;0.303;ALLWISE;WISE(W2);ALLWISE
55591.5332977;15.389;0.144;ALLWISE;WISE(W1);ALLWISE
55591.6654747;14.64;0.307;ALLWISE;WISE(W2);ALLWISE
55591.6654747;15.497;0.152;ALLWISE;WISE(W1);ALLWISE
55835.38291;19.5;0.23;CRTS;CRTS(CL);CRTS
55835.3902;19.34;0.21;CRTS;CRTS(CL);CRTS
55835.39761;19.78;0.27;CRTS;CRTS(CL);CRTS
55835.40496;19.25;0.2;CRTS;CRTS(CL);CRTS
55852.40784;19.23;0.2;CRTS;CRTS(CL);CRTS
55852.4129;19.34;0.21;CRTS;CRTS(CL);CRTS
55852.42306;20.1;0.31;CRTS;CRTS(CL);CRTS
55861.27596;20.17;0.32;CRTS;CRTS(CL);CRTS
55861.28502;19.63;0.25;CRTS;CRTS(CL);CRTS
55861.2942;19.11;0.19;CRTS;CRTS(CL);CRTS
55861.30337;19.51;0.26;CRTS;CRTS(CL);CRTS
55881.34486;19.83;0.27;CRTS;CRTS(CL);CRTS
55881.35145;19.67;0.25;CRTS;CRTS(CL);CRTS
55881.35811;18.89;0.17;CRTS;CRTS(CL);CRTS
55881.36474;20.08;0.31;CRTS;CRTS(CL);CRTS
55887.21225;19.75;0.25;CRTS;CRTS(CL);CRTS
55887.21906;19.37;0.21;CRTS;CRTS(CL);CRTS
55887.22597;19.83;0.27;CRTS;CRTS(CL);CRTS
55887.23283;18.94;0.17;CRTS;CRTS(CL);CRTS
55926.09033;19.58;0.24;CRTS;CRTS(CL);CRTS
55926.09548;20.02;0.3;CRTS;CRTS(CL);CRTS
55926.10067;19.53;0.23;CRTS;CRTS(CL);CRTS
55926.10585;19.53;0.23;CRTS;CRTS(CL);CRTS
55945.6379103;19.7626;0.024247;PS1;PS1(z);PS1
55969.1294;19.36;0.22;CRTS;CRTS(CL);CRTS
55969.14542;19.52;0.24;CRTS;CRTS(CL);CRTS
56177.8403615;21.3154;0.045168;PS1;PS1(g);PS1
56214.36503;19.31;0.21;CRTS;CRTS(CL);CRTS
56214.37362;19.67;0.25;CRTS;CRTS(CL);CRTS
56214.38225;19.07;0.19;CRTS;CRTS(CL);CRTS
56214.39086;19.79;0.27;CRTS;CRTS(CL);CRTS
56226.28433;19.65;0.28;CRTS;CRTS(CL);CRTS
56226.29198;19.65;0.28;CRTS;CRTS(CL);CRTS
56226.3071;19.06;0.21;CRTS;CRTS(CL);CRTS
56234.35858;20.47;0.39;CRTS;CRTS(CL);CRTS
56234.36773;19.68;0.25;CRTS;CRTS(CL);CRTS
56234.37687;19.71;0.26;CRTS;CRTS(CL);CRTS
56245.0644702;20.4857;0.023375;PS1;PS1(r);PS1
56309.12927;19.54;0.23;CRTS;CRTS(CL);CRTS
56309.13431;18.89;0.17;CRTS;CRTS(CL);CRTS
56309.14007;19.47;0.22;CRTS;CRTS(CL);CRTS
56309.14509;19.48;0.23;CRTS;CRTS(CL);CRTS
56547.38734;19.25;0.22;CRTS;CRTS(CL);CRTS
56547.39397;19.21;0.21;CRTS;CRTS(CL);CRTS
56547.40071;19.39;0.23;CRTS;CRTS(CL);CRTS
56547.40748;19.45;0.24;CRTS;CRTS(CL);CRTS
56564.47944;19.19;0.2;CRTS;CRTS(CL);CRTS
56564.48445;19.46;0.22;CRTS;CRTS(CL);CRTS
56564.48944;19.09;0.19;CRTS;CRTS(CL);CRTS
56570.39589;19.69;0.25;CRTS;CRTS(CL);CRTS
56570.40318;19.1;0.19;CRTS;CRTS(CL);CRTS
56570.4105;19.68;0.25;CRTS;CRTS(CL);CRTS
56570.41786;19.58;0.24;CRTS;CRTS(CL);CRTS
56577.483;19.22;0.2;CRTS;CRTS(CL);CRTS
56577.48798;19.42;0.22;CRTS;CRTS(CL);CRTS
56577.49296;19.73;0.26;CRTS;CRTS(CL);CRTS
56577.49795;19.63;0.25;CRTS;CRTS(CL);CRTS
56591.24574;20.09;0.32;CRTS;CRTS(CL);CRTS
56591.25496;19.6;0.24;CRTS;CRTS(CL);CRTS
56591.26417;19.64;0.25;CRTS;CRTS(CL);CRTS
56591.27336;18.83;0.17;CRTS;CRTS(CL);CRTS
56596.0308227;20.1339;0.013992;PS1;PS1(i);PS1
56688.38089973;14.904;0.353;NEOWISE;WISE(W2);NEOWISE
56688.38089973;15.079;0.112;NEOWISE;WISE(W1);NEOWISE
56688.51256725;14.879;0.122;NEOWISE;WISE(W1);NEOWISE
56688.51256725;15.003;0.362;NEOWISE;WISE(W2);NEOWISE
56688.64436212;14.663;0.354;NEOWISE;WISE(W2);NEOWISE
56688.64436212;15.67;0.175;NEOWISE;WISE(W1);NEOWISE
56688.71019593;15.305;0.128;NEOWISE;WISE(W1);NEOWISE
56688.71019593;15.116;0.402;NEOWISE;WISE(W2);NEOWISE
56688.776157;15.026;0.101;NEOWISE;WISE(W1);NEOWISE
56688.776157;15.001;0.339;NEOWISE;WISE(W2);NEOWISE
56688.84199075;15.034;0.447;NEOWISE;WISE(W2);NEOWISE
56688.84199075;15.146;0.151;NEOWISE;WISE(W1);NEOWISE
56688.90782456;15.212;0.14;NEOWISE;WISE(W1);NEOWISE
56688.90782456;15.123;0.381;NEOWISE;WISE(W2);NEOWISE
56688.97378559;15.467;0.142;NEOWISE;WISE(W1);NEOWISE
56688.97378559;14.557;0.327;NEOWISE;WISE(W2);NEOWISE
56689.10545315;15.031;0.356;NEOWISE;WISE(W2);NEOWISE
56689.10545315;15.105;0.107;NEOWISE;WISE(W1);NEOWISE
56689.23724803;13.785;0.198;NEOWISE;WISE(W2);NEOWISE
56689.23724803;15.225;0.145;NEOWISE;WISE(W1);NEOWISE
56878.30500522;15.205;0.114;NEOWISE;WISE(W1);NEOWISE
56878.30500522;15.136;0.378;NEOWISE;WISE(W2);NEOWISE
56878.30513253;14.517;0.226;NEOWISE;WISE(W2);NEOWISE
56878.30513253;15.435;0.151;NEOWISE;WISE(W1);NEOWISE
56878.4366725;14.864;0.413;NEOWISE;WISE(W2);NEOWISE
56878.4366725;15.021;0.104;NEOWISE;WISE(W1);NEOWISE
56878.56821237;14.788;0.215;NEOWISE;WISE(W1);NEOWISE
56878.63391866;14.678;0.269;NEOWISE;WISE(W2);NEOWISE
56878.63391866;15.085;0.107;NEOWISE;WISE(W1);NEOWISE
56878.6997523;14.859;0.134;NEOWISE;WISE(W1);NEOWISE
56878.76558595;14.89;0.403;NEOWISE;WISE(W2);NEOWISE
56878.76558595;15.037;0.109;NEOWISE;WISE(W1);NEOWISE
56878.83129227;15.488;0.178;NEOWISE;WISE(W1);NEOWISE
56878.83129227;14.863;0.401;NEOWISE;WISE(W2);NEOWISE
56878.89712591;15.583;0.164;NEOWISE;WISE(W1);NEOWISE
56878.89712591;15.392;0.499;NEOWISE;WISE(W2);NEOWISE
56879.02866583;15.026;0.169;NEOWISE;WISE(W1);NEOWISE
56879.02866583;14.953;0.346;NEOWISE;WISE(W2);NEOWISE
56879.16020581;15.472;0.15;NEOWISE;WISE(W1);NEOWISE
56879.16020581;14.832;0.3;NEOWISE;WISE(W2);NEOWISE
56879.29174568;15.14;0.115;NEOWISE;WISE(W1);NEOWISE
57049.00772657;15.284;0.148;NEOWISE;WISE(W1);NEOWISE
57049.00772657;14.19;0.281;NEOWISE;WISE(W2);NEOWISE
57049.13913966;14.428;0.387;NEOWISE;WISE(W2);NEOWISE
57049.13913966;14.92;0.176;NEOWISE;WISE(W1);NEOWISE
57049.27055257;14.569;0.497;NEOWISE;WISE(W2);NEOWISE
57049.27055257;15.046;0.137;NEOWISE;WISE(W1);NEOWISE
57049.33625909;15.673;0.214;NEOWISE;WISE(W1);NEOWISE
57049.40183829;15.281;0.184;NEOWISE;WISE(W1);NEOWISE
57049.40196561;14.985;0.196;NEOWISE;WISE(W1);NEOWISE
57051.50419184;15.937;0.244;NEOWISE;WISE(W1);NEOWISE
57051.50419184;14.791;0.446;NEOWISE;WISE(W2);NEOWISE
57051.63560484;14.959;0.501;NEOWISE;WISE(W2);NEOWISE
57051.63560484;15.368;0.148;NEOWISE;WISE(W1);NEOWISE
57051.70118404;15.111;0.13;NEOWISE;WISE(W1);NEOWISE
57051.70131135;14.749;0.403;NEOWISE;WISE(W2);NEOWISE
57051.70131135;15.357;0.167;NEOWISE;WISE(W1);NEOWISE
57051.76689057;14.691;0.343;NEOWISE;WISE(W2);NEOWISE
57051.76689057;15.115;0.115;NEOWISE;WISE(W1);NEOWISE
57051.83259708;15.253;0.157;NEOWISE;WISE(W1);NEOWISE
57051.89830361;15.313;0.131;NEOWISE;WISE(W1);NEOWISE
57051.89830361;14.767;0.359;NEOWISE;WISE(W2);NEOWISE
57051.96401013;15.495;0.219;NEOWISE;WISE(W1);NEOWISE
57052.09542313;15.2;0.127;NEOWISE;WISE(W1);NEOWISE
57052.09542313;14.655;0.363;NEOWISE;WISE(W2);NEOWISE
57052.22683622;15.069;0.105;NEOWISE;WISE(W1);NEOWISE
57239.99132443;15.563;0.226;NEOWISE;WISE(W1);NEOWISE
57240.12260964;14.168;0.304;NEOWISE;WISE(W2);NEOWISE
57240.12260964;15.374;0.154;NEOWISE;WISE(W1);NEOWISE
57240.25376753;15.16;0.128;NEOWISE;WISE(W1);NEOWISE
57240.38492538;15.412;0.2;NEOWISE;WISE(W1);NEOWISE
57240.45063167;15.356;0.161;NEOWISE;WISE(W1);NEOWISE
57240.58178956;14.924;0.127;NEOWISE;WISE(W1);NEOWISE
57240.64736847;15.171;0.165;NEOWISE;WISE(W1);NEOWISE
57243.00897523;15.278;0.128;NEOWISE;WISE(W1);NEOWISE
57243.14013312;15.426;0.145;NEOWISE;WISE(W1);NEOWISE
57243.27141838;15.152;0.148;NEOWISE;WISE(W1);NEOWISE
57243.33699735;15.096;0.104;NEOWISE;WISE(W1);NEOWISE
57243.40257632;15.105;0.137;NEOWISE;WISE(W1);NEOWISE
57243.40257632;14.828;0.505;NEOWISE;WISE(W2);NEOWISE
57243.46815528;15.028;0.465;NEOWISE;WISE(W2);NEOWISE
57243.46815528;15.118;0.114;NEOWISE;WISE(W1);NEOWISE
57243.53373425;15.251;0.165;NEOWISE;WISE(W1);NEOWISE
57243.53373425;15.257;0.517;NEOWISE;WISE(W2);NEOWISE
57243.59931313;15.17;0.215;NEOWISE;WISE(W1);NEOWISE
57243.59944044;15.466;0.15;NEOWISE;WISE(W1);NEOWISE
57243.59944044;15.129;0.482;NEOWISE;WISE(W2);NEOWISE
57243.73059833;15.065;0.13;NEOWISE;WISE(W1);NEOWISE
57243.86175627;14.508;0.267;NEOWISE;WISE(W2);NEOWISE
57243.86175627;15.148;0.149;NEOWISE;WISE(W1);NEOWISE
57243.99291417;15.424;0.202;NEOWISE;WISE(W1);NEOWISE
57243.99304153;14.22;0.186;NEOWISE;WISE(W2);NEOWISE
57243.99304153;15.311;0.144;NEOWISE;WISE(W1);NEOWISE
57411.97729083;15.253;0.117;NEOWISE;WISE(W1);NEOWISE
57411.97729083;14.783;0.368;NEOWISE;WISE(W2);NEOWISE
57412.04287007;15.167;0.426;NEOWISE;WISE(W2);NEOWISE
57412.04287007;15.1;0.112;NEOWISE;WISE(W1);NEOWISE
57412.10844929;15.335;0.127;NEOWISE;WISE(W1);NEOWISE
57412.10844929;15.334;0.488;NEOWISE;WISE(W2);NEOWISE
57412.17390126;15.251;0.136;NEOWISE;WISE(W1);NEOWISE
57412.17390126;15.021;0.375;NEOWISE;WISE(W2);NEOWISE
57412.17402858;15.302;0.128;NEOWISE;WISE(W1);NEOWISE
57412.17402858;14.882;0.306;NEOWISE;WISE(W2);NEOWISE
57412.30505981;15.284;0.125;NEOWISE;WISE(W1);NEOWISE
57412.30505981;14.9;0.337;NEOWISE;WISE(W2);NEOWISE
57412.43621837;15.311;0.128;NEOWISE;WISE(W1);NEOWISE
57412.43621837;15.039;0.356;NEOWISE;WISE(W2);NEOWISE
57412.56724956;14.923;0.291;NEOWISE;WISE(W2);NEOWISE
57412.56724956;15.078;0.103;NEOWISE;WISE(W1);NEOWISE
57412.56737687;15.047;0.171;NEOWISE;WISE(W1);NEOWISE
57412.56737687;14.682;0.235;NEOWISE;WISE(W2);NEOWISE
57607.0943961;15.601;0.167;NEOWISE;WISE(W1);NEOWISE
57607.0943961;14.562;0.254;NEOWISE;WISE(W2);NEOWISE
57607.22542668;14.957;0.12;NEOWISE;WISE(W1);NEOWISE
57607.22542668;14.49;0.246;NEOWISE;WISE(W2);NEOWISE
57607.35645721;15.278;0.126;NEOWISE;WISE(W1);NEOWISE
57607.48748779;14.697;0.349;NEOWISE;WISE(W2);NEOWISE
57607.48748779;15.35;0.208;NEOWISE;WISE(W1);NEOWISE
57607.55306674;14.609;0.289;NEOWISE;WISE(W2);NEOWISE
57607.55306674;15.147;0.129;NEOWISE;WISE(W1);NEOWISE
57607.61851832;14.888;0.376;NEOWISE;WISE(W2);NEOWISE
57607.61851832;15.221;0.138;NEOWISE;WISE(W1);NEOWISE
57607.68409733;15.306;0.132;NEOWISE;WISE(W1);NEOWISE
57607.68409733;14.624;0.275;NEOWISE;WISE(W2);NEOWISE
57607.74954896;13.929;0.212;NEOWISE;WISE(W2);NEOWISE
57607.74954896;15.116;0.112;NEOWISE;WISE(W1);NEOWISE
57607.81512795;15.198;0.116;NEOWISE;WISE(W1);NEOWISE
57607.94615853;15.268;0.122;NEOWISE;WISE(W1);NEOWISE
57608.07706185;14.644;0.338;NEOWISE;WISE(W2);NEOWISE
57608.07706185;15.752;0.204;NEOWISE;WISE(W1);NEOWISE
57608.07718917;14.925;0.474;NEOWISE;WISE(W2);NEOWISE
57608.07718917;15.275;0.123;NEOWISE;WISE(W1);NEOWISE
57608.20809238;15.322;0.154;NEOWISE;WISE(W1);NEOWISE
57608.20809238;15.225;0.472;NEOWISE;WISE(W2);NEOWISE
57608.20821975;15.289;0.429;NEOWISE;WISE(W2);NEOWISE
57608.20821975;15.19;0.124;NEOWISE;WISE(W1);NEOWISE
57773.6356849;14.627;0.267;NEOWISE;WISE(W2);NEOWISE
57773.6356849;15.112;0.101;NEOWISE;WISE(W1);NEOWISE
57773.766589;14.959;0.099;NEOWISE;WISE(W1);NEOWISE
57773.766589;14.434;0.219;NEOWISE;WISE(W2);NEOWISE
57773.76671632;14.959;0.353;NEOWISE;WISE(W2);NEOWISE
57773.76671632;15.003;0.113;NEOWISE;WISE(W1);NEOWISE
57773.89762043;14.932;0.41;NEOWISE;WISE(W2);NEOWISE
57773.89762043;15.315;0.131;NEOWISE;WISE(W1);NEOWISE
57774.02865185;15.486;0.151;NEOWISE;WISE(W1);NEOWISE
57774.09410392;15.085;0.482;NEOWISE;WISE(W2);NEOWISE
57774.09410392;15.176;0.134;NEOWISE;WISE(W1);NEOWISE
57774.15955601;15.137;0.221;NEOWISE;WISE(W1);NEOWISE
57774.15955601;14.756;0.264;NEOWISE;WISE(W2);NEOWISE
57774.15968332;15.133;0.385;NEOWISE;WISE(W2);NEOWISE
57774.15968332;15.193;0.146;NEOWISE;WISE(W1);NEOWISE
57774.22513535;14.955;0.101;NEOWISE;WISE(W1);NEOWISE
57774.29058738;15.144;0.407;NEOWISE;WISE(W2);NEOWISE
57774.29058738;15.385;0.148;NEOWISE;WISE(W1);NEOWISE
57774.35603946;15.151;0.12;NEOWISE;WISE(W1);NEOWISE
57774.35616677;15.316;0.125;NEOWISE;WISE(W1);NEOWISE
57774.35616677;14.651;0.333;NEOWISE;WISE(W2);NEOWISE
57774.48707083;15.231;0.465;NEOWISE;WISE(W2);NEOWISE
57774.48707083;15.34;0.126;NEOWISE;WISE(W1);NEOWISE
57774.6181023;15.11;0.108;NEOWISE;WISE(W1);NEOWISE
57971.35117907;14.664;0.285;NEOWISE;WISE(W2);NEOWISE
57971.35117907;15.405;0.193;NEOWISE;WISE(W1);NEOWISE
57971.48208231;15.045;0.115;NEOWISE;WISE(W1);NEOWISE
57971.61298557;14.982;0.421;NEOWISE;WISE(W2);NEOWISE
57971.61298557;15.219;0.137;NEOWISE;WISE(W1);NEOWISE
57971.74388881;15.277;0.141;NEOWISE;WISE(W1);NEOWISE
57971.74388881;15.107;0.39;NEOWISE;WISE(W2);NEOWISE
57971.80934045;15.343;0.14;NEOWISE;WISE(W1);NEOWISE
57971.80934045;14.823;0.342;NEOWISE;WISE(W2);NEOWISE
57971.80946781;15.024;0.164;NEOWISE;WISE(W1);NEOWISE
57971.80946781;15.164;0.383;NEOWISE;WISE(W2);NEOWISE
57971.87491946;15.201;0.117;NEOWISE;WISE(W1);NEOWISE
57971.94037105;15.46;0.158;NEOWISE;WISE(W1);NEOWISE
57972.00582271;15.135;0.107;NEOWISE;WISE(W1);NEOWISE
57972.07127431;14.806;0.403;NEOWISE;WISE(W2);NEOWISE
57972.07127431;15.533;0.167;NEOWISE;WISE(W1);NEOWISE
57972.2021775;15.499;0.267;NEOWISE;WISE(W1);NEOWISE
57972.3332081;15.129;0.128;NEOWISE;WISE(W1);NEOWISE
58133.0755091;14.995;0.434;NEOWISE;WISE(W2);NEOWISE
58133.0755091;15.413;0.163;NEOWISE;WISE(W1);NEOWISE
58133.20641258;14.822;0.542;NEOWISE;WISE(W2);NEOWISE
58133.20641258;15.788;0.254;NEOWISE;WISE(W1);NEOWISE
58133.27186438;14.973;0.434;NEOWISE;WISE(W2);NEOWISE
58133.27186438;15.259;0.12;NEOWISE;WISE(W1);NEOWISE
58133.33731617;15.227;0.121;NEOWISE;WISE(W1);NEOWISE
58133.33731617;14.541;0.229;NEOWISE;WISE(W2);NEOWISE
58133.40276796;14.482;0.28;NEOWISE;WISE(W2);NEOWISE
58133.40276796;15.177;0.119;NEOWISE;WISE(W1);NEOWISE
58133.46821975;15.396;0.494;NEOWISE;WISE(W2);NEOWISE
58133.46821975;15.272;0.12;NEOWISE;WISE(W1);NEOWISE
58133.53367149;15.062;0.15;NEOWISE;WISE(W1);NEOWISE
58133.53367149;15.09;0.373;NEOWISE;WISE(W2);NEOWISE
58133.66457508;15.744;0.191;NEOWISE;WISE(W1);NEOWISE
58133.66457508;14.638;0.266;NEOWISE;WISE(W2);NEOWISE
58133.79547872;15.308;0.155;NEOWISE;WISE(W1);NEOWISE
58133.79560603;15.572;0.155;NEOWISE;WISE(W1);NEOWISE
58133.79560603;14.615;0.306;NEOWISE;WISE(W2);NEOWISE
58319.4651968;20.2444782;0.144634366;ZTF;ZTF(zr);ZTF
58336.462419;20.0282078;0.125723258;ZTF;ZTF(zr);ZTF
58338.53829571;15.308;0.192;NEOWISE;WISE(W1);NEOWISE
58338.66919888;15.001;0.373;NEOWISE;WISE(W2);NEOWISE
58338.66919888;15.161;0.124;NEOWISE;WISE(W1);NEOWISE
58338.79997483;15.598;0.296;NEOWISE;WISE(W1);NEOWISE
58338.86542645;15.157;0.168;NEOWISE;WISE(W1);NEOWISE
58338.93087806;15.303;0.137;NEOWISE;WISE(W1);NEOWISE
58338.99632971;15.512;0.155;NEOWISE;WISE(W1);NEOWISE
58339.06178132;15.302;0.165;NEOWISE;WISE(W1);NEOWISE
58339.12723297;14.662;0.297;NEOWISE;WISE(W2);NEOWISE
58339.12723297;15.742;0.193;NEOWISE;WISE(W1);NEOWISE
58339.25813615;15.354;0.164;NEOWISE;WISE(W1);NEOWISE
58339.38891206;15.642;0.199;NEOWISE;WISE(W1);NEOWISE
58339.51981532;14.972;0.431;NEOWISE;WISE(W2);NEOWISE
58339.51981532;15.342;0.156;NEOWISE;WISE(W1);NEOWISE
58340.4576042;20.020216;0.125046909;ZTF;ZTF(zr);ZTF
58343.4994444;20.3537712;0.154442877;ZTF;ZTF(zr);ZTF
58346.4536227;20.3998013;0.158566639;ZTF;ZTF(zr);ZTF
58349.4561806;21.4825478;0.248077869;ZTF;ZTF(zg);ZTF
58349.4932523;20.3368397;0.152922213;ZTF;ZTF(zr);ZTF
58352.4551505;21.4512272;0.245390773;ZTF;ZTF(zg);ZTF
58352.4956366;20.4228249;0.16061978;ZTF;ZTF(zr);ZTF
58358.4576852;20.0956326;0.131503135;ZTF;ZTF(zr);ZTF
58364.4971412;20.4606705;0.163972497;ZTF;ZTF(zr);ZTF
58367.4778935;21.3848934;0.227106214;ZTF;ZTF(zg);ZTF
58367.5001157;20.3710899;0.155996695;ZTF;ZTF(zr);ZTF
58370.4994097;20.2490463;0.145042986;ZTF;ZTF(zr);ZTF
58373.4209722;21.3044281;0.232796311;ZTF;ZTF(zg);ZTF
58376.421169;20.3357773;0.152826652;ZTF;ZTF(zr);ZTF
58376.461169;21.0820065;0.213713884;ZTF;ZTF(zg);ZTF
58379.4190394;20.5268669;0.16945219;ZTF;ZTF(zr);ZTF
58382.4825463;20.1691608;0.137937486;ZTF;ZTF(zr);ZTF
58384.357037;20.3873711;0.150970161;ZTF;ZTF(zg);ZTF
58397.3774769;21.2947369;0.231964827;ZTF;ZTF(zg);ZTF
58397.4337963;20.355051;0.154557616;ZTF;ZTF(zr);ZTF
58422.368912;19.5895309;0.111105718;ZTF;ZTF(zr);ZTF
58423.3190856;20.1461201;0.159577325;ZTF;ZTF(zr);ZTF
58423.3735995;20.2553272;0.145605087;ZTF;ZTF(zr);ZTF
58425.3156366;20.4563789;0.163593978;ZTF;ZTF(zr);ZTF
58428.2646181;20.2195091;0.142405033;ZTF;ZTF(zr);ZTF
58429.3219213;20.2780266;0.147639692;ZTF;ZTF(zr);ZTF
58430.3087037;21.297636;0.232213616;ZTF;ZTF(zg);ZTF
58431.2870718;19.7270088;0.101787046;ZTF;ZTF(zr);ZTF
58431.3476505;19.7074852;0.100356601;ZTF;ZTF(zr);ZTF
58432.3121181;20.0749245;0.129714683;ZTF;ZTF(zr);ZTF
58434.304375;20.1158085;0.13325648;ZTF;ZTF(zr);ZTF
58437.3115856;20.299305;0.149549916;ZTF;ZTF(zr);ZTF
58439.3006366;20.1504955;0.136293039;ZTF;ZTF(zr);ZTF
58457.215463;20.1557217;0.160431117;ZTF;ZTF(zr);ZTF
58457.2365046;19.9601231;0.120026343;ZTF;ZTF(zr);ZTF
58461.2584491;20.4390335;0.162059486;ZTF;ZTF(zr);ZTF
58464.2748495;19.9192886;0.116684183;ZTF;ZTF(zr);ZTF
58476.2963657;20.1038151;0.132212937;ZTF;ZTF(zr);ZTF
58480.2656944;20.4235516;0.154997647;ZTF;ZTF(zg);ZTF
58482.2055324;20.1250725;0.157699525;ZTF;ZTF(zr);ZTF
58483.1677894;20.7117405;0.181947351;ZTF;ZTF(zg);ZTF
58487.2347685;20.2570572;0.145760089;ZTF;ZTF(zr);ZTF
58490.1830556;20.2798405;0.147802472;ZTF;ZTF(zr);ZTF
58495.08933139;15.337;0.127;NEOWISE;WISE(W1);NEOWISE
58495.08933139;15.268;0.432;NEOWISE;WISE(W2);NEOWISE
58495.22010758;15.07;0.12;NEOWISE;WISE(W1);NEOWISE
58495.35101109;15.026;0.473;NEOWISE;WISE(W2);NEOWISE
58495.35101109;15.623;0.166;NEOWISE;WISE(W1);NEOWISE
58495.48191464;15.313;0.426;NEOWISE;WISE(W2);NEOWISE
58495.48191464;15.233;0.119;NEOWISE;WISE(W1);NEOWISE
58495.54723909;15.212;0.116;NEOWISE;WISE(W1);NEOWISE
58495.5473664;15.273;0.123;NEOWISE;WISE(W1);NEOWISE
58495.61269083;15.073;0.116;NEOWISE;WISE(W1);NEOWISE
58495.61269083;14.456;0.331;NEOWISE;WISE(W2);NEOWISE
58495.67814264;15.157;0.134;NEOWISE;WISE(W1);NEOWISE
58495.67814264;15.097;0.372;NEOWISE;WISE(W2);NEOWISE
58495.80904619;14.974;0.39;NEOWISE;WISE(W2);NEOWISE
58495.80904619;15.263;0.15;NEOWISE;WISE(W1);NEOWISE
58495.93982244;15.114;0.115;NEOWISE;WISE(W1);NEOWISE
58495.93994976;15.39;0.522;NEOWISE;WISE(W2);NEOWISE
58495.93994976;15.316;0.143;NEOWISE;WISE(W1);NEOWISE
58496.07072652;14.777;0.291;NEOWISE;WISE(W2);NEOWISE
58496.07072652;14.987;0.095;NEOWISE;WISE(W1);NEOWISE
58514.1141204;20.4683208;0.164646164;ZTF;ZTF(zr);ZTF
58523.1509606;20.174181;0.138381064;ZTF;ZTF(zr);ZTF
58542.1508333;20.1361351;0.135032475;ZTF;ZTF(zr);ZTF
58695.4879051;20.320406;0.151445583;ZTF;ZTF(zr);ZTF
58702.5707328;14.622;0.301;NEOWISE;WISE(W2);NEOWISE
58702.5707328;15.01;0.109;NEOWISE;WISE(W1);NEOWISE
58702.70163587;15.073;0.411;NEOWISE;WISE(W2);NEOWISE
58702.70163587;15.598;0.157;NEOWISE;WISE(W1);NEOWISE
58702.83241167;15.287;0.148;NEOWISE;WISE(W1);NEOWISE
58702.83241167;15.209;0.475;NEOWISE;WISE(W2);NEOWISE
58702.8978633;15.599;0.171;NEOWISE;WISE(W1);NEOWISE
58702.96318757;14.981;0.174;NEOWISE;WISE(W1);NEOWISE
58702.96318757;14.625;0.266;NEOWISE;WISE(W2);NEOWISE
58703.02863915;15.233;0.126;NEOWISE;WISE(W1);NEOWISE
58703.02863915;14.901;0.385;NEOWISE;WISE(W2);NEOWISE
58703.09409073;15.092;0.106;NEOWISE;WISE(W1);NEOWISE
58703.15954231;15.598;0.168;NEOWISE;WISE(W1);NEOWISE
58703.29031808;15.564;0.193;NEOWISE;WISE(W1);NEOWISE
58703.29031808;14.725;0.421;NEOWISE;WISE(W2);NEOWISE
58703.42109392;15.088;0.191;NEOWISE;WISE(W1);NEOWISE
58703.42122128;15.698;0.219;NEOWISE;WISE(W1);NEOWISE
58703.42122128;14.654;0.35;NEOWISE;WISE(W2);NEOWISE
58703.55199709;15.007;0.43;NEOWISE;WISE(W2);NEOWISE
58703.55199709;15.256;0.122;NEOWISE;WISE(W1);NEOWISE
58704.4983912;19.9239826;0.11706534;ZTF;ZTF(zr);ZTF
58707.4981481;20.2011719;0.140773222;ZTF;ZTF(zr);ZTF
58714.4391435;20.1224384;0.133834779;ZTF;ZTF(zr);ZTF
58719.4626273;20.1074677;0.132530347;ZTF;ZTF(zr);ZTF
58723.4941319;21.0877914;0.204310656;ZTF;ZTF(zg);ZTF
58723.4945833;21.3142071;0.221682668;ZTF;ZTF(zg);ZTF
58726.4994097;21.1436348;0.208595276;ZTF;ZTF(zg);ZTF
58730.4534259;21.2030334;0.224097252;ZTF;ZTF(zg);ZTF
58732.4786111;20.1510258;0.136339575;ZTF;ZTF(zr);ZTF
58734.4527083;20.9406719;0.193022728;ZTF;ZTF(zg);ZTF
58735.4839931;20.2692299;0.146850675;ZTF;ZTF(zr);ZTF
58737.4520949;20.8054886;0.182650566;ZTF;ZTF(zg);ZTF
58738.5029861;20.0335503;0.126176506;ZTF;ZTF(zr);ZTF
58739.4523843;19.9797192;0.144620866;ZTF;ZTF(zr);ZTF
58739.4583102;20.0902977;0.131041408;ZTF;ZTF(zr);ZTF
58740.4931366;19.7928829;0.128071055;ZTF;ZTF(zr);ZTF
58748.3792477;20.0378723;0.149860665;ZTF;ZTF(zr);ZTF
58748.3796991;20.2936649;0.172355831;ZTF;ZTF(zr);ZTF
58748.3832986;20.4011917;0.15869081;ZTF;ZTF(zr);ZTF
58749.3022338;20.1154137;0.133221969;ZTF;ZTF(zr);ZTF
58749.3855903;21.0631981;0.202423692;ZTF;ZTF(zg);ZTF
58757.3149537;21.2809715;0.230783939;ZTF;ZTF(zg);ZTF
58757.3170602;20.2255383;0.142942652;ZTF;ZTF(zr);ZTF
58759.3917708;20.339571;0.176111296;ZTF;ZTF(zr);ZTF
58759.3926736;20.4048862;0.181176737;ZTF;ZTF(zr);ZTF
58761.3905787;20.3888016;0.179963931;ZTF;ZTF(zr);ZTF
58761.3910301;20.0800877;0.153663591;ZTF;ZTF(zr);ZTF
58761.4194097;20.088398;0.130877092;ZTF;ZTF(zr);ZTF
58763.3574421;20.1228828;0.133873492;ZTF;ZTF(zr);ZTF
58764.346794;21.1403561;0.208343744;ZTF;ZTF(zg);ZTF
58764.3472454;21.4827042;0.24809134;ZTF;ZTF(zg);ZTF
58765.3628009;20.1427231;0.15927501;ZTF;ZTF(zr);ZTF
58773.3209491;19.9416084;0.141198918;ZTF;ZTF(zr);ZTF
58775.3425116;20.2237206;0.166403741;ZTF;ZTF(zr);ZTF
58775.342963;19.9467964;0.141663864;ZTF;ZTF(zr);ZTF
58776.3203356;20.079092;0.153574139;ZTF;ZTF(zr);ZTF
58782.3319097;20.1792545;0.162513852;ZTF;ZTF(zr);ZTF
58782.3332639;20.2096596;0.16518113;ZTF;ZTF(zr);ZTF
58783.3741435;20.1959839;0.163985133;ZTF;ZTF(zr);ZTF
58787.2629282;19.9439869;0.141412035;ZTF;ZTF(zr);ZTF
58788.3432639;20.4793167;0.18642959;ZTF;ZTF(zr);ZTF
58788.3437153;20.1814308;0.162705749;ZTF;ZTF(zr);ZTF
58789.3479051;20.7668915;0.179689169;ZTF;ZTF(zg);ZTF
58789.3483565;20.6411629;0.170042515;ZTF;ZTF(zg);ZTF
58790.3151273;20.9684734;0.203973532;ZTF;ZTF(zg);ZTF
58790.3740625;20.1216221;0.133763403;ZTF;ZTF(zr);ZTF
58804.2501157;20.1228104;0.133867234;ZTF;ZTF(zr);ZTF
58812.2321991;20.2208233;0.166152447;ZTF;ZTF(zr);ZTF
58812.2864931;20.2305374;0.143388793;ZTF;ZTF(zr);ZTF
58836.0941319;20.0022774;0.123535968;ZTF;ZTF(zr);ZTF
58859.2071528;20.0019093;0.123505145;ZTF;ZTF(zr);ZTF
58860.1814931;19.8189106;0.108727522;ZTF;ZTF(zr);ZTF
58861.1755093;19.7084026;0.100423507;ZTF;ZTF(zr);ZTF
58862.07825862;15.447;0.152;NEOWISE;WISE(W1);NEOWISE
58862.1978009;20.2868042;0.148427501;ZTF;ZTF(zr);ZTF
58862.20916215;15.083;0.376;NEOWISE;WISE(W2);NEOWISE
58862.20916215;14.999;0.112;NEOWISE;WISE(W1);NEOWISE
58862.33993823;14.413;0.232;NEOWISE;WISE(W2);NEOWISE
58862.33993823;15.019;0.111;NEOWISE;WISE(W1);NEOWISE
58862.47071441;15.322;0.131;NEOWISE;WISE(W1);NEOWISE
58862.47071441;15.051;0.503;NEOWISE;WISE(W2);NEOWISE
58862.53616619;14.846;0.384;NEOWISE;WISE(W2);NEOWISE
58862.53616619;15.04;0.121;NEOWISE;WISE(W1);NEOWISE
58862.60161794;15.211;0.143;NEOWISE;WISE(W1);NEOWISE
58862.60161794;15.034;0.374;NEOWISE;WISE(W2);NEOWISE
58862.66694227;15.583;0.183;NEOWISE;WISE(W1);NEOWISE
58862.73239402;15.022;0.413;NEOWISE;WISE(W2);NEOWISE
58862.73239402;15.43;0.136;NEOWISE;WISE(W1);NEOWISE
58862.79784581;15.443;0.133;NEOWISE;WISE(W1);NEOWISE
58862.92862193;15.209;0.394;NEOWISE;WISE(W2);NEOWISE
58862.92862193;15.575;0.155;NEOWISE;WISE(W1);NEOWISE
58863.05939815;15.405;0.146;NEOWISE;WISE(W1);NEOWISE
58863.05939815;14.677;0.258;NEOWISE;WISE(W2);NEOWISE
58866.2399884;20.9919319;0.205986142;ZTF;ZTF(zg);ZTF
58872.1389815;20.2089748;0.14146705;ZTF;ZTF(zr);ZTF
58872.1841435;21.0456505;0.210594773;ZTF;ZTF(zg);ZTF
58875.1238426;20.3462868;0.153770655;ZTF;ZTF(zr);ZTF
58875.1599421;21.1321335;0.218014479;ZTF;ZTF(zg);ZTF
58894.1496759;21.1249866;0.217401385;ZTF;ZTF(zg);ZTF
59061.4496412;20.1978607;0.140479073;ZTF;ZTF(zr);ZTF
59064.4498727;19.7685184;0.104879834;ZTF;ZTF(zr);ZTF
59066.74490028;14.954;0.396;NEOWISE;WISE(W2);NEOWISE
59066.74490028;15.014;0.117;NEOWISE;WISE(W1);NEOWISE
59066.87567616;14.991;0.424;NEOWISE;WISE(W2);NEOWISE
59066.87567616;15.543;0.19;NEOWISE;WISE(W1);NEOWISE
59066.87580352;14.581;0.307;NEOWISE;WISE(W2);NEOWISE
59066.87580352;15.005;0.111;NEOWISE;WISE(W1);NEOWISE
59067.00657934;15.05;0.121;NEOWISE;WISE(W1);NEOWISE
59067.13735579;15.078;0.148;NEOWISE;WISE(W1);NEOWISE
59067.20267997;15.849;0.212;NEOWISE;WISE(W1);NEOWISE
59067.26813156;15.134;0.112;NEOWISE;WISE(W1);NEOWISE
59067.33345584;15.733;0.192;NEOWISE;WISE(W1);NEOWISE
59067.39890738;15.476;0.19;NEOWISE;WISE(W1);NEOWISE
59067.46423167;15.295;0.185;NEOWISE;WISE(W1);NEOWISE
59067.59500255;15.35;0.152;NEOWISE;WISE(W1);NEOWISE
59067.59500255;14.926;0.416;NEOWISE;WISE(W2);NEOWISE
59067.59512986;15.168;0.118;NEOWISE;WISE(W1);NEOWISE
59067.59512986;14.823;0.312;NEOWISE;WISE(W2);NEOWISE
59067.72590563;15.364;0.13;NEOWISE;WISE(W1);NEOWISE
59067.72590563;14.855;0.35;NEOWISE;WISE(W2);NEOWISE
59067.8566814;14.989;0.4;NEOWISE;WISE(W2);NEOWISE
59067.8566814;15.122;0.119;NEOWISE;WISE(W1);NEOWISE
59076.4251273;19.9899788;0.122506075;ZTF;ZTF(zr);ZTF
59082.4885301;20.207859;0.141367793;ZTF;ZTF(zr);ZTF
59086.4524769;20.2503471;0.145159259;ZTF;ZTF(zr);ZTF
59086.4808681;21.4334431;0.243865013;ZTF;ZTF(zg);ZTF
59090.5091551;20.2248573;0.142881826;ZTF;ZTF(zr);ZTF
59094.4146296;19.9297981;0.117538765;ZTF;ZTF(zr);ZTF
59095.4356366;19.9567375;0.11974705;ZTF;ZTF(zr);ZTF
59096.3844907;19.8752365;0.113145672;ZTF;ZTF(zr);ZTF
59107.3990509;21.2389507;0.227178812;ZTF;ZTF(zg);ZTF
59107.4219213;20.1733341;0.138306245;ZTF;ZTF(zr);ZTF
59110.4727199;20.0607986;0.128501192;ZTF;ZTF(zr);ZTF
59110.5031944;21.1133327;0.216401577;ZTF;ZTF(zg);ZTF
59112.4154861;20.331749;0.152464882;ZTF;ZTF(zr);ZTF
59113.415625;21.3550224;0.23713696;ZTF;ZTF(zg);ZTF
59113.4214583;20.1626663;0.137364462;ZTF;ZTF(zr);ZTF
59115.3883796;20.166996;0.137746394;ZTF;ZTF(zr);ZTF
59116.3891435;20.1838551;0.139237076;ZTF;ZTF(zr);ZTF
59116.5043519;21.2113075;0.224807143;ZTF;ZTF(zg);ZTF
59119.3959838;20.235651;0.14384526;ZTF;ZTF(zr);ZTF
59130.3837037;20.9437141;0.201849341;ZTF;ZTF(zg);ZTF
59130.4276157;20.3605118;0.155047834;ZTF;ZTF(zr);ZTF
59134.4244907;20.4047184;0.159005731;ZTF;ZTF(zr);ZTF
59136.4914236;20.1961441;0.140326649;ZTF;ZTF(zr);ZTF
59138.3376273;20.2139549;0.141910166;ZTF;ZTF(zr);ZTF
59140.3659838;20.165863;0.137646452;ZTF;ZTF(zr);ZTF
59142.3608102;20.28866;0.148594007;ZTF;ZTF(zr);ZTF
59143.3370602;20.1743355;0.138394758;ZTF;ZTF(zr);ZTF
59143.3947106;21.2229919;0.225809574;ZTF;ZTF(zg);ZTF
59144.3807755;21.2686214;0.229724288;ZTF;ZTF(zg);ZTF
59144.3936343;21.7173634;0.268223643;ZTF;ZTF(zg);ZTF
59144.4030556;20.0945034;0.131405473;ZTF;ZTF(zr);ZTF
59144.4049306;20.3552227;0.154573008;ZTF;ZTF(zr);ZTF
59145.340706;20.4599018;0.163904846;ZTF;ZTF(zr);ZTF
59150.2774769;19.6604729;0.096976772;ZTF;ZTF(zr);ZTF
59156.4584028;19.8639278;0.11224895;ZTF;ZTF(zr);ZTF
59157.4255324;20.1048126;0.132299736;ZTF;ZTF(zr);ZTF
59158.3520486;20.0093498;0.124130592;ZTF;ZTF(zr);ZTF
59164.3187616;20.1206951;0.133682474;ZTF;ZTF(zr);ZTF
59165.2986921;21.2171841;0.225311279;ZTF;ZTF(zg);ZTF
59165.32;20.2045021;0.141069263;ZTF;ZTF(zr);ZTF
59165.3209375;20.3187847;0.151299924;ZTF;ZTF(zr);ZTF
59167.3432755;20.1356163;0.134987161;ZTF;ZTF(zr);ZTF
59167.344213;20.0783749;0.130011857;ZTF;ZTF(zr);ZTF
59168.2675347;21.0743217;0.213054657;ZTF;ZTF(zg);ZTF
59168.2944329;20.0363293;0.126412675;ZTF;ZTF(zr);ZTF
59169.2844329;20.2612896;0.146139145;ZTF;ZTF(zr);ZTF
59169.2853704;20.2609291;0.146106884;ZTF;ZTF(zr);ZTF
59170.2385764;21.3100586;0.233279347;ZTF;ZTF(zg);ZTF
59170.2722454;20.1517868;0.136406451;ZTF;ZTF(zr);ZTF
59171.3700926;20.3191795;0.151335508;ZTF;ZTF(zr);ZTF
59173.246088;20.3216648;0.151558712;ZTF;ZTF(zr);ZTF
59175.3202431;20.0688553;0.129192576;ZTF;ZTF(zr);ZTF
59185.2540741;20.1748619;0.138441324;ZTF;ZTF(zr);ZTF
59189.2370023;20.2974167;0.149380326;ZTF;ZTF(zr);ZTF
59194.2531713;20.3517647;0.154262647;ZTF;ZTF(zr);ZTF
59200.2379398;20.1261616;0.134159848;ZTF;ZTF(zr);ZTF
59202.2289468;20.4794197;0.161387369;ZTF;ZTF(zg);ZTF
59202.2884838;19.6537819;0.0965031832;ZTF;ZTF(zr);ZTF
59204.2011806;20.2051105;0.14112331;ZTF;ZTF(zr);ZTF
59204.2526736;20.5356216;0.166837454;ZTF;ZTF(zg);ZTF
59216.2340046;19.7087193;0.100446545;ZTF;ZTF(zr);ZTF
59218.1762731;19.4320793;0.0818706825;ZTF;ZTF(zr);ZTF
59218.17627310008;19.46296394141458;0.11855423692770276;ZTF;ZTF(zr);ZTF
59218.2152431;20.050705;0.117651001;ZTF;ZTF(zg);ZTF
59218.21524310019;19.972668793978553;0.17738641433902622;ZTF;ZTF(zg);ZTF
59220.19094910007;19.70956072307762;0.12884474642846808;ZTF;ZTF(zg);ZTF
59220.21497689979;19.32743194135211;0.0908772559813045;ZTF;ZTF(zr);ZTF
59220.2149769;19.3402557;0.076408118;ZTF;ZTF(zr);ZTF
59222.2130093;19.3814583;0.0788165778;ZTF;ZTF(zr);ZTF
59222.213009300176;19.35471949715427;0.10971580473682738;ZTF;ZTF(zr);ZTF
59224.1916898;19.5420589;0.0803577974;ZTF;ZTF(zg);ZTF
59224.191689800005;19.54135303001532;0.18598623090001398;ZTF;ZTF(zg);ZTF
59224.2279861;19.2609081;0.0719624385;ZTF;ZTF(zr);ZTF
59224.22798610013;19.263818651655463;0.11246859362161117;ZTF;ZTF(zr);ZTF
59226.15071759978;19.316700154823614;0.11959652354882333;ZTF;ZTF(zr);ZTF
59226.1507176;19.2162514;0.0695698783;ZTF;ZTF(zr);ZTF
59226.32765112;15.189;0.127;NEOWISE;WISE(W1);NEOWISE
59226.32765112;14.759;0.295;NEOWISE;WISE(W2);NEOWISE
59226.4582999;15.026;0.378;NEOWISE;WISE(W2);NEOWISE
59226.4582999;15.319;0.145;NEOWISE;WISE(W1);NEOWISE
59226.58907608;15.115;0.194;NEOWISE;WISE(W1);NEOWISE
59226.58907608;14.792;0.296;NEOWISE;WISE(W2);NEOWISE
59226.65452773;15.248;0.116;NEOWISE;WISE(W1);NEOWISE
59226.65452773;15.056;0.346;NEOWISE;WISE(W2);NEOWISE
59226.71985218;15.074;0.127;NEOWISE;WISE(W1);NEOWISE
59226.78530392;15.364;0.154;NEOWISE;WISE(W1);NEOWISE
59226.78530392;14.713;0.479;NEOWISE;WISE(W2);NEOWISE
59226.85062836;15.15;0.374;NEOWISE;WISE(W2);NEOWISE
59226.85062836;14.928;0.1;NEOWISE;WISE(W1);NEOWISE
59226.91608006;15.068;0.097;NEOWISE;WISE(W1);NEOWISE
59227.04685625;15.133;0.102;NEOWISE;WISE(W1);NEOWISE
59227.17750507;14.956;0.313;NEOWISE;WISE(W2);NEOWISE
59227.17750507;15.425;0.17;NEOWISE;WISE(W1);NEOWISE
59227.17763238;15.082;0.126;NEOWISE;WISE(W1);NEOWISE
59227.17763238;14.911;0.289;NEOWISE;WISE(W2);NEOWISE
59227.3082812;14.426;0.235;NEOWISE;WISE(W2);NEOWISE
59227.3082812;15.431;0.137;NEOWISE;WISE(W1);NEOWISE
59228.311469899956;19.492031884004216;0.14983866593670905;ZTF;ZTF(zg);ZTF
59228.3114699;19.4908428;0.0773563534;ZTF;ZTF(zg);ZTF
59230.1279167;19.0909119;0.0632624626;ZTF;ZTF(zr);ZTF
59230.12791670021;19.12954870851701;0.1075447208679226;ZTF;ZTF(zr);ZTF
59230.2711343;19.4567146;0.07542409;ZTF;ZTF(zg);ZTF
59230.27113430016;19.443656307282904;0.12872059212071701;ZTF;ZTF(zg);ZTF
59232.1727546;19.2127857;0.0693874657;ZTF;ZTF(zr);ZTF
59232.17275460018;19.229813959721668;0.08019510371259973;ZTF;ZTF(zr);ZTF
59243.2228125;19.2937012;0.066902481;ZTF;ZTF(zg);ZTF
59249.131782399956;19.21393251145504;0.26500484761622195;ZTF;ZTF(zg);ZTF
59249.17586810002;18.673068435642108;0.17798884603563997;ZTF;ZTF(zr);ZTF
59251.1304398;19.1779823;0.0615142286;ZTF;ZTF(zg);ZTF
59251.13043980021;19.154531531964384;0.081225366523775;ZTF;ZTF(zg);ZTF
59251.17332179984;18.902529965953747;0.06682296538770213;ZTF;ZTF(zr);ZTF
59251.1733218;18.8961849;0.054590784;ZTF;ZTF(zr);ZTF
59253.1509491;18.9958725;0.0588650219;ZTF;ZTF(zr);ZTF
59253.15094910003;19.015840975444494;0.07429735075307259;ZTF;ZTF(zr);ZTF
59253.18740739999;19.17674828368352;0.102162381454547;ZTF;ZTF(zg);ZTF
59253.1874074;19.1815262;0.0616716258;ZTF;ZTF(zg);ZTF
59255.1323958;18.8642502;0.0532917716;ZTF;ZTF(zr);ZTF
59255.1323958002;18.8551084379959;0.06700140999690604;ZTF;ZTF(zr);ZTF
59255.15501159988;19.1633796614692;0.09396541483413948;ZTF;ZTF(zg);ZTF
59255.1550116;19.1655941;0.0609677173;ZTF;ZTF(zg);ZTF
59257.1305670999;18.87108526913308;0.0785859152679612;ZTF;ZTF(zr);ZTF
59257.1305671;18.8830757;0.0540534928;ZTF;ZTF(zr);ZTF
59257.15261569992;19.14053098757887;0.08097271976368545;ZTF;ZTF(zg);ZTF
59257.1526157;19.1817207;0.0616802648;ZTF;ZTF(zg);ZTF
59260.1330787;19.0822182;0.0574344136;ZTF;ZTF(zg);ZTF
59265.15251159994;19.1776326649221;0.13571407548819406;ZTF;ZTF(zg);ZTF
59265.1525116;19.1785831;0.0615408793;ZTF;ZTF(zg);ZTF
59267.13556709979;18.733429661651265;0.09078334012826189;ZTF;ZTF(zr);ZTF
59267.1355671;18.6882954;0.0467098393;ZTF;ZTF(zr);ZTF
59267.1956481;19.2070103;0.0628172755;ZTF;ZTF(zg);ZTF
59267.19564810023;19.184035818297204;0.20111214984561337;ZTF;ZTF(zg);ZTF
59269.177511599846;19.08871238771132;0.1413596080905997;ZTF;ZTF(zg);ZTF
59269.1775116;19.2300491;0.0638743266;ZTF;ZTF(zg);ZTF
59271.14703699993;18.936401174011536;0.15619896727398047;ZTF;ZTF(zr);ZTF
59271.147037;18.930912;0.0560415648;ZTF;ZTF(zr);ZTF
59271.1739583;19.1470413;0.0601598509;ZTF;ZTF(zg);ZTF
59271.17395830015;19.03340966492864;0.19525596119651792;ZTF;ZTF(zg);ZTF
59276.1384144;18.9074707;0.0550578497;ZTF;ZTF(zr);ZTF
59276.1729051;19.244297;0.0645382702;ZTF;ZTF(zg);ZTF
59276.172905100044;19.258973487453;0.13927844317643168;ZTF;ZTF(zg);ZTF
59280.1399074;18.9219437;0.0556630418;ZTF;ZTF(zr);ZTF
59280.1706366;19.3264694;0.0685249493;ZTF;ZTF(zg);ZTF
59292.1321528;19.0017967;0.0591297783;ZTF;ZTF(zr);ZTF
59292.1346875;19.2187405;0.0697011948;ZTF;ZTF(zr);ZTF
59292.1372106;19.1947403;0.0684450194;ZTF;ZTF(zr);ZTF
59292.1397454;19.0892334;0.063181974;ZTF;ZTF(zr);ZTF
59292.1422685;19.1978188;0.0686049387;ZTF;ZTF(zr);ZTF
59293.1327315;19.1191025;0.064629741;ZTF;ZTF(zr);ZTF
59293.1352546;19.0418701;0.0609529987;ZTF;ZTF(zr);ZTF
59293.1403125;18.9844246;0.0583569147;ZTF;ZTF(zr);ZTF
59293.1428356;18.9433365;0.0565704629;ZTF;ZTF(zr);ZTF
59294.1332639;19.1096134;0.0641662404;ZTF;ZTF(zr);ZTF
59294.135787;18.6202087;0.0444094874;ZTF;ZTF(zr);ZTF
59294.1383218;18.9175568;0.0554788634;ZTF;ZTF(zr);ZTF
59294.1433912;19.0134125;0.0596524216;ZTF;ZTF(zr);ZTF
59298.1276273;18.8073311;0.0510579869;ZTF;ZTF(zr);ZTF
59429.4453009;20.1408806;0.125850886;ZTF;ZTF(zg);ZTF
59429.4719444;19.6799622;0.0983668044;ZTF;ZTF(zr);ZTF
59434.03164159;14.29;0.217;NEOWISE;WISE(W2);NEOWISE
59434.03164159;15.167;0.123;NEOWISE;WISE(W1);NEOWISE
59434.16178133;15.208;0.162;NEOWISE;WISE(W1);NEOWISE
59434.16190869;14.969;0.402;NEOWISE;WISE(W2);NEOWISE
59434.16190869;15.999;0.292;NEOWISE;WISE(W1);NEOWISE
59434.29306649;15.004;0.104;NEOWISE;WISE(W1);NEOWISE
59434.35839075;14.843;0.536;NEOWISE;WISE(W2);NEOWISE
59434.35839075;15.382;0.141;NEOWISE;WISE(W1);NEOWISE
59434.4886572;15.397;0.14;NEOWISE;WISE(W1);NEOWISE
59434.55449078;15.415;0.14;NEOWISE;WISE(W1);NEOWISE
59434.61981499;15.225;0.129;NEOWISE;WISE(W1);NEOWISE
59434.61981499;15.059;0.505;NEOWISE;WISE(W2);NEOWISE
59434.75059075;15.161;0.111;NEOWISE;WISE(W1);NEOWISE
59434.88123924;14.184;0.344;NEOWISE;WISE(W2);NEOWISE
59435.01201513;15.55;0.161;NEOWISE;WISE(W1);NEOWISE
59435.4338426;20.277422;0.139268205;ZTF;ZTF(zg);ZTF
59435.4666667;19.6945648;0.099418655;ZTF;ZTF(zr);ZTF
59438.4446644;20.518837;0.165397525;ZTF;ZTF(zg);ZTF
59438.4776852;19.8325958;0.109789729;ZTF;ZTF(zr);ZTF
59440.4775;19.6546803;0.096566692;ZTF;ZTF(zr);ZTF
59443.4842361;19.8581142;0.111789823;ZTF;ZTF(zr);ZTF
59459.4420255;20.5387306;0.167104244;ZTF;ZTF(zg);ZTF
59459.4743403;19.732708;0.102207452;ZTF;ZTF(zr);ZTF
59461.4702431;19.8253746;0.109228395;ZTF;ZTF(zr);ZTF
59463.4037616;19.8374443;0.110167876;ZTF;ZTF(zr);ZTF
59463.4336458;20.315649;0.143245339;ZTF;ZTF(zg);ZTF
59465.4210069;20.5284233;0.16621995;ZTF;ZTF(zg);ZTF
59467.4055324;19.8656864;0.112388074;ZTF;ZTF(zr);ZTF
59467.478588;20.6598396;0.177494645;ZTF;ZTF(zg);ZTF
59469.4050116;19.7107983;0.100598216;ZTF;ZTF(zr);ZTF
59469.4319792;20.3978634;0.152129114;ZTF;ZTF(zg);ZTF
59471.3945023;20.5777378;0.170450807;ZTF;ZTF(zg);ZTF
59471.4439583;19.8905449;0.114367262;ZTF;ZTF(zr);ZTF
59474.3208912;19.8952065;0.114740908;ZTF;ZTF(zr);ZTF
59474.4041898;20.5112133;0.164743423;ZTF;ZTF(zg);ZTF
59477.416331;19.8935356;0.114606842;ZTF;ZTF(zr);ZTF
59479.3810995;19.8011837;0.107362553;ZTF;ZTF(zr);ZTF
59484.3442014;20.0598106;0.128416613;ZTF;ZTF(zr);ZTF
59487.3615856;19.9346657;0.117935881;ZTF;ZTF(zr);ZTF
59487.4151736;20.7089272;0.181706071;ZTF;ZTF(zg);ZTF
59489.3790856;20.6408501;0.175865412;ZTF;ZTF(zg);ZTF
59489.417037;19.7917557;0.106641591;ZTF;ZTF(zr);ZTF
59496.3637616;20.3032227;0.14194186;ZTF;ZTF(zg);ZTF
59498.3735764;19.9003639;0.115155265;ZTF;ZTF(zr);ZTF
59498.4255556;20.4662952;0.159867868;ZTF;ZTF(zg);ZTF
59503.3959838;19.9326897;0.117774516;ZTF;ZTF(zr);ZTF
59503.4440394;20.507309;0.164408445;ZTF;ZTF(zg);ZTF
59517.2671412;20.4193268;0.154522881;ZTF;ZTF(zg);ZTF
59517.3371875;19.8239918;0.109121114;ZTF;ZTF(zr);ZTF
59521.2833333;19.894743;0.1147037;ZTF;ZTF(zr);ZTF
59521.3042824;20.533205;0.166630149;ZTF;ZTF(zg);ZTF
59523.2572454;19.7696609;0.104966007;ZTF;ZTF(zr);ZTF
59523.3291088;20.34235;0.146080986;ZTF;ZTF(zg);ZTF
59525.3000463;19.8382149;0.110228032;ZTF;ZTF(zr);ZTF
59525.3190625;20.5870705;0.171251535;ZTF;ZTF(zg);ZTF
59527.2990278;20.5550556;0.168504834;ZTF;ZTF(zg);ZTF
59530.2953241;20.3474426;0.146627247;ZTF;ZTF(zg);ZTF
59530.3384954;19.7249489;0.101635367;ZTF;ZTF(zr);ZTF
59532.3546065;19.5852184;0.0917581916;ZTF;ZTF(zr);ZTF
59540.3156366;19.1528149;0.0663035884;ZTF;ZTF(zr);ZTF
59540.3604398;19.6698227;0.0884022787;ZTF;ZTF(zg);ZTF
59593.37311915;15.25;0.136;NEOWISE;WISE(W1);NEOWISE
59593.37311915;14.714;0.437;NEOWISE;WISE(W2);NEOWISE
59593.50376804;14.611;0.438;NEOWISE;WISE(W2);NEOWISE
59593.50376804;15.091;0.135;NEOWISE;WISE(W1);NEOWISE
59593.63441685;15.533;0.195;NEOWISE;WISE(W1);NEOWISE
59593.63441685;14.208;0.252;NEOWISE;WISE(W2);NEOWISE
59593.6997413;15.08;0.143;NEOWISE;WISE(W1);NEOWISE
59593.76506575;15.719;0.267;NEOWISE;WISE(W1);NEOWISE
59593.76519307;15.392;0.16;NEOWISE;WISE(W1);NEOWISE
59593.8303902;14.5;0.274;NEOWISE;WISE(W2);NEOWISE
59593.8303902;15.223;0.193;NEOWISE;WISE(W1);NEOWISE
59593.83051751;15.006;0.488;NEOWISE;WISE(W2);NEOWISE
59593.83051751;15.369;0.144;NEOWISE;WISE(W1);NEOWISE
59593.89584192;15.286;0.167;NEOWISE;WISE(W1);NEOWISE
59593.89584192;14.624;0.311;NEOWISE;WISE(W2);NEOWISE
59593.96116637;14.665;0.272;NEOWISE;WISE(W2);NEOWISE
59593.96116637;15.209;0.125;NEOWISE;WISE(W1);NEOWISE
59594.09181531;15.825;0.234;NEOWISE;WISE(W1);NEOWISE
59594.09181531;14.823;0.321;NEOWISE;WISE(W2);NEOWISE
59594.22246411;15.027;0.358;NEOWISE;WISE(W2);NEOWISE
59594.22246411;15.233;0.12;NEOWISE;WISE(W1);NEOWISE
59594.35311296;15.572;0.193;NEOWISE;WISE(W1);NEOWISE
59594.35311296;15.151;0.381;NEOWISE;WISE(W2);NEOWISE
59793.4647685;20.8637733;0.194990873;ZTF;ZTF(zg);ZTF
59798.177886;15.155;0.122;NEOWISE;WISE(W1);NEOWISE
59798.177886;15.171;0.455;NEOWISE;WISE(W2);NEOWISE
59798.3082798;15.269;0.155;NEOWISE;WISE(W1);NEOWISE
59798.43880102;15.613;0.187;NEOWISE;WISE(W1);NEOWISE
59798.4769097;20.0167122;0.124751128;ZTF;ZTF(zr);ZTF
59798.50399789;14.942;0.398;NEOWISE;WISE(W2);NEOWISE
59798.50399789;15.453;0.17;NEOWISE;WISE(W1);NEOWISE
59798.56919483;14.529;0.339;NEOWISE;WISE(W2);NEOWISE
59798.56919483;15.113;0.182;NEOWISE;WISE(W1);NEOWISE
59798.6343917;14.77;0.296;NEOWISE;WISE(W2);NEOWISE
59798.6343917;15.305;0.14;NEOWISE;WISE(W1);NEOWISE
59798.63451906;15.381;0.173;NEOWISE;WISE(W1);NEOWISE
59798.63451906;14.531;0.239;NEOWISE;WISE(W2);NEOWISE
59798.69971595;14.632;0.311;NEOWISE;WISE(W2);NEOWISE
59798.69971595;15.373;0.141;NEOWISE;WISE(W1);NEOWISE
59798.76491287;14.952;0.359;NEOWISE;WISE(W2);NEOWISE
59798.76491287;15.486;0.154;NEOWISE;WISE(W1);NEOWISE
59798.89530672;15.11;0.256;NEOWISE;WISE(W1);NEOWISE
59799.02582799;15.663;0.188;NEOWISE;WISE(W1);NEOWISE
59799.02582799;15.06;0.46;NEOWISE;WISE(W2);NEOWISE
59799.15622184;14.871;0.097;NEOWISE;WISE(W1);NEOWISE
59799.15622184;15.079;0.4;NEOWISE;WISE(W2);NEOWISE
59801.4766782;19.9767952;0.121407457;ZTF;ZTF(zr);ZTF
59811.4658565;20.6931038;0.180348516;ZTF;ZTF(zg);ZTF
59811.4838079;20.0635395;0.128736302;ZTF;ZTF(zr);ZTF
59814.4428472;20.8178978;0.191055059;ZTF;ZTF(zg);ZTF
59814.4644329;20.1022034;0.132073015;ZTF;ZTF(zr);ZTF
59816.4525;20.9950066;0.206249833;ZTF;ZTF(zg);ZTF
59816.4791435;20.0555458;0.12805143;ZTF;ZTF(zr);ZTF
59818.4557986;20.0646114;0.128828138;ZTF;ZTF(zr);ZTF
59818.474294;20.6010666;0.172452211;ZTF;ZTF(zg);ZTF
59821.450544;20.7619038;0.186251044;ZTF;ZTF(zg);ZTF
59821.4871412;20.1178761;0.13343665;ZTF;ZTF(zr);ZTF
59824.4348958;20.5204411;0.165535092;ZTF;ZTF(zg);ZTF
59824.4846296;20.0008392;0.123415321;ZTF;ZTF(zr);ZTF
59829.4741319;20.0953255;0.1314767;ZTF;ZTF(zr);ZTF
59829.4884028;20.7471619;0.184986353;ZTF;ZTF(zg);ZTF
59840.4062847;21.0906353;0.214454293;ZTF;ZTF(zg);ZTF
59840.4838542;20.8029976;0.189776659;ZTF;ZTF(zg);ZTF
59842.4034028;20.0102177;0.124203652;ZTF;ZTF(zr);ZTF
59842.4462731;20.5150795;0.165075064;ZTF;ZTF(zg);ZTF
59844.4032986;19.9818916;0.121831454;ZTF;ZTF(zr);ZTF
59844.4420718;20.5029869;0.164037585;ZTF;ZTF(zg);ZTF
59847.4243634;19.8528442;0.111374713;ZTF;ZTF(zr);ZTF
59849.4446065;20.6910801;0.180174828;ZTF;ZTF(zg);ZTF
59851.442419;20.0582619;0.128283858;ZTF;ZTF(zr);ZTF
59851.4908912;20.8267746;0.191816568;ZTF;ZTF(zg);ZTF
59854.4012269;21.1839542;0.222460389;ZTF;ZTF(zg);ZTF
59856.3870486;20.1400795;0.135378361;ZTF;ZTF(zr);ZTF
59856.4250579;20.7760429;0.187464118;ZTF;ZTF(zg);ZTF
59858.3578704;20.0188065;0.124927878;ZTF;ZTF(zr);ZTF
59858.4206829;20.8492851;0.193747878;ZTF;ZTF(zg);ZTF
59860.4216435;20.4020615;0.158768564;ZTF;ZTF(zr);ZTF
59865.3829745;19.7167549;0.101033799;ZTF;ZTF(zr);ZTF
59867.3899306;19.9820004;0.144826159;ZTF;ZTF(zr);ZTF
59870.3785417;19.800333;0.107297309;ZTF;ZTF(zr);ZTF
59872.3387731;20.5157242;0.165130377;ZTF;ZTF(zg);ZTF
59872.3803588;19.9400101;0.118372858;ZTF;ZTF(zr);ZTF
59874.3460764;19.9939747;0.145904094;ZTF;ZTF(zr);ZTF
59874.3584838;20.0372429;0.12649031;ZTF;ZTF(zr);ZTF
59874.387419;20.8967609;0.197821021;ZTF;ZTF(zg);ZTF
59876.3400694;19.6435585;0.115476251;ZTF;ZTF(zr);ZTF
59877.3577894;20.0243454;0.14864099;ZTF;ZTF(zr);ZTF
59877.381412;19.9963646;0.123040274;ZTF;ZTF(zr);ZTF
59877.4009606;20.604496;0.172746539;ZTF;ZTF(zg);ZTF
59879.316713;20.6919651;0.180250764;ZTF;ZTF(zg);ZTF
59879.3484954;20.6146049;0.168004751;ZTF;ZTF(zg);ZTF
59879.3780324;19.8618279;0.112082928;ZTF;ZTF(zr);ZTF
59881.2994213;19.9706764;0.120899491;ZTF;ZTF(zr);ZTF
59881.353669;20.7243881;0.17642808;ZTF;ZTF(zg);ZTF
59881.3801273;20.8295498;0.192054749;ZTF;ZTF(zg);ZTF
59882.2850463;20.1783619;0.162435189;ZTF;ZTF(zr);ZTF
59883.2364815;20.8576622;0.194466591;ZTF;ZTF(zg);ZTF
59883.3169213;19.9511242;0.142051905;ZTF;ZTF(zr);ZTF
59883.3364005;20.1152039;0.133203685;ZTF;ZTF(zr);ZTF
59895.2291319;19.805378;0.107684359;ZTF;ZTF(zr);ZTF
59896.3527083;19.9744854;0.144150168;ZTF;ZTF(zr);ZTF
59897.2488889;20.5363197;0.166897416;ZTF;ZTF(zg);ZTF
59897.2880208;20.0399456;0.126720294;ZTF;ZTF(zr);ZTF
59901.2747454;19.8323574;0.109771177;ZTF;ZTF(zr);ZTF
59903.294213;20.1709118;0.138092235;ZTF;ZTF(zr);ZTF
59903.3063542;19.9128036;0.138624012;ZTF;ZTF(zr);ZTF
59904.2645486;19.948225;0.141791895;ZTF;ZTF(zr);ZTF
59904.3076042;20.8137188;0.183282018;ZTF;ZTF(zg);ZTF
59905.315544;20.0445366;0.127111182;ZTF;ZTF(zr);ZTF
59906.2568403;20.8012905;0.182328463;ZTF;ZTF(zg);ZTF
59908.2206713;19.7458763;0.103184156;ZTF;ZTF(zr);ZTF
59910.2679051;19.9657974;0.120495334;ZTF;ZTF(zr);ZTF
59910.2824074;19.8716412;0.134967551;ZTF;ZTF(zr);ZTF
59913.1928935;19.9657745;0.143367201;ZTF;ZTF(zr);ZTF
59913.2415625;19.9876881;0.145338029;ZTF;ZTF(zr);ZTF
59913.286713;19.9101219;0.115941994;ZTF;ZTF(zr);ZTF
59928.23875;19.8626709;0.112149514;ZTF;ZTF(zr);ZTF
59930.2307292;20.2866726;0.140634209;ZTF;ZTF(zg);ZTF
59932.2482755;20.0460777;0.127242699;ZTF;ZTF(zr);ZTF
59933.1775926;20.0449829;0.150501609;ZTF;ZTF(zr);ZTF
59934.1692477;20.7959976;0.189176202;ZTF;ZTF(zg);ZTF
59934.2810069;19.8325634;0.109787241;ZTF;ZTF(zr);ZTF
59936.2142708;20.0672398;0.129053906;ZTF;ZTF(zr);ZTF
59937.2086227;19.7789803;0.126869738;ZTF;ZTF(zr);ZTF
59957.63236594;15.276;0.426;NEOWISE;WISE(W2);NEOWISE
59957.63236594;15.422;0.14;NEOWISE;WISE(W1);NEOWISE
59957.76250544;14.829;0.378;NEOWISE;WISE(W2);NEOWISE
59957.76250544;15.414;0.249;NEOWISE;WISE(W1);NEOWISE
59957.89277236;15.227;0.205;NEOWISE;WISE(W1);NEOWISE
59957.89277236;15.184;0.423;NEOWISE;WISE(W2);NEOWISE
59958.02303927;15.387;0.136;NEOWISE;WISE(W1);NEOWISE
59958.02303927;14.766;0.282;NEOWISE;WISE(W2);NEOWISE
59958.08810905;15.278;0.455;NEOWISE;WISE(W2);NEOWISE
59958.08810905;15.424;0.196;NEOWISE;WISE(W1);NEOWISE
59958.1474884;19.8162403;0.108521119;ZTF;ZTF(zr);ZTF
59958.15330619;15.442;0.142;NEOWISE;WISE(W1);NEOWISE
59958.15330619;14.779;0.275;NEOWISE;WISE(W2);NEOWISE
59958.21837593;14.811;0.471;NEOWISE;WISE(W2);NEOWISE
59958.21837593;15.394;0.146;NEOWISE;WISE(W1);NEOWISE
59958.34864279;15.57;0.178;NEOWISE;WISE(W1);NEOWISE
59958.34864279;14.59;0.223;NEOWISE;WISE(W2);NEOWISE
59958.47878292;15.203;0.211;NEOWISE;WISE(W1);NEOWISE
59958.47878292;14.899;0.315;NEOWISE;WISE(W2);NEOWISE
59958.47891023;15.589;0.225;NEOWISE;WISE(W1);NEOWISE
59958.47891023;14.703;0.305;NEOWISE;WISE(W2);NEOWISE
59958.60904978;15.288;0.132;NEOWISE;WISE(W1);NEOWISE
59958.60904978;14.915;0.455;NEOWISE;WISE(W2);NEOWISE
59967.1451042;19.5901546;0.0920932293;ZTF;ZTF(zr);ZTF
59969.1299306;19.8142872;0.108370349;ZTF;ZTF(zr);ZTF
59980.1763773;20.1632481;0.137415767;ZTF;ZTF(zr);ZTF
59984.1509722;19.865654;0.112385526;ZTF;ZTF(zr);ZTF
59994.1628472;19.8699188;0.112723373;ZTF;ZTF(zr);ZTF
60162.10780906;14.544;0.338;NEOWISE;WISE(W2);NEOWISE
60162.10780906;15.004;0.117;NEOWISE;WISE(W1);NEOWISE
60162.23743896;15.237;0.138;NEOWISE;WISE(W1);NEOWISE
60162.3670688;15.193;0.165;NEOWISE;WISE(W1);NEOWISE
60162.4476968;20.0272751;0.125644252;ZTF;ZTF(zr);ZTF
60162.49669869;15.952;0.473;NEOWISE;WISE(W1);NEOWISE
60162.56151359;13.9;0.226;NEOWISE;WISE(W2);NEOWISE
60162.56151359;15.542;0.218;NEOWISE;WISE(W1);NEOWISE
60162.56164095;15.407;0.161;NEOWISE;WISE(W1);NEOWISE
60162.62632844;14.566;0.324;NEOWISE;WISE(W2);NEOWISE
60162.62632844;14.985;0.119;NEOWISE;WISE(W1);NEOWISE
60162.6264558;14.656;0.467;NEOWISE;WISE(W2);NEOWISE
60162.6264558;15.346;0.142;NEOWISE;WISE(W1);NEOWISE
60162.69127071;15.231;0.131;NEOWISE;WISE(W1);NEOWISE
60162.69127071;14.588;0.363;NEOWISE;WISE(W2);NEOWISE
60162.7560856;15.57;0.172;NEOWISE;WISE(W1);NEOWISE
60162.82090059;15.226;0.137;NEOWISE;WISE(W1);NEOWISE
60162.82090059;14.744;0.411;NEOWISE;WISE(W2);NEOWISE
60162.95053044;14.658;0.459;NEOWISE;WISE(W2);NEOWISE
60162.95053044;15.266;0.14;NEOWISE;WISE(W1);NEOWISE
60163.0801609;15.718;0.228;NEOWISE;WISE(W1);NEOWISE
60163.20979074;15.315;0.162;NEOWISE;WISE(W1);NEOWISE
60165.09006081;14.896;0.448;NEOWISE;WISE(W2);NEOWISE
60165.09006081;15.284;0.169;NEOWISE;WISE(W1);NEOWISE
60165.21969071;15.258;0.146;NEOWISE;WISE(W1);NEOWISE
60165.21969071;14.488;0.32;NEOWISE;WISE(W2);NEOWISE
60165.34932054;15.147;0.124;NEOWISE;WISE(W1);NEOWISE
60165.47895039;15.401;0.232;NEOWISE;WISE(W1);NEOWISE
60165.47895039;14.316;0.407;NEOWISE;WISE(W2);NEOWISE
60165.60858019;14.761;0.383;NEOWISE;WISE(W2);NEOWISE
60165.60858019;16.021;0.416;NEOWISE;WISE(W1);NEOWISE
60165.67339514;15.11;0.124;NEOWISE;WISE(W1);NEOWISE
60165.73820999;14.801;0.354;NEOWISE;WISE(W2);NEOWISE
60165.73820999;15.499;0.205;NEOWISE;WISE(W1);NEOWISE
60165.80302498;14.608;0.361;NEOWISE;WISE(W2);NEOWISE
60165.80302498;14.805;0.112;NEOWISE;WISE(W1);NEOWISE
60165.93265483;14.677;0.508;NEOWISE;WISE(W2);NEOWISE
60165.93265483;15.247;0.145;NEOWISE;WISE(W1);NEOWISE
60166.06228472;15.206;0.142;NEOWISE;WISE(W1);NEOWISE
60166.06228472;14.768;0.453;NEOWISE;WISE(W2);NEOWISE
60166.19191461;14.797;0.41;NEOWISE;WISE(W2);NEOWISE
60166.19191461;14.723;0.128;NEOWISE;WISE(W1);NEOWISE
60171.4204514;20.075449;0.129759833;ZTF;ZTF(zr);ZTF
60174.4632523;20.0433426;0.127009392;ZTF;ZTF(zr);ZTF
60182.3820949;20.5879517;0.171327114;ZTF;ZTF(zg);ZTF
60182.4617361;20.1289864;0.13440682;ZTF;ZTF(zr);ZTF
60184.4794213;20.0284386;0.125742868;ZTF;ZTF(zr);ZTF
60186.4326505;19.9547195;0.119580723;ZTF;ZTF(zr);ZTF
60193.4397569;20.0917282;0.131165192;ZTF;ZTF(zr);ZTF
60196.4237847;20.3769112;0.156518325;ZTF;ZTF(zr);ZTF
60201.4350347;20.2034187;0.140972823;ZTF;ZTF(zr);ZTF
60201.4860301;21.246357;0.227814198;ZTF;ZTF(zg);ZTF
60203.3997801;21.2785587;0.230576873;ZTF;ZTF(zg);ZTF
60203.4677546;20.0411034;0.126818717;ZTF;ZTF(zr);ZTF
60205.4021528;20.0920258;0.131190985;ZTF;ZTF(zr);ZTF
60205.4449884;21.4047413;0.241402626;ZTF;ZTF(zg);ZTF
60207.3852894;20.1474342;0.136023998;ZTF;ZTF(zr);ZTF
60207.454838;21.0820885;0.213720918;ZTF;ZTF(zg);ZTF
60211.4018056;21.044323;0.210480928;ZTF;ZTF(zg);ZTF
60213.4788426;20.0579205;0.128254682;ZTF;ZTF(zr);ZTF
60221.4200116;19.7473373;0.0936913937;ZTF;ZTF(zg);ZTF
60223.3374421;20.6199913;0.174075842;ZTF;ZTF(zg);ZTF
60223.4457755;20.1561394;0.136789531;ZTF;ZTF(zr);ZTF
60225.4424769;20.1046867;0.132288739;ZTF;ZTF(zr);ZTF
60228.3928241;21.0184631;0.208262324;ZTF;ZTF(zg);ZTF
60228.4365972;20.0850582;0.130588442;ZTF;ZTF(zr);ZTF
60231.4027546;20.127285;0.134257987;ZTF;ZTF(zr);ZTF
60233.3806134;21.0706825;0.212742448;ZTF;ZTF(zg);ZTF
60233.4445718;19.9458084;0.118848115;ZTF;ZTF(zr);ZTF
60235.4066898;21.0775757;0.213333845;ZTF;ZTF(zg);ZTF
60235.421956;20.0977974;0.1316908;ZTF;ZTF(zr);ZTF
60237.3344097;20.1263142;0.134173185;ZTF;ZTF(zr);ZTF
60239.3672106;20.0351639;0.126313597;ZTF;ZTF(zr);ZTF
60244.2970486;19.9569836;0.119767286;ZTF;ZTF(zr);ZTF
60251.380706;20.0348091;0.126283422;ZTF;ZTF(zr);ZTF
60253.3043403;20.0614586;0.128557816;ZTF;ZTF(zr);ZTF
60257.2568519;19.2934017;0.0737526268;ZTF;ZTF(zr);ZTF
60259.3396296;19.9822083;0.121857785;ZTF;ZTF(zr);ZTF
60261.3326852;20.7898216;0.188646317;ZTF;ZTF(zg);ZTF
60263.3618056;20.0646248;0.12882936;ZTF;ZTF(zr);ZTF
60284.1796759;20.1880341;0.139607176;ZTF;ZTF(zr);ZTF
60288.2112153;19.9647408;0.120407969;ZTF;ZTF(zr);ZTF
60290.204294;20.1145077;0.133143038;ZTF;ZTF(zr);ZTF
60295.2781944;20.1669292;0.137740493;ZTF;ZTF(zr);ZTF
60314.1375;20.1219654;0.133793354;ZTF;ZTF(zr);ZTF
60314.2159491;20.927702;0.200475574;ZTF;ZTF(zg);ZTF
60321.1826505;20.0886688;0.130900577;ZTF;ZTF(zr);ZTF
60325.2008796;19.9483566;0.119057365;ZTF;ZTF(zr);ZTF
60327.1504167;20.1960411;0.140317559;ZTF;ZTF(zr);ZTF
60341.151875;20.1948223;0.140209407;ZTF;ZTF(zr);ZTF
60352.2015625;19.890213;0.114340626;ZTF;ZTF(zr);ZTF
