MJD;Magnitude;Error;Facility;Filter;Observer
51035.99170000013;13.324;0.082;2MASS;2MASS(H);2MASS
51035.99170000013;14.074;0.074;2MASS;2MASS(J);2MASS
51035.99170000013;12.902;0.07;2MASS;2MASS(K);2MASS
55257.8155579;11.569;0.031;ALLWISE;WISE(W2);ALLWISE
55257.8155579;11.456;0.026;ALLWISE;WISE(W1);ALLWISE
55257.947862;11.598;0.033;ALLWISE;WISE(W2);ALLWISE
55257.947862;11.558;0.026;ALLWISE;WISE(W1);ALLWISE
55258.0801661;11.661;0.036;ALLWISE;WISE(W2);ALLWISE
55258.0801661;11.543;0.026;ALLWISE;WISE(W1);ALLWISE
55258.1462545;11.647;0.033;ALLWISE;WISE(W2);ALLWISE
55258.1462545;11.523;0.034;ALLWISE;WISE(W1);ALLWISE
55258.1463818;11.546;0.024;ALLWISE;WISE(W1);ALLWISE
55258.1463818;11.64;0.035;ALLWISE;WISE(W2);ALLWISE
55258.2124701;11.469;0.024;ALLWISE;WISE(W1);ALLWISE
55258.2124701;11.675;0.033;ALLWISE;WISE(W2);ALLWISE
55258.2786858;11.611;0.032;ALLWISE;WISE(W2);ALLWISE
55258.2786858;11.564;0.026;ALLWISE;WISE(W1);ALLWISE
55258.3447741;11.499;0.028;ALLWISE;WISE(W1);ALLWISE
55258.3447741;11.704;0.042;ALLWISE;WISE(W2);ALLWISE
55258.4109899;11.527;0.025;ALLWISE;WISE(W1);ALLWISE
55258.4109899;11.717;0.041;ALLWISE;WISE(W2);ALLWISE
55258.4770782;11.647;0.036;ALLWISE;WISE(W2);ALLWISE
55258.4770782;11.429;0.024;ALLWISE;WISE(W1);ALLWISE
55258.4772056;11.567;0.028;ALLWISE;WISE(W1);ALLWISE
55258.4772056;11.659;0.036;ALLWISE;WISE(W2);ALLWISE
55258.5432939;11.704;0.034;ALLWISE;WISE(W2);ALLWISE
55258.5432939;11.575;0.025;ALLWISE;WISE(W1);ALLWISE
55258.675598;11.629;0.038;ALLWISE;WISE(W2);ALLWISE
55258.675598;11.628;0.024;ALLWISE;WISE(W1);ALLWISE
55258.8079021;11.531;0.03;ALLWISE;WISE(W2);ALLWISE
55258.8079021;11.478;0.03;ALLWISE;WISE(W1);ALLWISE
55258.9403335;11.489;0.029;ALLWISE;WISE(W1);ALLWISE
55258.9403335;11.601;0.037;ALLWISE;WISE(W2);ALLWISE
55262.7777804;11.468;0.025;ALLWISE;WISE(W1);ALLWISE
55262.7777804;11.598;0.033;ALLWISE;WISE(W2);ALLWISE
55439.4869999;11.623;0.028;ALLWISE;WISE(W1);ALLWISE
55439.4869999;11.779;0.035;ALLWISE;WISE(W2);ALLWISE
55439.6193041;11.694;0.04;ALLWISE;WISE(W2);ALLWISE
55439.6193041;11.649;0.03;ALLWISE;WISE(W1);ALLWISE
55439.7516083;11.824;0.047;ALLWISE;WISE(W2);ALLWISE
55439.7516083;11.612;0.026;ALLWISE;WISE(W1);ALLWISE
55439.8839125;11.719;0.038;ALLWISE;WISE(W2);ALLWISE
55439.8839125;11.638;0.029;ALLWISE;WISE(W1);ALLWISE
55439.9500009;11.508;0.027;ALLWISE;WISE(W1);ALLWISE
55439.9500009;11.806;0.038;ALLWISE;WISE(W2);ALLWISE
55440.0162167;11.514;0.029;ALLWISE;WISE(W1);ALLWISE
55440.0162167;11.756;0.037;ALLWISE;WISE(W2);ALLWISE
55440.0823051;11.611;0.031;ALLWISE;WISE(W1);ALLWISE
55440.0823051;11.725;0.037;ALLWISE;WISE(W2);ALLWISE
55440.1483935;11.743;0.039;ALLWISE;WISE(W2);ALLWISE
55440.1483935;11.48;0.032;ALLWISE;WISE(W1);ALLWISE
55440.1485209;11.69;0.038;ALLWISE;WISE(W2);ALLWISE
55440.1485209;11.327;0.038;ALLWISE;WISE(W1);ALLWISE
55440.2146093;11.641;0.028;ALLWISE;WISE(W1);ALLWISE
55440.2146093;11.684;0.037;ALLWISE;WISE(W2);ALLWISE
55440.2806977;11.56;0.035;ALLWISE;WISE(W2);ALLWISE
55440.2806977;11.449;0.031;ALLWISE;WISE(W1);ALLWISE
55440.3469135;11.695;0.037;ALLWISE;WISE(W2);ALLWISE
55440.3469135;11.78;0.036;ALLWISE;WISE(W1);ALLWISE
55440.4792177;11.665;0.035;ALLWISE;WISE(W1);ALLWISE
55440.4792177;11.713;0.039;ALLWISE;WISE(W2);ALLWISE
55440.6113945;11.429;0.027;ALLWISE;WISE(W1);ALLWISE
55440.6113945;11.649;0.037;ALLWISE;WISE(W2);ALLWISE
55440.7436987;11.685;0.037;ALLWISE;WISE(W2);ALLWISE
55440.7436987;11.482;0.023;ALLWISE;WISE(W1);ALLWISE
56722.34420536;11.405;0.018;NEOWISE;WISE(W1);NEOWISE
56722.34420536;11.695;0.029;NEOWISE;WISE(W2);NEOWISE
56722.47600006;11.483;0.017;NEOWISE;WISE(W1);NEOWISE
56722.47600006;11.662;0.028;NEOWISE;WISE(W2);NEOWISE
56722.60766734;11.7;0.029;NEOWISE;WISE(W2);NEOWISE
56722.60766734;11.496;0.017;NEOWISE;WISE(W1);NEOWISE
56722.673501;11.445;0.016;NEOWISE;WISE(W1);NEOWISE
56722.673501;11.614;0.027;NEOWISE;WISE(W2);NEOWISE
56722.73933466;11.777;0.04;NEOWISE;WISE(W2);NEOWISE
56722.73933466;11.572;0.023;NEOWISE;WISE(W1);NEOWISE
56722.80529568;11.705;0.028;NEOWISE;WISE(W2);NEOWISE
56722.80529568;11.436;0.018;NEOWISE;WISE(W1);NEOWISE
56722.87112992;11.623;0.02;NEOWISE;WISE(W1);NEOWISE
56722.87112992;11.787;0.031;NEOWISE;WISE(W2);NEOWISE
56722.93696359;11.464;0.016;NEOWISE;WISE(W1);NEOWISE
56722.93696359;11.551;0.029;NEOWISE;WISE(W2);NEOWISE
56723.00279725;11.513;0.018;NEOWISE;WISE(W1);NEOWISE
56723.00279725;11.804;0.03;NEOWISE;WISE(W2);NEOWISE
56723.06863086;11.751;0.031;NEOWISE;WISE(W2);NEOWISE
56723.06863086;11.479;0.019;NEOWISE;WISE(W1);NEOWISE
56723.20042556;11.769;0.042;NEOWISE;WISE(W2);NEOWISE
56723.20042556;11.612;0.018;NEOWISE;WISE(W1);NEOWISE
56723.33209288;11.713;0.029;NEOWISE;WISE(W2);NEOWISE
56723.33209288;11.449;0.02;NEOWISE;WISE(W1);NEOWISE
56723.46376021;11.551;0.019;NEOWISE;WISE(W1);NEOWISE
56723.46376021;11.69;0.032;NEOWISE;WISE(W2);NEOWISE
56901.61461368;11.622;0.047;NEOWISE;WISE(W2);NEOWISE
56901.61461368;11.586;0.02;NEOWISE;WISE(W1);NEOWISE
56901.74615396;11.569;0.022;NEOWISE;WISE(W1);NEOWISE
56901.74615396;11.809;0.031;NEOWISE;WISE(W2);NEOWISE
56901.81198774;11.611;0.021;NEOWISE;WISE(W1);NEOWISE
56901.81198774;11.719;0.03;NEOWISE;WISE(W2);NEOWISE
56901.87769413;11.785;0.03;NEOWISE;WISE(W2);NEOWISE
56901.87769413;11.545;0.02;NEOWISE;WISE(W1);NEOWISE
56901.94352793;11.542;0.021;NEOWISE;WISE(W1);NEOWISE
56901.94352793;11.798;0.038;NEOWISE;WISE(W2);NEOWISE
56902.00923435;11.437;0.018;NEOWISE;WISE(W1);NEOWISE
56902.00923435;11.811;0.045;NEOWISE;WISE(W2);NEOWISE
56902.00936171;11.641;0.023;NEOWISE;WISE(W1);NEOWISE
56902.00936171;11.798;0.035;NEOWISE;WISE(W2);NEOWISE
56902.20660832;11.767;0.03;NEOWISE;WISE(W2);NEOWISE
56902.20660832;11.484;0.02;NEOWISE;WISE(W1);NEOWISE
56902.3381485;11.602;0.019;NEOWISE;WISE(W1);NEOWISE
56902.3381485;11.793;0.035;NEOWISE;WISE(W2);NEOWISE
56904.37721331;11.734;0.038;NEOWISE;WISE(W2);NEOWISE
56904.37721331;11.548;0.022;NEOWISE;WISE(W1);NEOWISE
56904.37734063;11.73;0.033;NEOWISE;WISE(W2);NEOWISE
56904.37734063;11.547;0.023;NEOWISE;WISE(W1);NEOWISE
56904.50887845;11.74;0.031;NEOWISE;WISE(W2);NEOWISE
56904.50887845;11.556;0.021;NEOWISE;WISE(W1);NEOWISE
56904.64029122;11.77;0.034;NEOWISE;WISE(W2);NEOWISE
56904.64029122;11.629;0.021;NEOWISE;WISE(W1);NEOWISE
56904.77183145;11.769;0.034;NEOWISE;WISE(W2);NEOWISE
56904.77183145;11.662;0.021;NEOWISE;WISE(W1);NEOWISE
56904.83766521;11.812;0.038;NEOWISE;WISE(W2);NEOWISE
56904.83766521;11.543;0.019;NEOWISE;WISE(W1);NEOWISE
56904.90337162;11.484;0.022;NEOWISE;WISE(W1);NEOWISE
56904.90337162;11.77;0.031;NEOWISE;WISE(W2);NEOWISE
56904.90349898;11.613;0.021;NEOWISE;WISE(W1);NEOWISE
56904.90349898;11.82;0.033;NEOWISE;WISE(W2);NEOWISE
56904.96920539;11.778;0.032;NEOWISE;WISE(W2);NEOWISE
56904.96920539;11.536;0.019;NEOWISE;WISE(W1);NEOWISE
56905.03503911;11.567;0.018;NEOWISE;WISE(W1);NEOWISE
56905.03503911;11.734;0.03;NEOWISE;WISE(W2);NEOWISE
56905.16657929;11.52;0.019;NEOWISE;WISE(W1);NEOWISE
56905.16657929;11.698;0.029;NEOWISE;WISE(W2);NEOWISE
56905.23228574;11.951;0.021;NEOWISE;WISE(W1);NEOWISE
56905.23228574;12.038;0.042;NEOWISE;WISE(W2);NEOWISE
56905.36382593;11.827;0.035;NEOWISE;WISE(W2);NEOWISE
56905.36382593;11.51;0.018;NEOWISE;WISE(W1);NEOWISE
56905.4953661;11.563;0.018;NEOWISE;WISE(W1);NEOWISE
56905.4953661;11.728;0.03;NEOWISE;WISE(W2);NEOWISE
57084.32265328;11.751;0.029;NEOWISE;WISE(W2);NEOWISE
57084.32265328;11.489;0.023;NEOWISE;WISE(W1);NEOWISE
57084.32278059;11.518;0.022;NEOWISE;WISE(W1);NEOWISE
57084.32278059;11.741;0.029;NEOWISE;WISE(W2);NEOWISE
57084.58535164;11.617;0.017;NEOWISE;WISE(W1);NEOWISE
57084.58535164;11.821;0.029;NEOWISE;WISE(W2);NEOWISE
57084.585479;11.826;0.031;NEOWISE;WISE(W2);NEOWISE
57084.585479;11.59;0.019;NEOWISE;WISE(W1);NEOWISE
57084.6510581;11.478;0.016;NEOWISE;WISE(W1);NEOWISE
57084.6510581;11.655;0.028;NEOWISE;WISE(W2);NEOWISE
57084.71676451;11.809;0.031;NEOWISE;WISE(W2);NEOWISE
57084.71676451;11.44;0.02;NEOWISE;WISE(W1);NEOWISE
57084.78247091;11.576;0.033;NEOWISE;WISE(W2);NEOWISE
57084.78247091;11.475;0.019;NEOWISE;WISE(W1);NEOWISE
57084.84805006;11.756;0.037;NEOWISE;WISE(W2);NEOWISE
57084.84805006;11.529;0.023;NEOWISE;WISE(W1);NEOWISE
57084.84817737;11.696;0.037;NEOWISE;WISE(W2);NEOWISE
57084.84817737;11.58;0.017;NEOWISE;WISE(W1);NEOWISE
57084.91375652;11.742;0.031;NEOWISE;WISE(W2);NEOWISE
57084.91375652;11.59;0.017;NEOWISE;WISE(W1);NEOWISE
57084.97946297;11.562;0.019;NEOWISE;WISE(W1);NEOWISE
57084.97946297;11.744;0.04;NEOWISE;WISE(W2);NEOWISE
57085.04516939;11.587;0.021;NEOWISE;WISE(W1);NEOWISE
57085.04516939;11.854;0.032;NEOWISE;WISE(W2);NEOWISE
57085.17645493;11.538;0.022;NEOWISE;WISE(W1);NEOWISE
57085.17645493;11.769;0.031;NEOWISE;WISE(W2);NEOWISE
57085.3078678;11.774;0.035;NEOWISE;WISE(W2);NEOWISE
57085.3078678;11.542;0.02;NEOWISE;WISE(W1);NEOWISE
57085.43915331;11.67;0.02;NEOWISE;WISE(W1);NEOWISE
57085.43915331;11.887;0.038;NEOWISE;WISE(W2);NEOWISE
57263.23688814;11.744;0.03;NEOWISE;WISE(W2);NEOWISE
57263.23688814;11.55;0.021;NEOWISE;WISE(W1);NEOWISE
57263.36804649;11.796;0.034;NEOWISE;WISE(W2);NEOWISE
57263.36804649;11.639;0.019;NEOWISE;WISE(W1);NEOWISE
57263.49920481;11.819;0.032;NEOWISE;WISE(W2);NEOWISE
57263.49920481;11.493;0.022;NEOWISE;WISE(W1);NEOWISE
57263.6304905;11.821;0.031;NEOWISE;WISE(W2);NEOWISE
57263.6304905;11.65;0.021;NEOWISE;WISE(W1);NEOWISE
57263.69606968;11.959;0.052;NEOWISE;WISE(W2);NEOWISE
57263.69606968;11.6;0.019;NEOWISE;WISE(W1);NEOWISE
57263.76164885;11.581;0.02;NEOWISE;WISE(W1);NEOWISE
57263.76164885;11.753;0.03;NEOWISE;WISE(W2);NEOWISE
57263.82722804;11.754;0.034;NEOWISE;WISE(W2);NEOWISE
57263.82722804;11.512;0.019;NEOWISE;WISE(W1);NEOWISE
57263.89280718;11.692;0.037;NEOWISE;WISE(W2);NEOWISE
57263.89280718;11.504;0.017;NEOWISE;WISE(W1);NEOWISE
57263.95838641;11.629;0.022;NEOWISE;WISE(W1);NEOWISE
57263.95838641;11.795;0.031;NEOWISE;WISE(W2);NEOWISE
57264.02396559;10.891;0.022;NEOWISE;WISE(W2);NEOWISE
57264.02396559;11.5;0.02;NEOWISE;WISE(W1);NEOWISE
57264.02409291;11.683;0.028;NEOWISE;WISE(W2);NEOWISE
57264.02409291;11.483;0.024;NEOWISE;WISE(W1);NEOWISE
57264.08967213;11.78;0.033;NEOWISE;WISE(W2);NEOWISE
57264.08967213;11.471;0.02;NEOWISE;WISE(W1);NEOWISE
57264.22083045;11.621;0.035;NEOWISE;WISE(W2);NEOWISE
57264.22083045;11.516;0.017;NEOWISE;WISE(W1);NEOWISE
57264.35198877;11.549;0.018;NEOWISE;WISE(W1);NEOWISE
57264.35198877;11.732;0.031;NEOWISE;WISE(W2);NEOWISE
57448.53155225;11.41;0.019;NEOWISE;WISE(W1);NEOWISE
57448.53155225;11.642;0.029;NEOWISE;WISE(W2);NEOWISE
57448.66258325;11.67;0.03;NEOWISE;WISE(W2);NEOWISE
57448.66258325;11.569;0.019;NEOWISE;WISE(W1);NEOWISE
57448.72816245;11.519;0.018;NEOWISE;WISE(W1);NEOWISE
57448.72816245;11.821;0.031;NEOWISE;WISE(W2);NEOWISE
57451.41551347;11.51;0.018;NEOWISE;WISE(W1);NEOWISE
57451.41551347;11.684;0.029;NEOWISE;WISE(W2);NEOWISE
57451.54654462;11.691;0.029;NEOWISE;WISE(W2);NEOWISE
57451.54654462;11.576;0.034;NEOWISE;WISE(W1);NEOWISE
57451.67770361;11.498;0.018;NEOWISE;WISE(W1);NEOWISE
57451.67770361;11.714;0.028;NEOWISE;WISE(W2);NEOWISE
57451.80873477;11.786;0.029;NEOWISE;WISE(W2);NEOWISE
57451.80873477;11.511;0.02;NEOWISE;WISE(W1);NEOWISE
57451.87431396;11.479;0.018;NEOWISE;WISE(W1);NEOWISE
57451.87431396;11.811;0.03;NEOWISE;WISE(W2);NEOWISE
57451.93989319;11.647;0.02;NEOWISE;WISE(W1);NEOWISE
57451.93989319;11.769;0.031;NEOWISE;WISE(W2);NEOWISE
57452.00534512;11.533;0.018;NEOWISE;WISE(W1);NEOWISE
57452.00534512;11.684;0.027;NEOWISE;WISE(W2);NEOWISE
57452.07092435;11.868;0.034;NEOWISE;WISE(W2);NEOWISE
57452.07092435;11.595;0.021;NEOWISE;WISE(W1);NEOWISE
57452.20208277;11.782;0.039;NEOWISE;WISE(W2);NEOWISE
57452.20208277;11.671;0.023;NEOWISE;WISE(W1);NEOWISE
57452.26753464;11.541;0.021;NEOWISE;WISE(W1);NEOWISE
57452.26753464;11.743;0.031;NEOWISE;WISE(W2);NEOWISE
57452.39869311;11.586;0.02;NEOWISE;WISE(W1);NEOWISE
57452.39869311;11.717;0.035;NEOWISE;WISE(W2);NEOWISE
57452.52972417;11.519;0.02;NEOWISE;WISE(W1);NEOWISE
57452.52972417;11.734;0.029;NEOWISE;WISE(W2);NEOWISE
57622.0545603;11.377;0.029;NEOWISE;WISE(W1);NEOWISE
57622.0545603;11.718;0.034;NEOWISE;WISE(W2);NEOWISE
57622.05468767;11.517;0.024;NEOWISE;WISE(W1);NEOWISE
57622.05468767;11.781;0.033;NEOWISE;WISE(W2);NEOWISE
57622.18559105;11.714;0.025;NEOWISE;WISE(W1);NEOWISE
57622.18559105;11.852;0.04;NEOWISE;WISE(W2);NEOWISE
57622.31662221;11.704;0.035;NEOWISE;WISE(W2);NEOWISE
57622.31662221;11.674;0.021;NEOWISE;WISE(W1);NEOWISE
57622.44765291;11.803;0.032;NEOWISE;WISE(W2);NEOWISE
57622.44765291;11.597;0.02;NEOWISE;WISE(W1);NEOWISE
57622.57868354;11.779;0.035;NEOWISE;WISE(W2);NEOWISE
57622.57868354;11.572;0.02;NEOWISE;WISE(W1);NEOWISE
57622.6442625;11.581;0.021;NEOWISE;WISE(W1);NEOWISE
57622.6442625;11.811;0.032;NEOWISE;WISE(W2);NEOWISE
57622.70971419;11.535;0.018;NEOWISE;WISE(W1);NEOWISE
57622.70971419;11.754;0.037;NEOWISE;WISE(W2);NEOWISE
57622.77529319;11.601;0.021;NEOWISE;WISE(W1);NEOWISE
57622.77529319;11.767;0.034;NEOWISE;WISE(W2);NEOWISE
57622.84074488;11.562;0.019;NEOWISE;WISE(W1);NEOWISE
57622.84074488;11.754;0.029;NEOWISE;WISE(W2);NEOWISE
57622.90632389;11.579;0.021;NEOWISE;WISE(W1);NEOWISE
57622.90632389;11.792;0.033;NEOWISE;WISE(W2);NEOWISE
57623.03722722;11.562;0.021;NEOWISE;WISE(W1);NEOWISE
57623.03722722;11.814;0.034;NEOWISE;WISE(W2);NEOWISE
57623.03735458;11.664;0.022;NEOWISE;WISE(W1);NEOWISE
57623.03735458;11.784;0.037;NEOWISE;WISE(W2);NEOWISE
57623.16825792;11.553;0.023;NEOWISE;WISE(W1);NEOWISE
57623.16825792;11.769;0.03;NEOWISE;WISE(W2);NEOWISE
57623.16838528;11.496;0.02;NEOWISE;WISE(W1);NEOWISE
57623.16838528;11.7;0.03;NEOWISE;WISE(W2);NEOWISE
57623.29928852;11.529;0.019;NEOWISE;WISE(W1);NEOWISE
57623.29928852;11.739;0.03;NEOWISE;WISE(W2);NEOWISE
57815.52648703;11.654;0.019;NEOWISE;WISE(W1);NEOWISE
57815.52648703;11.627;0.033;NEOWISE;WISE(W2);NEOWISE
57815.65751822;11.754;0.032;NEOWISE;WISE(W2);NEOWISE
57815.65751822;11.509;0.018;NEOWISE;WISE(W1);NEOWISE
57815.78842215;11.584;0.021;NEOWISE;WISE(W1);NEOWISE
57815.78842215;11.722;0.032;NEOWISE;WISE(W2);NEOWISE
57815.78854947;11.809;0.034;NEOWISE;WISE(W2);NEOWISE
57815.78854947;11.575;0.022;NEOWISE;WISE(W1);NEOWISE
57815.91945344;11.679;0.021;NEOWISE;WISE(W1);NEOWISE
57815.91945344;11.729;0.043;NEOWISE;WISE(W2);NEOWISE
57815.98490542;11.735;0.031;NEOWISE;WISE(W2);NEOWISE
57815.98490542;11.566;0.019;NEOWISE;WISE(W1);NEOWISE
57816.05048472;11.828;0.038;NEOWISE;WISE(W2);NEOWISE
57816.05048472;11.577;0.021;NEOWISE;WISE(W1);NEOWISE
57816.11593667;11.668;0.031;NEOWISE;WISE(W2);NEOWISE
57816.11593667;11.533;0.019;NEOWISE;WISE(W1);NEOWISE
57816.1813886;11.836;0.04;NEOWISE;WISE(W2);NEOWISE
57816.1813886;11.598;0.019;NEOWISE;WISE(W1);NEOWISE
57816.24684054;11.811;0.033;NEOWISE;WISE(W2);NEOWISE
57816.24684054;11.625;0.022;NEOWISE;WISE(W1);NEOWISE
57816.31241979;11.586;0.02;NEOWISE;WISE(W1);NEOWISE
57816.31241979;11.893;0.035;NEOWISE;WISE(W2);NEOWISE
57816.37787178;11.629;0.02;NEOWISE;WISE(W1);NEOWISE
57816.37787178;11.759;0.041;NEOWISE;WISE(W2);NEOWISE
57816.50877571;11.754;0.035;NEOWISE;WISE(W2);NEOWISE
57816.50877571;11.497;0.025;NEOWISE;WISE(W1);NEOWISE
57816.50890302;11.548;0.022;NEOWISE;WISE(W1);NEOWISE
57816.50890302;11.728;0.035;NEOWISE;WISE(W2);NEOWISE
57816.63980742;11.533;0.019;NEOWISE;WISE(W1);NEOWISE
57816.63980742;11.754;0.034;NEOWISE;WISE(W2);NEOWISE
57982.50431015;11.614;0.021;NEOWISE;WISE(W1);NEOWISE
57982.50431015;11.782;0.03;NEOWISE;WISE(W2);NEOWISE
57982.63521325;11.514;0.02;NEOWISE;WISE(W1);NEOWISE
57982.63521325;11.764;0.029;NEOWISE;WISE(W2);NEOWISE
57982.7661165;11.785;0.024;NEOWISE;WISE(W1);NEOWISE
57982.7661165;11.717;0.037;NEOWISE;WISE(W2);NEOWISE
57982.89714701;11.63;0.02;NEOWISE;WISE(W1);NEOWISE
57982.89714701;11.771;0.033;NEOWISE;WISE(W2);NEOWISE
57982.96259865;11.84;0.033;NEOWISE;WISE(W2);NEOWISE
57982.96259865;11.654;0.022;NEOWISE;WISE(W1);NEOWISE
57983.02805031;11.582;0.019;NEOWISE;WISE(W1);NEOWISE
57983.02805031;11.722;0.029;NEOWISE;WISE(W2);NEOWISE
57983.15895346;11.977;0.021;NEOWISE;WISE(W1);NEOWISE
57983.15895346;12.215;0.045;NEOWISE;WISE(W2);NEOWISE
57983.22440509;11.833;0.033;NEOWISE;WISE(W2);NEOWISE
57983.22440509;11.609;0.023;NEOWISE;WISE(W1);NEOWISE
57983.28985667;11.599;0.022;NEOWISE;WISE(W1);NEOWISE
57983.28985667;11.745;0.03;NEOWISE;WISE(W2);NEOWISE
57983.28998403;11.564;0.021;NEOWISE;WISE(W1);NEOWISE
57983.28998403;11.806;0.032;NEOWISE;WISE(W2);NEOWISE
57983.3554356;11.679;0.02;NEOWISE;WISE(W1);NEOWISE
57983.3554356;11.811;0.031;NEOWISE;WISE(W2);NEOWISE
57983.617242;11.748;0.031;NEOWISE;WISE(W2);NEOWISE
57983.617242;11.58;0.018;NEOWISE;WISE(W1);NEOWISE
57983.74814524;11.788;0.029;NEOWISE;WISE(W2);NEOWISE
57983.74814524;11.56;0.023;NEOWISE;WISE(W1);NEOWISE
57983.74827262;11.563;0.022;NEOWISE;WISE(W1);NEOWISE
57983.74827262;11.782;0.031;NEOWISE;WISE(W2);NEOWISE
58179.78537446;11.74;0.033;NEOWISE;WISE(W2);NEOWISE
58179.78537446;11.54;0.017;NEOWISE;WISE(W1);NEOWISE
58179.91627877;11.742;0.029;NEOWISE;WISE(W2);NEOWISE
58179.91627877;11.545;0.019;NEOWISE;WISE(W1);NEOWISE
58180.04718309;11.741;0.031;NEOWISE;WISE(W2);NEOWISE
58180.04718309;11.522;0.019;NEOWISE;WISE(W1);NEOWISE
58180.1126353;11.693;0.029;NEOWISE;WISE(W2);NEOWISE
58180.1126353;11.551;0.018;NEOWISE;WISE(W1);NEOWISE
58180.17808741;11.532;0.019;NEOWISE;WISE(W1);NEOWISE
58180.17808741;11.763;0.031;NEOWISE;WISE(W2);NEOWISE
58180.24353957;11.685;0.029;NEOWISE;WISE(W2);NEOWISE
58180.24353957;11.488;0.019;NEOWISE;WISE(W1);NEOWISE
58180.30899163;11.571;0.022;NEOWISE;WISE(W1);NEOWISE
58180.30899163;11.857;0.034;NEOWISE;WISE(W2);NEOWISE
58180.3744438;11.718;0.036;NEOWISE;WISE(W2);NEOWISE
58180.3744438;11.568;0.019;NEOWISE;WISE(W1);NEOWISE
58180.43989595;11.817;0.036;NEOWISE;WISE(W2);NEOWISE
58180.43989595;11.576;0.021;NEOWISE;WISE(W1);NEOWISE
58180.63625238;11.586;0.019;NEOWISE;WISE(W1);NEOWISE
58180.63625238;11.75;0.033;NEOWISE;WISE(W2);NEOWISE
58180.76715665;11.874;0.038;NEOWISE;WISE(W2);NEOWISE
58180.76715665;11.568;0.02;NEOWISE;WISE(W1);NEOWISE
58180.89806097;11.541;0.021;NEOWISE;WISE(W1);NEOWISE
58180.89806097;11.825;0.032;NEOWISE;WISE(W2);NEOWISE
58343.01129079;11.433;0.023;NEOWISE;WISE(W1);NEOWISE
58343.01129079;11.666;0.034;NEOWISE;WISE(W2);NEOWISE
58343.01141815;11.488;0.022;NEOWISE;WISE(W1);NEOWISE
58343.01141815;11.687;0.035;NEOWISE;WISE(W2);NEOWISE
58343.27309728;11.536;0.02;NEOWISE;WISE(W1);NEOWISE
58343.27309728;11.718;0.037;NEOWISE;WISE(W2);NEOWISE
58343.33854889;11.707;0.03;NEOWISE;WISE(W2);NEOWISE
58343.33854889;11.566;0.019;NEOWISE;WISE(W1);NEOWISE
58343.40400054;11.875;0.042;NEOWISE;WISE(W2);NEOWISE
58343.40400054;11.48;0.021;NEOWISE;WISE(W1);NEOWISE
58343.4694522;11.694;0.037;NEOWISE;WISE(W2);NEOWISE
58343.4694522;11.46;0.02;NEOWISE;WISE(W1);NEOWISE
58343.60022801;11.653;0.03;NEOWISE;WISE(W2);NEOWISE
58343.60022801;11.482;0.022;NEOWISE;WISE(W1);NEOWISE
58343.60035537;11.455;0.024;NEOWISE;WISE(W1);NEOWISE
58343.60035537;11.759;0.031;NEOWISE;WISE(W2);NEOWISE
58343.66567962;11.629;0.028;NEOWISE;WISE(W2);NEOWISE
58343.66567962;11.482;0.018;NEOWISE;WISE(W1);NEOWISE
58343.73113124;11.582;0.021;NEOWISE;WISE(W1);NEOWISE
58343.73113124;11.686;0.033;NEOWISE;WISE(W2);NEOWISE
58343.79658285;11.41;0.018;NEOWISE;WISE(W1);NEOWISE
58343.79658285;11.652;0.028;NEOWISE;WISE(W2);NEOWISE
58343.8620345;11.468;0.018;NEOWISE;WISE(W1);NEOWISE
58343.8620345;11.684;0.032;NEOWISE;WISE(W2);NEOWISE
58343.99293833;11.406;0.018;NEOWISE;WISE(W1);NEOWISE
58343.99293833;11.665;0.028;NEOWISE;WISE(W2);NEOWISE
58344.12384161;11.497;0.022;NEOWISE;WISE(W1);NEOWISE
58344.12384161;11.648;0.029;NEOWISE;WISE(W2);NEOWISE
58350.20893377;11.553;0.039;NEOWISE;WISE(W2);NEOWISE
58350.20893377;11.561;0.021;NEOWISE;WISE(W1);NEOWISE
58546.75398367;11.59;0.02;NEOWISE;WISE(W1);NEOWISE
58546.75398367;11.8;0.03;NEOWISE;WISE(W2);NEOWISE
58546.75411098;11.722;0.029;NEOWISE;WISE(W2);NEOWISE
58546.75411098;11.586;0.022;NEOWISE;WISE(W1);NEOWISE
58546.88488723;11.487;0.018;NEOWISE;WISE(W1);NEOWISE
58546.88488723;11.689;0.03;NEOWISE;WISE(W2);NEOWISE
58547.01579075;11.678;0.035;NEOWISE;WISE(W2);NEOWISE
58547.01579075;11.561;0.037;NEOWISE;WISE(W1);NEOWISE
58547.21201872;11.508;0.018;NEOWISE;WISE(W1);NEOWISE
58547.21201872;11.673;0.029;NEOWISE;WISE(W2);NEOWISE
58547.27747047;11.627;0.035;NEOWISE;WISE(W2);NEOWISE
58547.27747047;11.575;0.019;NEOWISE;WISE(W1);NEOWISE
58547.34292223;11.557;0.02;NEOWISE;WISE(W1);NEOWISE
58547.34292223;11.628;0.035;NEOWISE;WISE(W2);NEOWISE
58547.40824668;11.752;0.036;NEOWISE;WISE(W2);NEOWISE
58547.40824668;11.516;0.021;NEOWISE;WISE(W1);NEOWISE
58547.53915015;11.513;0.02;NEOWISE;WISE(W1);NEOWISE
58547.53915015;11.701;0.039;NEOWISE;WISE(W2);NEOWISE
58547.60460186;11.864;0.036;NEOWISE;WISE(W2);NEOWISE
58547.60460186;11.556;0.019;NEOWISE;WISE(W1);NEOWISE
58547.73537807;11.806;0.033;NEOWISE;WISE(W2);NEOWISE
58547.73537807;11.65;0.025;NEOWISE;WISE(W1);NEOWISE
58547.86628159;11.803;0.038;NEOWISE;WISE(W2);NEOWISE
58547.86628159;11.533;0.02;NEOWISE;WISE(W1);NEOWISE
58547.99705779;11.565;0.025;NEOWISE;WISE(W1);NEOWISE
58547.99718515;11.788;0.032;NEOWISE;WISE(W2);NEOWISE
58547.99718515;11.455;0.022;NEOWISE;WISE(W1);NEOWISE
58710.05093301;11.545;0.023;NEOWISE;WISE(W1);NEOWISE
58710.05093301;11.685;0.037;NEOWISE;WISE(W2);NEOWISE
58710.18170882;11.798;0.033;NEOWISE;WISE(W2);NEOWISE
58710.18170882;11.576;0.02;NEOWISE;WISE(W1);NEOWISE
58710.31248514;11.692;0.03;NEOWISE;WISE(W2);NEOWISE
58710.31248514;11.562;0.023;NEOWISE;WISE(W1);NEOWISE
58710.3126125;11.843;0.041;NEOWISE;WISE(W2);NEOWISE
58710.3126125;11.531;0.022;NEOWISE;WISE(W1);NEOWISE
58710.44338836;11.784;0.039;NEOWISE;WISE(W2);NEOWISE
58710.44338836;11.603;0.019;NEOWISE;WISE(W1);NEOWISE
58710.50883999;11.569;0.021;NEOWISE;WISE(W1);NEOWISE
58710.50883999;11.761;0.032;NEOWISE;WISE(W2);NEOWISE
58710.57416415;11.756;0.036;NEOWISE;WISE(W2);NEOWISE
58710.57416415;11.616;0.022;NEOWISE;WISE(W1);NEOWISE
58710.63961574;11.613;0.019;NEOWISE;WISE(W1);NEOWISE
58710.63961574;11.827;0.037;NEOWISE;WISE(W2);NEOWISE
58710.70506733;11.969;0.028;NEOWISE;WISE(W1);NEOWISE
58710.70506733;11.83;0.034;NEOWISE;WISE(W2);NEOWISE
58710.77051891;11.892;0.038;NEOWISE;WISE(W2);NEOWISE
58710.77051891;11.537;0.02;NEOWISE;WISE(W1);NEOWISE
58710.83584317;11.553;0.019;NEOWISE;WISE(W1);NEOWISE
58710.83584317;11.742;0.037;NEOWISE;WISE(W2);NEOWISE
58710.90129476;11.628;0.02;NEOWISE;WISE(W1);NEOWISE
58710.90129476;11.82;0.036;NEOWISE;WISE(W2);NEOWISE
58710.96674639;11.465;0.025;NEOWISE;WISE(W1);NEOWISE
58710.96674639;11.716;0.033;NEOWISE;WISE(W2);NEOWISE
58711.03207061;11.755;0.028;NEOWISE;WISE(W2);NEOWISE
58711.03207061;11.561;0.021;NEOWISE;WISE(W1);NEOWISE
58711.29374963;11.493;0.018;NEOWISE;WISE(W1);NEOWISE
58711.29374963;11.781;0.031;NEOWISE;WISE(W2);NEOWISE
58911.11003303;11.571;0.018;NEOWISE;WISE(W1);NEOWISE
58911.11003303;11.752;0.03;NEOWISE;WISE(W2);NEOWISE
58911.24080922;11.531;0.019;NEOWISE;WISE(W1);NEOWISE
58911.24080922;11.676;0.029;NEOWISE;WISE(W2);NEOWISE
58911.37171274;11.776;0.037;NEOWISE;WISE(W2);NEOWISE
58911.37171274;11.621;0.021;NEOWISE;WISE(W1);NEOWISE
58911.43703716;11.585;0.018;NEOWISE;WISE(W1);NEOWISE
58911.43703716;11.719;0.031;NEOWISE;WISE(W2);NEOWISE
58911.56743137;11.55;0.019;NEOWISE;WISE(W1);NEOWISE
58911.56743137;11.711;0.037;NEOWISE;WISE(W2);NEOWISE
58911.63326505;11.582;0.021;NEOWISE;WISE(W1);NEOWISE
58911.63326505;11.727;0.034;NEOWISE;WISE(W2);NEOWISE
58911.69871678;11.529;0.019;NEOWISE;WISE(W1);NEOWISE
58911.69871678;11.716;0.03;NEOWISE;WISE(W2);NEOWISE
58911.7640412;11.716;0.031;NEOWISE;WISE(W2);NEOWISE
58911.7640412;11.528;0.023;NEOWISE;WISE(W1);NEOWISE
58911.82949299;11.774;0.034;NEOWISE;WISE(W2);NEOWISE
58911.82949299;11.575;0.019;NEOWISE;WISE(W1);NEOWISE
58911.89494472;11.729;0.033;NEOWISE;WISE(W2);NEOWISE
58911.89494472;11.546;0.023;NEOWISE;WISE(W1);NEOWISE
58911.96026919;11.533;0.022;NEOWISE;WISE(W1);NEOWISE
58911.96026919;11.651;0.03;NEOWISE;WISE(W2);NEOWISE
58912.09104538;11.697;0.032;NEOWISE;WISE(W2);NEOWISE
58912.09104538;11.576;0.024;NEOWISE;WISE(W1);NEOWISE
58912.09117274;11.883;0.036;NEOWISE;WISE(W2);NEOWISE
58912.09117274;11.562;0.022;NEOWISE;WISE(W1);NEOWISE
58912.22143959;11.506;0.018;NEOWISE;WISE(W1);NEOWISE
58912.22143959;11.79;0.037;NEOWISE;WISE(W2);NEOWISE
59074.35434154;11.8;0.036;NEOWISE;WISE(W2);NEOWISE
59074.35434154;11.512;0.022;NEOWISE;WISE(W1);NEOWISE
59074.4851173;11.724;0.03;NEOWISE;WISE(W2);NEOWISE
59074.4851173;11.613;0.027;NEOWISE;WISE(W1);NEOWISE
59074.48524466;11.758;0.039;NEOWISE;WISE(W2);NEOWISE
59074.48524466;11.59;0.024;NEOWISE;WISE(W1);NEOWISE
59074.61602044;11.572;0.02;NEOWISE;WISE(W1);NEOWISE
59074.61602044;11.767;0.039;NEOWISE;WISE(W2);NEOWISE
59074.68134469;11.638;0.019;NEOWISE;WISE(W1);NEOWISE
59074.68134469;11.854;0.031;NEOWISE;WISE(W2);NEOWISE
59074.7467962;11.571;0.042;NEOWISE;WISE(W2);NEOWISE
59074.7467962;11.723;0.023;NEOWISE;WISE(W1);NEOWISE
59074.81212045;11.532;0.02;NEOWISE;WISE(W1);NEOWISE
59074.81212045;11.707;0.032;NEOWISE;WISE(W2);NEOWISE
59074.87757203;11.753;0.035;NEOWISE;WISE(W2);NEOWISE
59074.87757203;11.64;0.019;NEOWISE;WISE(W1);NEOWISE
59074.94289623;11.586;0.021;NEOWISE;WISE(W1);NEOWISE
59074.94289623;11.741;0.035;NEOWISE;WISE(W2);NEOWISE
59075.00834784;11.55;0.018;NEOWISE;WISE(W1);NEOWISE
59075.00834784;11.728;0.034;NEOWISE;WISE(W2);NEOWISE
59075.07367208;11.759;0.032;NEOWISE;WISE(W2);NEOWISE
59075.07367208;11.621;0.026;NEOWISE;WISE(W1);NEOWISE
59075.13912366;11.757;0.033;NEOWISE;WISE(W2);NEOWISE
59075.13912366;11.604;0.02;NEOWISE;WISE(W1);NEOWISE
59075.33535094;11.557;0.038;NEOWISE;WISE(W2);NEOWISE
59075.33535094;11.609;0.02;NEOWISE;WISE(W1);NEOWISE
59075.46612671;11.708;0.033;NEOWISE;WISE(W2);NEOWISE
59075.46612671;11.53;0.019;NEOWISE;WISE(W1);NEOWISE
59075.59690243;11.534;0.02;NEOWISE;WISE(W1);NEOWISE
59075.59690243;11.726;0.031;NEOWISE;WISE(W2);NEOWISE
59275.2068683;11.534;0.018;NEOWISE;WISE(W1);NEOWISE
59275.2068683;11.688;0.029;NEOWISE;WISE(W2);NEOWISE
59275.3376444;11.531;0.019;NEOWISE;WISE(W1);NEOWISE
59275.3376444;11.799;0.038;NEOWISE;WISE(W2);NEOWISE
59275.46829324;11.737;0.03;NEOWISE;WISE(W2);NEOWISE
59275.46829324;11.59;0.018;NEOWISE;WISE(W1);NEOWISE
59275.5990694;11.734;0.032;NEOWISE;WISE(W2);NEOWISE
59275.5990694;11.478;0.02;NEOWISE;WISE(W1);NEOWISE
59275.66452113;11.669;0.032;NEOWISE;WISE(W2);NEOWISE
59275.66452113;11.515;0.02;NEOWISE;WISE(W1);NEOWISE
59275.7298456;11.768;0.033;NEOWISE;WISE(W2);NEOWISE
59275.7298456;11.571;0.02;NEOWISE;WISE(W1);NEOWISE
59275.79517001;11.703;0.03;NEOWISE;WISE(W2);NEOWISE
59275.79517001;11.47;0.02;NEOWISE;WISE(W1);NEOWISE
59275.86062175;11.786;0.035;NEOWISE;WISE(W2);NEOWISE
59275.86062175;11.552;0.02;NEOWISE;WISE(W1);NEOWISE
59275.92594622;11.5;0.018;NEOWISE;WISE(W1);NEOWISE
59275.92594622;11.702;0.04;NEOWISE;WISE(W2);NEOWISE
59275.99127064;11.543;0.024;NEOWISE;WISE(W1);NEOWISE
59275.99127064;11.642;0.035;NEOWISE;WISE(W2);NEOWISE
59275.99139795;11.715;0.034;NEOWISE;WISE(W2);NEOWISE
59275.99139795;11.463;0.026;NEOWISE;WISE(W1);NEOWISE
59276.05672242;11.814;0.035;NEOWISE;WISE(W2);NEOWISE
59276.05672242;11.56;0.02;NEOWISE;WISE(W1);NEOWISE
59276.31814745;11.697;0.031;NEOWISE;WISE(W2);NEOWISE
59276.31814745;11.481;0.023;NEOWISE;WISE(W1);NEOWISE
59276.31827477;11.874;0.036;NEOWISE;WISE(W2);NEOWISE
59276.31827477;11.546;0.021;NEOWISE;WISE(W1);NEOWISE
59279.32587296;11.773;0.037;NEOWISE;WISE(W2);NEOWISE
59279.32587296;11.506;0.026;NEOWISE;WISE(W1);NEOWISE
59438.49915859;11.697;0.041;NEOWISE;WISE(W2);NEOWISE
59438.49915859;11.627;0.023;NEOWISE;WISE(W1);NEOWISE
59438.62980704;11.664;0.048;NEOWISE;WISE(W2);NEOWISE
59438.62980704;11.553;0.021;NEOWISE;WISE(W1);NEOWISE
59438.76058284;11.661;0.025;NEOWISE;WISE(W1);NEOWISE
59438.76058284;11.791;0.036;NEOWISE;WISE(W2);NEOWISE
59438.82590709;11.562;0.021;NEOWISE;WISE(W1);NEOWISE
59438.82590709;11.896;0.036;NEOWISE;WISE(W2);NEOWISE
59438.89123137;11.919;0.045;NEOWISE;WISE(W2);NEOWISE
59438.89123137;11.591;0.02;NEOWISE;WISE(W1);NEOWISE
59438.95655564;11.628;0.022;NEOWISE;WISE(W1);NEOWISE
59438.95655564;11.559;0.038;NEOWISE;WISE(W2);NEOWISE
59439.02187985;11.68;0.022;NEOWISE;WISE(W1);NEOWISE
59439.02187985;11.8;0.035;NEOWISE;WISE(W2);NEOWISE
59439.02200721;11.661;0.022;NEOWISE;WISE(W1);NEOWISE
59439.02200721;11.812;0.039;NEOWISE;WISE(W2);NEOWISE
59439.08733148;11.785;0.043;NEOWISE;WISE(W2);NEOWISE
59439.08733148;11.564;0.021;NEOWISE;WISE(W1);NEOWISE
59439.21797992;11.798;0.027;NEOWISE;WISE(W1);NEOWISE
59439.21797992;11.695;0.033;NEOWISE;WISE(W2);NEOWISE
59439.28330419;11.523;0.021;NEOWISE;WISE(W1);NEOWISE
59439.28330419;11.742;0.032;NEOWISE;WISE(W2);NEOWISE
59439.28343155;11.629;0.028;NEOWISE;WISE(W1);NEOWISE
59439.28343155;11.839;0.033;NEOWISE;WISE(W2);NEOWISE
59439.34875581;11.622;0.02;NEOWISE;WISE(W1);NEOWISE
59439.34875581;11.796;0.035;NEOWISE;WISE(W2);NEOWISE
59439.61018015;11.541;0.019;NEOWISE;WISE(W1);NEOWISE
59439.61018015;11.733;0.035;NEOWISE;WISE(W2);NEOWISE
59443.46558516;11.567;0.019;NEOWISE;WISE(W1);NEOWISE
59443.46558516;11.835;0.033;NEOWISE;WISE(W2);NEOWISE
59618.040051;16.407;0.026;ATLAS;ATLAS(c);ATLAS
59618.043292;17.819;0.282;ATLAS;ATLAS(c);ATLAS
59618.050395;16.415;0.025;ATLAS;ATLAS(c);ATLAS
59622.112795;16.254;0.017;ATLAS;ATLAS(c);ATLAS
59622.116884;16.237;0.019;ATLAS;ATLAS(c);ATLAS
59622.122109;16.165;0.02;ATLAS;ATLAS(c);ATLAS
59622.129178;16.172;0.022;ATLAS;ATLAS(c);ATLAS
59628.302264;15.92;0.02;ATLAS;ATLAS(o);ATLAS
59628.311925;15.92;0.025;ATLAS;ATLAS(o);ATLAS
59628.315118;15.773;0.021;ATLAS;ATLAS(o);ATLAS
59628.332323;15.891;0.023;ATLAS;ATLAS(o);ATLAS
59632.355545;15.817;0.017;ATLAS;ATLAS(o);ATLAS
59632.358287;15.576;0.015;ATLAS;ATLAS(o);ATLAS
59632.364275;15.778;0.018;ATLAS;ATLAS(o);ATLAS
59632.384545;15.808;0.017;ATLAS;ATLAS(o);ATLAS
59636.359118;15.151;0.016;ATLAS;ATLAS(o);ATLAS
59636.368681;15.087;0.014;ATLAS;ATLAS(o);ATLAS
59636.372915;15.085;0.014;ATLAS;ATLAS(o);ATLAS
59636.376526;15.775;0.011;ATLAS;ATLAS(o);ATLAS
59636.384082;15.305;0.014;ATLAS;ATLAS(o);ATLAS
59636.3859;15.918;0.013;ATLAS;ATLAS(o);ATLAS
59638.340489;15.919;0.016;ATLAS;ATLAS(o);ATLAS
59638.343213;15.926;0.015;ATLAS;ATLAS(o);ATLAS
59638.352745;15.941;0.015;ATLAS;ATLAS(o);ATLAS
59638.3793;15.924;0.015;ATLAS;ATLAS(o);ATLAS
59639.338262;16.545;0.02;ATLAS;ATLAS(c);ATLAS
59639.341217;16.558;0.023;ATLAS;ATLAS(c);ATLAS
59639.351299;16.572;0.023;ATLAS;ATLAS(c);ATLAS
59639.363099;16.715;0.022;ATLAS;ATLAS(c);ATLAS
59640.327714;16.626;0.022;ATLAS;ATLAS(c);ATLAS
59640.330455;16.575;0.02;ATLAS;ATLAS(c);ATLAS
59640.337288;16.621;0.021;ATLAS;ATLAS(c);ATLAS
59640.348573;16.567;0.019;ATLAS;ATLAS(c);ATLAS
59641.329171;15.987;0.016;ATLAS;ATLAS(o);ATLAS
59641.331897;16.015;0.019;ATLAS;ATLAS(o);ATLAS
59641.337362;15.993;0.018;ATLAS;ATLAS(o);ATLAS
59641.349251;16.005;0.018;ATLAS;ATLAS(o);ATLAS
59642.046876;15.294;0.012;ATLAS;ATLAS(o);ATLAS
59642.061589;15.538;0.013;ATLAS;ATLAS(o);ATLAS
59642.20856072;11.455;0.019;NEOWISE;WISE(W1);NEOWISE
59642.20856072;11.749;0.029;NEOWISE;WISE(W2);NEOWISE
59642.284676;15.964;0.017;ATLAS;ATLAS(o);ATLAS
59642.296397;15.97;0.017;ATLAS;ATLAS(o);ATLAS
59642.30137;15.949;0.016;ATLAS;ATLAS(o);ATLAS
59642.311802;15.915;0.018;ATLAS;ATLAS(o);ATLAS
59642.33971892;11.639;0.036;NEOWISE;WISE(W2);NEOWISE
59642.33971892;11.545;0.019;NEOWISE;WISE(W1);NEOWISE
59642.47024051;11.581;0.02;NEOWISE;WISE(W1);NEOWISE
59642.47024051;11.669;0.036;NEOWISE;WISE(W2);NEOWISE
59642.60089002;11.788;0.037;NEOWISE;WISE(W2);NEOWISE
59642.60089002;11.554;0.019;NEOWISE;WISE(W1);NEOWISE
59642.66621443;11.5;0.019;NEOWISE;WISE(W1);NEOWISE
59642.66621443;11.637;0.028;NEOWISE;WISE(W2);NEOWISE
59642.73153892;11.721;0.035;NEOWISE;WISE(W2);NEOWISE
59642.73153892;11.69;0.02;NEOWISE;WISE(W1);NEOWISE
59642.79686343;11.553;0.018;NEOWISE;WISE(W1);NEOWISE
59642.79686343;11.75;0.034;NEOWISE;WISE(W2);NEOWISE
59642.86218787;11.553;0.02;NEOWISE;WISE(W1);NEOWISE
59642.86218787;11.842;0.038;NEOWISE;WISE(W2);NEOWISE
59642.92751233;11.767;0.034;NEOWISE;WISE(W2);NEOWISE
59642.92751233;11.645;0.02;NEOWISE;WISE(W1);NEOWISE
59642.99270946;11.708;0.032;NEOWISE;WISE(W2);NEOWISE
59642.99270946;11.53;0.022;NEOWISE;WISE(W1);NEOWISE
59643.05803395;11.731;0.031;NEOWISE;WISE(W2);NEOWISE
59643.05803395;11.479;0.025;NEOWISE;WISE(W1);NEOWISE
59643.31933184;11.624;0.02;NEOWISE;WISE(W1);NEOWISE
59643.31933184;11.653;0.041;NEOWISE;WISE(W2);NEOWISE
59644.288752;16.703;0.021;ATLAS;ATLAS(c);ATLAS
59644.302638;16.661;0.02;ATLAS;ATLAS(c);ATLAS
59644.31199;16.759;0.024;ATLAS;ATLAS(c);ATLAS
59652.322735;16.017;0.015;ATLAS;ATLAS(o);ATLAS
59652.326563;15.992;0.015;ATLAS;ATLAS(o);ATLAS
59652.331505;15.973;0.014;ATLAS;ATLAS(o);ATLAS
59652.341362;16.036;0.017;ATLAS;ATLAS(o);ATLAS
59654.067827;15.79;0.015;ATLAS;ATLAS(o);ATLAS
59654.088321;15.777;0.013;ATLAS;ATLAS(o);ATLAS
59654.091053;15.789;0.016;ATLAS;ATLAS(o);ATLAS
59654.096061;15.762;0.014;ATLAS;ATLAS(o);ATLAS
59656.356845;16.041;0.027;ATLAS;ATLAS(o);ATLAS
59656.360867;16.058;0.023;ATLAS;ATLAS(o);ATLAS
59656.366705;15.941;0.019;ATLAS;ATLAS(o);ATLAS
59656.372155;15.977;0.021;ATLAS;ATLAS(o);ATLAS
59660.245603;16.108;0.023;ATLAS;ATLAS(o);ATLAS
59660.250583;16.089;0.019;ATLAS;ATLAS(o);ATLAS
59660.265663;16.126;0.023;ATLAS;ATLAS(o);ATLAS
59660.272803;16.122;0.025;ATLAS;ATLAS(o);ATLAS
59664.256592;16.111;0.022;ATLAS;ATLAS(o);ATLAS
59664.260788;16.089;0.018;ATLAS;ATLAS(o);ATLAS
59664.266333;15.98;0.016;ATLAS;ATLAS(o);ATLAS
59664.296646;16.05;0.019;ATLAS;ATLAS(o);ATLAS
59666.002777;16.407;0.018;ATLAS;ATLAS(c);ATLAS
59666.015576;16.491;0.021;ATLAS;ATLAS(c);ATLAS
59666.020241;16.377;0.016;ATLAS;ATLAS(c);ATLAS
59666.02301;16.383;0.02;ATLAS;ATLAS(c);ATLAS
59666.056155;16.024;0.042;ATLAS;ATLAS(o);ATLAS
59666.061704;16.015;0.016;ATLAS;ATLAS(o);ATLAS
59668.236936;15.909;0.017;ATLAS;ATLAS(o);ATLAS
59668.242397;15.718;0.014;ATLAS;ATLAS(o);ATLAS
59668.245311;15.716;0.013;ATLAS;ATLAS(o);ATLAS
59668.252269;15.769;0.015;ATLAS;ATLAS(o);ATLAS
59668.254986;15.748;0.012;ATLAS;ATLAS(o);ATLAS
59668.255445;15.772;0.014;ATLAS;ATLAS(o);ATLAS
59668.270338;15.782;0.015;ATLAS;ATLAS(o);ATLAS
59668.279138;15.791;0.014;ATLAS;ATLAS(o);ATLAS
59672.279841;15.987;0.019;ATLAS;ATLAS(o);ATLAS
59672.284905;15.935;0.015;ATLAS;ATLAS(o);ATLAS
59672.288333;15.964;0.017;ATLAS;ATLAS(o);ATLAS
59672.318583;15.909;0.015;ATLAS;ATLAS(o);ATLAS
59672.322744;15.763;0.013;ATLAS;ATLAS(o);ATLAS
59672.324109;15.699;0.012;ATLAS;ATLAS(o);ATLAS
59672.326824;15.687;0.014;ATLAS;ATLAS(o);ATLAS
59672.331806;15.769;0.015;ATLAS;ATLAS(o);ATLAS
59676.246025;16.076;0.016;ATLAS;ATLAS(o);ATLAS
59676.248737;16.081;0.017;ATLAS;ATLAS(o);ATLAS
59676.255663;16.048;0.015;ATLAS;ATLAS(o);ATLAS
59676.266808;16.121;0.015;ATLAS;ATLAS(o);ATLAS
59680.265348;16.039;0.016;ATLAS;ATLAS(o);ATLAS
59680.28286;16.076;0.017;ATLAS;ATLAS(o);ATLAS
59680.285567;16.006;0.016;ATLAS;ATLAS(o);ATLAS
59680.29098;16.052;0.017;ATLAS;ATLAS(o);ATLAS
59682.003637;15.96;0.017;ATLAS;ATLAS(o);ATLAS
59684.241327;16.068;0.024;ATLAS;ATLAS(o);ATLAS
59684.248725;16.098;0.021;ATLAS;ATLAS(o);ATLAS
59684.258737;15.995;0.019;ATLAS;ATLAS(o);ATLAS
59684.26144;16.035;0.018;ATLAS;ATLAS(o);ATLAS
59690.014433;15.992;0.02;ATLAS;ATLAS(o);ATLAS
59690.016458;15.83;0.016;ATLAS;ATLAS(o);ATLAS
59690.019574;15.966;0.021;ATLAS;ATLAS(o);ATLAS
59690.029559;15.791;0.017;ATLAS;ATLAS(o);ATLAS
59692.244141;16.013;0.018;ATLAS;ATLAS(o);ATLAS
59692.246622;15.966;0.017;ATLAS;ATLAS(o);ATLAS
59692.257075;16.033;0.023;ATLAS;ATLAS(o);ATLAS
59692.260229;15.994;0.017;ATLAS;ATLAS(o);ATLAS
59692.313743;16.168;0.022;ATLAS;ATLAS(o);ATLAS
59692.31682;16.139;0.021;ATLAS;ATLAS(o);ATLAS
59692.322407;16.158;0.023;ATLAS;ATLAS(o);ATLAS
59692.358005;16.105;0.02;ATLAS;ATLAS(o);ATLAS
59698.002403;15.705;0.012;ATLAS;ATLAS(o);ATLAS
59698.005272;15.789;0.014;ATLAS;ATLAS(o);ATLAS
59698.010884;15.805;0.016;ATLAS;ATLAS(o);ATLAS
59698.021318;15.787;0.017;ATLAS;ATLAS(o);ATLAS
59698.026047;15.741;0.012;ATLAS;ATLAS(o);ATLAS
59698.028993;15.7;0.013;ATLAS;ATLAS(o);ATLAS
59698.03486;15.718;0.013;ATLAS;ATLAS(o);ATLAS
59698.065911;15.697;0.013;ATLAS;ATLAS(o);ATLAS
59700.218896;15.994;0.015;ATLAS;ATLAS(o);ATLAS
59700.222321;16.042;0.016;ATLAS;ATLAS(o);ATLAS
59700.228963;16.098;0.02;ATLAS;ATLAS(o);ATLAS
59700.239456;15.981;0.018;ATLAS;ATLAS(o);ATLAS
59700.250729;15.688;0.014;ATLAS;ATLAS(o);ATLAS
59700.252533;15.707;0.016;ATLAS;ATLAS(o);ATLAS
59700.255477;15.747;0.016;ATLAS;ATLAS(o);ATLAS
59700.264656;15.733;0.013;ATLAS;ATLAS(o);ATLAS
59701.990848;15.769;0.017;ATLAS;ATLAS(o);ATLAS
59701.993627;15.777;0.017;ATLAS;ATLAS(o);ATLAS
59701.999662;15.777;0.014;ATLAS;ATLAS(o);ATLAS
59702.010414;15.739;0.014;ATLAS;ATLAS(o);ATLAS
59702.018944;15.715;0.013;ATLAS;ATLAS(o);ATLAS
59702.022193;15.724;0.013;ATLAS;ATLAS(o);ATLAS
59702.027402;15.863;0.016;ATLAS;ATLAS(o);ATLAS
59702.038411;15.679;0.012;ATLAS;ATLAS(o);ATLAS
59704.263636;16.028;0.018;ATLAS;ATLAS(o);ATLAS
59704.266817;16.024;0.02;ATLAS;ATLAS(o);ATLAS
59704.268169;16.021;0.018;ATLAS;ATLAS(o);ATLAS
59704.272293;15.999;0.014;ATLAS;ATLAS(o);ATLAS
59704.274094;15.973;0.017;ATLAS;ATLAS(o);ATLAS
59704.277845;15.951;0.015;ATLAS;ATLAS(o);ATLAS
59704.283923;15.988;0.019;ATLAS;ATLAS(o);ATLAS
59704.289088;16.011;0.016;ATLAS;ATLAS(o);ATLAS
59708.256884;16.061;0.018;ATLAS;ATLAS(o);ATLAS
59708.26006;16.107;0.023;ATLAS;ATLAS(o);ATLAS
59708.26736;16.084;0.02;ATLAS;ATLAS(o);ATLAS
59708.302826;16.211;0.186;ATLAS;ATLAS(o);ATLAS
59712.24485;15.852;0.312;ATLAS;ATLAS(o);ATLAS
59712.251271;16.159;0.033;ATLAS;ATLAS(o);ATLAS
59712.262471;15.81;0.084;ATLAS;ATLAS(o);ATLAS
59716.172457;15.906;0.025;ATLAS;ATLAS(o);ATLAS
59716.18315;15.873;0.026;ATLAS;ATLAS(o);ATLAS
59716.186317;15.904;0.028;ATLAS;ATLAS(o);ATLAS
59716.19433;15.893;0.024;ATLAS;ATLAS(o);ATLAS
59725.979314;15.912;0.015;ATLAS;ATLAS(o);ATLAS
59725.982045;15.91;0.016;ATLAS;ATLAS(o);ATLAS
59725.987508;15.749;0.014;ATLAS;ATLAS(o);ATLAS
59725.994816;15.884;0.014;ATLAS;ATLAS(o);ATLAS
59725.998464;15.901;0.013;ATLAS;ATLAS(o);ATLAS
59726.000309;15.792;0.013;ATLAS;ATLAS(o);ATLAS
59726.005329;15.777;0.014;ATLAS;ATLAS(o);ATLAS
59726.015453;15.893;0.015;ATLAS;ATLAS(o);ATLAS
59729.91547;15.502;0.01;ATLAS;ATLAS(o);ATLAS
59729.918784;15.671;0.018;ATLAS;ATLAS(o);ATLAS
59729.924912;15.551;0.014;ATLAS;ATLAS(o);ATLAS
59729.935468;15.637;0.014;ATLAS;ATLAS(o);ATLAS
59730.039917;15.643;0.014;ATLAS;ATLAS(o);ATLAS
59730.044403;15.681;0.014;ATLAS;ATLAS(o);ATLAS
59730.049726;15.65;0.013;ATLAS;ATLAS(o);ATLAS
59730.062424;15.645;0.013;ATLAS;ATLAS(o);ATLAS
59737.911823;15.674;0.012;ATLAS;ATLAS(o);ATLAS
59737.914616;15.732;0.014;ATLAS;ATLAS(o);ATLAS
59737.920945;15.731;0.013;ATLAS;ATLAS(o);ATLAS
59737.932692;15.661;0.013;ATLAS;ATLAS(o);ATLAS
59740.202202;16.263;0.037;ATLAS;ATLAS(o);ATLAS
59740.207168;16.112;0.038;ATLAS;ATLAS(o);ATLAS
59740.242784;16.174;0.021;ATLAS;ATLAS(o);ATLAS
59740.267767;16.162;0.02;ATLAS;ATLAS(o);ATLAS
59744.220313;15.658;0.088;ATLAS;ATLAS(o);ATLAS
59744.224106;15.949;0.146;ATLAS;ATLAS(o);ATLAS
59744.229274;15.284;0.082;ATLAS;ATLAS(o);ATLAS
59745.933878;15.413;0.018;ATLAS;ATLAS(o);ATLAS
59745.937086;15.387;0.019;ATLAS;ATLAS(o);ATLAS
59745.942167;15.379;0.02;ATLAS;ATLAS(o);ATLAS
59745.95452;15.392;0.02;ATLAS;ATLAS(o);ATLAS
59748.146921;15.91;0.027;ATLAS;ATLAS(o);ATLAS
59748.15009;15.99;0.052;ATLAS;ATLAS(o);ATLAS
59748.172525;15.988;0.125;ATLAS;ATLAS(o);ATLAS
59748.180818;16.033;0.032;ATLAS;ATLAS(o);ATLAS
59755.155813;16.744;0.034;ATLAS;ATLAS(c);ATLAS
59755.158966;16.786;0.042;ATLAS;ATLAS(c);ATLAS
59755.164373;16.863;0.052;ATLAS;ATLAS(c);ATLAS
59755.175672;16.813;0.073;ATLAS;ATLAS(c);ATLAS
59756.125254;16.109;0.029;ATLAS;ATLAS(c);ATLAS
59756.128879;16.098;0.022;ATLAS;ATLAS(c);ATLAS
59756.135347;16.139;0.041;ATLAS;ATLAS(c);ATLAS
59756.146157;16.128;0.031;ATLAS;ATLAS(c);ATLAS
59756.898768;16.344;0.015;ATLAS;ATLAS(c);ATLAS
59756.90895;16.331;0.014;ATLAS;ATLAS(c);ATLAS
59756.912815;16.339;0.016;ATLAS;ATLAS(c);ATLAS
59756.922429;16.319;0.017;ATLAS;ATLAS(c);ATLAS
59757.912734;16.371;0.015;ATLAS;ATLAS(c);ATLAS
59757.915466;16.393;0.017;ATLAS;ATLAS(c);ATLAS
59757.922396;16.38;0.017;ATLAS;ATLAS(c);ATLAS
59757.925222;16.325;0.016;ATLAS;ATLAS(c);ATLAS
59757.927959;16.3;0.016;ATLAS;ATLAS(c);ATLAS
59757.933463;16.348;0.015;ATLAS;ATLAS(c);ATLAS
59757.934395;16.338;0.017;ATLAS;ATLAS(c);ATLAS
59757.944945;16.313;0.015;ATLAS;ATLAS(c);ATLAS
59758.187896;15.93;0.014;ATLAS;ATLAS(c);ATLAS
59758.191043;16.11;0.017;ATLAS;ATLAS(c);ATLAS
59758.196939;16.228;0.016;ATLAS;ATLAS(c);ATLAS
59758.207565;16.264;0.017;ATLAS;ATLAS(c);ATLAS
59759.181353;16.663;0.024;ATLAS;ATLAS(c);ATLAS
59759.184174;16.547;0.017;ATLAS;ATLAS(c);ATLAS
59759.190538;16.64;0.019;ATLAS;ATLAS(c);ATLAS
59760.163857;16.725;0.019;ATLAS;ATLAS(c);ATLAS
59760.166573;16.805;0.021;ATLAS;ATLAS(c);ATLAS
59760.17154;16.734;0.018;ATLAS;ATLAS(c);ATLAS
59760.181828;16.761;0.018;ATLAS;ATLAS(c);ATLAS
59761.113128;16.46;0.018;ATLAS;ATLAS(c);ATLAS
59761.116419;16.386;0.014;ATLAS;ATLAS(c);ATLAS
59761.122462;16.481;0.017;ATLAS;ATLAS(c);ATLAS
59761.135408;16.519;0.015;ATLAS;ATLAS(c);ATLAS
59762.094718;16.513;0.02;ATLAS;ATLAS(c);ATLAS
59762.097889;16.495;0.019;ATLAS;ATLAS(c);ATLAS
59762.10494;16.445;0.02;ATLAS;ATLAS(c);ATLAS
59762.115631;16.475;0.018;ATLAS;ATLAS(c);ATLAS
59763.102568;16.438;0.016;ATLAS;ATLAS(c);ATLAS
59763.136645;16.475;0.017;ATLAS;ATLAS(c);ATLAS
59763.145041;16.476;0.019;ATLAS;ATLAS(c);ATLAS
59763.150084;16.48;0.017;ATLAS;ATLAS(c);ATLAS
59764.08333;16.179;0.016;ATLAS;ATLAS(c);ATLAS
59764.086484;16.213;0.015;ATLAS;ATLAS(c);ATLAS
59764.118104;16.291;0.015;ATLAS;ATLAS(c);ATLAS
59764.123514;16.233;0.015;ATLAS;ATLAS(c);ATLAS
59765.156226;16.278;0.015;ATLAS;ATLAS(c);ATLAS
59765.158955;16.286;0.018;ATLAS;ATLAS(c);ATLAS
59765.164544;16.291;0.014;ATLAS;ATLAS(c);ATLAS
59765.175017;16.331;0.019;ATLAS;ATLAS(c);ATLAS
59765.908449;15.838;0.014;ATLAS;ATLAS(o);ATLAS
59765.911233;15.894;0.016;ATLAS;ATLAS(o);ATLAS
59765.920844;15.936;0.015;ATLAS;ATLAS(o);ATLAS
59765.92595;15.91;0.016;ATLAS;ATLAS(o);ATLAS
59766.28313;16.706;0.021;ATLAS;ATLAS(c);ATLAS
59766.285971;16.681;0.024;ATLAS;ATLAS(c);ATLAS
59766.29333;16.651;0.021;ATLAS;ATLAS(c);ATLAS
59766.304188;16.704;0.023;ATLAS;ATLAS(c);ATLAS
59767.268943;16.683;0.021;ATLAS;ATLAS(c);ATLAS
59767.272167;16.716;0.022;ATLAS;ATLAS(c);ATLAS
59767.27839;16.692;0.019;ATLAS;ATLAS(c);ATLAS
59767.288535;16.66;0.022;ATLAS;ATLAS(c);ATLAS
59773.898822;15.707;0.022;ATLAS;ATLAS(o);ATLAS
59773.902063;15.707;0.023;ATLAS;ATLAS(o);ATLAS
59773.918265;15.733;0.024;ATLAS;ATLAS(o);ATLAS
59773.923723;15.744;0.026;ATLAS;ATLAS(o);ATLAS
59777.800913;15.737;0.013;ATLAS;ATLAS(o);ATLAS
59777.80412;15.735;0.014;ATLAS;ATLAS(o);ATLAS
59777.809606;15.745;0.014;ATLAS;ATLAS(o);ATLAS
59777.821113;15.712;0.013;ATLAS;ATLAS(o);ATLAS
59780.10613;15.702;0.012;ATLAS;ATLAS(o);ATLAS
59780.109309;15.718;0.014;ATLAS;ATLAS(o);ATLAS
59780.114921;15.655;0.013;ATLAS;ATLAS(o);ATLAS
59780.127232;15.709;0.012;ATLAS;ATLAS(o);ATLAS
59781.885498;15.93;0.029;ATLAS;ATLAS(o);ATLAS
59781.888281;16.081;0.036;ATLAS;ATLAS(o);ATLAS
59781.893375;15.89;0.014;ATLAS;ATLAS(o);ATLAS
59781.903457;16.043;0.035;ATLAS;ATLAS(o);ATLAS
59784.115799;15.67;0.012;ATLAS;ATLAS(o);ATLAS
59784.119515;15.684;0.014;ATLAS;ATLAS(o);ATLAS
59784.125967;15.697;0.016;ATLAS;ATLAS(o);ATLAS
59784.135712;15.727;0.015;ATLAS;ATLAS(o);ATLAS
59785.816354;16.394;0.017;ATLAS;ATLAS(c);ATLAS
59785.819999;16.434;0.016;ATLAS;ATLAS(c);ATLAS
59785.826014;16.424;0.017;ATLAS;ATLAS(c);ATLAS
59785.837456;16.523;0.018;ATLAS;ATLAS(c);ATLAS
59788.108077;15.753;0.015;ATLAS;ATLAS(o);ATLAS
59788.110799;15.653;0.014;ATLAS;ATLAS(o);ATLAS
59788.116205;15.87;0.02;ATLAS;ATLAS(o);ATLAS
59788.127167;15.781;0.016;ATLAS;ATLAS(o);ATLAS
59796.029407;15.959;0.015;ATLAS;ATLAS(o);ATLAS
59796.032134;15.805;0.017;ATLAS;ATLAS(o);ATLAS
59796.037139;15.967;0.017;ATLAS;ATLAS(o);ATLAS
59796.048184;15.972;0.02;ATLAS;ATLAS(o);ATLAS
59797.84953;15.525;0.016;ATLAS;ATLAS(o);ATLAS
59797.852923;15.528;0.015;ATLAS;ATLAS(o);ATLAS
59797.860122;15.484;0.014;ATLAS;ATLAS(o);ATLAS
59797.872081;15.476;0.016;ATLAS;ATLAS(o);ATLAS
59800.074699;15.959;0.022;ATLAS;ATLAS(o);ATLAS
59800.07744;15.969;0.021;ATLAS;ATLAS(o);ATLAS
59800.083009;16.022;0.023;ATLAS;ATLAS(o);ATLAS
59800.098549;15.988;0.02;ATLAS;ATLAS(o);ATLAS
59804.024009;15.735;0.017;ATLAS;ATLAS(o);ATLAS
59804.026726;15.779;0.017;ATLAS;ATLAS(o);ATLAS
59804.032169;15.755;0.019;ATLAS;ATLAS(o);ATLAS
59804.0417;15.819;0.019;ATLAS;ATLAS(o);ATLAS
59805.50604813;11.746;0.041;NEOWISE;WISE(W2);NEOWISE
59805.50604813;11.642;0.02;NEOWISE;WISE(W1);NEOWISE
59805.63644192;11.627;0.025;NEOWISE;WISE(W1);NEOWISE
59805.63644192;11.676;0.031;NEOWISE;WISE(W2);NEOWISE
59805.63656929;11.661;0.04;NEOWISE;WISE(W2);NEOWISE
59805.63656929;11.644;0.022;NEOWISE;WISE(W1);NEOWISE
59805.76696319;11.596;0.024;NEOWISE;WISE(W1);NEOWISE
59805.76696319;11.762;0.035;NEOWISE;WISE(W2);NEOWISE
59805.89735704;11.599;0.019;NEOWISE;WISE(W1);NEOWISE
59805.89735704;11.792;0.036;NEOWISE;WISE(W2);NEOWISE
59805.96255402;11.461;0.022;NEOWISE;WISE(W1);NEOWISE
59805.96255402;11.721;0.031;NEOWISE;WISE(W2);NEOWISE
59806.02775098;11.575;0.02;NEOWISE;WISE(W1);NEOWISE
59806.02775098;11.772;0.033;NEOWISE;WISE(W2);NEOWISE
59806.09294792;11.579;0.023;NEOWISE;WISE(W1);NEOWISE
59806.09294792;11.679;0.03;NEOWISE;WISE(W2);NEOWISE
59806.09307523;11.449;0.024;NEOWISE;WISE(W1);NEOWISE
59806.09307523;11.741;0.032;NEOWISE;WISE(W2);NEOWISE
59806.22346913;11.661;0.02;NEOWISE;WISE(W1);NEOWISE
59806.22346913;11.768;0.036;NEOWISE;WISE(W2);NEOWISE
59806.28866601;11.716;0.03;NEOWISE;WISE(W2);NEOWISE
59806.28866601;11.527;0.019;NEOWISE;WISE(W1);NEOWISE
59806.35386299;11.753;0.031;NEOWISE;WISE(W2);NEOWISE
59806.35386299;11.614;0.022;NEOWISE;WISE(W1);NEOWISE
59806.61477807;11.669;0.036;NEOWISE;WISE(W2);NEOWISE
59806.61477807;11.52;0.018;NEOWISE;WISE(W1);NEOWISE
59806.74517188;11.747;0.031;NEOWISE;WISE(W2);NEOWISE
59806.74517188;11.475;0.022;NEOWISE;WISE(W1);NEOWISE
59808.071122;17.01;0.039;ATLAS;ATLAS(c);ATLAS
59808.073852;16.564;0.041;ATLAS;ATLAS(c);ATLAS
59808.079048;16.45;0.019;ATLAS;ATLAS(c);ATLAS
59808.089493;16.471;0.017;ATLAS;ATLAS(c);ATLAS
59812.057642;16.735;0.022;ATLAS;ATLAS(c);ATLAS
59812.060794;16.697;0.02;ATLAS;ATLAS(c);ATLAS
59812.066685;16.659;0.02;ATLAS;ATLAS(c);ATLAS
59813.797918;15.7;0.014;ATLAS;ATLAS(o);ATLAS
59813.801689;15.701;0.013;ATLAS;ATLAS(o);ATLAS
59813.808141;15.72;0.016;ATLAS;ATLAS(o);ATLAS
59813.818953;15.697;0.015;ATLAS;ATLAS(o);ATLAS
59816.061793;16.727;0.022;ATLAS;ATLAS(c);ATLAS
59816.067115;16.728;0.026;ATLAS;ATLAS(c);ATLAS
59816.07031;16.734;0.028;ATLAS;ATLAS(c);ATLAS
59816.093533;16.672;0.021;ATLAS;ATLAS(c);ATLAS
59820.008869;16.553;0.018;ATLAS;ATLAS(c);ATLAS
59820.01208;16.535;0.016;ATLAS;ATLAS(c);ATLAS
59820.017554;16.564;0.019;ATLAS;ATLAS(c);ATLAS
59820.028913;16.527;0.017;ATLAS;ATLAS(c);ATLAS
59821.789272;15.117;0.014;ATLAS;ATLAS(o);ATLAS
59821.792172;15.133;0.013;ATLAS;ATLAS(o);ATLAS
59821.798091;15.21;0.012;ATLAS;ATLAS(o);ATLAS
59821.818712;15.121;0.012;ATLAS;ATLAS(o);ATLAS
59824.051594;16.072;0.019;ATLAS;ATLAS(o);ATLAS
59824.069284;15.916;0.019;ATLAS;ATLAS(o);ATLAS
59824.072004;16.081;0.02;ATLAS;ATLAS(o);ATLAS
59824.083262;16.098;0.019;ATLAS;ATLAS(o);ATLAS
59825.726999;15.896;0.019;ATLAS;ATLAS(o);ATLAS
59825.731096;15.776;0.016;ATLAS;ATLAS(o);ATLAS
59825.737034;15.731;0.014;ATLAS;ATLAS(o);ATLAS
59825.749219;15.817;0.015;ATLAS;ATLAS(o);ATLAS
59827.989715;15.717;0.015;ATLAS;ATLAS(o);ATLAS
59827.992875;15.83;0.018;ATLAS;ATLAS(o);ATLAS
59828.000797;15.853;0.019;ATLAS;ATLAS(o);ATLAS
59828.010859;15.728;0.017;ATLAS;ATLAS(o);ATLAS
59829.862221;15.809;0.019;ATLAS;ATLAS(o);ATLAS
59829.868221;15.764;0.019;ATLAS;ATLAS(o);ATLAS
59829.871468;15.734;0.019;ATLAS;ATLAS(o);ATLAS
59829.891447;15.78;0.022;ATLAS;ATLAS(o);ATLAS
59831.992869;15.586;0.019;ATLAS;ATLAS(o);ATLAS
59832.003082;15.616;0.018;ATLAS;ATLAS(o);ATLAS
59832.018533;15.698;0.018;ATLAS;ATLAS(o);ATLAS
59832.030108;15.729;0.019;ATLAS;ATLAS(o);ATLAS
59837.730411;16.441;0.02;ATLAS;ATLAS(c);ATLAS
59837.733679;16.399;0.022;ATLAS;ATLAS(c);ATLAS
59837.739201;16.386;0.017;ATLAS;ATLAS(c);ATLAS
59837.751701;16.353;0.018;ATLAS;ATLAS(c);ATLAS
59840.052501;15.3;0.012;ATLAS;ATLAS(o);ATLAS
59840.073461;15.399;0.012;ATLAS;ATLAS(o);ATLAS
59840.080379;15.346;0.014;ATLAS;ATLAS(o);ATLAS
59840.081776;15.52;0.013;ATLAS;ATLAS(o);ATLAS
59840.083146;15.305;0.012;ATLAS;ATLAS(o);ATLAS
59840.085024;15.446;0.013;ATLAS;ATLAS(o);ATLAS
59840.090531;15.506;0.017;ATLAS;ATLAS(o);ATLAS
59840.102381;15.488;0.015;ATLAS;ATLAS(o);ATLAS
59841.725861;16.532;0.03;ATLAS;ATLAS(c);ATLAS
59841.729013;16.44;0.024;ATLAS;ATLAS(c);ATLAS
59841.734431;16.44;0.018;ATLAS;ATLAS(c);ATLAS
59841.744727;16.382;0.018;ATLAS;ATLAS(c);ATLAS
59856.037891;15.482;0.02;ATLAS;ATLAS(o);ATLAS
59856.041063;15.461;0.018;ATLAS;ATLAS(o);ATLAS
59856.066359;15.65;0.017;ATLAS;ATLAS(o);ATLAS
59856.078209;15.584;0.019;ATLAS;ATLAS(o);ATLAS
59861.767922;15.564;0.035;ATLAS;ATLAS(o);ATLAS
59861.771106;15.55;0.038;ATLAS;ATLAS(o);ATLAS
59861.777577;15.519;0.037;ATLAS;ATLAS(o);ATLAS
59861.791768;15.251;0.04;ATLAS;ATLAS(o);ATLAS
59869.752382;15.769;0.019;ATLAS;ATLAS(o);ATLAS
59869.775322;15.577;0.014;ATLAS;ATLAS(o);ATLAS
59869.79155;15.634;0.02;ATLAS;ATLAS(o);ATLAS
59869.794432;15.737;0.015;ATLAS;ATLAS(o);ATLAS
59978.104082;15.688;0.013;ATLAS;ATLAS(o);ATLAS
59978.109282;15.703;0.013;ATLAS;ATLAS(o);ATLAS
59978.11347;15.728;0.016;ATLAS;ATLAS(o);ATLAS
59978.128256;15.727;0.04;ATLAS;ATLAS(o);ATLAS
59984.364943;16.0;0.021;ATLAS;ATLAS(o);ATLAS
59984.370087;15.986;0.02;ATLAS;ATLAS(o);ATLAS
59987.06054;15.964;0.021;ATLAS;ATLAS(o);ATLAS
59987.084565;15.773;0.016;ATLAS;ATLAS(o);ATLAS
59987.087785;15.83;0.016;ATLAS;ATLAS(o);ATLAS
59987.097979;15.831;0.018;ATLAS;ATLAS(o);ATLAS
60000.349083;16.727;0.024;ATLAS;ATLAS(c);ATLAS
60000.360917;16.66;0.024;ATLAS;ATLAS(c);ATLAS
60000.38053;16.732;0.024;ATLAS;ATLAS(c);ATLAS
60000.384599;16.689;0.023;ATLAS;ATLAS(c);ATLAS
60004.341008;16.631;0.021;ATLAS;ATLAS(c);ATLAS
60004.344226;16.704;0.022;ATLAS;ATLAS(c);ATLAS
60004.347002;16.585;0.021;ATLAS;ATLAS(c);ATLAS
60004.357105;16.563;0.019;ATLAS;ATLAS(c);ATLAS
60006.42176139;11.65;0.024;NEOWISE;WISE(W1);NEOWISE
60006.42176139;11.674;0.03;NEOWISE;WISE(W2);NEOWISE
60006.55177377;11.633;0.032;NEOWISE;WISE(W2);NEOWISE
60006.55177377;11.538;0.018;NEOWISE;WISE(W1);NEOWISE
60006.68191347;11.661;0.036;NEOWISE;WISE(W2);NEOWISE
60006.68191347;11.502;0.018;NEOWISE;WISE(W1);NEOWISE
60006.81205326;11.605;0.021;NEOWISE;WISE(W1);NEOWISE
60006.81205326;11.849;0.047;NEOWISE;WISE(W2);NEOWISE
60006.8769958;11.572;0.02;NEOWISE;WISE(W1);NEOWISE
60006.8769958;11.788;0.031;NEOWISE;WISE(W2);NEOWISE
60006.87712311;11.548;0.022;NEOWISE;WISE(W1);NEOWISE
60006.87712311;11.771;0.031;NEOWISE;WISE(W2);NEOWISE
60006.94206571;11.803;0.033;NEOWISE;WISE(W2);NEOWISE
60006.94206571;11.585;0.021;NEOWISE;WISE(W1);NEOWISE
60007.0071356;11.698;0.03;NEOWISE;WISE(W2);NEOWISE
60007.0071356;11.537;0.018;NEOWISE;WISE(W1);NEOWISE
60007.0722055;11.598;0.02;NEOWISE;WISE(W1);NEOWISE
60007.0722055;11.79;0.038;NEOWISE;WISE(W2);NEOWISE
60007.13727535;11.687;0.029;NEOWISE;WISE(W2);NEOWISE
60007.13727535;11.449;0.02;NEOWISE;WISE(W1);NEOWISE
60007.2023452;11.832;0.033;NEOWISE;WISE(W2);NEOWISE
60007.2023452;11.559;0.022;NEOWISE;WISE(W1);NEOWISE
60007.26728778;11.809;0.031;NEOWISE;WISE(W2);NEOWISE
60007.26728778;11.646;0.022;NEOWISE;WISE(W1);NEOWISE
60007.26741509;11.622;0.022;NEOWISE;WISE(W1);NEOWISE
60007.26741509;11.859;0.045;NEOWISE;WISE(W2);NEOWISE
60007.39742752;11.791;0.036;NEOWISE;WISE(W2);NEOWISE
60007.39742752;11.67;0.022;NEOWISE;WISE(W1);NEOWISE
60007.52756733;11.88;0.042;NEOWISE;WISE(W2);NEOWISE
60007.52756733;11.621;0.02;NEOWISE;WISE(W1);NEOWISE
60007.65757965;11.771;0.035;NEOWISE;WISE(W2);NEOWISE
60007.65757965;11.515;0.022;NEOWISE;WISE(W1);NEOWISE
60007.65770703;11.453;0.022;NEOWISE;WISE(W1);NEOWISE
60007.65770703;11.716;0.031;NEOWISE;WISE(W2);NEOWISE
60008.344864;15.998;0.02;ATLAS;ATLAS(o);ATLAS
60008.348032;15.954;0.021;ATLAS;ATLAS(o);ATLAS
60008.352096;15.971;0.025;ATLAS;ATLAS(o);ATLAS
60008.36527;16.035;0.021;ATLAS;ATLAS(o);ATLAS
60012.267213;16.08;0.028;ATLAS;ATLAS(o);ATLAS
60012.276349;16.028;0.023;ATLAS;ATLAS(o);ATLAS
60012.297669;15.963;0.022;ATLAS;ATLAS(o);ATLAS
60012.310967;16.034;0.026;ATLAS;ATLAS(o);ATLAS
60016.345616;15.953;0.02;ATLAS;ATLAS(o);ATLAS
60016.347417;15.887;0.018;ATLAS;ATLAS(o);ATLAS
60016.351048;15.918;0.023;ATLAS;ATLAS(o);ATLAS
60016.366188;15.86;0.022;ATLAS;ATLAS(o);ATLAS
60020.329627;15.927;0.014;ATLAS;ATLAS(o);ATLAS
60020.331429;15.992;0.016;ATLAS;ATLAS(o);ATLAS
60020.335043;15.961;0.018;ATLAS;ATLAS(o);ATLAS
60020.34046;15.948;0.017;ATLAS;ATLAS(o);ATLAS
60023.1006;16.429;0.016;ATLAS;ATLAS(c);ATLAS
60023.102407;16.476;0.019;ATLAS;ATLAS(c);ATLAS
60023.105564;16.466;0.02;ATLAS;ATLAS(c);ATLAS
60023.116565;16.482;0.02;ATLAS;ATLAS(c);ATLAS
60024.356478;16.022;0.016;ATLAS;ATLAS(o);ATLAS
60024.359636;16.033;0.017;ATLAS;ATLAS(o);ATLAS
60024.362801;15.968;0.015;ATLAS;ATLAS(o);ATLAS
60024.374142;15.972;0.017;ATLAS;ATLAS(o);ATLAS
60028.338963;15.804;0.016;ATLAS;ATLAS(o);ATLAS
60028.361452;15.859;0.018;ATLAS;ATLAS(o);ATLAS
60028.363315;15.809;0.016;ATLAS;ATLAS(o);ATLAS
60028.366072;15.792;0.014;ATLAS;ATLAS(o);ATLAS
60031.06489;16.388;0.016;ATLAS;ATLAS(c);ATLAS
60031.066779;16.39;0.015;ATLAS;ATLAS(c);ATLAS
60031.070026;16.409;0.019;ATLAS;ATLAS(c);ATLAS
60031.094703;16.452;0.018;ATLAS;ATLAS(c);ATLAS
60032.327122;15.804;0.017;ATLAS;ATLAS(o);ATLAS
60032.329916;15.775;0.014;ATLAS;ATLAS(o);ATLAS
60032.350656;15.865;0.016;ATLAS;ATLAS(o);ATLAS
60032.354373;15.713;0.014;ATLAS;ATLAS(o);ATLAS
60032.415107;15.908;0.025;ATLAS;ATLAS(o);ATLAS
60035.246709;15.824;0.017;ATLAS;ATLAS(o);ATLAS
60035.248527;15.823;0.015;ATLAS;ATLAS(o);ATLAS
60035.25177;15.849;0.017;ATLAS;ATLAS(o);ATLAS
60035.276804;15.843;0.014;ATLAS;ATLAS(o);ATLAS
60035.317998;15.585;0.017;ATLAS;ATLAS(o);ATLAS
60035.319821;15.552;0.016;ATLAS;ATLAS(o);ATLAS
60035.335902;15.536;0.015;ATLAS;ATLAS(o);ATLAS
60035.354582;15.445;0.013;ATLAS;ATLAS(o);ATLAS
60037.040442;15.957;0.019;ATLAS;ATLAS(o);ATLAS
60037.042705;15.82;0.015;ATLAS;ATLAS(o);ATLAS
60037.073755;15.973;0.017;ATLAS;ATLAS(o);ATLAS
60037.076593;15.95;0.017;ATLAS;ATLAS(o);ATLAS
60040.058761;16.087;0.024;ATLAS;ATLAS(o);ATLAS
60040.061552;16.036;0.022;ATLAS;ATLAS(o);ATLAS
60040.066786;16.046;0.025;ATLAS;ATLAS(o);ATLAS
60041.296362;15.838;0.023;ATLAS;ATLAS(o);ATLAS
60041.299111;15.843;0.022;ATLAS;ATLAS(o);ATLAS
60041.301868;15.905;0.025;ATLAS;ATLAS(o);ATLAS
60041.325458;15.976;0.024;ATLAS;ATLAS(o);ATLAS
60046.048124;15.887;0.017;ATLAS;ATLAS(o);ATLAS
60046.058045;15.956;0.07;ATLAS;ATLAS(o);ATLAS
60046.088244;15.924;0.019;ATLAS;ATLAS(o);ATLAS
60047.339994;15.897;0.016;ATLAS;ATLAS(o);ATLAS
60047.351892;15.848;0.015;ATLAS;ATLAS(o);ATLAS
60047.361308;15.871;0.015;ATLAS;ATLAS(o);ATLAS
60047.376922;15.889;0.018;ATLAS;ATLAS(o);ATLAS
60049.012;15.979;0.015;ATLAS;ATLAS(o);ATLAS
60049.014402;15.989;0.016;ATLAS;ATLAS(o);ATLAS
60049.042962;15.988;0.018;ATLAS;ATLAS(o);ATLAS
60049.047181;16.049;0.021;ATLAS;ATLAS(o);ATLAS
60052.065591;15.926;0.015;ATLAS;ATLAS(o);ATLAS
60052.069153;15.907;0.015;ATLAS;ATLAS(o);ATLAS
60052.07513;15.918;0.016;ATLAS;ATLAS(o);ATLAS
60052.110705;15.98;0.019;ATLAS;ATLAS(o);ATLAS
60053.338718;16.712;0.023;ATLAS;ATLAS(c);ATLAS
60053.342884;16.712;0.026;ATLAS;ATLAS(c);ATLAS
60053.38874;16.704;0.023;ATLAS;ATLAS(c);ATLAS
60053.394298;16.746;0.023;ATLAS;ATLAS(c);ATLAS
60059.364729;16.517;0.021;ATLAS;ATLAS(c);ATLAS
60059.367979;16.559;0.022;ATLAS;ATLAS(c);ATLAS
60059.373504;16.503;0.022;ATLAS;ATLAS(c);ATLAS
60059.386131;16.488;0.018;ATLAS;ATLAS(c);ATLAS
60061.056258;15.936;0.018;ATLAS;ATLAS(o);ATLAS
60061.081333;15.799;0.031;ATLAS;ATLAS(o);ATLAS
60061.084801;15.819;0.038;ATLAS;ATLAS(o);ATLAS
60061.111679;15.795;0.013;ATLAS;ATLAS(o);ATLAS
60063.983055;14.445;0.035;ATLAS;ATLAS(o);ATLAS
60063.985184;15.618;0.018;ATLAS;ATLAS(o);ATLAS
60063.988382;15.683;0.013;ATLAS;ATLAS(o);ATLAS
60064.00819;15.628;0.012;ATLAS;ATLAS(o);ATLAS
60065.309678;16.571;0.019;ATLAS;ATLAS(c);ATLAS
60065.313401;16.614;0.023;ATLAS;ATLAS(c);ATLAS
60065.319886;16.759;0.022;ATLAS;ATLAS(c);ATLAS
60065.333782;16.531;0.02;ATLAS;ATLAS(c);ATLAS
60066.981423;15.961;0.016;ATLAS;ATLAS(o);ATLAS
60066.983248;15.998;0.02;ATLAS;ATLAS(o);ATLAS
60066.986196;16.032;0.019;ATLAS;ATLAS(o);ATLAS
60066.991229;15.987;0.02;ATLAS;ATLAS(o);ATLAS
60069.948406;15.903;0.029;ATLAS;ATLAS(o);ATLAS
60069.951139;15.92;0.023;ATLAS;ATLAS(o);ATLAS
60069.957136;15.88;0.025;ATLAS;ATLAS(o);ATLAS
60069.982646;15.884;0.027;ATLAS;ATLAS(o);ATLAS
60071.255322;15.845;0.029;ATLAS;ATLAS(o);ATLAS
60071.28351;15.825;0.023;ATLAS;ATLAS(o);ATLAS
60071.30853;15.85;0.025;ATLAS;ATLAS(o);ATLAS
60071.311732;15.844;0.024;ATLAS;ATLAS(o);ATLAS
60073.003197;15.876;0.02;ATLAS;ATLAS(o);ATLAS
60073.007364;16.012;0.022;ATLAS;ATLAS(o);ATLAS
60073.01014;16.012;0.025;ATLAS;ATLAS(o);ATLAS
60073.012915;16.026;0.026;ATLAS;ATLAS(o);ATLAS
60073.043283;15.839;0.044;ATLAS;ATLAS(o);ATLAS
60073.046004;15.962;0.047;ATLAS;ATLAS(o);ATLAS
60077.205863;15.989;0.021;ATLAS;ATLAS(o);ATLAS
60077.209084;16.06;0.02;ATLAS;ATLAS(o);ATLAS
60077.211796;15.983;0.018;ATLAS;ATLAS(o);ATLAS
60077.229756;16.068;0.02;ATLAS;ATLAS(o);ATLAS
60082.024303;15.714;0.365;ATLAS;ATLAS(c);ATLAS
60083.225431;15.725;0.032;ATLAS;ATLAS(o);ATLAS
60083.228667;15.826;0.018;ATLAS;ATLAS(o);ATLAS
60083.235646;15.995;0.02;ATLAS;ATLAS(o);ATLAS
60083.254217;15.915;0.026;ATLAS;ATLAS(o);ATLAS
60085.047549;16.432;0.017;ATLAS;ATLAS(c);ATLAS
60085.071728;16.421;0.018;ATLAS;ATLAS(c);ATLAS
60085.088671;16.382;0.015;ATLAS;ATLAS(c);ATLAS
60085.091476;16.458;0.017;ATLAS;ATLAS(c);ATLAS
60087.970216;16.458;0.019;ATLAS;ATLAS(c);ATLAS
60087.973879;16.565;0.02;ATLAS;ATLAS(c);ATLAS
60087.980473;16.584;0.019;ATLAS;ATLAS(c);ATLAS
60088.008256;16.484;0.054;ATLAS;ATLAS(c);ATLAS
60088.039569;16.391;0.019;ATLAS;ATLAS(c);ATLAS
60089.212356;15.919;0.019;ATLAS;ATLAS(o);ATLAS
60089.215543;15.918;0.017;ATLAS;ATLAS(o);ATLAS
60089.2317;15.895;0.016;ATLAS;ATLAS(o);ATLAS
60089.239951;16.109;0.02;ATLAS;ATLAS(o);ATLAS
60091.003144;16.33;0.015;ATLAS;ATLAS(c);ATLAS
60091.037939;16.255;0.015;ATLAS;ATLAS(c);ATLAS
60091.042214;16.386;0.017;ATLAS;ATLAS(c);ATLAS
60091.071281;16.333;0.019;ATLAS;ATLAS(c);ATLAS
60105.903272;15.687;0.013;ATLAS;ATLAS(o);ATLAS
60105.906456;15.715;0.013;ATLAS;ATLAS(o);ATLAS
60105.91401;15.688;0.013;ATLAS;ATLAS(o);ATLAS
60105.924038;15.823;0.014;ATLAS;ATLAS(o);ATLAS
60107.155352;16.653;0.021;ATLAS;ATLAS(c);ATLAS
60107.158093;16.668;0.021;ATLAS;ATLAS(c);ATLAS
60107.163072;16.456;0.02;ATLAS;ATLAS(c);ATLAS
60107.174538;16.65;0.024;ATLAS;ATLAS(c);ATLAS
60117.897082;15.795;0.015;ATLAS;ATLAS(o);ATLAS
60117.899857;15.889;0.015;ATLAS;ATLAS(o);ATLAS
60117.905403;15.759;0.013;ATLAS;ATLAS(o);ATLAS
60117.915701;15.755;0.013;ATLAS;ATLAS(o);ATLAS
60125.129342;15.855;0.025;ATLAS;ATLAS(o);ATLAS
60125.132555;15.896;0.025;ATLAS;ATLAS(o);ATLAS
60125.139511;16.076;0.022;ATLAS;ATLAS(o);ATLAS
60125.150257;15.967;0.022;ATLAS;ATLAS(o);ATLAS
60126.885193;15.802;0.021;ATLAS;ATLAS(o);ATLAS
60126.888454;15.805;0.023;ATLAS;ATLAS(o);ATLAS
60126.893577;15.887;0.022;ATLAS;ATLAS(o);ATLAS
60126.904903;15.801;0.02;ATLAS;ATLAS(o);ATLAS
60129.901118;15.794;0.026;ATLAS;ATLAS(o);ATLAS
60129.911922;15.729;0.026;ATLAS;ATLAS(o);ATLAS
60129.915069;15.913;0.032;ATLAS;ATLAS(o);ATLAS
60129.919634;15.716;0.027;ATLAS;ATLAS(o);ATLAS
60129.922662;15.786;0.026;ATLAS;ATLAS(o);ATLAS
60129.927424;15.868;0.026;ATLAS;ATLAS(o);ATLAS
60129.928425;15.728;0.031;ATLAS;ATLAS(o);ATLAS
60129.940743;15.751;0.028;ATLAS;ATLAS(o);ATLAS
60131.14465;15.799;0.018;ATLAS;ATLAS(o);ATLAS
60131.147369;15.838;0.026;ATLAS;ATLAS(o);ATLAS
60131.153076;15.875;0.023;ATLAS;ATLAS(o);ATLAS
60131.162673;15.797;0.019;ATLAS;ATLAS(o);ATLAS
60135.918095;16.359;0.016;ATLAS;ATLAS(c);ATLAS
60135.920895;16.364;0.018;ATLAS;ATLAS(c);ATLAS
60135.923163;16.377;0.018;ATLAS;ATLAS(c);ATLAS
60135.926504;16.369;0.018;ATLAS;ATLAS(c);ATLAS
60135.927455;16.407;0.018;ATLAS;ATLAS(c);ATLAS
60135.931673;16.269;0.017;ATLAS;ATLAS(c);ATLAS
60135.937356;16.387;0.017;ATLAS;ATLAS(c);ATLAS
60135.943052;16.407;0.017;ATLAS;ATLAS(c);ATLAS
60138.851338;16.475;0.017;ATLAS;ATLAS(c);ATLAS
60138.855056;16.397;0.015;ATLAS;ATLAS(c);ATLAS
60138.862108;16.406;0.019;ATLAS;ATLAS(c);ATLAS
60138.865881;16.561;0.019;ATLAS;ATLAS(c);ATLAS
60138.869074;16.391;0.015;ATLAS;ATLAS(c);ATLAS
60138.87365;16.457;0.018;ATLAS;ATLAS(c);ATLAS
60138.875027;16.369;0.016;ATLAS;ATLAS(c);ATLAS
60138.885519;16.403;0.016;ATLAS;ATLAS(c);ATLAS
60141.827199;16.503;0.017;ATLAS;ATLAS(c);ATLAS
60141.830474;16.552;0.023;ATLAS;ATLAS(c);ATLAS
60141.855856;16.565;0.024;ATLAS;ATLAS(c);ATLAS
60141.861077;16.444;0.017;ATLAS;ATLAS(c);ATLAS
60147.847746;16.372;0.018;ATLAS;ATLAS(c);ATLAS
60147.850886;16.415;0.017;ATLAS;ATLAS(c);ATLAS
60147.861058;16.406;0.018;ATLAS;ATLAS(c);ATLAS
60147.867173;16.443;0.017;ATLAS;ATLAS(c);ATLAS
60155.094949;15.944;0.019;ATLAS;ATLAS(o);ATLAS
60155.097834;15.873;0.024;ATLAS;ATLAS(o);ATLAS
60155.103535;15.802;0.018;ATLAS;ATLAS(o);ATLAS
60155.114311;15.906;0.025;ATLAS;ATLAS(o);ATLAS
60159.834685;15.722;0.043;ATLAS;ATLAS(o);ATLAS
60159.838447;15.726;0.026;ATLAS;ATLAS(o);ATLAS
60159.852597;15.695;0.015;ATLAS;ATLAS(o);ATLAS
60159.858183;15.802;0.019;ATLAS;ATLAS(o);ATLAS
60161.093558;15.938;0.017;ATLAS;ATLAS(o);ATLAS
60161.096742;15.857;0.016;ATLAS;ATLAS(o);ATLAS
60161.102948;15.957;0.017;ATLAS;ATLAS(o);ATLAS
60161.11323;15.956;0.017;ATLAS;ATLAS(o);ATLAS
60165.812514;15.5;0.012;ATLAS;ATLAS(o);ATLAS
60165.816201;15.367;0.012;ATLAS;ATLAS(o);ATLAS
60165.835447;15.472;0.014;ATLAS;ATLAS(o);ATLAS
60165.841889;15.492;0.012;ATLAS;ATLAS(o);ATLAS
60167.074722;16.43;0.021;ATLAS;ATLAS(c);ATLAS
60167.078029;16.422;0.018;ATLAS;ATLAS(c);ATLAS
60167.084079;16.442;0.02;ATLAS;ATLAS(c);ATLAS
60167.094545;16.472;0.02;ATLAS;ATLAS(c);ATLAS
60169.6500274;11.545;0.023;NEOWISE;WISE(W1);NEOWISE
60169.6500274;11.764;0.031;NEOWISE;WISE(W2);NEOWISE
60169.77965786;11.784;0.035;NEOWISE;WISE(W2);NEOWISE
60169.77965786;11.549;0.022;NEOWISE;WISE(W1);NEOWISE
60169.9092877;11.757;0.035;NEOWISE;WISE(W2);NEOWISE
60169.9092877;11.55;0.025;NEOWISE;WISE(W1);NEOWISE
60170.03879032;11.811;0.039;NEOWISE;WISE(W2);NEOWISE
60170.03879032;11.676;0.021;NEOWISE;WISE(W1);NEOWISE
60170.10360522;11.649;0.021;NEOWISE;WISE(W1);NEOWISE
60170.10360522;11.67;0.039;NEOWISE;WISE(W2);NEOWISE
60170.16842017;11.78;0.034;NEOWISE;WISE(W2);NEOWISE
60170.16842017;11.607;0.019;NEOWISE;WISE(W1);NEOWISE
60170.23323512;11.612;0.024;NEOWISE;WISE(W1);NEOWISE
60170.23323512;11.861;0.037;NEOWISE;WISE(W2);NEOWISE
60170.29805001;11.818;0.036;NEOWISE;WISE(W2);NEOWISE
60170.29805001;11.569;0.019;NEOWISE;WISE(W1);NEOWISE
60170.36286497;11.747;0.036;NEOWISE;WISE(W2);NEOWISE
60170.36286497;11.617;0.022;NEOWISE;WISE(W1);NEOWISE
60170.42767991;11.76;0.034;NEOWISE;WISE(W2);NEOWISE
60170.42767991;11.526;0.02;NEOWISE;WISE(W1);NEOWISE
60170.6221247;11.572;0.02;NEOWISE;WISE(W1);NEOWISE
60170.6221247;11.826;0.031;NEOWISE;WISE(W2);NEOWISE
60170.75175449;11.62;0.02;NEOWISE;WISE(W1);NEOWISE
60170.75175449;10.831;0.025;NEOWISE;WISE(W2);NEOWISE
60170.88125707;11.733;0.029;NEOWISE;WISE(W2);NEOWISE
60170.88125707;11.591;0.022;NEOWISE;WISE(W1);NEOWISE
60170.88138443;11.526;0.023;NEOWISE;WISE(W1);NEOWISE
60170.88138443;11.772;0.031;NEOWISE;WISE(W2);NEOWISE
60171.788831;15.623;0.014;ATLAS;ATLAS(o);ATLAS
60171.791564;15.744;0.017;ATLAS;ATLAS(o);ATLAS
60171.796737;15.734;0.014;ATLAS;ATLAS(o);ATLAS
60171.816607;15.635;0.014;ATLAS;ATLAS(o);ATLAS
60171.820707;15.216;0.022;ATLAS;ATLAS(o);ATLAS
60171.823474;15.548;0.02;ATLAS;ATLAS(o);ATLAS
60171.828514;15.626;0.043;ATLAS;ATLAS(o);ATLAS
60171.846743;15.416;0.013;ATLAS;ATLAS(o);ATLAS
60179.055833;15.869;0.016;ATLAS;ATLAS(o);ATLAS
60179.059525;15.998;0.019;ATLAS;ATLAS(o);ATLAS
60179.065516;15.959;0.019;ATLAS;ATLAS(o);ATLAS
60179.076308;16.003;0.016;ATLAS;ATLAS(o);ATLAS
60180.803395;15.971;0.311;ATLAS;ATLAS(o);ATLAS
60180.816175;13.851;0.657;ATLAS;ATLAS(o);ATLAS
60180.834729;15.533;0.033;ATLAS;ATLAS(o);ATLAS
60180.840836;15.614;0.016;ATLAS;ATLAS(o);ATLAS
60183.75129;15.807;0.019;ATLAS;ATLAS(o);ATLAS
60183.754122;15.815;0.017;ATLAS;ATLAS(o);ATLAS
60183.759548;15.784;0.018;ATLAS;ATLAS(o);ATLAS
60183.772033;15.747;0.021;ATLAS;ATLAS(o);ATLAS
60186.793465;15.809;0.054;ATLAS;ATLAS(o);ATLAS
60186.797311;16.137;0.336;ATLAS;ATLAS(o);ATLAS
60186.802384;15.719;0.049;ATLAS;ATLAS(o);ATLAS
60186.803288;15.684;0.033;ATLAS;ATLAS(o);ATLAS
60186.805706;15.696;0.037;ATLAS;ATLAS(o);ATLAS
60186.811466;15.896;0.065;ATLAS;ATLAS(o);ATLAS
60186.822287;15.878;0.119;ATLAS;ATLAS(o);ATLAS
60186.825092;15.414;0.086;ATLAS;ATLAS(o);ATLAS
60189.742848;14.466;0.237;ATLAS;ATLAS(o);ATLAS
60189.761325;15.196;0.137;ATLAS;ATLAS(o);ATLAS
60189.764102;15.655;0.133;ATLAS;ATLAS(o);ATLAS
60189.777818;15.704;0.074;ATLAS;ATLAS(o);ATLAS
60191.038455;15.927;0.017;ATLAS;ATLAS(o);ATLAS
60191.042182;15.927;0.017;ATLAS;ATLAS(o);ATLAS
60191.054165;15.901;0.017;ATLAS;ATLAS(o);ATLAS
60191.060737;15.879;0.015;ATLAS;ATLAS(o);ATLAS
60192.738647;16.333;0.018;ATLAS;ATLAS(c);ATLAS
60192.742006;16.326;0.018;ATLAS;ATLAS(c);ATLAS
60192.752401;16.162;0.019;ATLAS;ATLAS(c);ATLAS
60192.758042;15.933;0.017;ATLAS;ATLAS(c);ATLAS
60198.763135;16.186;0.016;ATLAS;ATLAS(c);ATLAS
60198.766406;16.204;0.016;ATLAS;ATLAS(c);ATLAS
60198.773657;16.265;0.018;ATLAS;ATLAS(c);ATLAS
60198.796399;16.233;0.017;ATLAS;ATLAS(c);ATLAS
60201.780781;15.963;0.016;ATLAS;ATLAS(c);ATLAS
60201.786028;15.974;0.016;ATLAS;ATLAS(c);ATLAS
60201.806116;15.924;0.019;ATLAS;ATLAS(c);ATLAS
60201.80934;15.993;0.018;ATLAS;ATLAS(c);ATLAS
60203.032256;16.011;0.018;ATLAS;ATLAS(o);ATLAS
60203.035484;15.973;0.018;ATLAS;ATLAS(o);ATLAS
60203.041629;15.996;0.017;ATLAS;ATLAS(o);ATLAS
60203.053262;16.029;0.017;ATLAS;ATLAS(o);ATLAS
60204.732651;16.401;0.02;ATLAS;ATLAS(c);ATLAS
60204.735983;16.376;0.018;ATLAS;ATLAS(c);ATLAS
60204.741092;16.374;0.018;ATLAS;ATLAS(c);ATLAS
60204.762576;16.295;0.016;ATLAS;ATLAS(c);ATLAS
60213.80936;15.702;0.017;ATLAS;ATLAS(o);ATLAS
60213.819296;15.619;0.018;ATLAS;ATLAS(o);ATLAS
60214.987789;15.73;0.024;ATLAS;ATLAS(o);ATLAS
60214.990979;15.758;0.025;ATLAS;ATLAS(o);ATLAS
60214.997439;15.728;0.021;ATLAS;ATLAS(o);ATLAS
60215.010579;15.822;0.024;ATLAS;ATLAS(o);ATLAS
60216.751573;15.645;0.027;ATLAS;ATLAS(o);ATLAS
60216.754819;15.851;0.022;ATLAS;ATLAS(o);ATLAS
60216.760515;15.773;0.024;ATLAS;ATLAS(o);ATLAS
60216.773307;15.679;0.067;ATLAS;ATLAS(o);ATLAS
60219.772082;15.901;0.017;ATLAS;ATLAS(o);ATLAS
60219.77546;15.897;0.015;ATLAS;ATLAS(o);ATLAS
60219.781365;15.804;0.016;ATLAS;ATLAS(o);ATLAS
60219.805519;15.761;0.015;ATLAS;ATLAS(o);ATLAS
60221.025714;16.241;0.018;ATLAS;ATLAS(c);ATLAS
60221.035615;16.279;0.019;ATLAS;ATLAS(c);ATLAS
60221.038495;16.298;0.018;ATLAS;ATLAS(c);ATLAS
60221.044081;16.218;0.019;ATLAS;ATLAS(c);ATLAS
60225.747673;15.554;0.015;ATLAS;ATLAS(o);ATLAS
60225.750869;15.512;0.012;ATLAS;ATLAS(o);ATLAS
60225.756345;15.491;0.012;ATLAS;ATLAS(o);ATLAS
60225.766709;15.365;0.014;ATLAS;ATLAS(o);ATLAS
60227.035615;15.781;0.018;ATLAS;ATLAS(o);ATLAS
60227.038454;15.902;0.018;ATLAS;ATLAS(o);ATLAS
60227.043921;15.862;0.018;ATLAS;ATLAS(o);ATLAS
60227.067177;15.802;0.018;ATLAS;ATLAS(o);ATLAS
60344.341431;15.93;0.086;ATLAS;ATLAS(o);ATLAS
60344.344273;15.806;0.051;ATLAS;ATLAS(o);ATLAS
60344.365415;16.109;0.027;ATLAS;ATLAS(o);ATLAS
60344.368319;15.85;0.023;ATLAS;ATLAS(o);ATLAS
60348.329789;15.998;0.024;ATLAS;ATLAS(o);ATLAS
60348.333499;16.028;0.021;ATLAS;ATLAS(o);ATLAS
60348.338564;15.994;0.02;ATLAS;ATLAS(o);ATLAS
60348.356122;15.981;0.017;ATLAS;ATLAS(o);ATLAS
60354.064495;15.751;0.014;ATLAS;ATLAS(o);ATLAS
60354.086928;15.714;0.015;ATLAS;ATLAS(o);ATLAS
60354.089745;15.691;0.014;ATLAS;ATLAS(o);ATLAS
60354.095115;15.569;0.015;ATLAS;ATLAS(o);ATLAS
60356.346474;16.039;0.018;ATLAS;ATLAS(o);ATLAS
60356.359236;15.916;0.016;ATLAS;ATLAS(o);ATLAS
60356.363861;15.904;0.017;ATLAS;ATLAS(o);ATLAS
60356.375728;15.993;0.019;ATLAS;ATLAS(o);ATLAS
60358.102129;15.929;0.017;ATLAS;ATLAS(o);ATLAS
60358.104977;15.912;0.016;ATLAS;ATLAS(o);ATLAS
60358.122351;15.826;0.015;ATLAS;ATLAS(o);ATLAS
60358.128574;15.728;0.013;ATLAS;ATLAS(o);ATLAS
60360.327429;15.817;0.016;ATLAS;ATLAS(o);ATLAS
60360.330628;15.803;0.017;ATLAS;ATLAS(o);ATLAS
60360.347613;15.791;0.019;ATLAS;ATLAS(o);ATLAS
60360.363125;15.711;0.018;ATLAS;ATLAS(o);ATLAS
60368.311603;15.911;0.019;ATLAS;ATLAS(o);ATLAS
60368.332379;15.902;0.022;ATLAS;ATLAS(o);ATLAS
60368.335622;15.819;0.017;ATLAS;ATLAS(o);ATLAS
60368.341088;15.829;0.019;ATLAS;ATLAS(o);ATLAS
60370.72144086;11.695;0.03;NEOWISE;WISE(W2);NEOWISE
60370.72144086;11.496;0.018;NEOWISE;WISE(W1);NEOWISE
60370.8501797;11.75;0.033;NEOWISE;WISE(W2);NEOWISE
60370.8501797;11.566;0.018;NEOWISE;WISE(W1);NEOWISE
60370.97891853;11.799;0.03;NEOWISE;WISE(W2);NEOWISE
60370.97891853;11.653;0.021;NEOWISE;WISE(W1);NEOWISE
60371.10777877;11.622;0.021;NEOWISE;WISE(W1);NEOWISE
60371.10777877;11.899;0.04;NEOWISE;WISE(W2);NEOWISE
60371.17259389;11.759;0.021;NEOWISE;WISE(W1);NEOWISE
60371.17259389;11.907;0.036;NEOWISE;WISE(W2);NEOWISE
60371.23651756;11.875;0.035;NEOWISE;WISE(W2);NEOWISE
60371.23651756;11.737;0.021;NEOWISE;WISE(W1);NEOWISE
60371.30133263;11.563;0.018;NEOWISE;WISE(W1);NEOWISE
60371.30133263;11.767;0.033;NEOWISE;WISE(W2);NEOWISE
60371.36525639;11.617;0.019;NEOWISE;WISE(W1);NEOWISE
60371.36525639;11.827;0.04;NEOWISE;WISE(W2);NEOWISE
60371.43007141;11.766;0.037;NEOWISE;WISE(W2);NEOWISE
60371.43007141;11.566;0.021;NEOWISE;WISE(W1);NEOWISE
60371.55881025;11.772;0.033;NEOWISE;WISE(W2);NEOWISE
60371.55881025;11.605;0.022;NEOWISE;WISE(W1);NEOWISE
60371.55893757;11.662;0.021;NEOWISE;WISE(W1);NEOWISE
60371.55893757;11.928;0.035;NEOWISE;WISE(W2);NEOWISE
60371.68767631;11.61;0.021;NEOWISE;WISE(W1);NEOWISE
60371.68767631;11.73;0.044;NEOWISE;WISE(W2);NEOWISE
60371.81641509;11.64;0.021;NEOWISE;WISE(W1);NEOWISE
60371.81641509;11.873;0.043;NEOWISE;WISE(W2);NEOWISE
60371.94515388;11.56;0.02;NEOWISE;WISE(W1);NEOWISE
60371.94515388;11.814;0.032;NEOWISE;WISE(W2);NEOWISE
60373.68344611;11.709;0.032;NEOWISE;WISE(W2);NEOWISE
60373.68344611;11.537;0.019;NEOWISE;WISE(W1);NEOWISE
60373.8121849;11.525;0.018;NEOWISE;WISE(W1);NEOWISE
60373.8121849;11.681;0.034;NEOWISE;WISE(W2);NEOWISE
60373.94092373;11.769;0.033;NEOWISE;WISE(W2);NEOWISE
60373.94092373;11.529;0.019;NEOWISE;WISE(W1);NEOWISE
60374.00535676;11.719;0.031;NEOWISE;WISE(W2);NEOWISE
60374.00535676;11.413;0.02;NEOWISE;WISE(W1);NEOWISE
60374.06966251;11.724;0.034;NEOWISE;WISE(W2);NEOWISE
60374.06966251;11.568;0.019;NEOWISE;WISE(W1);NEOWISE
60374.19840126;11.705;0.032;NEOWISE;WISE(W2);NEOWISE
60374.19840126;11.601;0.022;NEOWISE;WISE(W1);NEOWISE
60374.26283433;11.55;0.02;NEOWISE;WISE(W1);NEOWISE
60374.26283433;11.732;0.032;NEOWISE;WISE(W2);NEOWISE
60374.32714005;11.589;0.023;NEOWISE;WISE(W1);NEOWISE
60374.32714005;11.75;0.041;NEOWISE;WISE(W2);NEOWISE
60374.39157311;11.515;0.017;NEOWISE;WISE(W1);NEOWISE
60374.39157311;11.889;0.045;NEOWISE;WISE(W2);NEOWISE
60374.64905112;11.72;0.024;NEOWISE;WISE(W1);NEOWISE
60374.64905112;11.798;0.034;NEOWISE;WISE(W2);NEOWISE
60374.77778991;11.58;0.019;NEOWISE;WISE(W1);NEOWISE
60374.77778991;11.901;0.035;NEOWISE;WISE(W2);NEOWISE
60380.263377;16.025;0.018;ATLAS;ATLAS(o);ATLAS
60380.265198;15.971;0.014;ATLAS;ATLAS(o);ATLAS
60380.266098;15.683;0.013;ATLAS;ATLAS(o);ATLAS
60380.267919;15.728;0.016;ATLAS;ATLAS(o);ATLAS
60380.268375;15.988;0.015;ATLAS;ATLAS(o);ATLAS
60380.271122;15.63;0.016;ATLAS;ATLAS(o);ATLAS
60380.273888;15.965;0.014;ATLAS;ATLAS(o);ATLAS
60380.304625;15.71;0.018;ATLAS;ATLAS(o);ATLAS
60384.353225;16.159;0.018;ATLAS;ATLAS(o);ATLAS
60384.356444;16.133;0.017;ATLAS;ATLAS(o);ATLAS
60384.359215;16.087;0.015;ATLAS;ATLAS(o);ATLAS
60384.370942;16.122;0.016;ATLAS;ATLAS(o);ATLAS
60388.302822;16.082;0.017;ATLAS;ATLAS(o);ATLAS
60388.306003;16.047;0.018;ATLAS;ATLAS(o);ATLAS
60388.330732;16.071;0.019;ATLAS;ATLAS(o);ATLAS
60388.333945;16.052;0.018;ATLAS;ATLAS(o);ATLAS
60388.336211;15.603;0.015;ATLAS;ATLAS(o);ATLAS
60388.33898;15.603;0.014;ATLAS;ATLAS(o);ATLAS
60388.355688;15.624;0.017;ATLAS;ATLAS(o);ATLAS
60388.373173;15.609;0.015;ATLAS;ATLAS(o);ATLAS
60392.343662;16.067;0.024;ATLAS;ATLAS(o);ATLAS
60392.360644;15.979;0.02;ATLAS;ATLAS(o);ATLAS
60392.384459;15.702;0.016;ATLAS;ATLAS(o);ATLAS
60392.409374;15.768;0.019;ATLAS;ATLAS(o);ATLAS
60396.254639;15.691;0.022;ATLAS;ATLAS(o);ATLAS
60396.256442;15.885;0.026;ATLAS;ATLAS(o);ATLAS
60396.259615;15.611;0.023;ATLAS;ATLAS(o);ATLAS
60396.283471;15.734;0.025;ATLAS;ATLAS(o);ATLAS
60400.357403;15.838;0.02;ATLAS;ATLAS(o);ATLAS
60400.367568;15.648;0.018;ATLAS;ATLAS(o);ATLAS
60400.3798;15.57;0.016;ATLAS;ATLAS(o);ATLAS
60400.388321;15.538;0.021;ATLAS;ATLAS(o);ATLAS
60402.171945;16.028;0.011;ATLAS;ATLAS(o);ATLAS
60402.178958;15.863;0.009;ATLAS;ATLAS(o);ATLAS
60402.199915;15.866;0.011;ATLAS;ATLAS(o);ATLAS
60403.227673;16.043;0.009;ATLAS;ATLAS(o);ATLAS
60403.23457;16.001;0.009;ATLAS;ATLAS(o);ATLAS
60403.241464;15.993;0.009;ATLAS;ATLAS(o);ATLAS
60405.18485;15.862;0.009;ATLAS;ATLAS(o);ATLAS
60405.206062;16.016;0.01;ATLAS;ATLAS(o);ATLAS
60405.212982;15.987;0.011;ATLAS;ATLAS(o);ATLAS
60406.181595;15.839;0.009;ATLAS;ATLAS(o);ATLAS
60406.202766;15.865;0.011;ATLAS;ATLAS(o);ATLAS
60406.224037;16.025;0.011;ATLAS;ATLAS(o);ATLAS
60408.189144;15.942;0.011;ATLAS;ATLAS(o);ATLAS
60408.198982;15.908;0.009;ATLAS;ATLAS(o);ATLAS
60408.208758;15.889;0.01;ATLAS;ATLAS(o);ATLAS
60409.348102;15.734;0.011;ATLAS;ATLAS(o);ATLAS
60409.399754;15.605;0.01;ATLAS;ATLAS(o);ATLAS
60409.41548;15.665;0.009;ATLAS;ATLAS(o);ATLAS
60411.942216;15.54;0.01;ATLAS;ATLAS(o);ATLAS
60411.962121;15.444;0.007;ATLAS;ATLAS(o);ATLAS
60411.969047;15.418;0.007;ATLAS;ATLAS(o);ATLAS
60413.933244;15.557;0.009;ATLAS;ATLAS(o);ATLAS
60416.274718;15.688;0.015;ATLAS;ATLAS(o);ATLAS
60416.299649;15.794;0.015;ATLAS;ATLAS(o);ATLAS
60416.303741;15.809;0.017;ATLAS;ATLAS(o);ATLAS
60416.311477;15.918;0.016;ATLAS;ATLAS(o);ATLAS
60418.016186;15.965;0.017;ATLAS;ATLAS(o);ATLAS
60418.018054;15.967;0.017;ATLAS;ATLAS(o);ATLAS
60418.049427;15.955;0.017;ATLAS;ATLAS(o);ATLAS
60418.072335;15.929;0.017;ATLAS;ATLAS(o);ATLAS
60420.323309;15.731;0.014;ATLAS;ATLAS(o);ATLAS
60420.328826;15.803;0.016;ATLAS;ATLAS(o);ATLAS
60420.35311;15.802;0.017;ATLAS;ATLAS(o);ATLAS
60420.357379;15.756;0.013;ATLAS;ATLAS(o);ATLAS
60424.216256;15.786;0.023;ATLAS;ATLAS(o);ATLAS
60424.218982;15.82;0.029;ATLAS;ATLAS(o);ATLAS
60424.242237;15.799;0.034;ATLAS;ATLAS(o);ATLAS
60424.245403;15.915;0.03;ATLAS;ATLAS(o);ATLAS
60428.284195;16.017;0.04;ATLAS;ATLAS(o);ATLAS
60428.309241;16.053;0.033;ATLAS;ATLAS(o);ATLAS
60428.314765;16.084;0.07;ATLAS;ATLAS(o);ATLAS
60428.319703;15.88;0.06;ATLAS;ATLAS(o);ATLAS
60429.995229;15.829;0.019;ATLAS;ATLAS(o);ATLAS
60429.998856;15.82;0.019;ATLAS;ATLAS(o);ATLAS
60430.005819;15.808;0.015;ATLAS;ATLAS(o);ATLAS
60430.016858;15.88;0.032;ATLAS;ATLAS(o);ATLAS
60430.054769;15.816;0.025;ATLAS;ATLAS(o);ATLAS
60430.057982;15.801;0.018;ATLAS;ATLAS(o);ATLAS
60430.092199;15.809;0.019;ATLAS;ATLAS(o);ATLAS
60430.097349;15.817;0.021;ATLAS;ATLAS(o);ATLAS
60432.302128;15.709;0.015;ATLAS;ATLAS(o);ATLAS
60432.304908;15.772;0.019;ATLAS;ATLAS(o);ATLAS
60432.340182;15.756;0.018;ATLAS;ATLAS(o);ATLAS
60432.368638;15.793;0.022;ATLAS;ATLAS(o);ATLAS
60433.94518;16.379;0.024;ATLAS;ATLAS(c);ATLAS
60433.947465;16.41;0.043;ATLAS;ATLAS(c);ATLAS
60433.950649;16.451;0.033;ATLAS;ATLAS(c);ATLAS
60433.976444;16.366;0.02;ATLAS;ATLAS(c);ATLAS
60436.188151;15.847;0.015;ATLAS;ATLAS(o);ATLAS
60436.191839;15.773;0.014;ATLAS;ATLAS(o);ATLAS
60436.194593;15.754;0.015;ATLAS;ATLAS(o);ATLAS
60436.213687;15.697;0.014;ATLAS;ATLAS(o);ATLAS
60436.224284;15.566;0.015;ATLAS;ATLAS(o);ATLAS
60436.243421;15.496;0.013;ATLAS;ATLAS(o);ATLAS
60436.246195;15.292;0.013;ATLAS;ATLAS(o);ATLAS
60436.249385;15.511;0.013;ATLAS;ATLAS(o);ATLAS
60440.286306;15.811;0.017;ATLAS;ATLAS(o);ATLAS
60440.289985;15.72;0.015;ATLAS;ATLAS(o);ATLAS
60440.295976;15.81;0.015;ATLAS;ATLAS(o);ATLAS
60440.330931;15.923;0.018;ATLAS;ATLAS(o);ATLAS
60441.944109;16.204;0.016;ATLAS;ATLAS(c);ATLAS
60441.945949;16.187;0.017;ATLAS;ATLAS(c);ATLAS
60441.949617;16.349;0.017;ATLAS;ATLAS(c);ATLAS
60441.954673;16.221;0.017;ATLAS;ATLAS(c);ATLAS
60445.992523;16.469;0.018;ATLAS;ATLAS(c);ATLAS
60445.995819;16.468;0.019;ATLAS;ATLAS(c);ATLAS
60446.000938;16.488;0.02;ATLAS;ATLAS(c);ATLAS
60446.027068;16.447;0.017;ATLAS;ATLAS(c);ATLAS
60448.235271;15.811;0.016;ATLAS;ATLAS(o);ATLAS
60448.238458;15.992;0.02;ATLAS;ATLAS(o);ATLAS
60448.266418;15.832;0.02;ATLAS;ATLAS(o);ATLAS
60448.294743;15.927;0.016;ATLAS;ATLAS(o);ATLAS
60449.972335;15.943;0.169;ATLAS;ATLAS(o);ATLAS
60449.975529;15.983;0.092;ATLAS;ATLAS(o);ATLAS
60450.001026;15.955;0.139;ATLAS;ATLAS(o);ATLAS
60450.030061;16.178;0.078;ATLAS;ATLAS(o);ATLAS
60453.945207;15.596;0.028;ATLAS;ATLAS(o);ATLAS
60453.948031;15.59;0.033;ATLAS;ATLAS(o);ATLAS
60456.166345;15.748;0.024;ATLAS;ATLAS(o);ATLAS
60456.169518;16.111;0.038;ATLAS;ATLAS(o);ATLAS
60456.206123;15.993;0.022;ATLAS;ATLAS(o);ATLAS
60456.212491;16.033;0.023;ATLAS;ATLAS(o);ATLAS
60457.953692;15.775;0.016;ATLAS;ATLAS(o);ATLAS
60457.956492;15.856;0.019;ATLAS;ATLAS(o);ATLAS
60457.962163;15.835;0.017;ATLAS;ATLAS(o);ATLAS
60457.971968;15.818;0.017;ATLAS;ATLAS(o);ATLAS
60461.972592;15.807;0.014;ATLAS;ATLAS(o);ATLAS
60461.9757;15.828;0.015;ATLAS;ATLAS(o);ATLAS
60461.981981;15.739;0.014;ATLAS;ATLAS(o);ATLAS
60461.991841;15.785;0.015;ATLAS;ATLAS(o);ATLAS
60464.268545;16.467;0.028;ATLAS;ATLAS(c);ATLAS
60464.271781;16.516;0.018;ATLAS;ATLAS(c);ATLAS
60464.285557;16.542;0.03;ATLAS;ATLAS(c);ATLAS
60464.291134;16.488;0.02;ATLAS;ATLAS(c);ATLAS
60468.170608;16.588;0.018;ATLAS;ATLAS(c);ATLAS
60468.204242;16.589;0.02;ATLAS;ATLAS(c);ATLAS
60468.207425;16.592;0.019;ATLAS;ATLAS(c);ATLAS
60468.212898;16.64;0.022;ATLAS;ATLAS(c);ATLAS
60474.006858;15.708;0.014;ATLAS;ATLAS(o);ATLAS
60474.010145;15.765;0.017;ATLAS;ATLAS(o);ATLAS
60474.031644;15.704;0.015;ATLAS;ATLAS(o);ATLAS
60474.038219;15.607;0.013;ATLAS;ATLAS(o);ATLAS
60477.898933;15.876;0.101;ATLAS;ATLAS(o);ATLAS
60477.904099;15.853;0.075;ATLAS;ATLAS(o);ATLAS
60477.9073;16.145;0.127;ATLAS;ATLAS(o);ATLAS
60477.917941;15.861;0.068;ATLAS;ATLAS(o);ATLAS
60481.900904;15.737;0.034;ATLAS;ATLAS(o);ATLAS
60481.904165;15.754;0.031;ATLAS;ATLAS(o);ATLAS
60481.936562;15.72;0.029;ATLAS;ATLAS(o);ATLAS
60481.945074;15.81;0.033;ATLAS;ATLAS(o);ATLAS
60485.904115;15.84;0.02;ATLAS;ATLAS(o);ATLAS
60485.90698;15.928;0.024;ATLAS;ATLAS(o);ATLAS
60485.912221;15.833;0.02;ATLAS;ATLAS(o);ATLAS
60485.917344;15.772;0.019;ATLAS;ATLAS(o);ATLAS
60485.920124;15.775;0.022;ATLAS;ATLAS(o);ATLAS
60485.922047;15.827;0.02;ATLAS;ATLAS(o);ATLAS
60485.925941;15.863;0.02;ATLAS;ATLAS(o);ATLAS
60485.936172;15.813;0.02;ATLAS;ATLAS(o);ATLAS
60488.217752;15.666;0.018;ATLAS;ATLAS(o);ATLAS
60488.227587;15.655;0.019;ATLAS;ATLAS(o);ATLAS
60488.232744;15.659;0.015;ATLAS;ATLAS(o);ATLAS
60488.235663;15.639;0.015;ATLAS;ATLAS(o);ATLAS
60488.24587;15.836;0.021;ATLAS;ATLAS(o);ATLAS
60488.249734;15.838;0.017;ATLAS;ATLAS(o);ATLAS
60488.259917;15.832;0.016;ATLAS;ATLAS(o);ATLAS
60488.265029;15.816;0.017;ATLAS;ATLAS(o);ATLAS
60492.130179;15.857;0.015;ATLAS;ATLAS(o);ATLAS
60492.133429;15.859;0.014;ATLAS;ATLAS(o);ATLAS
60492.139836;15.96;0.015;ATLAS;ATLAS(o);ATLAS
60492.149966;15.912;0.013;ATLAS;ATLAS(o);ATLAS
60493.873368;16.4;0.017;ATLAS;ATLAS(c);ATLAS
60493.876688;16.392;0.017;ATLAS;ATLAS(c);ATLAS
60493.881955;16.437;0.019;ATLAS;ATLAS(c);ATLAS
60493.891967;16.423;0.018;ATLAS;ATLAS(c);ATLAS
60496.130144;15.918;0.016;ATLAS;ATLAS(o);ATLAS
60496.132944;15.932;0.016;ATLAS;ATLAS(o);ATLAS
60496.138515;15.909;0.018;ATLAS;ATLAS(o);ATLAS
60496.149553;15.912;0.018;ATLAS;ATLAS(o);ATLAS
60497.869255;16.359;0.021;ATLAS;ATLAS(c);ATLAS
60497.872416;16.274;0.023;ATLAS;ATLAS(c);ATLAS
60497.878307;16.342;0.045;ATLAS;ATLAS(c);ATLAS
60497.888252;16.315;0.021;ATLAS;ATLAS(c);ATLAS
60500.120906;15.897;0.015;ATLAS;ATLAS(o);ATLAS
60500.124167;15.812;0.018;ATLAS;ATLAS(o);ATLAS
60500.129297;15.863;0.014;ATLAS;ATLAS(o);ATLAS
60500.139453;15.959;0.017;ATLAS;ATLAS(o);ATLAS
60504.115253;15.716;0.012;ATLAS;ATLAS(o);ATLAS
60504.118414;15.774;0.013;ATLAS;ATLAS(o);ATLAS
60504.123839;15.768;0.015;ATLAS;ATLAS(o);ATLAS
60504.134247;15.813;0.014;ATLAS;ATLAS(o);ATLAS
60508.1039;15.789;0.023;ATLAS;ATLAS(o);ATLAS
60508.107092;15.883;0.021;ATLAS;ATLAS(o);ATLAS
60508.113864;15.864;0.023;ATLAS;ATLAS(o);ATLAS
60508.136269;15.805;0.022;ATLAS;ATLAS(o);ATLAS
60512.110827;15.402;0.021;ATLAS;ATLAS(o);ATLAS
60512.114043;15.394;0.057;ATLAS;ATLAS(o);ATLAS
60512.119232;15.56;0.041;ATLAS;ATLAS(o);ATLAS
60512.130726;15.432;0.021;ATLAS;ATLAS(o);ATLAS
60513.841841;15.718;0.018;ATLAS;ATLAS(o);ATLAS
60513.845542;15.74;0.016;ATLAS;ATLAS(o);ATLAS
60513.853083;15.78;0.017;ATLAS;ATLAS(o);ATLAS
60513.863222;15.758;0.017;ATLAS;ATLAS(o);ATLAS
60516.106324;15.726;0.015;ATLAS;ATLAS(o);ATLAS
60516.109631;15.716;0.015;ATLAS;ATLAS(o);ATLAS
60516.115164;15.816;0.014;ATLAS;ATLAS(o);ATLAS
60516.125303;15.722;0.013;ATLAS;ATLAS(o);ATLAS
60520.10163;16.413;0.018;ATLAS;ATLAS(c);ATLAS
60520.10462;16.406;0.016;ATLAS;ATLAS(c);ATLAS
60520.110556;16.373;0.015;ATLAS;ATLAS(c);ATLAS
60520.120624;16.557;0.021;ATLAS;ATLAS(c);ATLAS
60521.830005;15.808;0.015;ATLAS;ATLAS(o);ATLAS
60521.833186;15.814;0.017;ATLAS;ATLAS(o);ATLAS
60521.839813;15.806;0.017;ATLAS;ATLAS(o);ATLAS
60521.847602;15.742;0.015;ATLAS;ATLAS(o);ATLAS
60521.850797;15.756;0.014;ATLAS;ATLAS(o);ATLAS
60521.855912;15.769;0.014;ATLAS;ATLAS(o);ATLAS
60521.86244;15.64;0.013;ATLAS;ATLAS(o);ATLAS
60521.866519;15.733;0.014;ATLAS;ATLAS(o);ATLAS
60525.819328;15.544;0.015;ATLAS;ATLAS(o);ATLAS
60525.822554;15.635;0.016;ATLAS;ATLAS(o);ATLAS
60525.829442;15.684;0.014;ATLAS;ATLAS(o);ATLAS
60525.841362;15.708;0.014;ATLAS;ATLAS(o);ATLAS
60528.106576;16.702;0.025;ATLAS;ATLAS(c);ATLAS
60528.109867;16.735;0.026;ATLAS;ATLAS(c);ATLAS
60528.115042;16.708;0.021;ATLAS;ATLAS(c);ATLAS
60528.125839;16.67;0.021;ATLAS;ATLAS(c);ATLAS
60529.770304;15.808;0.014;ATLAS;ATLAS(o);ATLAS
60529.789311;15.836;0.015;ATLAS;ATLAS(o);ATLAS
60529.792498;15.837;0.014;ATLAS;ATLAS(o);ATLAS
60529.796577;15.777;0.016;ATLAS;ATLAS(o);ATLAS
60529.798853;15.822;0.016;ATLAS;ATLAS(o);ATLAS
60529.799753;15.777;0.015;ATLAS;ATLAS(o);ATLAS
60529.807117;15.793;0.015;ATLAS;ATLAS(o);ATLAS
60529.8295;15.647;0.014;ATLAS;ATLAS(o);ATLAS
60532.151399;16.499;0.025;ATLAS;ATLAS(c);ATLAS
60532.154628;16.474;0.021;ATLAS;ATLAS(c);ATLAS
60532.160765;16.329;0.019;ATLAS;ATLAS(c);ATLAS
60532.181573;16.502;0.028;ATLAS;ATLAS(c);ATLAS
60536.056744;15.731;0.02;ATLAS;ATLAS(o);ATLAS
60536.059962;15.725;0.022;ATLAS;ATLAS(o);ATLAS
60536.06362;16.018;0.021;ATLAS;ATLAS(o);ATLAS
60536.065459;15.728;0.021;ATLAS;ATLAS(o);ATLAS
60536.074096;15.991;0.023;ATLAS;ATLAS(o);ATLAS
60536.075473;15.657;0.019;ATLAS;ATLAS(o);ATLAS
60536.077302;16.044;0.019;ATLAS;ATLAS(o);ATLAS
60536.083308;15.966;0.018;ATLAS;ATLAS(o);ATLAS
60537.799133;15.869;0.022;ATLAS;ATLAS(o);ATLAS
60537.802289;15.896;0.028;ATLAS;ATLAS(o);ATLAS
60537.808654;15.971;0.03;ATLAS;ATLAS(o);ATLAS
60537.821539;15.904;0.031;ATLAS;ATLAS(o);ATLAS
60537.825146;15.762;0.035;ATLAS;ATLAS(o);ATLAS
60537.830192;15.928;0.033;ATLAS;ATLAS(o);ATLAS
60537.839565;15.871;0.028;ATLAS;ATLAS(o);ATLAS
60537.842724;15.904;0.031;ATLAS;ATLAS(o);ATLAS
60541.845368;15.619;0.024;ATLAS;ATLAS(o);ATLAS
60541.848577;15.545;0.023;ATLAS;ATLAS(o);ATLAS
60541.860808;15.51;0.023;ATLAS;ATLAS(o);ATLAS
60541.866697;15.57;0.02;ATLAS;ATLAS(o);ATLAS
60544.022276;15.894;0.017;ATLAS;ATLAS(o);ATLAS
60544.025458;15.684;0.016;ATLAS;ATLAS(o);ATLAS
60544.050316;15.964;0.018;ATLAS;ATLAS(o);ATLAS
60544.062303;15.983;0.019;ATLAS;ATLAS(o);ATLAS
60545.807324;15.752;0.019;ATLAS;ATLAS(o);ATLAS
60545.810478;15.775;0.019;ATLAS;ATLAS(o);ATLAS
60545.815983;15.905;0.022;ATLAS;ATLAS(o);ATLAS
60545.826096;15.803;0.019;ATLAS;ATLAS(o);ATLAS
60547.989084;15.878;0.015;ATLAS;ATLAS(o);ATLAS
60547.992238;15.86;0.013;ATLAS;ATLAS(o);ATLAS
60547.998763;15.884;0.014;ATLAS;ATLAS(o);ATLAS
60548.023702;15.875;0.015;ATLAS;ATLAS(o);ATLAS
60552.010602;15.524;0.013;ATLAS;ATLAS(o);ATLAS
60552.013798;15.507;0.012;ATLAS;ATLAS(o);ATLAS
60552.019775;15.517;0.013;ATLAS;ATLAS(o);ATLAS
60552.030232;15.505;0.025;ATLAS;ATLAS(o);ATLAS
60553.786567;16.447;0.021;ATLAS;ATLAS(c);ATLAS
60553.789722;16.477;0.018;ATLAS;ATLAS(c);ATLAS
60553.812804;16.381;0.021;ATLAS;ATLAS(c);ATLAS
60553.818679;16.389;0.022;ATLAS;ATLAS(c);ATLAS
60556.020135;15.871;0.015;ATLAS;ATLAS(o);ATLAS
60556.023449;15.772;0.013;ATLAS;ATLAS(o);ATLAS
60556.029823;15.742;0.012;ATLAS;ATLAS(o);ATLAS
60556.039824;15.758;0.015;ATLAS;ATLAS(o);ATLAS
60560.020449;15.975;0.018;ATLAS;ATLAS(o);ATLAS
60560.023621;16.122;0.019;ATLAS;ATLAS(o);ATLAS
60560.029224;16.084;0.02;ATLAS;ATLAS(o);ATLAS
60560.049606;16.15;0.024;ATLAS;ATLAS(o);ATLAS
60563.98543;15.706;0.045;ATLAS;ATLAS(o);ATLAS
60563.990626;15.779;0.058;ATLAS;ATLAS(o);ATLAS
60563.993838;15.921;0.042;ATLAS;ATLAS(o);ATLAS
60564.0042;15.969;0.034;ATLAS;ATLAS(o);ATLAS
60565.748969;15.802;0.023;ATLAS;ATLAS(o);ATLAS
60565.752191;15.753;0.026;ATLAS;ATLAS(o);ATLAS
60565.757736;15.739;0.025;ATLAS;ATLAS(o);ATLAS
60565.767992;15.788;0.025;ATLAS;ATLAS(o);ATLAS
60568.039245;16.075;0.026;ATLAS;ATLAS(o);ATLAS
60568.043052;16.1;0.028;ATLAS;ATLAS(o);ATLAS
60568.054429;16.054;0.022;ATLAS;ATLAS(o);ATLAS
60568.059932;16.111;0.027;ATLAS;ATLAS(o);ATLAS
60569.776375;15.815;0.028;ATLAS;ATLAS(o);ATLAS
60569.779177;15.872;0.033;ATLAS;ATLAS(o);ATLAS
60569.785682;15.777;0.028;ATLAS;ATLAS(o);ATLAS
60569.798691;15.789;0.033;ATLAS;ATLAS(o);ATLAS
60573.729675;15.573;0.016;ATLAS;ATLAS(o);ATLAS
60573.732927;15.503;0.015;ATLAS;ATLAS(o);ATLAS
60573.739984;15.553;0.016;ATLAS;ATLAS(o);ATLAS
60573.750739;15.521;0.016;ATLAS;ATLAS(o);ATLAS
60576.007741;16.475;0.023;ATLAS;ATLAS(c);ATLAS
60576.010938;16.571;0.026;ATLAS;ATLAS(c);ATLAS
60576.021884;16.593;0.021;ATLAS;ATLAS(c);ATLAS
60576.027983;16.6;0.024;ATLAS;ATLAS(c);ATLAS
60577.731008;15.861;0.025;ATLAS;ATLAS(o);ATLAS
60577.733823;15.826;0.022;ATLAS;ATLAS(o);ATLAS
60577.741321;15.779;0.018;ATLAS;ATLAS(o);ATLAS
60577.751523;15.737;0.016;ATLAS;ATLAS(o);ATLAS
60587.989272;16.526;0.069;ATLAS;ATLAS(c);ATLAS
60587.992524;16.581;0.089;ATLAS;ATLAS(c);ATLAS
60588.011803;16.605;0.026;ATLAS;ATLAS(c);ATLAS
60588.015949;16.528;0.024;ATLAS;ATLAS(c);ATLAS
60588.017311;16.652;0.026;ATLAS;ATLAS(c);ATLAS
60588.01919;16.487;0.022;ATLAS;ATLAS(c);ATLAS
