MJD;Magnitude;Error;Facility;Filter;Observer
55283.2509083;16.231;0.353;ALLWISE;WISE(W1);ALLWISE
55283.3832124;16.025;0.231;ALLWISE;WISE(W1);ALLWISE
55283.5155164;16.503;0.345;ALLWISE;WISE(W1);ALLWISE
55283.5155164;14.709;0.287;ALLWISE;WISE(W2);ALLWISE
55283.6478204;15.943;0.206;ALLWISE;WISE(W1);ALLWISE
55283.7801244;15.542;0.53;ALLWISE;WISE(W2);ALLWISE
55283.7801244;16.19;0.252;ALLWISE;WISE(W1);ALLWISE
55283.8463401;15.627;0.202;ALLWISE;WISE(W1);ALLWISE
55283.9124285;16.266;0.322;ALLWISE;WISE(W1);ALLWISE
55283.9786442;15.774;0.176;ALLWISE;WISE(W1);ALLWISE
55284.1109483;15.656;0.165;ALLWISE;WISE(W1);ALLWISE
55284.2432523;15.876;0.197;ALLWISE;WISE(W1);ALLWISE
55474.9074237;16.799;0.424;ALLWISE;WISE(W1);ALLWISE
55475.0397277;16.499;0.352;ALLWISE;WISE(W1);ALLWISE
55475.1720317;16.063;0.305;ALLWISE;WISE(W1);ALLWISE
55475.3042084;16.131;0.233;ALLWISE;WISE(W1);ALLWISE
55475.3704241;15.549;0.506;ALLWISE;WISE(W2);ALLWISE
55475.4365124;15.142;0.321;ALLWISE;WISE(W2);ALLWISE
55475.4365124;16.236;0.255;ALLWISE;WISE(W1);ALLWISE
55475.5026007;15.327;0.379;ALLWISE;WISE(W2);ALLWISE
55475.5688163;15.457;0.461;ALLWISE;WISE(W2);ALLWISE
55475.5688163;16.333;0.263;ALLWISE;WISE(W1);ALLWISE
55475.6349047;16.14;0.223;ALLWISE;WISE(W1);ALLWISE
55475.7672087;15.93;0.187;ALLWISE;WISE(W1);ALLWISE
55475.8995127;15.52;0.167;ALLWISE;WISE(W1);ALLWISE
56157.4694931;19.9036;0.01847;PS1;PS1(z);PS1
56262.6891132;21.6193;0.046149;PS1;PS1(g);PS1
56544.5222851;20.517;0.018532;PS1;PS1(r);PS1
56606.3052698;20.0347;0.009069;PS1;PS1(i);PS1
56745.41934955;16.047;0.247;NEOWISE;WISE(W1);NEOWISE
56745.55101685;16.341;0.355;NEOWISE;WISE(W1);NEOWISE
56745.68268411;15.912;0.294;NEOWISE;WISE(W1);NEOWISE
56745.74851779;16.266;0.269;NEOWISE;WISE(W1);NEOWISE
56745.74851779;14.879;0.395;NEOWISE;WISE(W2);NEOWISE
56745.88018514;14.907;0.531;NEOWISE;WISE(W2);NEOWISE
56745.88018514;16.215;0.303;NEOWISE;WISE(W1);NEOWISE
56745.94601882;16.851;0.515;NEOWISE;WISE(W1);NEOWISE
56746.01185255;16.408;0.325;NEOWISE;WISE(W1);NEOWISE
56746.1435199;15.819;0.186;NEOWISE;WISE(W1);NEOWISE
56746.1514172;19.88750648498535;0.3817945122718811;PTF;PTF(R);PTF
56746.2751872;15.106;0.41;NEOWISE;WISE(W2);NEOWISE
56746.2751872;16.41;0.342;NEOWISE;WISE(W1);NEOWISE
56746.40685455;15.521;0.225;NEOWISE;WISE(W1);NEOWISE
56748.1420272;20.20591926574707;0.1311604082584381;PTF;PTF(R);PTF
56936.97023485;15.928;0.206;NEOWISE;WISE(W1);NEOWISE
56937.10177498;15.899;0.217;NEOWISE;WISE(W1);NEOWISE
56937.23331498;16.132;0.289;NEOWISE;WISE(W1);NEOWISE
56937.23331498;14.912;0.337;NEOWISE;WISE(W2);NEOWISE
56937.3648551;15.664;0.193;NEOWISE;WISE(W1);NEOWISE
56937.43056147;15.926;0.248;NEOWISE;WISE(W1);NEOWISE
56937.62793523;15.982;0.216;NEOWISE;WISE(W1);NEOWISE
56937.62793523;15.219;0.382;NEOWISE;WISE(W2);NEOWISE
56937.82518168;16.354;0.441;NEOWISE;WISE(W1);NEOWISE
56937.95672177;15.617;0.167;NEOWISE;WISE(W1);NEOWISE
56978.5553872;20.635709762573242;0.34651169180870056;PTF;PTF(R);PTF
56979.4949572;19.881973266601562;0.17978546023368835;PTF;PTF(R);PTF
56980.4828972;19.765779495239258;0.17164669930934906;PTF;PTF(R);PTF
56980.5392472;19.93436050415039;0.16415174305438995;PTF;PTF(R);PTF
56981.4668972;19.956050872802734;0.10092917084693909;PTF;PTF(R);PTF
56981.5115672;19.78359031677246;0.1021154373884201;PTF;PTF(R);PTF
56983.4757072;19.85462188720703;0.09487380087375641;PTF;PTF(R);PTF
56983.5194672;19.920751571655273;0.0920727327466011;PTF;PTF(R);PTF
57104.44625543;16.146;0.297;NEOWISE;WISE(W1);NEOWISE
57104.70882631;15.717;0.173;NEOWISE;WISE(W1);NEOWISE
57104.77453273;16.281;0.273;NEOWISE;WISE(W1);NEOWISE
57104.84023914;15.676;0.238;NEOWISE;WISE(W1);NEOWISE
57104.90581824;16.562;0.38;NEOWISE;WISE(W1);NEOWISE
57105.03723108;15.892;0.234;NEOWISE;WISE(W1);NEOWISE
57105.1685165;15.864;0.204;NEOWISE;WISE(W1);NEOWISE
57105.43108745;16.169;0.269;NEOWISE;WISE(W1);NEOWISE
57109.17381119;16.059;0.273;NEOWISE;WISE(W1);NEOWISE
57298.76014176;16.116;0.261;NEOWISE;WISE(W1);NEOWISE
57298.89129992;16.339;0.356;NEOWISE;WISE(W1);NEOWISE
57298.89129992;14.585;0.373;NEOWISE;WISE(W2);NEOWISE
57299.02245814;16.307;0.312;NEOWISE;WISE(W1);NEOWISE
57299.15361635;15.939;0.238;NEOWISE;WISE(W1);NEOWISE
57299.15361635;14.596;0.303;NEOWISE;WISE(W2);NEOWISE
57299.21932275;15.152;0.507;NEOWISE;WISE(W2);NEOWISE
57299.21932275;15.861;0.281;NEOWISE;WISE(W1);NEOWISE
57299.28490188;14.733;0.436;NEOWISE;WISE(W2);NEOWISE
57299.28490188;16.084;0.287;NEOWISE;WISE(W1);NEOWISE
57299.35048096;16.119;0.253;NEOWISE;WISE(W1);NEOWISE
57299.41606005;16.06;0.232;NEOWISE;WISE(W1);NEOWISE
57301.77728991;14.855;0.423;NEOWISE;WISE(W2);NEOWISE
57301.77728991;15.743;0.196;NEOWISE;WISE(W1);NEOWISE
57301.90844802;16.285;0.286;NEOWISE;WISE(W1);NEOWISE
57301.90857543;16.398;0.323;NEOWISE;WISE(W1);NEOWISE
57302.0397336;15.062;0.422;NEOWISE;WISE(W2);NEOWISE
57302.0397336;15.925;0.205;NEOWISE;WISE(W1);NEOWISE
57302.10531269;16.105;0.239;NEOWISE;WISE(W1);NEOWISE
57302.23647086;15.871;0.212;NEOWISE;WISE(W1);NEOWISE
57302.49878723;15.891;0.229;NEOWISE;WISE(W1);NEOWISE
57302.62994541;16.168;0.344;NEOWISE;WISE(W1);NEOWISE
57302.63007272;16.099;0.25;NEOWISE;WISE(W1);NEOWISE
57302.76123093;16.102;0.24;NEOWISE;WISE(W1);NEOWISE
57463.37309032;16.453;0.337;NEOWISE;WISE(W1);NEOWISE
57463.50412148;15.664;0.167;NEOWISE;WISE(W1);NEOWISE
57466.25667014;16.043;0.263;NEOWISE;WISE(W1);NEOWISE
57466.38782862;16.268;0.266;NEOWISE;WISE(W1);NEOWISE
57466.51885979;15.815;0.299;NEOWISE;WISE(W1);NEOWISE
57466.65001822;16.423;0.299;NEOWISE;WISE(W1);NEOWISE
57466.65001822;15.328;0.438;NEOWISE;WISE(W2);NEOWISE
57466.78104939;15.804;0.18;NEOWISE;WISE(W1);NEOWISE
57466.8466286;15.939;0.208;NEOWISE;WISE(W1);NEOWISE
57466.91208054;15.853;0.244;NEOWISE;WISE(W1);NEOWISE
57466.97765981;15.936;0.269;NEOWISE;WISE(W1);NEOWISE
57466.97765981;15.165;0.415;NEOWISE;WISE(W2);NEOWISE
57467.10869098;16.08;0.249;NEOWISE;WISE(W1);NEOWISE
57467.10869098;15.171;0.422;NEOWISE;WISE(W2);NEOWISE
57467.23984946;15.543;0.532;NEOWISE;WISE(W2);NEOWISE
57467.23984946;16.109;0.242;NEOWISE;WISE(W1);NEOWISE
57467.37088053;15.828;0.203;NEOWISE;WISE(W1);NEOWISE
57666.04841831;15.991;0.218;NEOWISE;WISE(W1);NEOWISE
57666.17944955;15.252;0.475;NEOWISE;WISE(W2);NEOWISE
57666.17944955;16.034;0.284;NEOWISE;WISE(W1);NEOWISE
57666.31048079;15.351;0.186;NEOWISE;WISE(W1);NEOWISE
57666.44151198;15.573;0.208;NEOWISE;WISE(W1);NEOWISE
57666.50696392;16.469;0.32;NEOWISE;WISE(W1);NEOWISE
57666.57254323;15.354;0.528;NEOWISE;WISE(W2);NEOWISE
57666.57254323;15.89;0.205;NEOWISE;WISE(W1);NEOWISE
57666.63799516;16.218;0.277;NEOWISE;WISE(W1);NEOWISE
57666.7690264;16.212;0.313;NEOWISE;WISE(W1);NEOWISE
57666.9000577;15.796;0.195;NEOWISE;WISE(W1);NEOWISE
57666.9000577;14.527;0.297;NEOWISE;WISE(W2);NEOWISE
57827.73582365;16.431;0.326;NEOWISE;WISE(W1);NEOWISE
57827.86672752;16.076;0.316;NEOWISE;WISE(W1);NEOWISE
57828.0632108;16.482;0.342;NEOWISE;WISE(W1);NEOWISE
57828.12866278;16.076;0.303;NEOWISE;WISE(W1);NEOWISE
57828.19424204;15.848;0.319;NEOWISE;WISE(W1);NEOWISE
57828.25969397;16.524;0.375;NEOWISE;WISE(W1);NEOWISE
57828.32514596;16.225;0.268;NEOWISE;WISE(W1);NEOWISE
57828.45617715;16.004;0.374;NEOWISE;WISE(W1);NEOWISE
58030.26710395;15.627;0.191;NEOWISE;WISE(W1);NEOWISE
58030.39800734;16.014;0.231;NEOWISE;WISE(W1);NEOWISE
58030.65981427;16.861;0.489;NEOWISE;WISE(W1);NEOWISE
58030.72539329;15.816;0.193;NEOWISE;WISE(W1);NEOWISE
58030.79084502;15.299;0.463;NEOWISE;WISE(W2);NEOWISE
58030.79084502;16.603;0.366;NEOWISE;WISE(W1);NEOWISE
58030.85629672;15.738;0.21;NEOWISE;WISE(W1);NEOWISE
58030.98720021;15.916;0.208;NEOWISE;WISE(W1);NEOWISE
58031.11810366;15.988;0.213;NEOWISE;WISE(W1);NEOWISE
58031.24900705;16.198;0.276;NEOWISE;WISE(W1);NEOWISE
58031.24913441;16.119;0.242;NEOWISE;WISE(W1);NEOWISE
58038.38527709;16.036;0.241;NEOWISE;WISE(W1);NEOWISE
58187.53775649;15.774;0.193;NEOWISE;WISE(W1);NEOWISE
58187.99592178;16.207;0.243;NEOWISE;WISE(W1);NEOWISE
58187.99592178;14.612;0.311;NEOWISE;WISE(W2);NEOWISE
58188.06137384;16.21;0.273;NEOWISE;WISE(W1);NEOWISE
58188.12631662;16.271;0.268;NEOWISE;WISE(W1);NEOWISE
58188.19176872;15.247;0.428;NEOWISE;WISE(W2);NEOWISE
58188.19176872;16.259;0.261;NEOWISE;WISE(W1);NEOWISE
58188.388507;15.64;0.534;NEOWISE;WISE(W2);NEOWISE
58188.388507;16.169;0.278;NEOWISE;WISE(W1);NEOWISE
58188.38863432;16.099;0.267;NEOWISE;WISE(W1);NEOWISE
58214.1315856;20.2575817;0.135632902;ZTF;ZTF(zr);ZTF
58219.1662731;20.237587;0.133642197;ZTF;ZTF(zr);ZTF
58223.150463;20.205986;0.13054429;ZTF;ZTF(zr);ZTF
58223.1710532;20.2876167;0.138666958;ZTF;ZTF(zr);ZTF
58227.1459028;20.1936512;0.12935096;ZTF;ZTF(zr);ZTF
58231.1635648;20.3621559;0.146423981;ZTF;ZTF(zr);ZTF
58247.2216898;20.1305752;0.123389542;ZTF;ZTF(zr);ZTF
58350.5054977;20.0429249;0.115494445;ZTF;ZTF(zr);ZTF
58353.5084144;20.3965721;0.150113314;ZTF;ZTF(zr);ZTF
58353.5093171;20.4139175;0.151997879;ZTF;ZTF(zr);ZTF
58356.5069907;20.1437416;0.124614678;ZTF;ZTF(zr);ZTF
58359.4699537;20.3507652;0.145218;ZTF;ZTF(zr);ZTF
58360.5135764;20.5071983;0.162236929;ZTF;ZTF(zr);ZTF
58361.5140741;20.1734524;0.127416372;ZTF;ZTF(zr);ZTF
58362.4514005;20.1650391;0.126617849;ZTF;ZTF(zr);ZTF
58363.4928704;20.1842403;0.128446653;ZTF;ZTF(zr);ZTF
58364.508669;20.1947327;0.129455313;ZTF;ZTF(zr);ZTF
58365.5132986;20.171751;0.127254665;ZTF;ZTF(zr);ZTF
58365.5155903;20.0542145;0.11648608;ZTF;ZTF(zr);ZTF
58366.5035995;20.226059;0.132505253;ZTF;ZTF(zr);ZTF
58367.5067014;20.3120861;0.141178116;ZTF;ZTF(zr);ZTF
58368.4680093;20.2913055;0.13904345;ZTF;ZTF(zr);ZTF
58368.4691204;20.221262;0.132034466;ZTF;ZTF(zr);ZTF
58369.5063194;20.2822533;0.138121396;ZTF;ZTF(zr);ZTF
58370.5118866;20.2840424;0.138303146;ZTF;ZTF(zr);ZTF
58371.4689236;20.1691399;0.127006635;ZTF;ZTF(zr);ZTF
58371.4707523;20.2540398;0.135278463;ZTF;ZTF(zr);ZTF
58372.5087269;20.2276936;0.132666111;ZTF;ZTF(zr);ZTF
58373.4853935;20.1775246;0.127804458;ZTF;ZTF(zr);ZTF
58374.5135995;20.2500973;0.134885073;ZTF;ZTF(zr);ZTF
58374.5145139;20.2762337;0.137510896;ZTF;ZTF(zr);ZTF
58375.5064352;20.3712826;0.147395715;ZTF;ZTF(zr);ZTF
58376.5186111;20.1844482;0.128466532;ZTF;ZTF(zr);ZTF
58377.4732639;20.4012489;0.150619641;ZTF;ZTF(zr);ZTF
58377.511956;21.5156593;0.227849126;ZTF;ZTF(zg);ZTF
58377.5128704;21.4388905;0.222039342;ZTF;ZTF(zg);ZTF
58379.5084838;20.2655544;0.136433169;ZTF;ZTF(zr);ZTF
58380.4686343;20.3273335;0.142760277;ZTF;ZTF(zr);ZTF
58380.4695486;20.1803627;0.128075644;ZTF;ZTF(zr);ZTF
58382.5040278;20.2829247;0.13818948;ZTF;ZTF(zr);ZTF
58383.4939815;21.1839199;0.202743173;ZTF;ZTF(zg);ZTF
58383.5071644;20.4308834;0.153857425;ZTF;ZTF(zr);ZTF
58383.5081019;20.3552322;0.145689964;ZTF;ZTF(zr);ZTF
58384.5175347;20.3743877;0.147727579;ZTF;ZTF(zr);ZTF
58386.4485532;20.1416702;0.124421239;ZTF;ZTF(zr);ZTF
58386.4494907;20.1607494;0.12621206;ZTF;ZTF(zr);ZTF
58387.4953356;20.1697216;0.127061874;ZTF;ZTF(zr);ZTF
58389.5031713;20.2627296;0.136149153;ZTF;ZTF(zr);ZTF
58389.5041088;20.3533249;0.145488217;ZTF;ZTF(zr);ZTF
58390.5051968;20.0747795;0.118311733;ZTF;ZTF(zr);ZTF
58397.2953996;15.771;0.187;NEOWISE;WISE(W1);NEOWISE
58397.42617554;15.437;0.165;NEOWISE;WISE(W1);NEOWISE
58397.4959028;21.7082195;0.242422104;ZTF;ZTF(zg);ZTF
58397.4968287;21.6278019;0.236336112;ZTF;ZTF(zg);ZTF
58397.5031019;20.2652645;0.136403903;ZTF;ZTF(zr);ZTF
58397.5040394;20.1524067;0.125426337;ZTF;ZTF(zr);ZTF
58397.55657007;15.986;0.288;NEOWISE;WISE(W1);NEOWISE
58397.62253108;16.011;0.225;NEOWISE;WISE(W1);NEOWISE
58397.75343444;15.013;0.453;NEOWISE;WISE(W2);NEOWISE
58397.75343444;15.759;0.181;NEOWISE;WISE(W1);NEOWISE
58397.8188861;16.588;0.37;NEOWISE;WISE(W1);NEOWISE
58397.8188861;15.163;0.461;NEOWISE;WISE(W2);NEOWISE
58397.88433771;15.912;0.2;NEOWISE;WISE(W1);NEOWISE
58398.01524102;15.996;0.195;NEOWISE;WISE(W1);NEOWISE
58398.1455076;15.813;0.22;NEOWISE;WISE(W1);NEOWISE
58398.27692023;15.738;0.172;NEOWISE;WISE(W1);NEOWISE
58423.3817708;20.1099281;0.121489152;ZTF;ZTF(zr);ZTF
58425.4388773;20.2866344;0.138566911;ZTF;ZTF(zr);ZTF
58425.4471412;20.4089375;0.151455015;ZTF;ZTF(zr);ZTF
58426.422037;20.3744678;0.147736013;ZTF;ZTF(zr);ZTF
58427.4674306;20.2971878;0.1396451;ZTF;ZTF(zr);ZTF
58429.373588;20.2482567;0.144432783;ZTF;ZTF(zr);ZTF
58429.4139005;20.2464333;0.134520099;ZTF;ZTF(zr);ZTF
58429.4303241;21.8565617;0.253648639;ZTF;ZTF(zg);ZTF
58430.4677083;20.3234005;0.142350778;ZTF;ZTF(zr);ZTF
58431.5054861;20.3298798;0.143025815;ZTF;ZTF(zr);ZTF
58432.3623958;20.2435379;0.144062787;ZTF;ZTF(zr);ZTF
58432.4053125;20.2739944;0.137284398;ZTF;ZTF(zr);ZTF
58434.4412963;19.9889698;0.110857151;ZTF;ZTF(zr);ZTF
58435.369213;19.7748985;0.108712859;ZTF;ZTF(zr);ZTF
58435.3811458;19.843502;0.0991812944;ZTF;ZTF(zr);ZTF
58437.3812963;20.2240028;0.132303387;ZTF;ZTF(zr);ZTF
58438.4368981;21.6056499;0.203408599;ZTF;ZTF(zg);ZTF
58448.3498958;20.1669464;0.12679857;ZTF;ZTF(zr);ZTF
58448.3703935;20.3322334;0.143271565;ZTF;ZTF(zr);ZTF
58450.3887269;20.2055035;0.130497545;ZTF;ZTF(zr);ZTF
58455.4931481;20.2424088;0.134120196;ZTF;ZTF(zr);ZTF
58461.5131713;20.3250694;0.142524391;ZTF;ZTF(zr);ZTF
58464.3068981;20.3161354;0.141596884;ZTF;ZTF(zr);ZTF
58472.2910185;20.2019386;0.140800327;ZTF;ZTF(zr);ZTF
58480.321956;20.3300018;0.143038526;ZTF;ZTF(zr);ZTF
58481.4471296;20.0702553;0.130533025;ZTF;ZTF(zr);ZTF
58486.4437153;19.9809818;0.110184975;ZTF;ZTF(zr);ZTF
58488.2473843;21.2484932;0.181758165;ZTF;ZTF(zg);ZTF
58490.2222338;20.2551231;0.135386899;ZTF;ZTF(zr);ZTF
58507.2524074;20.5668488;0.167353034;ZTF;ZTF(zr);ZTF
58507.2538773;20.5999756;0.170941591;ZTF;ZTF(zr);ZTF
58510.2509375;19.9922371;0.111133203;ZTF;ZTF(zr);ZTF
58510.2643634;19.6951466;0.103253014;ZTF;ZTF(zr);ZTF
58522.2166319;20.2819405;0.138089672;ZTF;ZTF(zr);ZTF
58522.2223032;20.2539139;0.135265842;ZTF;ZTF(zr);ZTF
58523.2133449;20.2163563;0.131554544;ZTF;ZTF(zr);ZTF
58526.2166319;19.925457;0.10561277;ZTF;ZTF(zr);ZTF
58526.2175463;19.9876423;0.110745229;ZTF;ZTF(zr);ZTF
58534.2203356;19.628624;0.0840348601;ZTF;ZTF(zr);ZTF
58540.2025694;20.2083092;0.130769938;ZTF;ZTF(zr);ZTF
58540.2321991;20.2724743;0.146328896;ZTF;ZTF(zr);ZTF
58547.1203819;20.2653141;0.145768702;ZTF;ZTF(zr);ZTF
58547.1803819;20.3043976;0.14038533;ZTF;ZTF(zr);ZTF
58547.1812847;20.2186432;0.131778106;ZTF;ZTF(zr);ZTF
58551.88597269;16.162;0.269;NEOWISE;WISE(W1);NEOWISE
58551.88597269;14.831;0.337;NEOWISE;WISE(W2);NEOWISE
58552.01687638;15.161;0.371;NEOWISE;WISE(W2);NEOWISE
58552.01687638;16.098;0.253;NEOWISE;WISE(W1);NEOWISE
58552.14714334;15.947;0.256;NEOWISE;WISE(W1);NEOWISE
58552.27855625;16.049;0.227;NEOWISE;WISE(W1);NEOWISE
58552.34388072;15.523;0.206;NEOWISE;WISE(W1);NEOWISE
58552.34400808;16.029;0.326;NEOWISE;WISE(W1);NEOWISE
58552.47478441;16.005;0.211;NEOWISE;WISE(W1);NEOWISE
58552.60568801;16.074;0.244;NEOWISE;WISE(W1);NEOWISE
58552.73646433;16.189;0.263;NEOWISE;WISE(W1);NEOWISE
58552.86736797;15.587;0.19;NEOWISE;WISE(W1);NEOWISE
58556.1649421;19.9714756;0.109389648;ZTF;ZTF(zr);ZTF
58558.16616414;15.659;0.185;NEOWISE;WISE(W1);NEOWISE
58562.1647801;20.2634563;0.136222199;ZTF;ZTF(zr);ZTF
58567.1365278;20.3666363;0.146900624;ZTF;ZTF(zr);ZTF
58567.137419;20.3016739;0.140105188;ZTF;ZTF(zr);ZTF
58573.1433912;20.0635681;0.117313497;ZTF;ZTF(zr);ZTF
58582.1835995;20.4288864;0.153637618;ZTF;ZTF(zr);ZTF
58591.1415625;20.274971;0.137383014;ZTF;ZTF(zr);ZTF
58592.2227778;20.1684132;0.126937628;ZTF;ZTF(zr);ZTF
58598.1551042;20.2861881;0.138521492;ZTF;ZTF(zr);ZTF
58599.1510995;20.5370903;0.164800644;ZTF;ZTF(zr);ZTF
58716.4899074;20.2486496;0.134740606;ZTF;ZTF(zr);ZTF
58719.4722569;19.6291943;0.0840719566;ZTF;ZTF(zr);ZTF
58722.4942477;20.467659;0.157942533;ZTF;ZTF(zr);ZTF
58725.5077083;20.2371655;0.133600652;ZTF;ZTF(zr);ZTF
58732.5105903;20.266264;0.136504412;ZTF;ZTF(zr);ZTF
58735.5164699;20.0773849;0.118544817;ZTF;ZTF(zr);ZTF
58740.5074306;20.168087;0.138147414;ZTF;ZTF(zr);ZTF
58746.5127431;20.8789425;0.159356356;ZTF;ZTF(zg);ZTF
58747.4637153;20.2648544;0.136362657;ZTF;ZTF(zr);ZTF
58750.4454745;20.7599506;0.170657158;ZTF;ZTF(zg);ZTF
58750.5106597;20.2640648;0.136283308;ZTF;ZTF(zr);ZTF
58756.5075579;20.3807964;0.148413911;ZTF;ZTF(zr);ZTF
58760.5003356;21.2838192;0.183899641;ZTF;ZTF(zg);ZTF
58761.43912979;16.037;0.328;NEOWISE;WISE(W1);NEOWISE
58761.56990574;15.957;0.21;NEOWISE;WISE(W1);NEOWISE
58761.7006816;15.749;0.195;NEOWISE;WISE(W1);NEOWISE
58761.83158487;16.156;0.283;NEOWISE;WISE(W1);NEOWISE
58761.89703648;16.141;0.249;NEOWISE;WISE(W1);NEOWISE
58761.96236082;15.331;0.157;NEOWISE;WISE(W1);NEOWISE
58761.96236082;14.912;0.413;NEOWISE;WISE(W2);NEOWISE
58762.02781248;15.847;0.21;NEOWISE;WISE(W1);NEOWISE
58762.15858833;15.715;0.234;NEOWISE;WISE(W1);NEOWISE
58762.15871569;16.124;0.277;NEOWISE;WISE(W1);NEOWISE
58762.2894916;16.119;0.276;NEOWISE;WISE(W1);NEOWISE
58762.4202675;16.477;0.343;NEOWISE;WISE(W1);NEOWISE
58763.441331;21.2761917;0.209726214;ZTF;ZTF(zg);ZTF
58763.5096644;20.3295918;0.142995715;ZTF;ZTF(zr);ZTF
58764.5248958;21.3004551;0.184908032;ZTF;ZTF(zg);ZTF
58765.495787;21.6015396;0.203159451;ZTF;ZTF(zg);ZTF
58766.5097222;20.1436214;0.124603324;ZTF;ZTF(zr);ZTF
58769.4667824;20.2668915;0.136567786;ZTF;ZTF(zr);ZTF
58772.4859954;20.2848148;0.147293478;ZTF;ZTF(zr);ZTF
58772.4864468;19.5343399;0.0929048732;ZTF;ZTF(zr);ZTF
58776.4786111;20.0085373;0.125801116;ZTF;ZTF(zr);ZTF
58778.4688079;20.0039234;0.125450358;ZTF;ZTF(zr);ZTF
58782.4623495;20.3566246;0.1528662;ZTF;ZTF(zr);ZTF
58782.4628009;20.2455311;0.144219011;ZTF;ZTF(zr);ZTF
58783.4144213;20.0397644;0.128186703;ZTF;ZTF(zr);ZTF
58784.5146296;19.823431;0.0976627842;ZTF;ZTF(zr);ZTF
58787.5105556;19.9403667;0.106823258;ZTF;ZTF(zr);ZTF
58788.4568866;21.4668865;0.194996953;ZTF;ZTF(zg);ZTF
58789.4487847;21.3953629;0.218745112;ZTF;ZTF(zg);ZTF
58790.4890394;20.2455597;0.134433091;ZTF;ZTF(zr);ZTF
58791.490463;20.1801071;0.128051266;ZTF;ZTF(zr);ZTF
58791.4918171;20.3058262;0.148932174;ZTF;ZTF(zr);ZTF
58791.4922685;20.2993698;0.148429215;ZTF;ZTF(zr);ZTF
58793.3777894;20.3474426;0.14486745;ZTF;ZTF(zr);ZTF
58793.3782407;20.3123741;0.14120768;ZTF;ZTF(zr);ZTF
58793.3786921;20.1555691;0.125723854;ZTF;ZTF(zr);ZTF
58793.3791435;20.2478523;0.134661302;ZTF;ZTF(zr);ZTF
58793.3795949;20.2377052;0.133653983;ZTF;ZTF(zr);ZTF
58793.3800579;20.3237114;0.142383248;ZTF;ZTF(zr);ZTF
58793.3804977;20.5388603;0.164952517;ZTF;ZTF(zr);ZTF
58793.3809491;20.2351456;0.133400753;ZTF;ZTF(zr);ZTF
58793.3823148;20.3469887;0.144819736;ZTF;ZTF(zr);ZTF
58793.3827662;20.3799038;0.148318008;ZTF;ZTF(zr);ZTF
58793.3832176;20.0825787;0.119010486;ZTF;ZTF(zr);ZTF
58793.383669;20.1527176;0.125455692;ZTF;ZTF(zr);ZTF
58793.3841204;20.4049644;0.151023045;ZTF;ZTF(zr);ZTF
58793.3845718;20.02808;0.114201836;ZTF;ZTF(zr);ZTF
58793.3854745;20.3942661;0.149863839;ZTF;ZTF(zr);ZTF
58793.3859259;20.2375469;0.133638427;ZTF;ZTF(zr);ZTF
58793.3863773;20.4608383;0.157179296;ZTF;ZTF(zr);ZTF
58793.3868287;20.3268776;0.142712846;ZTF;ZTF(zr);ZTF
58793.3872801;20.2100735;0.130941585;ZTF;ZTF(zr);ZTF
58793.3881829;20.178278;0.127876356;ZTF;ZTF(zr);ZTF
58793.3886343;20.2763977;0.137527555;ZTF;ZTF(zr);ZTF
58793.3890856;20.1877289;0.128781244;ZTF;ZTF(zr);ZTF
58793.389537;20.3342171;0.143478945;ZTF;ZTF(zr);ZTF
58793.3899884;20.2845917;0.138359174;ZTF;ZTF(zr);ZTF
58793.3909028;20.2004433;0.130006954;ZTF;ZTF(zr);ZTF
58793.3913542;20.4239883;0.153099775;ZTF;ZTF(zr);ZTF
58793.3922569;20.1948414;0.129465893;ZTF;ZTF(zr);ZTF
58793.3927083;20.444273;0.155336201;ZTF;ZTF(zr);ZTF
58793.3931597;20.5052891;0.162073135;ZTF;ZTF(zr);ZTF
58793.3936111;20.5059204;0.162127256;ZTF;ZTF(zr);ZTF
58793.3940625;20.3897934;0.149381191;ZTF;ZTF(zr);ZTF
58793.3945139;20.5571346;0.16651988;ZTF;ZTF(zr);ZTF
58793.3949653;20.5125141;0.162692785;ZTF;ZTF(zr);ZTF
58793.3954167;20.4000587;0.150490686;ZTF;ZTF(zr);ZTF
58793.3963194;20.4241962;0.1531225;ZTF;ZTF(zr);ZTF
58793.3967708;20.0509911;0.116202161;ZTF;ZTF(zr);ZTF
58793.3972222;20.2602901;0.135904342;ZTF;ZTF(zr);ZTF
58793.3976736;20.4163761;0.152266309;ZTF;ZTF(zr);ZTF
58793.398125;20.345314;0.144643247;ZTF;ZTF(zr);ZTF
58793.3985764;20.2918091;0.13909483;ZTF;ZTF(zr);ZTF
58793.3990278;20.2849693;0.1383975;ZTF;ZTF(zr);ZTF
58793.3994792;20.1712589;0.127207726;ZTF;ZTF(zr);ZTF
58793.3999306;20.2639465;0.136271313;ZTF;ZTF(zr);ZTF
58793.4003819;20.2898331;0.138893053;ZTF;ZTF(zr);ZTF
58793.4008333;20.2843094;0.138330311;ZTF;ZTF(zr);ZTF
58793.4017477;20.2874584;0.138650924;ZTF;ZTF(zr);ZTF
58793.4021991;20.418602;0.152509764;ZTF;ZTF(zr);ZTF
58793.4026505;20.2294617;0.132840008;ZTF;ZTF(zr);ZTF
58793.4031019;20.1070557;0.121226929;ZTF;ZTF(zr);ZTF
58793.4040046;20.2534599;0.135220572;ZTF;ZTF(zr);ZTF
58793.404456;20.1778507;0.127835631;ZTF;ZTF(zr);ZTF
58793.4049074;20.4092751;0.151491851;ZTF;ZTF(zr);ZTF
58793.4053588;20.3598595;0.146180257;ZTF;ZTF(zr);ZTF
58793.4058102;20.1153259;0.121983558;ZTF;ZTF(zr);ZTF
58793.4062616;20.2840614;0.138305113;ZTF;ZTF(zr);ZTF
58793.4067014;20.0899658;0.119675808;ZTF;ZTF(zr);ZTF
58793.4071644;20.2068844;0.130631611;ZTF;ZTF(zr);ZTF
58793.4080671;20.5329266;0.164443612;ZTF;ZTF(zr);ZTF
58793.4089699;20.3351021;0.143571511;ZTF;ZTF(zr);ZTF
58793.4098727;20.3594189;0.146133482;ZTF;ZTF(zr);ZTF
58793.4103241;20.3841362;0.148772553;ZTF;ZTF(zr);ZTF
58793.4107755;20.1827202;0.128301203;ZTF;ZTF(zr);ZTF
58793.4112269;20.2955608;0.139478326;ZTF;ZTF(zr);ZTF
58793.4116782;20.3501186;0.145149797;ZTF;ZTF(zr);ZTF
58793.4121296;20.2462845;0.134505168;ZTF;ZTF(zr);ZTF
58793.412581;20.2063656;0.130581111;ZTF;ZTF(zr);ZTF
58793.4134838;20.2717209;0.137054592;ZTF;ZTF(zr);ZTF
58793.4139352;20.1168137;0.12212012;ZTF;ZTF(zr);ZTF
58793.4143866;20.1031532;0.120871164;ZTF;ZTF(zr);ZTF
58793.414838;20.4294815;0.153703168;ZTF;ZTF(zr);ZTF
58793.4152894;20.4241619;0.153118849;ZTF;ZTF(zr);ZTF
58793.4157407;20.4015102;0.150648072;ZTF;ZTF(zr);ZTF
58793.4161921;20.3135071;0.141324997;ZTF;ZTF(zr);ZTF
58793.4166435;20.2172737;0.131644025;ZTF;ZTF(zr);ZTF
58793.4170949;20.3759861;0.147898421;ZTF;ZTF(zr);ZTF
58793.4175463;20.2549381;0.135368317;ZTF;ZTF(zr);ZTF
58793.4179977;20.3851128;0.148877367;ZTF;ZTF(zr);ZTF
58793.4184491;20.2407532;0.133955821;ZTF;ZTF(zr);ZTF
58793.4189005;20.5231323;0.163603544;ZTF;ZTF(zr);ZTF
58793.4193519;20.3188972;0.141883045;ZTF;ZTF(zr);ZTF
58793.4198032;20.550251;0.165929437;ZTF;ZTF(zr);ZTF
58793.4202546;20.3134251;0.141316369;ZTF;ZTF(zr);ZTF
58793.420706;20.4358826;0.15440844;ZTF;ZTF(zr);ZTF
58793.4211574;20.2790718;0.137798369;ZTF;ZTF(zr);ZTF
58793.4216088;20.4227524;0.15296407;ZTF;ZTF(zr);ZTF
58793.4220602;20.3041229;0.140357137;ZTF;ZTF(zr);ZTF
58793.4225231;20.2408962;0.133970007;ZTF;ZTF(zr);ZTF
58793.4229745;20.1837769;0.128402352;ZTF;ZTF(zr);ZTF
58793.4234259;20.1491356;0.125119388;ZTF;ZTF(zr);ZTF
58793.4238773;20.3701134;0.147271082;ZTF;ZTF(zr);ZTF
58793.4243287;20.3173294;0.141720638;ZTF;ZTF(zr);ZTF
58793.4247801;20.4597225;0.157054693;ZTF;ZTF(zr);ZTF
58793.4252315;20.245554;0.134432614;ZTF;ZTF(zr);ZTF
58793.4256829;20.2873383;0.138638794;ZTF;ZTF(zr);ZTF
58793.4261343;20.2567806;0.135552689;ZTF;ZTF(zr);ZTF
58793.4265856;20.5404263;0.165086865;ZTF;ZTF(zr);ZTF
58793.427037;20.4408493;0.154957145;ZTF;ZTF(zr);ZTF
58793.4274884;20.4938889;0.160900459;ZTF;ZTF(zr);ZTF
58793.4279398;20.4156113;0.152182683;ZTF;ZTF(zr);ZTF
58793.4283912;20.4317684;0.153954804;ZTF;ZTF(zr);ZTF
58793.429294;20.577179;0.168238997;ZTF;ZTF(zr);ZTF
58793.4297454;20.2443123;0.134309143;ZTF;ZTF(zr);ZTF
58793.4301968;20.2961121;0.139534965;ZTF;ZTF(zr);ZTF
58793.4306481;20.2952385;0.139445379;ZTF;ZTF(zr);ZTF
58793.4310995;20.3489189;0.145023033;ZTF;ZTF(zr);ZTF
58793.4315509;20.3834229;0.148695692;ZTF;ZTF(zr);ZTF
58793.4320023;20.3955078;0.149998069;ZTF;ZTF(zr);ZTF
58793.4324537;20.3262596;0.14264825;ZTF;ZTF(zr);ZTF
58793.4329051;20.216877;0.131605327;ZTF;ZTF(zr);ZTF
58793.4333565;20.4595776;0.157038435;ZTF;ZTF(zr);ZTF
58793.4338079;20.1430206;0.124547191;ZTF;ZTF(zr);ZTF
58793.4342593;20.3182526;0.141816288;ZTF;ZTF(zr);ZTF
58793.4347106;20.2482948;0.134705454;ZTF;ZTF(zr);ZTF
58793.435162;20.3326283;0.143312916;ZTF;ZTF(zr);ZTF
58793.4356134;20.2864361;0.138546735;ZTF;ZTF(zr);ZTF
58793.4360648;20.3224983;0.142257094;ZTF;ZTF(zr);ZTF
58793.4365162;20.4525757;0.156258017;ZTF;ZTF(zr);ZTF
58793.4369676;20.1981201;0.129782379;ZTF;ZTF(zr);ZTF
58793.437419;20.2632027;0.136196569;ZTF;ZTF(zr);ZTF
58793.4378704;20.2547455;0.135349005;ZTF;ZTF(zr);ZTF
58793.4383218;20.4557304;0.156609252;ZTF;ZTF(zr);ZTF
58793.4387731;20.4297752;0.153735429;ZTF;ZTF(zr);ZTF
58793.4396759;20.2637272;0.136249259;ZTF;ZTF(zr);ZTF
58793.4401273;20.3308372;0.143125623;ZTF;ZTF(zr);ZTF
58793.4405787;20.3906536;0.14947398;ZTF;ZTF(zr);ZTF
58793.4414815;20.167984;0.126896903;ZTF;ZTF(zr);ZTF
58793.4419329;20.2801018;0.137902826;ZTF;ZTF(zr);ZTF
58793.4423843;20.5346889;0.164594769;ZTF;ZTF(zr);ZTF
58793.4428356;20.3589573;0.146084681;ZTF;ZTF(zr);ZTF
58793.443287;20.2977562;0.139703259;ZTF;ZTF(zr);ZTF
58793.4437384;20.3434925;0.144451618;ZTF;ZTF(zr);ZTF
58793.4441898;20.443531;0.155254066;ZTF;ZTF(zr);ZTF
58793.4446528;20.2492332;0.134798795;ZTF;ZTF(zr);ZTF
58793.4450926;20.3979912;0.150266826;ZTF;ZTF(zr);ZTF
58793.4455556;20.302124;0.140151471;ZTF;ZTF(zr);ZTF
58793.4460069;20.3218613;0.142190933;ZTF;ZTF(zr);ZTF
58793.4464583;20.2795868;0.137850583;ZTF;ZTF(zr);ZTF
58793.4469097;20.3624268;0.146452829;ZTF;ZTF(zr);ZTF
58793.4478125;20.4939079;0.160902634;ZTF;ZTF(zr);ZTF
58793.4482639;20.2704391;0.13692537;ZTF;ZTF(zr);ZTF
58793.4487153;20.0552673;0.116579019;ZTF;ZTF(zr);ZTF
58793.4491667;20.1433868;0.124581486;ZTF;ZTF(zr);ZTF
58793.4496181;20.3507671;0.145218253;ZTF;ZTF(zr);ZTF
58793.4500694;20.3885536;0.149247602;ZTF;ZTF(zr);ZTF
58793.4505093;20.3343773;0.143495649;ZTF;ZTF(zr);ZTF
58793.4509722;20.2066956;0.130613312;ZTF;ZTF(zr);ZTF
58793.4514236;20.287487;0.138653845;ZTF;ZTF(zr);ZTF
58793.451875;20.3550682;0.145672813;ZTF;ZTF(zr);ZTF
58793.4523264;20.4388103;0.154731765;ZTF;ZTF(zr);ZTF
58793.4527778;20.6573582;0.175115824;ZTF;ZTF(zr);ZTF
58793.4532292;20.2088947;0.130826995;ZTF;ZTF(zr);ZTF
58793.4536806;20.4235001;0.153046146;ZTF;ZTF(zr);ZTF
58793.4541319;20.2371368;0.133597821;ZTF;ZTF(zr);ZTF
58793.4545833;20.449585;0.155925617;ZTF;ZTF(zr);ZTF
58793.4550347;20.3826485;0.148612723;ZTF;ZTF(zr);ZTF
58793.4554861;20.2239494;0.132298008;ZTF;ZTF(zr);ZTF
58793.4563889;20.3263206;0.142654717;ZTF;ZTF(zr);ZTF
58793.4568403;20.3371773;0.143788964;ZTF;ZTF(zr);ZTF
58793.4572917;20.324913;0.142508268;ZTF;ZTF(zr);ZTF
58793.4577431;20.2719936;0.137082279;ZTF;ZTF(zr);ZTF
58793.4581944;20.5353203;0.16464889;ZTF;ZTF(zr);ZTF
58793.4595486;20.425415;0.153256208;ZTF;ZTF(zr);ZTF
58793.46;20.1957226;0.12955077;ZTF;ZTF(zr);ZTF
58793.4604514;20.2477798;0.134654179;ZTF;ZTF(zr);ZTF
58793.4609028;20.4224701;0.15293324;ZTF;ZTF(zr);ZTF
58793.4613542;20.3072891;0.1406831;ZTF;ZTF(zr);ZTF
58793.4622569;20.4520187;0.156196207;ZTF;ZTF(zr);ZTF
58793.4627083;20.2005444;0.130016863;ZTF;ZTF(zr);ZTF
58793.4631597;20.3734493;0.147627175;ZTF;ZTF(zr);ZTF
58793.4636111;20.2808113;0.137974933;ZTF;ZTF(zr);ZTF
58793.4640625;20.4319992;0.153980285;ZTF;ZTF(zr);ZTF
58793.4645139;20.3132477;0.141298115;ZTF;ZTF(zr);ZTF
58793.4649653;20.5436001;0.16535902;ZTF;ZTF(zr);ZTF
58793.4654167;20.3083305;0.140790254;ZTF;ZTF(zr);ZTF
58793.4658681;20.3876572;0.149151072;ZTF;ZTF(zr);ZTF
58793.4663194;20.44524;0.155443251;ZTF;ZTF(zr);ZTF
58793.4667708;20.2613678;0.136012465;ZTF;ZTF(zr);ZTF
58793.4672222;20.4318371;0.153962433;ZTF;ZTF(zr);ZTF
58793.4676736;20.2180443;0.131719589;ZTF;ZTF(zr);ZTF
58793.468125;20.260767;0.13595216;ZTF;ZTF(zr);ZTF
58793.4685764;20.3700447;0.147263706;ZTF;ZTF(zr);ZTF
58793.4690278;20.3796768;0.148293734;ZTF;ZTF(zr);ZTF
58793.4871296;20.3462505;0.144741893;ZTF;ZTF(zr);ZTF
58796.5408912;20.3581429;0.145998254;ZTF;ZTF(zr);ZTF
58799.3426736;20.2746773;0.146501198;ZTF;ZTF(zr);ZTF
58806.5094792;20.2907734;0.147758648;ZTF;ZTF(zr);ZTF
58806.509919;20.4167747;0.157446876;ZTF;ZTF(zr);ZTF
58806.5126389;20.1758156;0.127641663;ZTF;ZTF(zr);ZTF
58833.303206;19.5258141;0.0776142851;ZTF;ZTF(zr);ZTF
58836.4515394;20.1920395;0.12919572;ZTF;ZTF(zr);ZTF
58837.2514005;20.0578804;0.11680977;ZTF;ZTF(zr);ZTF
58837.2546065;20.2829475;0.138191894;ZTF;ZTF(zr);ZTF
58837.2564352;20.1668854;0.126792669;ZTF;ZTF(zr);ZTF
58837.2578241;20.1497498;0.125177056;ZTF;ZTF(zr);ZTF
58837.2643287;20.2457352;0.134450629;ZTF;ZTF(zr);ZTF
58837.2670833;20.0070572;0.112392969;ZTF;ZTF(zr);ZTF
58837.2703241;19.9527092;0.10783492;ZTF;ZTF(zr);ZTF
58837.2721528;20.0698967;0.117876038;ZTF;ZTF(zr);ZTF
58837.2754514;20.1064644;0.121172965;ZTF;ZTF(zr);ZTF
58837.2768981;19.9486752;0.107503325;ZTF;ZTF(zr);ZTF
58837.2806597;19.9410286;0.106877275;ZTF;ZTF(zr);ZTF
58837.2857755;20.25037;0.134912193;ZTF;ZTF(zr);ZTF
58837.2912731;20.3248959;0.142506272;ZTF;ZTF(zr);ZTF
58837.2935648;20.0506115;0.116168827;ZTF;ZTF(zr);ZTF
58837.2940162;20.0819855;0.118957154;ZTF;ZTF(zr);ZTF
58837.2976852;20.1290779;0.123250894;ZTF;ZTF(zr);ZTF
58837.2999537;20.1931477;0.129302487;ZTF;ZTF(zr);ZTF
58837.3042361;20.3790665;0.148228303;ZTF;ZTF(zr);ZTF
58837.3056019;20.2876244;0.138667941;ZTF;ZTF(zr);ZTF
58837.3074653;20.2591743;0.135792464;ZTF;ZTF(zr);ZTF
58837.3089583;20.246376;0.134514421;ZTF;ZTF(zr);ZTF
58837.3122454;20.1398201;0.124248713;ZTF;ZTF(zr);ZTF
58837.3165394;20.2292442;0.132818639;ZTF;ZTF(zr);ZTF
58837.3169907;20.2941704;0.139336094;ZTF;ZTF(zr);ZTF
58837.3184954;20.2476349;0.134639695;ZTF;ZTF(zr);ZTF
58837.3203356;20.1821117;0.128242806;ZTF;ZTF(zr);ZTF
58837.3222338;20.1947327;0.129455313;ZTF;ZTF(zr);ZTF
58837.325162;20.0967331;0.120287873;ZTF;ZTF(zr);ZTF
58837.3385764;20.2010269;0.130063474;ZTF;ZTF(zr);ZTF
58837.3390278;20.0849991;0.119228035;ZTF;ZTF(zr);ZTF
58837.3487269;20.2192478;0.131837159;ZTF;ZTF(zr);ZTF
58837.3563773;20.1655617;0.126667321;ZTF;ZTF(zr);ZTF
58837.3568287;20.3277531;0.142804012;ZTF;ZTF(zr);ZTF
58837.3691319;20.0835953;0.119101971;ZTF;ZTF(zr);ZTF
58837.3695833;20.2667885;0.136557221;ZTF;ZTF(zr);ZTF
58837.3733681;20.3148766;0.141466573;ZTF;ZTF(zr);ZTF
58837.3743403;20.1472397;0.124941804;ZTF;ZTF(zr);ZTF
58837.3759491;20.0824432;0.118998282;ZTF;ZTF(zr);ZTF
58837.3882755;20.156992;0.125857666;ZTF;ZTF(zr);ZTF
58837.3929861;20.0562191;0.116662979;ZTF;ZTF(zr);ZTF
58837.3934375;20.1945801;0.129440621;ZTF;ZTF(zr);ZTF
58837.3956597;20.2538033;0.13525486;ZTF;ZTF(zr);ZTF
58837.3978588;20.1363831;0.123928651;ZTF;ZTF(zr);ZTF
58837.4005556;20.135498;0.123846412;ZTF;ZTF(zr);ZTF
58837.4116782;20.1582508;0.125976294;ZTF;ZTF(zr);ZTF
58837.4135995;20.1278687;0.123139054;ZTF;ZTF(zr);ZTF
58837.4163079;20.0238628;0.113836899;ZTF;ZTF(zr);ZTF
58837.4182407;19.9512749;0.107716933;ZTF;ZTF(zr);ZTF
58838.2515741;19.9252338;0.105594769;ZTF;ZTF(zr);ZTF
58838.2616782;20.0891609;0.119603075;ZTF;ZTF(zr);ZTF
58838.2728009;19.8372288;0.0987043455;ZTF;ZTF(zr);ZTF
58838.2889699;20.0906792;0.119740158;ZTF;ZTF(zr);ZTF
58838.3008796;19.9608097;0.10850355;ZTF;ZTF(zr);ZTF
58838.3052083;20.108551;0.121363416;ZTF;ZTF(zr);ZTF
58838.3062153;20.0854549;0.119269244;ZTF;ZTF(zr);ZTF
58838.3066667;20.2834816;0.138246179;ZTF;ZTF(zr);ZTF
58838.3118981;20.2826653;0.138163313;ZTF;ZTF(zr);ZTF
58838.312338;20.5433636;0.165338755;ZTF;ZTF(zr);ZTF
58838.3179514;20.0908871;0.119758889;ZTF;ZTF(zr);ZTF
58838.3318634;19.5624332;0.0798428506;ZTF;ZTF(zr);ZTF
58846.2930208;20.1004829;0.12062829;ZTF;ZTF(zr);ZTF
58846.2953819;20.3204861;0.142048061;ZTF;ZTF(zr);ZTF
58846.2994907;20.1700134;0.1270895;ZTF;ZTF(zr);ZTF
58846.3039236;20.036335;0.114918999;ZTF;ZTF(zr);ZTF
58846.3072338;20.3499851;0.145135701;ZTF;ZTF(zr);ZTF
58846.3171181;20.2348175;0.133368462;ZTF;ZTF(zr);ZTF
58846.321088;20.2796898;0.137861222;ZTF;ZTF(zr);ZTF
58846.323912;20.1306362;0.123395294;ZTF;ZTF(zr);ZTF
58846.3259838;20.314146;0.141391084;ZTF;ZTF(zr);ZTF
58846.3300231;20.3871803;0.149099737;ZTF;ZTF(zr);ZTF
58846.3344676;20.4255791;0.153274268;ZTF;ZTF(zr);ZTF
58846.334919;20.3861313;0.148986846;ZTF;ZTF(zr);ZTF
58846.3363194;20.4017296;0.15067187;ZTF;ZTF(zr);ZTF
58846.3367708;20.1747608;0.127541006;ZTF;ZTF(zr);ZTF
58846.3388426;20.3745594;0.147745952;ZTF;ZTF(zr);ZTF
58846.339294;20.2843246;0.138332009;ZTF;ZTF(zr);ZTF
58846.342581;20.1693153;0.12702316;ZTF;ZTF(zr);ZTF
58846.3441319;20.2039204;0.130343944;ZTF;ZTF(zr);ZTF
58846.3480208;20.2060089;0.130546615;ZTF;ZTF(zr);ZTF
58846.3636343;20.1130028;0.121770635;ZTF;ZTF(zr);ZTF
58846.3640741;20.4772072;0.159014881;ZTF;ZTF(zr);ZTF
58846.3715278;20.3472328;0.144845352;ZTF;ZTF(zr);ZTF
58846.3719792;20.2869797;0.138602108;ZTF;ZTF(zr);ZTF
58846.3806134;20.4435711;0.155258298;ZTF;ZTF(zr);ZTF
58846.3848148;20.1369648;0.123982765;ZTF;ZTF(zr);ZTF
58846.3868981;20.2500725;0.134882465;ZTF;ZTF(zr);ZTF
58846.3889352;20.3350296;0.143564016;ZTF;ZTF(zr);ZTF
58846.3909375;20.2709732;0.136979252;ZTF;ZTF(zr);ZTF
58846.3927894;20.2368622;0.133570477;ZTF;ZTF(zr);ZTF
58846.3932407;20.3557205;0.145741686;ZTF;ZTF(zr);ZTF
58846.3953241;20.2406311;0.133943781;ZTF;ZTF(zr);ZTF
58849.2538542;20.2043171;0.130382329;ZTF;ZTF(zr);ZTF
58849.2588889;20.3125725;0.141228378;ZTF;ZTF(zr);ZTF
58849.2593403;20.5293064;0.164133072;ZTF;ZTF(zr);ZTF
58849.2617014;20.374794;0.147770926;ZTF;ZTF(zr);ZTF
58849.2627083;20.3690434;0.147156909;ZTF;ZTF(zr);ZTF
58849.2631481;20.2506828;0.134943321;ZTF;ZTF(zr);ZTF
58849.2645949;20.4548569;0.156512037;ZTF;ZTF(zr);ZTF
58849.2650463;20.3214874;0.142152041;ZTF;ZTF(zr);ZTF
58849.2659838;20.2616329;0.136039034;ZTF;ZTF(zr);ZTF
58849.2664236;20.3137569;0.141350627;ZTF;ZTF(zr);ZTF
58849.2696412;20.2274742;0.132644519;ZTF;ZTF(zr);ZTF
58849.2721065;20.4600296;0.15708904;ZTF;ZTF(zr);ZTF
58849.2735417;20.3178043;0.141769826;ZTF;ZTF(zr);ZTF
58849.2787384;20.4413605;0.155013606;ZTF;ZTF(zr);ZTF
58849.2810532;20.4591885;0.156995073;ZTF;ZTF(zr);ZTF
58849.2849421;20.4184208;0.15248996;ZTF;ZTF(zr);ZTF
58849.288831;20.2149773;0.131419718;ZTF;ZTF(zr);ZTF
58849.2948611;20.4057312;0.151106209;ZTF;ZTF(zr);ZTF
58849.29625;20.5159264;0.162985444;ZTF;ZTF(zr);ZTF
58849.2966898;20.5012932;0.161730409;ZTF;ZTF(zr);ZTF
58849.2971412;20.3776073;0.148071975;ZTF;ZTF(zr);ZTF
58849.2982639;20.5296936;0.164166331;ZTF;ZTF(zr);ZTF
58849.3015856;20.3149796;0.141477168;ZTF;ZTF(zr);ZTF
58849.3084722;20.4434414;0.155244038;ZTF;ZTF(zr);ZTF
58849.3104051;20.3574562;0.145925492;ZTF;ZTF(zr);ZTF
58849.3108565;20.3271275;0.14273867;ZTF;ZTF(zr);ZTF
58849.3124769;20.198822;0.129850134;ZTF;ZTF(zr);ZTF
58849.3145139;20.3164692;0.141631469;ZTF;ZTF(zr);ZTF
58849.3195023;20.3602829;0.146225289;ZTF;ZTF(zr);ZTF
58849.3299884;20.3760109;0.147901237;ZTF;ZTF(zr);ZTF
58849.334213;20.420599;0.152728185;ZTF;ZTF(zr);ZTF
58849.3415509;20.388031;0.14919138;ZTF;ZTF(zr);ZTF
58849.3481019;20.3745689;0.14774695;ZTF;ZTF(zr);ZTF
58849.3511343;20.2793579;0.137827367;ZTF;ZTF(zr);ZTF
58849.3569329;20.3621616;0.146424741;ZTF;ZTF(zr);ZTF
58849.3573727;20.4547138;0.156496093;ZTF;ZTF(zr);ZTF
58849.3578356;20.2978115;0.139708877;ZTF;ZTF(zr);ZTF
58849.358831;20.3668556;0.146923974;ZTF;ZTF(zr);ZTF
58849.3592708;20.4826412;0.159627706;ZTF;ZTF(zr);ZTF
58849.3694792;20.145546;0.124783382;ZTF;ZTF(zr);ZTF
58849.3763194;20.240654;0.133946136;ZTF;ZTF(zr);ZTF
58849.385706;20.3063049;0.140581667;ZTF;ZTF(zr);ZTF
58849.3890625;20.2042847;0.130379081;ZTF;ZTF(zr);ZTF
58849.3937847;20.2010746;0.130068108;ZTF;ZTF(zr);ZTF
58849.4019097;20.3941765;0.149854317;ZTF;ZTF(zr);ZTF
58849.4033218;20.481884;0.159542128;ZTF;ZTF(zr);ZTF
58849.4044676;20.0672855;0.117643669;ZTF;ZTF(zr);ZTF
58849.4120139;20.5580521;0.166598558;ZTF;ZTF(zr);ZTF
58849.4134954;20.1393433;0.124204278;ZTF;ZTF(zr);ZTF
58849.4200116;20.2844334;0.138342932;ZTF;ZTF(zr);ZTF
58850.4689815;20.165947;0.126703665;ZTF;ZTF(zr);ZTF
58851.2684722;19.9031181;0.103822581;ZTF;ZTF(zr);ZTF
58851.2723032;20.1829453;0.128322661;ZTF;ZTF(zr);ZTF
58851.2746759;20.2620068;0.136076599;ZTF;ZTF(zr);ZTF
58851.2812269;20.2632256;0.136198968;ZTF;ZTF(zr);ZTF
58851.2821875;20.501009;0.16170609;ZTF;ZTF(zr);ZTF
58851.296169;20.3017616;0.140114263;ZTF;ZTF(zr);ZTF
58851.2976042;20.078495;0.118644096;ZTF;ZTF(zr);ZTF
58851.2987153;20.4042168;0.150941759;ZTF;ZTF(zr);ZTF
58851.2991551;20.1769714;0.127751693;ZTF;ZTF(zr);ZTF
58851.3012384;20.2663021;0.136508256;ZTF;ZTF(zr);ZTF
58851.3026736;20.364418;0.146664426;ZTF;ZTF(zr);ZTF
58851.3124537;20.1514988;0.125341043;ZTF;ZTF(zr);ZTF
58851.3246991;20.0011349;0.111888021;ZTF;ZTF(zr);ZTF
58851.3260764;20.0948868;0.120120682;ZTF;ZTF(zr);ZTF
58851.3265278;20.0362473;0.114911333;ZTF;ZTF(zr);ZTF
58851.3352546;20.1674328;0.126844689;ZTF;ZTF(zr);ZTF
58851.3441319;20.0411396;0.115338251;ZTF;ZTF(zr);ZTF
58851.3445833;19.8772144;0.101781644;ZTF;ZTF(zr);ZTF
58851.3755093;20.1795673;0.127999559;ZTF;ZTF(zr);ZTF
58851.3781481;20.0820141;0.11895974;ZTF;ZTF(zr);ZTF
58851.3859838;20.3299904;0.14303726;ZTF;ZTF(zr);ZTF
58851.3890625;20.2860603;0.138508633;ZTF;ZTF(zr);ZTF
58851.390463;20.2013474;0.130094409;ZTF;ZTF(zr);ZTF
58851.3909144;20.4540176;0.156418562;ZTF;ZTF(zr);ZTF
58851.3913657;19.9919758;0.111111119;ZTF;ZTF(zr);ZTF
58851.3934375;20.2836781;0.138266072;ZTF;ZTF(zr);ZTF
58851.3943634;20.3358212;0.143646896;ZTF;ZTF(zr);ZTF
58851.4022222;20.2970772;0.139633611;ZTF;ZTF(zr);ZTF
58851.4073495;19.9633121;0.10871084;ZTF;ZTF(zr);ZTF
58851.4108796;20.2115669;0.131087184;ZTF;ZTF(zr);ZTF
58851.4122569;19.951767;0.10775733;ZTF;ZTF(zr);ZTF
58851.4183565;20.4134445;0.151946098;ZTF;ZTF(zr);ZTF
58851.4203472;20.3234921;0.142360449;ZTF;ZTF(zr);ZTF
58851.4337384;20.252243;0.135099158;ZTF;ZTF(zr);ZTF
58852.4643171;21.3699322;0.216820478;ZTF;ZTF(zg);ZTF
58853.2540972;20.324501;0.142465338;ZTF;ZTF(zr);ZTF
58853.26;20.396534;0.150109187;ZTF;ZTF(zr);ZTF
58853.2604514;20.4017925;0.150678605;ZTF;ZTF(zr);ZTF
58853.2674537;20.5121269;0.162659645;ZTF;ZTF(zr);ZTF
58853.2679051;20.2177067;0.131686449;ZTF;ZTF(zr);ZTF
58853.2703241;20.2604065;0.135916069;ZTF;ZTF(zr);ZTF
58853.271794;20.1205521;0.122463867;ZTF;ZTF(zr);ZTF
58853.2732407;20.3628559;0.146498427;ZTF;ZTF(zr);ZTF
58853.2934144;20.3474274;0.14486596;ZTF;ZTF(zr);ZTF
58853.3093981;20.2766647;0.137554586;ZTF;ZTF(zr);ZTF
58853.3103241;20.3167305;0.141658634;ZTF;ZTF(zr);ZTF
58853.3119444;20.4662037;0.157779336;ZTF;ZTF(zr);ZTF
58853.3168171;20.0805473;0.118828133;ZTF;ZTF(zr);ZTF
58853.3250926;20.3015785;0.140095398;ZTF;ZTF(zr);ZTF
58853.3275579;20.1222725;0.12262243;ZTF;ZTF(zr);ZTF
58853.3280093;20.1403084;0.124294274;ZTF;ZTF(zr);ZTF
58853.3295486;20.2173672;0.131653354;ZTF;ZTF(zr);ZTF
58853.3325579;20.1429291;0.124538735;ZTF;ZTF(zr);ZTF
58853.334375;20.1643677;0.126554221;ZTF;ZTF(zr);ZTF
58853.3380324;20.3874588;0.149129748;ZTF;ZTF(zr);ZTF
58853.3419792;20.1989899;0.129866496;ZTF;ZTF(zr);ZTF
58853.3430093;20.2101269;0.130946934;ZTF;ZTF(zr);ZTF
58853.3500694;20.3106728;0.141032085;ZTF;ZTF(zr);ZTF
58853.3505093;20.1595821;0.126102015;ZTF;ZTF(zr);ZTF
58853.3538194;20.3807888;0.148413137;ZTF;ZTF(zr);ZTF
58853.3582639;20.2334347;0.133231908;ZTF;ZTF(zr);ZTF
58853.3611921;20.257082;0.135582745;ZTF;ZTF(zr);ZTF
58853.3657755;20.3459358;0.144708753;ZTF;ZTF(zr);ZTF
58853.3708102;20.342762;0.144374952;ZTF;ZTF(zr);ZTF
58853.3861806;20.1741409;0.127481967;ZTF;ZTF(zr);ZTF
58853.3889699;20.3137474;0.141349658;ZTF;ZTF(zr);ZTF
58853.3924884;20.4709053;0.158306494;ZTF;ZTF(zr);ZTF
58853.3929398;20.3942699;0.149864346;ZTF;ZTF(zr);ZTF
58853.3997917;20.2874222;0.138647288;ZTF;ZTF(zr);ZTF
58853.4002315;20.2734356;0.137227774;ZTF;ZTF(zr);ZTF
58853.4038194;20.428978;0.15364784;ZTF;ZTF(zr);ZTF
58853.4061574;20.3120346;0.141172692;ZTF;ZTF(zr);ZTF
58853.4084491;20.3738365;0.147668719;ZTF;ZTF(zr);ZTF
58853.4138194;20.414957;0.152111351;ZTF;ZTF(zr);ZTF
58853.4147454;20.4315605;0.153931975;ZTF;ZTF(zr);ZTF
58853.416794;20.2970963;0.139635563;ZTF;ZTF(zr);ZTF
58853.4205787;20.3355408;0.143617421;ZTF;ZTF(zr);ZTF
58856.1982176;20.0010262;0.111878894;ZTF;ZTF(zr);ZTF
58856.2963657;19.8307648;0.0982150733;ZTF;ZTF(zr);ZTF
58862.2156944;20.0340252;0.114717878;ZTF;ZTF(zr);ZTF
58862.3056481;19.9702721;0.109289393;ZTF;ZTF(zr);ZTF
58864.1637269;21.4317322;0.192865968;ZTF;ZTF(zg);ZTF
58864.2211111;20.2772179;0.137610614;ZTF;ZTF(zr);ZTF
58867.2681366;20.2746334;0.13734901;ZTF;ZTF(zr);ZTF
58871.2703819;20.2909622;0.139008403;ZTF;ZTF(zr);ZTF
58872.2662153;20.2308617;0.132978126;ZTF;ZTF(zr);ZTF
58873.1885301;20.1349106;0.123791918;ZTF;ZTF(zr);ZTF
58873.1905556;20.2924137;0.139156461;ZTF;ZTF(zr);ZTF
58873.3386574;21.2962875;0.211247087;ZTF;ZTF(zg);ZTF
58874.248831;20.2391071;0.133792803;ZTF;ZTF(zr);ZTF
58875.2133102;20.3823814;0.148584068;ZTF;ZTF(zr);ZTF
58875.21375;20.3137398;0.141348928;ZTF;ZTF(zr);ZTF
58876.2694907;20.1658993;0.12669915;ZTF;ZTF(zr);ZTF
58877.2602431;20.1661892;0.126726717;ZTF;ZTF(zr);ZTF
58879.2733681;19.6845493;0.0877461135;ZTF;ZTF(zr);ZTF
58880.205706;20.4036045;0.150875211;ZTF;ZTF(zr);ZTF
58881.2766667;20.2652397;0.136401504;ZTF;ZTF(zr);ZTF
58882.1447222;20.0713539;0.118005879;ZTF;ZTF(zr);ZTF
58883.2440856;20.107029;0.121224299;ZTF;ZTF(zr);ZTF
58890.1560764;20.0039902;0.11213129;ZTF;ZTF(zr);ZTF
58891.1396759;20.4476891;0.155715123;ZTF;ZTF(zr);ZTF
58892.281412;20.293808;0.139299035;ZTF;ZTF(zr);ZTF
58893.2564583;20.3321438;0.143262073;ZTF;ZTF(zr);ZTF
58894.2152431;20.3743;0.147718161;ZTF;ZTF(zr);ZTF
58894.249213;20.395277;0.14997308;ZTF;ZTF(zr);ZTF
58895.2575231;20.3314419;0.143188864;ZTF;ZTF(zr);ZTF
58896.2670949;20.3614864;0.146353066;ZTF;ZTF(zr);ZTF
58898.1394097;20.3954525;0.149992153;ZTF;ZTF(zr);ZTF
58898.1506481;20.35425;0.145586044;ZTF;ZTF(zr);ZTF
58898.1608681;20.361187;0.146321207;ZTF;ZTF(zr);ZTF
58899.2281019;21.4431686;0.222363114;ZTF;ZTF(zg);ZTF
58899.2368866;20.255043;0.135378808;ZTF;ZTF(zr);ZTF
58900.2180093;20.3585567;0.146042213;ZTF;ZTF(zr);ZTF
58903.1726389;20.2098579;0.130920708;ZTF;ZTF(zr);ZTF
58903.178287;20.5536327;0.166219473;ZTF;ZTF(zr);ZTF
58903.1849306;20.3779793;0.14811182;ZTF;ZTF(zr);ZTF
58903.241088;21.5808163;0.232780218;ZTF;ZTF(zg);ZTF
58904.1805324;20.1921024;0.129201889;ZTF;ZTF(zr);ZTF
58905.1799306;20.1306782;0.123399265;ZTF;ZTF(zr);ZTF
58906.2035995;20.5022373;0.161811352;ZTF;ZTF(zr);ZTF
58912.1802431;20.2986488;0.139794916;ZTF;ZTF(zr);ZTF
58912.1811458;20.103014;0.120858379;ZTF;ZTF(zr);ZTF
58915.1627431;20.1849041;0.128510416;ZTF;ZTF(zr);ZTF
58918.85587999;15.888;0.203;NEOWISE;WISE(W1);NEOWISE
58919.11755965;16.037;0.294;NEOWISE;WISE(W1);NEOWISE
58919.18288403;16.223;0.443;NEOWISE;WISE(W1);NEOWISE
58919.18288403;15.419;0.538;NEOWISE;WISE(W2);NEOWISE
58919.37911191;16.081;0.25;NEOWISE;WISE(W1);NEOWISE
58919.44456369;15.619;0.208;NEOWISE;WISE(W1);NEOWISE
58919.57533979;15.837;0.224;NEOWISE;WISE(W1);NEOWISE
58919.706116;16.284;0.275;NEOWISE;WISE(W1);NEOWISE
58919.83689215;15.848;0.195;NEOWISE;WISE(W1);NEOWISE
58938.1660069;20.2259789;0.132497534;ZTF;ZTF(zr);ZTF
58944.1532986;20.2607269;0.135948107;ZTF;ZTF(zr);ZTF
58944.1542361;20.2469444;0.134570882;ZTF;ZTF(zr);ZTF
58954.163831;20.7801399;0.172185063;ZTF;ZTF(zg);ZTF
58954.1946991;20.2843609;0.138335645;ZTF;ZTF(zr);ZTF
58955.2009491;20.2297115;0.132864669;ZTF;ZTF(zr);ZTF
58955.2018519;20.4940815;0.160922378;ZTF;ZTF(zr);ZTF
58956.1719213;20.498188;0.161388695;ZTF;ZTF(zr);ZTF
58962.1637616;20.1738853;0.127457678;ZTF;ZTF(zr);ZTF
58963.1627199;21.352972;0.215536952;ZTF;ZTF(zg);ZTF
58964.2202662;20.113863;0.121849522;ZTF;ZTF(zr);ZTF
58973.1582755;20.2070236;0.130645037;ZTF;ZTF(zr);ZTF
58986.1615162;20.2899284;0.138902783;ZTF;ZTF(zr);ZTF
58986.1649306;20.312027;0.141171947;ZTF;ZTF(zr);ZTF
58986.1683333;20.1640224;0.126521498;ZTF;ZTF(zr);ZTF
58992.1718519;20.1667957;0.126784086;ZTF;ZTF(zr);ZTF
59071.4950694;20.0583935;0.116855085;ZTF;ZTF(zr);ZTF
59073.4907523;20.0638313;0.11733678;ZTF;ZTF(zr);ZTF
59073.4956944;20.1159859;0.122044168;ZTF;ZTF(zr);ZTF
59073.500625;20.0003185;0.111818664;ZTF;ZTF(zr);ZTF
59075.5016435;19.8862;0.102485389;ZTF;ZTF(zr);ZTF
59077.5037153;20.2305031;0.132942647;ZTF;ZTF(zr);ZTF
59081.4938889;20.2994175;0.139873639;ZTF;ZTF(zr);ZTF
59081.498831;20.0549717;0.116552934;ZTF;ZTF(zr);ZTF
59081.5037731;20.2583542;0.135710284;ZTF;ZTF(zr);ZTF
59081.5087269;19.9697151;0.109242916;ZTF;ZTF(zr);ZTF
59083.4962037;20.5541801;0.166266441;ZTF;ZTF(zr);ZTF
59083.501088;19.8055534;0.0963287652;ZTF;ZTF(zr);ZTF
59083.5108681;20.0807095;0.118842661;ZTF;ZTF(zr);ZTF
59085.498125;20.3712044;0.147387579;ZTF;ZTF(zr);ZTF
59085.5030671;20.1161995;0.122063875;ZTF;ZTF(zr);ZTF
59085.5080324;20.3047752;0.140424103;ZTF;ZTF(zr);ZTF
59085.5129745;20.225462;0.132446706;ZTF;ZTF(zr);ZTF
59112.4885995;20.3738441;0.147669464;ZTF;ZTF(zr);ZTF
59114.4980093;20.2720356;0.137086362;ZTF;ZTF(zr);ZTF
59118.4895139;21.5714111;0.232068419;ZTF;ZTF(zg);ZTF
59118.5120718;20.3544159;0.145603687;ZTF;ZTF(zr);ZTF
59118.5130093;20.3041725;0.140362039;ZTF;ZTF(zr);ZTF
59118.5249537;20.402813;0.150789276;ZTF;ZTF(zr);ZTF
59119.473912;20.322916;0.142300457;ZTF;ZTF(zr);ZTF
59120.509375;20.169878;0.127076581;ZTF;ZTF(zr);ZTF
59121.4768981;20.2003288;0.129995883;ZTF;ZTF(zr);ZTF
59122.4901852;20.0941544;0.1200542;ZTF;ZTF(zr);ZTF
59124.378831;20.1255989;0.122929275;ZTF;ZTF(zr);ZTF
59124.4747801;20.2169437;0.131611869;ZTF;ZTF(zr);ZTF
59125.5033333;20.2537556;0.135250121;ZTF;ZTF(zr);ZTF
59125.5091667;20.3441849;0.144524589;ZTF;ZTF(zr);ZTF
59125.72455662;15.781;0.242;NEOWISE;WISE(W1);NEOWISE
59125.85533257;15.726;0.199;NEOWISE;WISE(W1);NEOWISE
59125.98610846;16.077;0.268;NEOWISE;WISE(W1);NEOWISE
59126.0515601;16.29;0.472;NEOWISE;WISE(W1);NEOWISE
59126.182336;16.065;0.23;NEOWISE;WISE(W1);NEOWISE
59126.24766029;15.734;0.174;NEOWISE;WISE(W1);NEOWISE
59126.44388782;15.735;0.191;NEOWISE;WISE(W1);NEOWISE
59126.57466372;17.016;0.522;NEOWISE;WISE(W1);NEOWISE
59128.496794;20.2825851;0.138155073;ZTF;ZTF(zr);ZTF
59129.4934491;20.2693157;0.136811852;ZTF;ZTF(zr);ZTF
59129.4943866;20.2629261;0.136168778;ZTF;ZTF(zr);ZTF
59130.4464005;20.1907578;0.129072487;ZTF;ZTF(zr);ZTF
59132.06827174;15.649;0.187;NEOWISE;WISE(W1);NEOWISE
59134.4861574;20.1979713;0.129767865;ZTF;ZTF(zr);ZTF
59135.4058218;20.3914375;0.149558589;ZTF;ZTF(zr);ZTF
59135.4067593;20.3194065;0.141935974;ZTF;ZTF(zr);ZTF
59135.4291551;21.9719181;0.262378812;ZTF;ZTF(zg);ZTF
59137.4890162;20.4330139;0.154091924;ZTF;ZTF(zr);ZTF
59137.4957639;20.3089066;0.140849769;ZTF;ZTF(zr);ZTF
59139.4874306;20.2797737;0.137869686;ZTF;ZTF(zr);ZTF
59139.4883565;20.2509174;0.134966865;ZTF;ZTF(zr);ZTF
59140.4730787;19.6899052;0.108774677;ZTF;ZTF(zi);ZTF
59140.5189468;21.5485249;0.230336428;ZTF;ZTF(zg);ZTF
59140.5412616;20.0349751;0.114800647;ZTF;ZTF(zr);ZTF
59141.4892245;20.3795586;0.148281202;ZTF;ZTF(zr);ZTF
59141.490162;20.3456211;0.144675627;ZTF;ZTF(zr);ZTF
59142.5288773;20.4445457;0.155366331;ZTF;ZTF(zr);ZTF
59143.4075231;21.7848682;0.248222947;ZTF;ZTF(zg);ZTF
59143.4446875;20.6026211;0.170421124;ZTF;ZTF(zr);ZTF
59143.450544;20.3662968;0.14686434;ZTF;ZTF(zr);ZTF
59144.4450926;20.3893089;0.149329036;ZTF;ZTF(zr);ZTF
59144.4666898;21.9299545;0.259203076;ZTF;ZTF(zg);ZTF
59145.4915046;20.4311161;0.153882891;ZTF;ZTF(zr);ZTF
59145.4924306;20.4075317;0.15130192;ZTF;ZTF(zr);ZTF
59151.5120718;20.1606102;0.126198992;ZTF;ZTF(zr);ZTF
59152.4524306;20.1285744;0.123204328;ZTF;ZTF(zr);ZTF
59153.4769792;20.4406128;0.154931039;ZTF;ZTF(zr);ZTF
59155.4428819;20.2774963;0.137638867;ZTF;ZTF(zr);ZTF
59155.4535648;20.236105;0.133495718;ZTF;ZTF(zr);ZTF
59163.5089236;20.233223;0.133210957;ZTF;ZTF(zr);ZTF
59163.5098611;20.2054482;0.130492002;ZTF;ZTF(zr);ZTF
59165.4056829;20.318306;0.141821712;ZTF;ZTF(zr);ZTF
59166.4356944;20.3262138;0.142643541;ZTF;ZTF(zr);ZTF
59166.4803704;21.1339645;0.19896245;ZTF;ZTF(zg);ZTF
59167.4609606;20.2068844;0.130631611;ZTF;ZTF(zr);ZTF
59167.4639352;20.4008827;0.150580108;ZTF;ZTF(zr);ZTF
59168.3483796;20.2782402;0.137714252;ZTF;ZTF(zr);ZTF
59169.4756597;21.5063896;0.227147579;ZTF;ZTF(zg);ZTF
59169.5084375;20.3268547;0.142710343;ZTF;ZTF(zr);ZTF
59169.5103125;20.0979366;0.120397076;ZTF;ZTF(zr);ZTF
59170.3950231;19.7390423;0.112583227;ZTF;ZTF(zi);ZTF
59170.4131366;20.2490749;0.134783119;ZTF;ZTF(zr);ZTF
59171.4482292;20.4181366;0.152458668;ZTF;ZTF(zr);ZTF
59171.4497917;20.3020248;0.140141442;ZTF;ZTF(zr);ZTF
59176.424838;20.3792305;0.14824596;ZTF;ZTF(zr);ZTF
59179.3734838;20.2115479;0.131085321;ZTF;ZTF(zr);ZTF
59182.3118287;19.6751709;0.10765031;ZTF;ZTF(zi);ZTF
59184.2869097;20.0820389;0.118962079;ZTF;ZTF(zr);ZTF
59185.2758912;20.0058804;0.112292588;ZTF;ZTF(zr);ZTF
59187.3255903;19.4685841;0.0927873552;ZTF;ZTF(zi);ZTF
59188.3215741;20.3513527;0.145279914;ZTF;ZTF(zr);ZTF
59188.3225116;20.2832928;0.138227031;ZTF;ZTF(zr);ZTF
59188.3921528;20.4447327;0.155387208;ZTF;ZTF(zr);ZTF
59189.2673148;20.2748661;0.137372404;ZTF;ZTF(zr);ZTF
59189.320544;20.2113571;0.13106674;ZTF;ZTF(zr);ZTF
59190.3868403;19.6431694;0.105236992;ZTF;ZTF(zi);ZTF
59193.2721644;20.4218559;0.152865827;ZTF;ZTF(zr);ZTF
59193.3075;20.2227173;0.132177308;ZTF;ZTF(zr);ZTF
59193.3149421;21.770443;0.247131228;ZTF;ZTF(zg);ZTF
59193.3871065;20.1958294;0.129561126;ZTF;ZTF(zr);ZTF
59193.4342824;21.213171;0.204956889;ZTF;ZTF(zg);ZTF
59193.4967824;20.3632698;0.146542519;ZTF;ZTF(zr);ZTF
59194.3429398;20.422451;0.152931154;ZTF;ZTF(zr);ZTF
59194.3907986;20.1449795;0.124730334;ZTF;ZTF(zr);ZTF
59194.4240162;20.8951111;0.18088603;ZTF;ZTF(zg);ZTF
59194.4887153;20.1722507;0.127302051;ZTF;ZTF(zr);ZTF
59196.3830787;20.1885338;0.128858641;ZTF;ZTF(zr);ZTF
59196.3840162;19.9640121;0.108768888;ZTF;ZTF(zr);ZTF
59196.4669907;20.0813961;0.118904285;ZTF;ZTF(zr);ZTF
59198.2813426;20.1779308;0.127843365;ZTF;ZTF(zr);ZTF
59198.3052662;21.460556;0.223678946;ZTF;ZTF(zg);ZTF
59198.4019907;21.7819939;0.24800539;ZTF;ZTF(zg);ZTF
59198.4307176;20.3812027;0.148457408;ZTF;ZTF(zr);ZTF
59198.4549537;20.3138847;0.141363949;ZTF;ZTF(zr);ZTF
59199.3076968;20.1494389;0.12514776;ZTF;ZTF(zr);ZTF
59199.3086343;20.1437035;0.124611109;ZTF;ZTF(zr);ZTF
59199.3928472;20.18466;0.128486872;ZTF;ZTF(zr);ZTF
59199.4706713;19.5914955;0.101424687;ZTF;ZTF(zi);ZTF
59202.323831;20.1272373;0.123080626;ZTF;ZTF(zr);ZTF
59202.3247685;20.09515;0.120144427;ZTF;ZTF(zr);ZTF
59202.3790162;20.2521858;0.135093436;ZTF;ZTF(zr);ZTF
59202.4234606;19.6213207;0.103612222;ZTF;ZTF(zi);ZTF
59203.283206;20.0961876;0.120238371;ZTF;ZTF(zr);ZTF
59203.4511806;20.1942978;0.129413471;ZTF;ZTF(zr);ZTF
59204.3670718;20.2604179;0.135917008;ZTF;ZTF(zr);ZTF
59204.3680093;20.1308422;0.123414293;ZTF;ZTF(zr);ZTF
59204.3689468;20.2082081;0.130760223;ZTF;ZTF(zr);ZTF
59204.4333565;20.3234978;0.142360926;ZTF;ZTF(zr);ZTF
59205.1940509;20.2575111;0.13562572;ZTF;ZTF(zr);ZTF
59205.2190972;20.2387371;0.133756191;ZTF;ZTF(zr);ZTF
59205.346794;19.8209438;0.119124271;ZTF;ZTF(zi);ZTF
59205.3620023;21.2702885;0.209279537;ZTF;ZTF(zg);ZTF
59205.3899537;21.071167;0.194209933;ZTF;ZTF(zg);ZTF
59216.2298264;20.3104782;0.141011894;ZTF;ZTF(zr);ZTF
59216.3211343;20.1748657;0.127550989;ZTF;ZTF(zr);ZTF
59216.3827546;20.1139832;0.121860452;ZTF;ZTF(zr);ZTF
59217.3298032;20.2708588;0.136967704;ZTF;ZTF(zr);ZTF
59217.3822801;20.3560486;0.14577651;ZTF;ZTF(zr);ZTF
59218.3523611;20.1521873;0.125405759;ZTF;ZTF(zr);ZTF
59218.4058681;20.2732048;0.137204617;ZTF;ZTF(zr);ZTF
59218.5210995;19.5284023;0.0969143584;ZTF;ZTF(zi);ZTF
59219.2812384;21.3416443;0.214679718;ZTF;ZTF(zg);ZTF
59219.305544;20.1848564;0.128505841;ZTF;ZTF(zr);ZTF
59219.3127199;20.2800064;0.137893155;ZTF;ZTF(zr);ZTF
59219.3539583;20.0192375;0.113437876;ZTF;ZTF(zr);ZTF
59220.2448032;19.9754219;0.109719217;ZTF;ZTF(zr);ZTF
59220.3026157;20.2880478;0.138710946;ZTF;ZTF(zr);ZTF
59221.237037;20.3634701;0.146563813;ZTF;ZTF(zr);ZTF
59221.257037;20.3468647;0.144806683;ZTF;ZTF(zr);ZTF
59221.2912153;19.6380329;0.104853317;ZTF;ZTF(zi);ZTF
59221.3049306;21.5643311;0.231532693;ZTF;ZTF(zg);ZTF
59221.4123727;19.8987312;0.103474297;ZTF;ZTF(zr);ZTF
59222.2384606;20.234951;0.133381665;ZTF;ZTF(zr);ZTF
59222.2617593;20.3243484;0.142449453;ZTF;ZTF(zr);ZTF
59222.340625;20.2349815;0.133384719;ZTF;ZTF(zr);ZTF
59223.1760995;21.4019814;0.21924603;ZTF;ZTF(zg);ZTF
59223.2524306;20.103632;0.120914817;ZTF;ZTF(zr);ZTF
59223.2992361;20.2404652;0.133927464;ZTF;ZTF(zr);ZTF
59223.3649884;20.0772724;0.118534788;ZTF;ZTF(zr);ZTF
59224.2371528;19.9421501;0.106968895;ZTF;ZTF(zr);ZTF
59224.2815278;20.373764;0.147660792;ZTF;ZTF(zr);ZTF
59224.2867361;20.3891678;0.149313867;ZTF;ZTF(zr);ZTF
59224.3935995;19.1630764;0.0739852637;ZTF;ZTF(zi);ZTF
59225.259375;20.1002483;0.12060684;ZTF;ZTF(zr);ZTF
59225.291412;20.3990364;0.150379881;ZTF;ZTF(zr);ZTF
59225.3818056;20.2582054;0.135695204;ZTF;ZTF(zr);ZTF
59226.2778356;20.2115307;0.131083712;ZTF;ZTF(zr);ZTF
59226.3071991;21.102129;0.19655323;ZTF;ZTF(zg);ZTF
59226.3677431;20.1581993;0.125971586;ZTF;ZTF(zr);ZTF
59226.426794;20.0582333;0.116840966;ZTF;ZTF(zr);ZTF
59227.2249074;21.1648064;0.201296568;ZTF;ZTF(zg);ZTF
59227.2410995;19.9395866;0.128983945;ZTF;ZTF(zi);ZTF
59227.2647338;20.3489838;0.145030081;ZTF;ZTF(zr);ZTF
59227.3053704;20.2456989;0.134447068;ZTF;ZTF(zr);ZTF
59227.3063079;20.180027;0.128043532;ZTF;ZTF(zr);ZTF
59227.3072454;20.3391781;0.143998682;ZTF;ZTF(zr);ZTF
59227.4268171;21.1834145;0.202704906;ZTF;ZTF(zg);ZTF
59228.2425;20.2590389;0.135778829;ZTF;ZTF(zr);ZTF
59228.2434259;20.245985;0.134475529;ZTF;ZTF(zr);ZTF
59230.2153588;20.3461494;0.144731343;ZTF;ZTF(zr);ZTF
59230.2421644;20.4257278;0.15329051;ZTF;ZTF(zr);ZTF
59230.2831019;20.3315697;0.14320232;ZTF;ZTF(zr);ZTF
59230.395463;19.6336231;0.104524776;ZTF;ZTF(zi);ZTF
59231.301794;20.5532722;0.166188598;ZTF;ZTF(zr);ZTF
59233.2859028;20.2148781;0.131410167;ZTF;ZTF(zr);ZTF
59233.2868287;20.2451744;0.134394914;ZTF;ZTF(zr);ZTF
59248.170706;20.4225712;0.152944192;ZTF;ZTF(zr);ZTF
59248.2251968;21.3740559;0.217132568;ZTF;ZTF(zg);ZTF
59248.3096875;19.7527313;0.113660038;ZTF;ZTF(zi);ZTF
59249.3194097;20.0741577;0.118256122;ZTF;ZTF(zr);ZTF
59249.3213889;19.874527;0.101572089;ZTF;ZTF(zr);ZTF
59250.2265856;20.3169079;0.141676903;ZTF;ZTF(zr);ZTF
59251.2181829;20.1626663;0.126393184;ZTF;ZTF(zr);ZTF
59251.2253935;20.4157562;0.152198568;ZTF;ZTF(zr);ZTF
59251.2418403;19.9443684;0.129389673;ZTF;ZTF(zi);ZTF
59252.2009028;20.4807205;0.159410879;ZTF;ZTF(zr);ZTF
59253.3143634;20.2758045;0.137467459;ZTF;ZTF(zr);ZTF
59253.3153009;20.3204937;0.142048806;ZTF;ZTF(zr);ZTF
59254.1865741;20.2829647;0.138193592;ZTF;ZTF(zr);ZTF
59254.3265278;19.7744122;0.115379259;ZTF;ZTF(zi);ZTF
59256.2217014;20.3990154;0.150377557;ZTF;ZTF(zr);ZTF
59256.2692245;21.7667198;0.246849418;ZTF;ZTF(zg);ZTF
59257.2240509;20.2269402;0.132591993;ZTF;ZTF(zr);ZTF
59257.2249884;20.5670929;0.167374015;ZTF;ZTF(zr);ZTF
59262.2039815;20.1321182;0.123532757;ZTF;ZTF(zr);ZTF
59262.204919;20.2495136;0.134826839;ZTF;ZTF(zr);ZTF
59262.2614005;19.6106758;0.10282737;ZTF;ZTF(zi);ZTF
59263.2273032;19.7276497;0.090715073;ZTF;ZTF(zr);ZTF
59264.1935995;20.2491684;0.134792402;ZTF;ZTF(zr);ZTF
59264.194537;20.0124454;0.112854116;ZTF;ZTF(zr);ZTF
59265.2172801;20.1445007;0.124685533;ZTF;ZTF(zr);ZTF
59265.3212037;19.5273438;0.0968400612;ZTF;ZTF(zi);ZTF
59270.1793287;19.6282959;0.104128867;ZTF;ZTF(zi);ZTF
59270.29625;20.1590462;0.126051396;ZTF;ZTF(zr);ZTF
59275.2607755;20.0876007;0.119462468;ZTF;ZTF(zr);ZTF
59278.165162;20.2675819;0.136637181;ZTF;ZTF(zr);ZTF
59281.20375;20.2386055;0.133743197;ZTF;ZTF(zr);ZTF
59282.95029594;16.514;0.352;NEOWISE;WISE(W1);NEOWISE
59283.08094483;14.744;0.403;NEOWISE;WISE(W2);NEOWISE
59283.08094483;15.858;0.198;NEOWISE;WISE(W1);NEOWISE
59283.21121157;15.69;0.251;NEOWISE;WISE(W1);NEOWISE
59283.34249708;16.124;0.266;NEOWISE;WISE(W1);NEOWISE
59283.40782207;15.596;0.249;NEOWISE;WISE(W1);NEOWISE
59283.47276444;15.958;0.211;NEOWISE;WISE(W1);NEOWISE
59283.6039226;16.035;0.223;NEOWISE;WISE(W1);NEOWISE
59283.80002317;15.094;0.372;NEOWISE;WISE(W2);NEOWISE
59283.80002317;16.137;0.252;NEOWISE;WISE(W1);NEOWISE
59283.80015053;15.634;0.205;NEOWISE;WISE(W1);NEOWISE
59283.93079942;16.143;0.255;NEOWISE;WISE(W1);NEOWISE
59291.1867245;19.8837166;0.124288797;ZTF;ZTF(zi);ZTF
59291.1991204;20.1816006;0.128193974;ZTF;ZTF(zr);ZTF
59293.1775579;20.0411911;0.115342848;ZTF;ZTF(zr);ZTF
59301.1846644;19.8838749;0.102302819;ZTF;ZTF(zr);ZTF
59303.1601505;20.1939602;0.129380837;ZTF;ZTF(zr);ZTF
59303.1816782;19.7780304;0.115667857;ZTF;ZTF(zi);ZTF
59306.1810069;21.2823887;0.210195184;ZTF;ZTF(zg);ZTF
59306.225544;20.3344917;0.143507645;ZTF;ZTF(zr);ZTF
59307.1810417;19.851675;0.121637106;ZTF;ZTF(zi);ZTF
59308.1850116;20.2336884;0.133256853;ZTF;ZTF(zr);ZTF
59311.1588889;20.3422146;0.144317299;ZTF;ZTF(zr);ZTF
59313.1759259;19.8577328;0.122136042;ZTF;ZTF(zi);ZTF
59313.1949769;20.3288689;0.14292036;ZTF;ZTF(zr);ZTF
59315.1630324;20.4725761;0.158494174;ZTF;ZTF(zr);ZTF
59317.2119444;19.5999889;0.102044061;ZTF;ZTF(zi);ZTF
59319.1670949;20.2041206;0.13036336;ZTF;ZTF(zr);ZTF
59321.1756829;21.4746094;0.224742532;ZTF;ZTF(zg);ZTF
59321.1986458;20.3304272;0.143082812;ZTF;ZTF(zr);ZTF
59358.159213;19.7084122;0.0893780738;ZTF;ZTF(zr);ZTF
59361.1666551;20.0032196;0.112065665;ZTF;ZTF(zr);ZTF
59362.1696181;20.2930641;0.13922298;ZTF;ZTF(zr);ZTF
59363.1628819;19.4779015;0.0747933388;ZTF;ZTF(zr);ZTF
59364.1728472;19.9213696;0.105283074;ZTF;ZTF(zr);ZTF
59365.1662963;19.4986172;0.0760000125;ZTF;ZTF(zr);ZTF
59434.4928125;19.9325294;0.106185421;ZTF;ZTF(zr);ZTF
59434.495162;19.9122238;0.104548864;ZTF;ZTF(zr);ZTF
59434.4975116;19.5874672;0.0814032182;ZTF;ZTF(zr);ZTF
59434.4998727;19.5870743;0.0813784674;ZTF;ZTF(zr);ZTF
59435.4929282;19.9037094;0.103869595;ZTF;ZTF(zr);ZTF
59435.4953241;19.8227367;0.0976106822;ZTF;ZTF(zr);ZTF
59435.4977199;19.9130783;0.10461729;ZTF;ZTF(zr);ZTF
59435.5001157;19.9096336;0.10434176;ZTF;ZTF(zr);ZTF
59435.5025116;19.8414154;0.0990224332;ZTF;ZTF(zr);ZTF
59436.4938542;19.8079491;0.0965064764;ZTF;ZTF(zr);ZTF
59436.49625;19.8841152;0.102321707;ZTF;ZTF(zr);ZTF
59436.4986458;19.6747093;0.0870817006;ZTF;ZTF(zr);ZTF
59438.4945023;19.8007584;0.0959738344;ZTF;ZTF(zr);ZTF
59438.4969213;19.8082237;0.0965269282;ZTF;ZTF(zr);ZTF
59438.4993634;19.809;0.0965845957;ZTF;ZTF(zr);ZTF
59438.5042245;19.5593853;0.0796549097;ZTF;ZTF(zr);ZTF
59439.4961806;19.8944359;0.103134364;ZTF;ZTF(zr);ZTF
59439.4985532;19.6440296;0.0850415528;ZTF;ZTF(zr);ZTF
59439.5009259;19.6239014;0.083728686;ZTF;ZTF(zr);ZTF
59439.5032986;19.7393341;0.0915365964;ZTF;ZTF(zr);ZTF
59442.4984028;19.4610043;0.0738236532;ZTF;ZTF(zr);ZTF
59442.500787;19.4072342;0.0708230212;ZTF;ZTF(zr);ZTF
59442.50078700017;19.365557115916133;0.12852236235892367;ZTF;ZTF(zr);ZTF
59442.5031829;19.4035702;0.0706232414;ZTF;ZTF(zr);ZTF
59442.5055787;19.5074081;0.0765180215;ZTF;ZTF(zr);ZTF
59442.5079745;19.4454823;0.0729442164;ZTF;ZTF(zr);ZTF
59443.4974074;19.4572639;0.073610723;ZTF;ZTF(zr);ZTF
59443.4998032;19.671751;0.0868828744;ZTF;ZTF(zr);ZTF
59443.5021991;19.3503265;0.0677849576;ZTF;ZTF(zr);ZTF
59443.5045949;19.4991913;0.0760336965;ZTF;ZTF(zr);ZTF
59443.5069907;19.6772957;0.0872558132;ZTF;ZTF(zr);ZTF
59444.4977778;19.5104828;0.0767000318;ZTF;ZTF(zr);ZTF
59444.500162;19.3803749;0.0693717748;ZTF;ZTF(zr);ZTF
59444.5025579;19.4392281;0.0725929663;ZTF;ZTF(zr);ZTF
59444.5073495;19.5358009;0.0782157853;ZTF;ZTF(zr);ZTF
59449.4939468;19.2133179;0.0610211827;ZTF;ZTF(zr);ZTF
59449.4964699;19.3189354;0.0661678389;ZTF;ZTF(zr);ZTF
59449.4990046;19.4382687;0.0725392178;ZTF;ZTF(zr);ZTF
59450.4854745;19.0369225;0.0673015267;ZTF;ZTF(zi);ZTF
59450.49046299979;19.20943167742832;0.1870608755477342;ZTF;ZTF(zr);ZTF
59450.490463;19.2640476;0.0634376928;ZTF;ZTF(zr);ZTF
59450.4928819;19.1318512;0.0573465414;ZTF;ZTF(zr);ZTF
59450.4953009;19.2593117;0.0632077977;ZTF;ZTF(zr);ZTF
59450.500150499865;19.214181492728855;0.17618191234315997;ZTF;ZTF(zr);ZTF
59450.5001505;19.1634445;0.0587421879;ZTF;ZTF(zr);ZTF
59451.4904977;19.3844566;0.0695903078;ZTF;ZTF(zr);ZTF
59451.4929398;19.3487015;0.0677001774;ZTF;ZTF(zr);ZTF
59451.4953935;19.3572521;0.0681472495;ZTF;ZTF(zr);ZTF
59451.4953935002;19.27176729821824;0.13129667119039615;ZTF;ZTF(zr);ZTF
59451.49783559982;19.36621604028119;0.16054358224838264;ZTF;ZTF(zr);ZTF
59451.4978356;19.2845325;0.0644423515;ZTF;ZTF(zr);ZTF
59451.50028940011;19.273526427528257;0.1321847224622427;ZTF;ZTF(zr);ZTF
59460.4497917;19.2083321;0.0607979484;ZTF;ZTF(zg);ZTF
59460.4681713;19.1142426;0.056584511;ZTF;ZTF(zr);ZTF
59460.4869907;19.0221462;0.066558145;ZTF;ZTF(zi);ZTF
59462.4318634;19.1540985;0.058325503;ZTF;ZTF(zr);ZTF
59463.4902546;18.9789886;0.0644330159;ZTF;ZTF(zi);ZTF
59466.48875;18.955965;0.0633270815;ZTF;ZTF(zi);ZTF
59468.4717593;19.1219635;0.0570402667;ZTF;ZTF(zg);ZTF
59468.47175930021;19.139836507707237;0.10331329221761267;ZTF;ZTF(zg);ZTF
59468.4881829;19.0417309;0.0535624176;ZTF;ZTF(zr);ZTF
59468.48818290001;19.04070960162138;0.06018729673888786;ZTF;ZTF(zr);ZTF
59469.4477315;19.0109024;0.0659978837;ZTF;ZTF(zi);ZTF
59471.466608799994;18.979733782452332;0.09228527120001409;ZTF;ZTF(zr);ZTF
59471.4666088;18.9893417;0.0514911674;ZTF;ZTF(zr);ZTF
59471.4959259;19.0790462;0.0552654751;ZTF;ZTF(zg);ZTF
59471.49592590006;19.064846946247826;0.11186556340085935;ZTF;ZTF(zg);ZTF
59472.4709375;18.9682426;0.0639144331;ZTF;ZTF(zi);ZTF
59474.4509954;19.0470333;0.0539803877;ZTF;ZTF(zg);ZTF
59474.45099540008;19.031281485000097;0.07891786347203425;ZTF;ZTF(zg);ZTF
59477.38783559995;19.063059918557656;0.2611537316538371;ZTF;ZTF(zg);ZTF
59477.3878356;18.9134674;0.0489608422;ZTF;ZTF(zg);ZTF
59477.4559722;18.8277435;0.0575109534;ZTF;ZTF(zi);ZTF
59477.497824099846;19.03718222745394;0.10181120238005778;ZTF;ZTF(zr);ZTF
59477.4978241;19.0556507;0.0541283637;ZTF;ZTF(zr);ZTF
59479.445462999865;18.90075760856495;0.08704018911568506;ZTF;ZTF(zr);ZTF
59479.445463;18.9473267;0.0498953424;ZTF;ZTF(zr);ZTF
59479.48725689994;19.019266154517393;0.1156551608856011;ZTF;ZTF(zg);ZTF
59479.4872569;19.0757904;0.0551332869;ZTF;ZTF(zg);ZTF
59480.4964468;18.9565487;0.0633548945;ZTF;ZTF(zi);ZTF
59484.4099653;18.9248333;0.0493671596;ZTF;ZTF(zg);ZTF
59484.4099653;18.904339748863304;0.14887535524113665;ZTF;ZTF(zg);ZTF
59484.4489931;18.9216537;0.0617143139;ZTF;ZTF(zi);ZTF
59484.48548609996;18.938575492291108;0.10535815435659072;ZTF;ZTF(zr);ZTF
59484.4854861;19.0129433;0.0524128936;ZTF;ZTF(zr);ZTF
59488.4691782;18.9858589;0.0647667423;ZTF;ZTF(zi);ZTF
59488.49622689979;18.947887064784478;0.10046386326246863;ZTF;ZTF(zg);ZTF
59488.4962269;18.9332561;0.0496707372;ZTF;ZTF(zg);ZTF
59488.50557869999;18.94974735644163;0.07178048080291458;ZTF;ZTF(zr);ZTF
59488.5055787;18.9659309;0.050594911;ZTF;ZTF(zr);ZTF
59492.71397862;15.397;0.313;NEOWISE;WISE(W1);NEOWISE
59492.84462725;16.129;0.279;NEOWISE;WISE(W1);NEOWISE
59492.97527582;15.627;0.162;NEOWISE;WISE(W1);NEOWISE
59493.10605176;15.944;0.201;NEOWISE;WISE(W1);NEOWISE
59493.17086668;15.948;0.217;NEOWISE;WISE(W1);NEOWISE
59493.30215193;15.603;0.159;NEOWISE;WISE(W1);NEOWISE
59493.36747622;15.281;0.493;NEOWISE;WISE(W2);NEOWISE
59493.36747622;15.989;0.22;NEOWISE;WISE(W1);NEOWISE
59493.43280051;16.289;0.279;NEOWISE;WISE(W1);NEOWISE
59493.69422544;15.726;0.168;NEOWISE;WISE(W1);NEOWISE
59493.82487406;15.262;0.495;NEOWISE;WISE(W2);NEOWISE
59493.82487406;16.315;0.282;NEOWISE;WISE(W1);NEOWISE
59496.38921299996;18.906215295770973;0.10250268104368614;ZTF;ZTF(zg);ZTF
59496.389213;18.9264488;0.0494252108;ZTF;ZTF(zg);ZTF
59496.445625;18.8429985;0.0461720452;ZTF;ZTF(zr);ZTF
59496.44562500017;18.840340890089053;0.06742794828681452;ZTF;ZTF(zr);ZTF
59497.4103125;18.9142551;0.061371997;ZTF;ZTF(zi);ZTF
59497.4687384;18.9098511;0.0485194027;ZTF;ZTF(zr);ZTF
59497.4892824;18.9213448;0.0492420569;ZTF;ZTF(zg);ZTF
59498.44973379979;18.94073286059123;0.0769002274674686;ZTF;ZTF(zg);ZTF
59498.4497338;18.9377766;0.0498345084;ZTF;ZTF(zg);ZTF
59498.49311339995;18.93998734330294;0.08232688898763438;ZTF;ZTF(zr);ZTF
59498.4931134;18.9507771;0.0500242375;ZTF;ZTF(zr);ZTF
59500.4764815;18.9465981;0.0501558445;ZTF;ZTF(zg);ZTF
59500.4976968;18.9125671;0.0486176312;ZTF;ZTF(zr);ZTF
59501.455463;18.9415131;0.0499703176;ZTF;ZTF(zg);ZTF
59501.4719097;18.9580994;0.0634288266;ZTF;ZTF(zi);ZTF
59501.4952778;18.8585377;0.0467056744;ZTF;ZTF(zr);ZTF
59502.4766551;18.9944248;0.0519385524;ZTF;ZTF(zg);ZTF
59502.4861111;18.9196701;0.0488756709;ZTF;ZTF(zr);ZTF
59503.4261806;18.9774513;0.0510337166;ZTF;ZTF(zr);ZTF
59503.42618060019;18.976244521130393;0.07548486690208116;ZTF;ZTF(zr);ZTF
59503.4779051;19.0038548;0.0522982217;ZTF;ZTF(zg);ZTF
59503.47790510021;18.97865140995993;0.08245512046220434;ZTF;ZTF(zg);ZTF
59504.4556481;18.9590225;0.0506123304;ZTF;ZTF(zg);ZTF
59504.4763079;18.9499569;0.0499935597;ZTF;ZTF(zr);ZTF
59505.3426042;18.7348938;0.0536471419;ZTF;ZTF(zi);ZTF
59509.4121991;18.7962704;0.0449846685;ZTF;ZTF(zg);ZTF
59509.412199100014;18.810853134284674;0.1344244269333151;ZTF;ZTF(zg);ZTF
59509.412199100014;18.810847773225465;0.1344245800159765;ZTF;ZTF(zg);ZTF
59509.4503472;18.8732395;0.0472171828;ZTF;ZTF(zr);ZTF
59509.450347200036;18.849237201115635;0.07939937876914294;ZTF;ZTF(zr);ZTF
59512.4551273;18.8619804;0.0471666977;ZTF;ZTF(zg);ZTF
59517.3272801;18.9077168;0.0610711612;ZTF;ZTF(zi);ZTF
59518.37100689998;18.975150715623574;0.09245247011446785;ZTF;ZTF(zg);ZTF
59518.3710069;18.9536076;0.0504128262;ZTF;ZTF(zg);ZTF
59518.49940969981;18.911033621135978;0.05734012400947052;ZTF;ZTF(zr);ZTF
59518.4994097;18.9053783;0.0483581163;ZTF;ZTF(zr);ZTF
59520.350544;18.9408035;0.0626092628;ZTF;ZTF(zi);ZTF
59522.34260419989;18.898883035422276;0.06273239937175465;ZTF;ZTF(zr);ZTF
59522.3426042;18.9392109;0.04959362;ZTF;ZTF(zr);ZTF
59522.4550116;19.023983;0.0530751497;ZTF;ZTF(zg);ZTF
59522.45501160016;18.99733421019498;0.07053115243933097;ZTF;ZTF(zg);ZTF
59523.465787;18.928669;0.0620406605;ZTF;ZTF(zi);ZTF
59524.3409258998;18.97103391483417;0.08271138349883787;ZTF;ZTF(zg);ZTF
59524.3409259;19.0068398;0.0524126478;ZTF;ZTF(zg);ZTF
59524.3631481;18.9453907;0.0498231798;ZTF;ZTF(zr);ZTF
59524.36314810021;18.922177449265508;0.08097692137669264;ZTF;ZTF(zr);ZTF
59526.3053588;18.9533329;0.0632018596;ZTF;ZTF(zi);ZTF
59526.36802079994;19.024243365300045;0.09148415104733143;ZTF;ZTF(zg);ZTF
59526.3680208;19.0698338;0.0548922941;ZTF;ZTF(zg);ZTF
59526.494108799845;18.946837435937308;0.0637501314589385;ZTF;ZTF(zr);ZTF
59526.4941088;18.9718609;0.0508202687;ZTF;ZTF(zr);ZTF
59529.3088657;18.9090137;0.0611307248;ZTF;ZTF(zi);ZTF
59529.3838426;18.9710026;0.0510568954;ZTF;ZTF(zg);ZTF
59529.383842600044;19.013712557478918;0.08342701350538276;ZTF;ZTF(zg);ZTF
59529.40820599999;18.939256306426135;0.0636360614547784;ZTF;ZTF(zr);ZTF
59529.408206;18.952837;0.0501013771;ZTF;ZTF(zr);ZTF
59531.381585599855;19.027310467833804;0.11912245988908765;ZTF;ZTF(zg);ZTF
59531.3815856;19.0274906;0.0532118082;ZTF;ZTF(zg);ZTF
59531.4024884;18.9670315;0.050636638;ZTF;ZTF(zr);ZTF
59531.40248840023;18.942203017625356;0.08190451671443709;ZTF;ZTF(zr);ZTF
59532.3324769;19.0008678;0.0655017942;ZTF;ZTF(zi);ZTF
59536.38893519994;19.082385427743038;0.14463488494534446;ZTF;ZTF(zr);ZTF
59536.3889352;19.1065788;0.0562563352;ZTF;ZTF(zr);ZTF
59536.40956019983;19.123439559588935;0.11070346012045537;ZTF;ZTF(zg);ZTF
59536.4095602;19.1592541;0.0586316995;ZTF;ZTF(zg);ZTF
59538.3039583;18.9848804;0.0513189733;ZTF;ZTF(zr);ZTF
59538.303958300035;18.94959995169208;0.10662381320143392;ZTF;ZTF(zr);ZTF
59538.3717824;18.9283581;0.0494939461;ZTF;ZTF(zg);ZTF
59538.37178240018;18.954547357363147;0.1463232179332109;ZTF;ZTF(zg);ZTF
59550.3048032;19.1600609;0.0586666502;ZTF;ZTF(zg);ZTF
59550.304803200066;19.137957602282153;0.0960969108972223;ZTF;ZTF(zg);ZTF
59550.3304977;19.021286;0.0665150806;ZTF;ZTF(zi);ZTF
59550.36337959999;19.10468277303673;0.08411653448136941;ZTF;ZTF(zr);ZTF
59550.3633796;19.1651325;0.0588177964;ZTF;ZTF(zr);ZTF
59624.3419792;19.6569271;0.0858934;ZTF;ZTF(zr);ZTF
59625.2987153;19.2575092;0.0793942809;ZTF;ZTF(zi);ZTF
59627.228136599995;19.657999596242345;0.1971075272770073;ZTF;ZTF(zg);ZTF
59627.2281366;19.7054901;0.0878000259;ZTF;ZTF(zg);ZTF
59628.2196412;19.2930088;0.081519857;ZTF;ZTF(zi);ZTF
59629.3289583;19.4610386;0.0738256201;ZTF;ZTF(zr);ZTF
59629.3879051;19.681469;0.0862689093;ZTF;ZTF(zg);ZTF
59636.162963;19.5813408;0.0810185;ZTF;ZTF(zr);ZTF
59636.162963000126;19.509160430123423;0.09573132458117302;ZTF;ZTF(zr);ZTF
59636.1990856;19.8750248;0.0992932767;ZTF;ZTF(zg);ZTF
59636.19908560021;19.91185933413393;0.18513962454034655;ZTF;ZTF(zg);ZTF
59637.2381829;19.2918205;0.0814478695;ZTF;ZTF(zi);ZTF
59640.1981366;19.9222069;0.102705806;ZTF;ZTF(zg);ZTF
59640.1981366002;19.923548202940427;0.14415449665601507;ZTF;ZTF(zg);ZTF
59640.2459954;19.4593849;0.0737313554;ZTF;ZTF(zr);ZTF
59640.24599540001;19.455414355525743;0.08821893699006042;ZTF;ZTF(zr);ZTF
59640.2838542;19.3483467;0.0849351659;ZTF;ZTF(zi);ZTF
59647.200853;16.174;0.275;NEOWISE;WISE(W1);NEOWISE
59647.46253285;16.026;0.235;NEOWISE;WISE(W1);NEOWISE
59647.72370395;15.344;0.514;NEOWISE;WISE(W2);NEOWISE
59647.72370395;16.336;0.283;NEOWISE;WISE(W1);NEOWISE
59647.85435289;15.98;0.206;NEOWISE;WISE(W1);NEOWISE
59647.85435289;15.059;0.393;NEOWISE;WISE(W2);NEOWISE
59647.91967738;16.205;0.254;NEOWISE;WISE(W1);NEOWISE
59647.91967738;15.145;0.472;NEOWISE;WISE(W2);NEOWISE
59648.05032628;15.012;0.409;NEOWISE;WISE(W2);NEOWISE
59648.05032628;16.026;0.315;NEOWISE;WISE(W1);NEOWISE
59648.18084787;15.907;0.223;NEOWISE;WISE(W1);NEOWISE
59671.1607176;19.5439224;0.0787083954;ZTF;ZTF(zr);ZTF
59671.2083102;20.1866722;0.123479337;ZTF;ZTF(zg);ZTF
59672.1964583;19.4358044;0.0905879289;ZTF;ZTF(zi);ZTF
59674.1647106;20.0396652;0.111597091;ZTF;ZTF(zg);ZTF
59674.1973032;19.7205257;0.0902177021;ZTF;ZTF(zr);ZTF
59676.1648958;19.7142124;0.0897791237;ZTF;ZTF(zr);ZTF
59679.1563889;20.2145195;0.125816926;ZTF;ZTF(zg);ZTF
59679.1728472;19.3450451;0.0847278684;ZTF;ZTF(zi);ZTF
59682.1645949;19.6524143;0.0855943486;ZTF;ZTF(zr);ZTF
59682.1778935;20.0025787;0.108729683;ZTF;ZTF(zg);ZTF
59687.1648148;19.669342;0.0867213011;ZTF;ZTF(zr);ZTF
59689.1770486;19.5794029;0.0808972567;ZTF;ZTF(zr);ZTF
59695.1819676;20.3453445;0.137114674;ZTF;ZTF(zg);ZTF
59697.1994676;20.4017563;0.142120302;ZTF;ZTF(zg);ZTF
59707.166169;19.6333313;0.0843411982;ZTF;ZTF(zr);ZTF
59707.189919;19.7572117;0.0928074196;ZTF;ZTF(zr);ZTF
59717.168287;19.6996269;0.0887738317;ZTF;ZTF(zr);ZTF
59717.1692361;19.742342;0.0917492211;ZTF;ZTF(zr);ZTF
59717.1701852;19.8023624;0.0960924402;ZTF;ZTF(zr);ZTF
59717.1711343;19.8578358;0.100279234;ZTF;ZTF(zr);ZTF
59724.1610995;19.5900841;0.0815680698;ZTF;ZTF(zr);ZTF
59724.1634722;19.7749176;0.0940826163;ZTF;ZTF(zr);ZTF
59724.1682176;19.5694504;0.0802771524;ZTF;ZTF(zr);ZTF
59724.1705903;19.7528954;0.0924990326;ZTF;ZTF(zr);ZTF
59725.1616551;19.3757915;0.0691272169;ZTF;ZTF(zr);ZTF
59725.1640162;19.2734528;0.0638968274;ZTF;ZTF(zr);ZTF
59725.1711227;19.6032181;0.0824005008;ZTF;ZTF(zr);ZTF
59726.1622222;19.7439747;0.0918648615;ZTF;ZTF(zr);ZTF
59726.1645833;19.6554451;0.085795112;ZTF;ZTF(zr);ZTF
59726.1669444;19.745636;0.0919826031;ZTF;ZTF(zr);ZTF
59726.1693171;19.7761517;0.0941721797;ZTF;ZTF(zr);ZTF
59726.17125;19.7065086;0.0892468095;ZTF;ZTF(zr);ZTF
59730.163831;19.5380211;0.0783501118;ZTF;ZTF(zr);ZTF
59730.1709375;19.7301636;0.0908912271;ZTF;ZTF(zr);ZTF
59730.1732986;19.756424;0.092751056;ZTF;ZTF(zr);ZTF
59800.4989236;19.6257706;0.0838497579;ZTF;ZTF(zr);ZTF
59800.5013194;19.6785889;0.0873430371;ZTF;ZTF(zr);ZTF
59801.4938542;19.7610664;0.0930835903;ZTF;ZTF(zr);ZTF
59801.49625;19.5014877;0.076168783;ZTF;ZTF(zr);ZTF
59801.4986458;19.820816;0.0974666178;ZTF;ZTF(zr);ZTF
59801.5010417;19.9494324;0.107565477;ZTF;ZTF(zr);ZTF
59801.5034375;19.7902184;0.0951981619;ZTF;ZTF(zr);ZTF
59802.4973611;19.6634464;0.0863272101;ZTF;ZTF(zr);ZTF
59802.4997917;19.7786884;0.0943564326;ZTF;ZTF(zr);ZTF
59802.5022222;19.9494762;0.107569098;ZTF;ZTF(zr);ZTF
59803.4960185;20.0466003;0.115816563;ZTF;ZTF(zr);ZTF
59803.5008796;19.6800442;0.0874413028;ZTF;ZTF(zr);ZTF
59803.5033102;19.9399109;0.106786102;ZTF;ZTF(zr);ZTF
59805.4971875;19.8001232;0.0959268957;ZTF;ZTF(zr);ZTF
59805.5019213;19.7515602;0.0924038514;ZTF;ZTF(zr);ZTF
59805.5066667;19.8197403;0.0973859504;ZTF;ZTF(zr);ZTF
59806.4977199;19.8699989;0.101219796;ZTF;ZTF(zr);ZTF
59806.5001157;19.959465;0.108392283;ZTF;ZTF(zr);ZTF
59806.5049074;19.6155796;0.0831917673;ZTF;ZTF(zr);ZTF
59806.5073032;20.0306892;0.114428036;ZTF;ZTF(zr);ZTF
59807.5014699;19.8765144;0.101727039;ZTF;ZTF(zr);ZTF
59807.5038657;20.0007515;0.111855365;ZTF;ZTF(zr);ZTF
59807.5062731;19.8080921;0.0965171009;ZTF;ZTF(zr);ZTF
59808.4984259;19.7311153;0.090957962;ZTF;ZTF(zr);ZTF
59808.5008218;19.9604721;0.108475633;ZTF;ZTF(zr);ZTF
59808.5056134;20.2625065;0.136126637;ZTF;ZTF(zr);ZTF
59808.5080093;19.8977947;0.103400052;ZTF;ZTF(zr);ZTF
59809.497037;19.913784;0.104673803;ZTF;ZTF(zr);ZTF
59809.4994329;19.8261185;0.0978648812;ZTF;ZTF(zr);ZTF
59809.5042245;19.9294796;0.105938077;ZTF;ZTF(zr);ZTF
59809.5066204;19.8091621;0.0965966433;ZTF;ZTF(zr);ZTF
59812.4617708;19.3551559;0.0853640288;ZTF;ZTF(zi);ZTF
59815.4930671;19.8962936;0.10328123;ZTF;ZTF(zr);ZTF
59815.4955324;19.8993397;0.103522502;ZTF;ZTF(zr);ZTF
59815.4980093;20.0083752;0.112505645;ZTF;ZTF(zr);ZTF
59815.5004861;19.9497528;0.107591815;ZTF;ZTF(zr);ZTF
59815.502963;19.9461098;0.107292935;ZTF;ZTF(zr);ZTF
59816.4928009;20.0660458;0.117533468;ZTF;ZTF(zr);ZTF
59816.4952431;19.9724751;0.109473072;ZTF;ZTF(zr);ZTF
59816.4976968;19.8639202;0.100748718;ZTF;ZTF(zr);ZTF
59816.5001505;19.8617535;0.100581348;ZTF;ZTF(zr);ZTF
59816.5025926;19.926136;0.105667658;ZTF;ZTF(zr);ZTF
59817.4909259;19.8510246;0.0997561514;ZTF;ZTF(zr);ZTF
59817.4934144;20.1204624;0.122455746;ZTF;ZTF(zr);ZTF
59817.4959028;19.8646469;0.100804962;ZTF;ZTF(zr);ZTF
59817.4983912;19.9236221;0.105464682;ZTF;ZTF(zr);ZTF
59817.5008796;19.9406528;0.106846616;ZTF;ZTF(zr);ZTF
59824.4505556;19.613863;0.103061914;ZTF;ZTF(zi);ZTF
59828.4934838;19.3821507;0.0870829225;ZTF;ZTF(zi);ZTF
59839.4774653;20.7714577;0.171527982;ZTF;ZTF(zg);ZTF
59843.4554977;19.8832111;0.102250837;ZTF;ZTF(zr);ZTF
59843.4635301;20.572403;0.156463504;ZTF;ZTF(zg);ZTF
59844.421713;19.5661621;0.0995944589;ZTF;ZTF(zi);ZTF
59846.4699074;19.9322395;0.106161922;ZTF;ZTF(zr);ZTF
59846.4906134;20.7233696;0.167888641;ZTF;ZTF(zg);ZTF
59847.4705324;19.4809151;0.0936261415;ZTF;ZTF(zi);ZTF
59848.4494907;20.7446537;0.169499397;ZTF;ZTF(zg);ZTF
59848.4938194;19.9136944;0.104666643;ZTF;ZTF(zr);ZTF
59850.4781597;20.9350014;0.183905005;ZTF;ZTF(zg);ZTF
59850.5042477;20.0835114;0.119094253;ZTF;ZTF(zr);ZTF
59853.3832407;20.098671;0.120463707;ZTF;ZTF(zr);ZTF
59853.4622338;20.8793564;0.179693699;ZTF;ZTF(zg);ZTF
59854.4906944;19.6810341;0.108096711;ZTF;ZTF(zi);ZTF
59855.476956;20.8004379;0.173721194;ZTF;ZTF(zg);ZTF
59855.4909491;20.0661659;0.117544055;ZTF;ZTF(zr);ZTF
59856.86367505;15.765;0.246;NEOWISE;WISE(W1);NEOWISE
59857.12446289;15.968;0.326;NEOWISE;WISE(W1);NEOWISE
59857.25498406;16.03;0.243;NEOWISE;WISE(W1);NEOWISE
59857.32005368;15.561;0.154;NEOWISE;WISE(W1);NEOWISE
59857.3852506;16.051;0.321;NEOWISE;WISE(W1);NEOWISE
59857.38537796;16.35;0.38;NEOWISE;WISE(W1);NEOWISE
59857.429375;19.5578098;0.0989966393;ZTF;ZTF(zi);ZTF
59857.45044757;15.872;0.272;NEOWISE;WISE(W1);NEOWISE
59857.45057494;15.939;0.277;NEOWISE;WISE(W1);NEOWISE
59857.4760764;20.8465405;0.177210212;ZTF;ZTF(zg);ZTF
59857.488588;19.9938507;0.111269802;ZTF;ZTF(zr);ZTF
59857.51564455;15.606;0.179;NEOWISE;WISE(W1);NEOWISE
59857.58096884;16.033;0.241;NEOWISE;WISE(W1);NEOWISE
59857.71123537;16.11;0.384;NEOWISE;WISE(W1);NEOWISE
59857.71136274;16.302;0.308;NEOWISE;WISE(W1);NEOWISE
59857.84162933;15.751;0.215;NEOWISE;WISE(W1);NEOWISE
59857.84175664;15.812;0.219;NEOWISE;WISE(W1);NEOWISE
59859.4943171;19.8684006;0.101095796;ZTF;ZTF(zr);ZTF
59861.4948611;19.8530293;0.0999097973;ZTF;ZTF(zr);ZTF
59863.4296065;19.5034733;0.0951766893;ZTF;ZTF(zi);ZTF
59863.4944444;19.9099464;0.104366802;ZTF;ZTF(zr);ZTF
59866.4240509;19.5680199;0.0997277647;ZTF;ZTF(zi);ZTF
59866.4913426;20.0050678;0.112223208;ZTF;ZTF(zr);ZTF
59870.4110764;19.6076469;0.102604963;ZTF;ZTF(zi);ZTF
59870.5138426;21.2453022;0.20738852;ZTF;ZTF(zg);ZTF
59872.4548148;20.0302734;0.114392042;ZTF;ZTF(zr);ZTF
59874.4445602;20.8101654;0.174457312;ZTF;ZTF(zg);ZTF
59874.4870949;20.2197113;0.131882653;ZTF;ZTF(zr);ZTF
59878.4449769;20.4885941;0.149931863;ZTF;ZTF(zg);ZTF
59878.4726736;20.0322056;0.114559725;ZTF;ZTF(zr);ZTF
59879.4942245;19.5133095;0.0958593637;ZTF;ZTF(zi);ZTF
59880.4220718;20.8584518;0.178111672;ZTF;ZTF(zg);ZTF
59882.4717824;19.9002953;0.103598341;ZTF;ZTF(zr);ZTF
59883.4121528;19.8473911;0.113851845;ZTF;ZTF(zr);ZTF
59887.3465394;19.4394569;0.0908308327;ZTF;ZTF(zi);ZTF
59889.5073032;20.0894432;0.119628459;ZTF;ZTF(zr);ZTF
59897.3811227;19.9349575;0.10638269;ZTF;ZTF(zr);ZTF
59897.5051157;19.6229458;0.1037324;ZTF;ZTF(zi);ZTF
59900.4327662;19.4758835;0.0932831168;ZTF;ZTF(zi);ZTF
59901.4469097;19.954071;0.107947029;ZTF;ZTF(zr);ZTF
59903.3628009;20.6196938;0.160042405;ZTF;ZTF(zg);ZTF
59903.414537;19.6042938;0.102359056;ZTF;ZTF(zi);ZTF
59903.4285069;19.9553871;0.10805551;ZTF;ZTF(zr);ZTF
59906.4120833;19.7266693;0.111615807;ZTF;ZTF(zi);ZTF
59909.374537;20.953331;0.163865685;ZTF;ZTF(zg);ZTF
59910.3621644;20.0559063;0.116635405;ZTF;ZTF(zr);ZTF
59910.4392245;21.0122814;0.189753532;ZTF;ZTF(zg);ZTF
59914.4126968;19.8780003;0.101842992;ZTF;ZTF(zr);ZTF
59928.2961574;19.9572124;0.108206123;ZTF;ZTF(zr);ZTF
59932.4483912;21.011158;0.189668536;ZTF;ZTF(zg);ZTF
59933.3743403;19.6592674;0.106446028;ZTF;ZTF(zi);ZTF
59934.3468634;20.0463982;0.128695786;ZTF;ZTF(zr);ZTF
59934.3897801;20.1474609;0.124962568;ZTF;ZTF(zr);ZTF
59936.3861227;19.9038963;0.103884488;ZTF;ZTF(zr);ZTF
59936.4094444;19.6978569;0.109384865;ZTF;ZTF(zi);ZTF
59940.3107755;19.7301197;0.111884981;ZTF;ZTF(zi);ZTF
59940.3280787;20.0445442;0.115636185;ZTF;ZTF(zr);ZTF
59953.3100694;19.882576;0.102201037;ZTF;ZTF(zr);ZTF
59966.2844444;19.5640221;0.0994409621;ZTF;ZTF(zi);ZTF
59967.2459028;19.9331799;0.106238164;ZTF;ZTF(zr);ZTF
59969.2381713;19.399332;0.0881924108;ZTF;ZTF(zi);ZTF
59969.3040741;20.1270905;0.123067193;ZTF;ZTF(zr);ZTF
59971.3051273;19.8955231;0.103220314;ZTF;ZTF(zr);ZTF
59972.2675;20.0613575;0.129846662;ZTF;ZTF(zr);ZTF
59982.2094213;19.7283897;0.0907668993;ZTF;ZTF(zr);ZTF
59984.196956;20.9648857;0.186166644;ZTF;ZTF(zg);ZTF
59984.2255208;19.9138794;0.104681447;ZTF;ZTF(zr);ZTF
59994.2590741;20.8095169;0.174408317;ZTF;ZTF(zg);ZTF
60013.1497801;20.2705173;0.136933059;ZTF;ZTF(zr);ZTF
60014.51524872;16.086;0.256;NEOWISE;WISE(W1);NEOWISE
60014.64538834;15.171;0.406;NEOWISE;WISE(W2);NEOWISE
60014.64538834;15.762;0.207;NEOWISE;WISE(W1);NEOWISE
60014.71045818;15.672;0.172;NEOWISE;WISE(W1);NEOWISE
60014.77540061;16.231;0.27;NEOWISE;WISE(W1);NEOWISE
60014.84047045;15.974;0.26;NEOWISE;WISE(W1);NEOWISE
60014.90554029;15.446;0.493;NEOWISE;WISE(W2);NEOWISE
60014.90554029;15.76;0.187;NEOWISE;WISE(W1);NEOWISE
60014.97048281;15.478;0.267;NEOWISE;WISE(W1);NEOWISE
60015.10062244;15.881;0.334;NEOWISE;WISE(W1);NEOWISE
60015.10062244;14.999;0.474;NEOWISE;WISE(W2);NEOWISE
60015.23063475;15.647;0.163;NEOWISE;WISE(W1);NEOWISE
60021.1817014;20.0827179;0.119023129;ZTF;ZTF(zr);ZTF
60031.1592824;20.2545357;0.13532804;ZTF;ZTF(zr);ZTF
60036.1826042;20.4324989;0.154035181;ZTF;ZTF(zr);ZTF
60043.1938079;20.1932144;0.129308924;ZTF;ZTF(zr);ZTF
60045.1598843;21.2473297;0.207541943;ZTF;ZTF(zg);ZTF
60045.2264699;20.1439476;0.124633826;ZTF;ZTF(zr);ZTF
60049.1960648;20.05933;0.116937958;ZTF;ZTF(zr);ZTF
60051.1770023;20.1245155;0.122829333;ZTF;ZTF(zr);ZTF
60053.2065972;20.0360012;0.114889935;ZTF;ZTF(zr);ZTF
60055.1835532;20.8881664;0.180360436;ZTF;ZTF(zg);ZTF
60065.2046759;20.0411053;0.11533533;ZTF;ZTF(zr);ZTF
60168.493831;19.8604851;0.10048347;ZTF;ZTF(zr);ZTF
60168.4962616;19.9435291;0.107081652;ZTF;ZTF(zr);ZTF
60168.4986921;20.0090809;0.112566009;ZTF;ZTF(zr);ZTF
60168.5035532;19.7094383;0.0894488469;ZTF;ZTF(zr);ZTF
60169.496169;19.9600887;0.108443871;ZTF;ZTF(zr);ZTF
60169.5010417;20.0845451;0.119187288;ZTF;ZTF(zr);ZTF
60169.5034722;19.9493942;0.107562356;ZTF;ZTF(zr);ZTF
60170.4993056;20.2779026;0.13767992;ZTF;ZTF(zr);ZTF
60170.5040394;19.9797039;0.110077769;ZTF;ZTF(zr);ZTF
60171.4972454;20.1227283;0.122664392;ZTF;ZTF(zr);ZTF
60171.4991667;19.896616;0.103306696;ZTF;ZTF(zr);ZTF
60173.498287;20.0931854;0.119966626;ZTF;ZTF(zr);ZTF
60173.5006829;20.1565113;0.125812516;ZTF;ZTF(zr);ZTF
60173.5030787;19.9626884;0.108659163;ZTF;ZTF(zr);ZTF
60173.5078819;20.2242374;0.13232635;ZTF;ZTF(zr);ZTF
60174.5082176;19.9807892;0.110168763;ZTF;ZTF(zr);ZTF
60181.4900694;19.8141079;0.0969649628;ZTF;ZTF(zr);ZTF
60181.4925231;20.0206604;0.113560528;ZTF;ZTF(zr);ZTF
60181.497419;19.7765274;0.0941994488;ZTF;ZTF(zr);ZTF
60182.4917708;20.126564;0.123018488;ZTF;ZTF(zr);ZTF
60182.4942593;20.167305;0.12683247;ZTF;ZTF(zr);ZTF
60182.4967477;20.1188812;0.122310311;ZTF;ZTF(zr);ZTF
60182.5017245;20.0569019;0.116723426;ZTF;ZTF(zr);ZTF
60191.5196759;19.9293633;0.105928712;ZTF;ZTF(zr);ZTF
60194.4884606;20.0499611;0.116111584;ZTF;ZTF(zr);ZTF
60212.4539815;20.1238918;0.122771703;ZTF;ZTF(zr);ZTF
60221.18135551;16.077;0.251;NEOWISE;WISE(W1);NEOWISE
60221.31085806;14.562;0.356;NEOWISE;WISE(W2);NEOWISE
60221.31085806;15.612;0.163;NEOWISE;WISE(W1);NEOWISE
60221.37554568;15.944;0.218;NEOWISE;WISE(W1);NEOWISE
60221.44036068;16.041;0.246;NEOWISE;WISE(W1);NEOWISE
60221.50504828;14.864;0.434;NEOWISE;WISE(W2);NEOWISE
60221.50504828;15.727;0.21;NEOWISE;WISE(W1);NEOWISE
60221.63455086;16.257;0.305;NEOWISE;WISE(W1);NEOWISE
60221.7639267;15.85;0.379;NEOWISE;WISE(W1);NEOWISE
60222.02280456;15.672;0.306;NEOWISE;WISE(W1);NEOWISE
60222.02293192;15.841;0.215;NEOWISE;WISE(W1);NEOWISE
60224.03003165;16.132;0.322;NEOWISE;WISE(W1);NEOWISE
60224.48309969;16.002;0.278;NEOWISE;WISE(W1);NEOWISE
60224.87148008;15.832;0.23;NEOWISE;WISE(W1);NEOWISE
60225.5091319;20.2771416;0.137602881;ZTF;ZTF(zr);ZTF
60231.4989352;20.0630112;0.117264017;ZTF;ZTF(zr);ZTF
60233.4927315;20.0532207;0.116398662;ZTF;ZTF(zr);ZTF
60236.5028935;20.3440704;0.144512564;ZTF;ZTF(zr);ZTF
60238.4914931;20.1266651;0.123027734;ZTF;ZTF(zr);ZTF
60244.4684491;20.1653404;0.126646295;ZTF;ZTF(zr);ZTF
60246.4995139;20.1955605;0.129535124;ZTF;ZTF(zr);ZTF
60252.4232292;20.0532322;0.116399512;ZTF;ZTF(zr);ZTF
60254.485706;20.2033424;0.130287752;ZTF;ZTF(zr);ZTF
60258.4344676;20.2144871;0.131372005;ZTF;ZTF(zr);ZTF
60260.3817824;20.0084;0.112507686;ZTF;ZTF(zr);ZTF
60262.4290278;21.5115623;0.227539062;ZTF;ZTF(zg);ZTF
60262.4766435;20.2300167;0.132894725;ZTF;ZTF(zr);ZTF
60287.3183102;20.1713409;0.127215683;ZTF;ZTF(zr);ZTF
60291.3612731;20.0526581;0.116349086;ZTF;ZTF(zr);ZTF
60291.4358681;21.2606373;0.208549142;ZTF;ZTF(zg);ZTF
60314.4215046;20.0626717;0.117233992;ZTF;ZTF(zr);ZTF
60323.2793519;19.7102432;0.0895045102;ZTF;ZTF(zr);ZTF
60325.3017245;20.2262363;0.132522836;ZTF;ZTF(zr);ZTF
60327.2407755;20.2295895;0.132852688;ZTF;ZTF(zr);ZTF
60327.3395718;20.8288727;0.17587316;ZTF;ZTF(zg);ZTF
60340.3493519;20.1017914;0.120747305;ZTF;ZTF(zr);ZTF
60354.2079282;20.1838875;0.128412858;ZTF;ZTF(zr);ZTF
60357.3021181;20.2730293;0.13718681;ZTF;ZTF(zr);ZTF
60378.1587037;20.2713852;0.137020648;ZTF;ZTF(zr);ZTF
60404.1584606;20.2201691;0.13192749;ZTF;ZTF(zr);ZTF
60429.2023843;20.5705757;0.167672634;ZTF;ZTF(zr);ZTF
