WAVE,FLUX,ERR,BGFLUX
3336.886,1.3116991E-16,3.8589974E-17,3.778339E-16
3340.966,2.0125478E-16,3.8645203E-17,4.0123755E-16
3345.0461,7.742782E-17,3.781965E-17,5.7882007E-16
3349.126,1.3151405E-16,3.766245E-17,5.7913707E-16
3353.206,7.1699857E-17,3.6486838E-17,5.926674E-16
3357.2861,8.6367145E-17,3.4508764E-17,4.0859308E-16
3361.3662,1.3414763E-16,3.477618E-17,4.621094E-16
3365.446,4.536057E-17,3.3169823E-17,4.5201664E-16
3369.5261,5.117465E-17,3.2405207E-17,4.2705043E-16
3373.6062,1.3669284E-16,3.2397978E-17,3.9544485E-16
3377.686,1.7896323E-16,3.1634748E-17,2.903312E-16
3381.766,1.5141095E-16,3.1187604E-17,3.5237555E-16
3385.8462,1.2246875E-16,3.0478204E-17,3.8581258E-16
3389.926,7.076515E-17,2.9267725E-17,3.7829076E-16
3394.006,9.528453E-17,2.8839705E-17,3.521222E-16
3398.0862,1.7266581E-16,2.9351293E-17,3.885892E-16
3402.166,1.5804593E-16,2.8268375E-17,3.3857953E-16
3406.246,1.76439E-16,2.8013024E-17,3.414701E-16
3410.3262,2.256785E-16,2.786965E-17,3.2608196E-16
3414.406,1.4686825E-16,2.6709594E-17,3.437821E-16
3418.486,1.4632399E-16,2.6046382E-17,3.19704E-16
3422.5662,1.6929644E-16,2.5589072E-17,2.8996696E-16
3426.646,1.5904326E-16,2.5434166E-17,3.3848384E-16
3430.726,1.2559006E-16,2.4873195E-17,3.7320163E-16
3434.8062,1.3779609E-16,2.4935904E-17,4.2367535E-16
3438.886,1.9994157E-16,2.4792965E-17,3.6812706E-16
3442.966,1.2088808E-16,2.3797717E-17,3.9178384E-16
3447.0461,1.9789556E-16,2.318442E-17,2.457334E-16
3451.126,1.1730656E-16,2.2747148E-17,3.5252905E-16
3455.206,1.731789E-16,2.2523395E-17,2.9088504E-16
3459.2861,1.5183611E-16,2.2292104E-17,3.3946058E-16
3463.3662,1.3851252E-16,2.2281883E-17,3.983233E-16
3467.446,1.5568414E-16,2.2304116E-17,4.287292E-16
3471.5261,1.4700907E-16,2.1860284E-17,4.2026588E-16
3475.6062,1.2507128E-16,2.103819E-17,3.7527268E-16
3479.686,1.8323889E-16,2.0710561E-17,2.847393E-16
3483.766,1.1671622E-16,1.9923037E-17,3.10308E-16
3487.8462,1.3692217E-16,1.970294E-17,2.9477673E-16
3491.926,1.2232143E-16,1.9398674E-17,2.944777E-16
3496.006,1.2177623E-16,1.9077513E-17,2.8841557E-16
3500.0862,1.9100431E-16,1.9258647E-17,2.566919E-16
3504.166,1.6689759E-16,1.8859357E-17,2.6784879E-16
3508.246,1.1823519E-16,1.8270259E-17,2.8626664E-16
3512.3262,9.6207074E-17,1.756097E-17,2.4250958E-16
3516.406,8.843707E-17,1.7473477E-17,2.7417514E-16
3520.486,1.4504792E-16,1.7724002E-17,2.5952208E-16
3524.5662,1.1654187E-16,1.7419084E-17,2.888687E-16
3528.646,1.4130159E-16,1.7832098E-17,3.487781E-16
3532.726,1.2278411E-16,1.7766682E-17,3.8611558E-16
3536.8062,1.6724246E-16,1.800852E-17,3.9218105E-16
3540.886,2.0052503E-16,1.789989E-17,3.5771797E-16
3544.966,1.6154771E-16,1.7505115E-17,3.8235483E-16
3549.0461,1.6922915E-16,1.8298408E-17,3.3413269E-16
3553.126,1.5987224E-16,1.780292E-17,3.1114448E-16
3557.206,1.5930587E-16,1.6189609E-17,2.6284867E-16
3561.2861,1.3270668E-16,1.5719886E-17,2.5214172E-16
3565.3662,1.4859523E-16,1.5529173E-17,2.2640947E-16
3569.446,1.2079911E-16,1.504822E-17,2.1786133E-16
3573.5261,1.2367877E-16,1.4949839E-17,2.2297883E-16
3577.6062,1.4020478E-16,1.4685806E-17,1.8273133E-16
3581.686,1.716679E-16,1.49132E-17,1.9351092E-16
3585.766,1.2860218E-16,1.4609808E-17,2.3319585E-16
3589.8462,1.3062766E-16,1.4393183E-17,2.2131542E-16
3593.926,1.2877018E-16,1.4196328E-17,2.1669592E-16
3598.006,1.374168E-16,1.3987447E-17,1.9656857E-16
3602.0862,1.6214735E-16,1.4045145E-17,1.879847E-16
3606.166,1.591805E-16,1.4016132E-17,2.0801573E-16
3610.246,1.2670435E-16,1.4004725E-17,2.7372862E-16
3614.3262,1.1623374E-16,1.3915234E-17,2.9807582E-16
3618.406,1.1252686E-16,1.37065325E-17,2.9130035E-16
3622.486,1.6163431E-16,1.3830148E-17,2.5719872E-16
3626.5662,1.642754E-16,1.4103929E-17,3.2065414E-16
3630.646,1.3561703E-16,1.34479095E-17,2.8071265E-16
3634.726,1.269205E-16,1.3317876E-17,2.8865377E-16
3638.8062,1.0407482E-16,1.29363694E-17,2.7954925E-16
3642.886,1.5513794E-16,1.2956022E-17,2.3377985E-16
3646.966,1.4052318E-16,1.27320144E-17,2.3295712E-16
3651.0461,1.4341709E-16,1.2860171E-17,2.6537362E-16
3655.126,1.06893057E-16,1.252737E-17,2.8542734E-16
3659.206,1.4869138E-16,1.2558521E-17,2.4685825E-16
3663.2861,1.3914122E-16,1.23043695E-17,2.3712698E-16
3667.3662,1.4964247E-16,1.2110037E-17,2.0941818E-16
3671.446,1.5531688E-16,1.204679E-17,2.0958521E-16
3675.5261,1.3481141E-16,1.1677959E-17,1.9549618E-16
3679.6062,1.727009E-16,1.16705134E-17,1.5466427E-16
3683.686,1.294439E-16,1.1488148E-17,2.0320045E-16
3687.766,1.389914E-16,1.1506379E-17,2.1385517E-16
3691.8462,1.4781678E-16,1.1723295E-17,2.4852534E-16
3695.926,1.4936747E-16,1.1605262E-17,2.433484E-16
3700.006,1.8004332E-16,1.1788941E-17,2.4762712E-16
3704.0862,2.0610167E-16,1.17551026E-17,2.1946689E-16
3708.166,1.8338622E-16,1.1497488E-17,2.2227553E-16
3712.246,1.5810516E-16,1.1153378E-17,2.1918638E-16
3716.3262,1.4371281E-16,1.1004575E-17,2.2745505E-16
3720.406,1.7737945E-16,1.11373384E-17,2.1605092E-16
3724.486,1.7062953E-16,1.1086107E-17,2.3281516E-16
3728.5662,1.4686536E-16,1.0966282E-17,2.6041456E-16
3732.646,1.3940221E-16,1.0953501E-17,2.8212028E-16
3736.726,1.0587061E-16,1.07140064E-17,3.0637568E-16
3740.8062,1.1442266E-16,1.0577736E-17,2.8610327E-16
3744.886,1.3195905E-16,1.0372562E-17,2.3683714E-16
3748.966,1.1942074E-16,1.0185049E-17,2.3826852E-16
3753.0461,1.3847048E-16,1.0165219E-17,2.1721645E-16
3757.126,1.4172501E-16,9.968049E-18,1.9074085E-16
3761.206,1.4942224E-16,9.932306E-18,1.8549576E-16
3765.2861,1.5344423E-16,9.972725E-18,1.980156E-16
3769.3662,1.529574E-16,1.00064775E-17,2.1683597E-16
3773.446,1.5389343E-16,1.0041591E-17,2.3482054E-16
3777.5261,1.4027922E-16,9.822803E-18,2.3025752E-16
3781.6062,1.7178663E-16,9.764188E-18,1.8197214E-16
3785.686,1.5906122E-16,9.64346E-18,1.9155396E-16
3789.766,1.3582236E-16,9.4489875E-18,2.0323718E-16
3793.8462,1.4565876E-16,9.4211355E-18,1.9447822E-16
3797.926,1.4307214E-16,9.40368E-18,2.031096E-16
3802.006,1.4526005E-16,9.297294E-18,1.9221504E-16
3806.0862,1.5659066E-16,9.341907E-18,1.9350477E-16
3810.166,1.3760134E-16,9.2378505E-18,2.1513826E-16
3814.246,1.6551679E-16,9.382356E-18,2.0920839E-16
3818.3262,1.4918283E-16,9.108366E-18,1.921785E-16
3822.406,1.6114634E-16,9.258819E-18,2.0782181E-16
3826.486,1.5869398E-16,9.282259E-18,2.2365976E-16
3830.5662,1.8029683E-16,9.445063E-18,2.3168842E-16
3834.646,1.8850551E-16,9.467251E-18,2.3292472E-16
3838.726,1.907381E-16,9.322998E-18,2.1135662E-16
3842.8062,1.7075076E-16,9.238767E-18,2.339118E-16
3846.886,1.8177888E-16,9.096427E-18,2.0079956E-16
3850.966,1.8537754E-16,9.032113E-18,1.9306512E-16
3855.0461,1.6771295E-16,8.7929795E-18,1.8253273E-16
3859.126,1.7442408E-16,8.752017E-18,1.7190241E-16
3863.206,1.6223342E-16,8.638282E-18,1.7535296E-16
3867.2861,1.7597917E-16,8.707719E-18,1.7610388E-16
3871.3662,1.9583551E-16,8.8527665E-18,1.8142362E-16
3875.446,1.7874415E-16,8.566697E-18,1.609358E-16
3879.5261,1.6776214E-16,8.555075E-18,1.8249844E-16
3883.6062,1.9310206E-16,8.517999E-18,1.4418043E-16
3887.686,1.6132886E-16,8.330592E-18,1.615212E-16
3891.766,1.572289E-16,8.298606E-18,1.6999878E-16
3895.8462,1.7305414E-16,8.454872E-18,1.7873649E-16
3899.926,1.6860708E-16,8.463743E-18,1.9304392E-16
3904.006,1.7173393E-16,8.536363E-18,2.069697E-16
3908.0862,1.7680473E-16,8.638183E-18,2.249776E-16
3912.166,1.585114E-16,8.445747E-18,2.2006599E-16
3916.246,1.4019514E-16,8.257293E-18,2.17839E-16
3920.3262,1.3916582E-16,8.0554934E-18,1.8576224E-16
3924.406,1.4263404E-16,7.970883E-18,1.7210457E-16
3928.486,1.7527056E-16,8.0110995E-18,1.3552773E-16
3932.5662,1.4276809E-16,7.852827E-18,1.5781747E-16
3936.646,1.8460603E-16,8.127249E-18,1.5061347E-16
3940.726,1.7202622E-16,8.171632E-18,1.8179799E-16
3944.8062,1.8345606E-16,8.193507E-18,1.7205898E-16
3948.886,1.7947968E-16,8.2665874E-18,1.9651107E-16
3952.966,1.946399E-16,8.260725E-18,1.7736682E-16
3957.0461,1.9896353E-16,8.284782E-18,1.7954056E-16
3961.1262,2.1836994E-16,8.34801E-18,1.7021148E-16
3965.206,2.280607E-16,8.235191E-18,1.3711158E-16
3969.2861,2.0606162E-16,8.127738E-18,1.5235875E-16
3973.3662,1.8797182E-16,8.051247E-18,1.7091713E-16
3977.446,1.8604019E-16,8.062121E-18,1.7705879E-16
3981.5261,1.7843155E-16,7.992202E-18,1.7811822E-16
3985.6062,1.8252947E-16,8.05012E-18,1.8660766E-16
3989.686,2.1278266E-16,8.220481E-18,1.7775168E-16
3993.766,2.1247108E-16,8.271879E-18,1.9397493E-16
3997.8462,2.0323855E-16,8.178781E-18,1.9014499E-16
4001.926,2.0746751E-16,8.171965E-18,1.8640835E-16
4006.006,1.8236363E-16,8.05776E-18,2.0324282E-16
4010.0862,1.692377E-16,8.0005645E-18,2.1222274E-16
4014.166,1.4527249E-16,7.861939E-18,2.2468224E-16
4018.246,1.1911736E-16,7.687671E-18,2.3190293E-16
4022.3262,1.286356E-16,7.633442E-18,2.1178929E-16
4026.406,1.464447E-16,7.746105E-18,2.0780635E-16
4030.486,1.8793995E-16,8.013589E-18,2.0212566E-16
4034.5662,1.9709914E-16,8.07869E-18,2.03675E-16
4038.646,2.0262963E-16,8.167855E-18,2.16226E-16
4042.726,2.1123134E-16,8.239148E-18,2.2017719E-16
4046.8062,1.9956729E-16,8.19107E-18,2.303442E-16
4050.886,1.9473E-16,8.10306E-18,2.2217523E-16
4054.966,2.1525009E-16,8.196217E-18,2.1384963E-16
4059.0461,1.9975323E-16,8.139165E-18,2.267408E-16
4063.1262,1.9112105E-16,8.034855E-18,2.2021437E-16
4067.206,1.9903014E-16,8.131699E-18,2.3014266E-16
4071.2861,1.7772022E-16,7.96084E-18,2.2959143E-16
4075.3662,1.5952649E-16,7.805601E-18,2.2720677E-16
4079.446,1.7245828E-16,7.861523E-18,2.2205506E-16
4083.5261,1.8950016E-16,8.002306E-18,2.2539152E-16
4087.6062,2.1091813E-16,8.1003705E-18,2.193132E-16
4091.686,2.2420846E-16,8.105047E-18,2.0198316E-16
4095.766,2.312286E-16,8.1301175E-18,1.9900826E-16
4099.846,2.2581893E-16,8.057311E-18,1.9340835E-16
4103.9263,2.4021389E-16,8.183243E-18,1.9908089E-16
4108.006,2.277093E-16,8.0667174E-18,1.9617859E-16
4112.086,2.0835862E-16,7.901211E-18,1.9219216E-16
4116.166,1.8356944E-16,7.69451E-18,1.9131027E-16
4120.246,1.314996E-16,7.37968E-18,2.0633221E-16
4124.326,1.2819473E-16,7.3284885E-18,2.0187903E-16
4128.4062,1.3692798E-16,7.393381E-18,2.04142E-16
4132.4863,1.6213549E-16,7.615507E-18,2.111708E-16
4136.566,1.9501004E-16,7.851651E-18,2.1268508E-16
4140.646,2.2342667E-16,7.966898E-18,1.9730245E-16
4144.726,2.132169E-16,7.981867E-18,2.1495027E-16
4148.806,2.2002136E-16,7.918162E-18,1.9529946E-16
4152.886,1.959919E-16,7.772856E-18,2.0252264E-16
4156.9663,1.528687E-16,7.554309E-18,2.2332942E-16
4161.046,1.3630205E-16,7.3757594E-18,2.1348392E-16
4165.126,1.4606278E-16,7.491787E-18,2.2212105E-16
4169.206,1.7688715E-16,7.7688935E-18,2.3485484E-16
4173.286,2.3205031E-16,8.108368E-18,2.2581096E-16
4177.366,2.6048023E-16,8.239526E-18,2.1500165E-16
4181.4463,2.6140848E-16,8.29764E-18,2.2885936E-16
4185.526,2.7562696E-16,8.320906E-18,2.1473626E-16
4189.606,2.868852E-16,8.335882E-18,2.0361394E-16
4193.686,2.7123676E-16,8.18838E-18,1.9583157E-16
4197.766,2.7055085E-16,8.2085094E-18,2.0225773E-16
4201.846,2.8219808E-16,8.277202E-18,2.0188313E-16
4205.9263,2.9316056E-16,8.357182E-18,2.0620862E-16
4210.006,3.1002327E-16,8.444698E-18,2.0378052E-16
4214.086,3.1391904E-16,8.422535E-18,1.9468244E-16
4218.166,3.1577192E-16,8.399268E-18,1.8861869E-16
4222.246,2.9793542E-16,8.2834636E-18,1.8960826E-16
4226.326,2.9136276E-16,8.200218E-18,1.8246581E-16
4230.4062,3.0231358E-16,8.223058E-18,1.7302187E-16
4234.4863,3.1118037E-16,8.26507E-18,1.7175361E-16
4238.566,2.9929022E-16,8.2153825E-18,1.7906847E-16
4242.646,3.1716175E-16,8.370317E-18,1.8830012E-16
4246.726,2.7557674E-16,8.192528E-18,2.1089434E-16
4250.806,2.825782E-16,8.224629E-18,2.1048124E-16
4254.886,2.895616E-16,8.1753155E-18,1.9065497E-16
4258.9663,2.8682026E-16,8.1978115E-18,1.9895024E-16
4263.046,2.892954E-16,8.15826E-18,1.899823E-16
4267.126,2.875782E-16,8.103555E-18,1.7958872E-16
4271.206,2.879607E-16,8.173661E-18,1.9521815E-16
4275.286,2.9117737E-16,8.164498E-18,1.8889655E-16
4279.366,2.8851414E-16,8.13044E-18,1.8772488E-16
4283.4463,3.0039401E-16,8.2443065E-18,1.9637558E-16
4287.526,2.9471212E-16,8.2067426E-18,1.964178E-16
4291.606,2.8652644E-16,8.137594E-18,1.9562945E-16
4295.686,2.549764E-16,7.917118E-18,1.9394676E-16
4299.766,2.5799694E-16,7.848672E-18,1.752405E-16
4303.846,2.6496998E-16,7.879802E-18,1.730729E-16
4307.9263,2.729442E-16,7.876095E-18,1.6393914E-16
4312.0063,2.9636717E-16,8.085284E-18,1.7542427E-16
4316.086,3.157E-16,8.2791755E-18,1.9087502E-16
4320.166,2.8729407E-16,8.092819E-18,1.9147194E-16
4324.246,3.0117315E-16,8.194898E-18,1.9598484E-16
4328.326,2.9148614E-16,8.151692E-18,2.0056104E-16
4332.4062,2.9037915E-16,8.117139E-18,1.9504113E-16
4336.4863,2.9148336E-16,8.130486E-18,1.9624867E-16
4340.566,3.0760444E-16,8.20462E-18,1.9165096E-16
4344.646,2.8661644E-16,8.12895E-18,2.0501743E-16
4348.726,3.0792424E-16,8.135474E-18,1.7972251E-16
4352.806,2.9567035E-16,8.173688E-18,2.0569434E-16
4356.886,2.9844512E-16,8.240718E-18,2.1565976E-16
4360.9663,3.0292905E-16,8.215384E-18,2.0232389E-16
4365.046,3.05791E-16,8.25832E-18,2.0894003E-16
4369.126,3.1737197E-16,8.285788E-18,1.98548E-16
4373.206,3.0930014E-16,8.223616E-18,1.9760854E-16
4377.286,2.8991233E-16,8.1360195E-18,2.0542177E-16
4381.366,2.9359223E-16,8.108186E-18,1.9550498E-16
4385.4463,3.3479515E-16,8.239239E-18,1.6924005E-16
4389.526,3.0254527E-16,8.1694136E-18,1.9740113E-16
4393.606,2.9872258E-16,8.083029E-18,1.8443572E-16
4397.686,3.1407378E-16,8.187408E-18,1.8727271E-16
4401.766,2.9816113E-16,8.229436E-18,2.1814852E-16
4405.846,2.7734667E-16,8.142318E-18,2.3006775E-16
4409.9263,2.8626813E-16,8.238304E-18,2.370029E-16
4414.0063,2.925352E-16,8.250473E-18,2.3246105E-16
4418.086,3.2175687E-16,8.418459E-18,2.3014401E-16
4422.166,3.1659426E-16,8.3612235E-18,2.2407603E-16
4426.246,3.028222E-16,8.276703E-18,2.2519956E-16
4430.326,2.9765442E-16,8.257479E-18,2.2809173E-16
4434.4062,2.9779352E-16,8.162599E-18,2.0760709E-16
4438.4863,2.8606486E-16,8.104172E-18,2.1132923E-16
4442.566,3.1410682E-16,8.315833E-18,2.1856617E-16
4446.646,3.1983938E-16,8.331931E-18,2.1464594E-16
4450.726,3.3765041E-16,8.376031E-18,1.991336E-16
4454.806,3.174548E-16,8.249587E-18,1.9948174E-16
4458.886,3.059144E-16,8.160827E-18,1.9546813E-16
4462.9663,3.22694E-16,8.2317565E-18,1.8836522E-16
4467.046,3.312144E-16,8.249511E-18,1.829027E-16
4471.126,3.1444155E-16,8.287236E-18,2.1310539E-16
4475.206,3.0419965E-16,8.225345E-18,2.1397038E-16
4479.286,3.1751906E-16,8.242922E-18,1.978265E-16
4483.366,2.9797028E-16,8.159512E-18,2.0706898E-16
4487.4463,3.0757265E-16,8.223346E-18,2.0869476E-16
4491.526,3.167705E-16,8.2646676E-18,2.0558085E-16
4495.606,2.918661E-16,8.182611E-18,2.220136E-16
4499.686,2.9406152E-16,8.1306056E-18,2.0840281E-16
4503.766,3.0115775E-16,8.095579E-18,1.902536E-16
4507.846,2.6857054E-16,7.967527E-18,2.087244E-16
4511.9263,2.4953344E-16,7.862171E-18,2.1365003E-16
4516.0063,2.552231E-16,7.861063E-18,2.04721E-16
4520.086,2.6960106E-16,7.976722E-18,2.0971306E-16
4524.166,3.1522773E-16,8.263391E-18,2.0762165E-16
4528.246,3.200679E-16,8.319815E-18,2.1390209E-16
4532.326,3.1968577E-16,8.3169785E-18,2.125689E-16
4536.4062,3.090252E-16,8.290404E-18,2.2176508E-16
4540.4863,3.1140703E-16,8.324099E-18,2.278836E-16
4544.566,3.1308876E-16,8.312652E-18,2.2429496E-16
4548.646,3.209341E-16,8.3109615E-18,2.112096E-16
4552.726,2.7887152E-16,8.068994E-18,2.160447E-16
4556.806,2.9300712E-16,8.125809E-18,2.090799E-16
4560.886,3.0649712E-16,8.281581E-18,2.2276315E-16
4564.9663,3.2236475E-16,8.394077E-18,2.278376E-16
4569.046,3.3234E-16,8.434526E-18,2.227504E-16
4573.126,3.5688203E-16,8.531246E-18,2.0937675E-16
4577.206,3.622997E-16,8.58556E-18,2.1446555E-16
4581.286,3.6136096E-16,8.544267E-18,2.0610886E-16
4585.366,3.413851E-16,8.4337995E-18,2.0854608E-16
4589.4463,3.4725352E-16,8.432004E-18,1.9931784E-16
4593.526,3.2914247E-16,8.32913E-18,2.0134529E-16
4597.606,3.085242E-16,8.214399E-18,2.0526045E-16
4601.686,3.042337E-16,8.2357005E-18,2.1477955E-16
4605.766,3.3232417E-16,8.391741E-18,2.1046941E-16
4609.846,3.3474676E-16,8.387646E-18,2.0654933E-16
4613.9263,3.1512868E-16,8.3270295E-18,2.1880432E-16
4618.0063,3.4384278E-16,8.432297E-18,2.0283586E-16
4622.086,3.415121E-16,8.405053E-18,1.9978748E-16
4626.166,3.417665E-16,8.466551E-18,2.1300757E-16
4630.246,3.4925172E-16,8.514773E-18,2.1327113E-16
4634.326,3.4594618E-16,8.540378E-18,2.2359208E-16
4638.4062,3.575131E-16,8.5557996E-18,2.1117814E-16
4642.4863,3.5535655E-16,8.50832E-18,2.0247333E-16
4646.566,3.47691E-16,8.501078E-18,2.1093119E-16
4650.646,3.6522046E-16,8.597857E-18,2.0796436E-16
4654.726,3.6957215E-16,8.6264424E-18,2.0847429E-16
4658.806,3.729316E-16,8.6558785E-18,2.1006739E-16
4662.886,3.6740343E-16,8.60662E-18,2.063179E-16
4666.9663,3.5144575E-16,8.570749E-18,2.2085724E-16
4671.046,3.5077114E-16,8.571705E-18,2.2069618E-16
4675.126,3.317191E-16,8.432784E-18,2.1567836E-16
4679.206,3.4321897E-16,8.488365E-18,2.1268791E-16
4683.286,3.4515343E-16,8.572881E-18,2.2752316E-16
4687.366,3.716216E-16,8.661502E-18,2.1121186E-16
4691.4463,3.7208977E-16,8.64577E-18,2.0833772E-16
4695.526,3.8215554E-16,8.696281E-18,2.0471231E-16
4699.606,3.8053913E-16,8.717764E-18,2.1126387E-16
4703.686,3.9054164E-16,8.724013E-18,1.9966942E-16
4707.766,3.9500789E-16,8.759967E-18,2.003021E-16
4711.846,3.851326E-16,8.711349E-18,2.0298569E-16
4715.9263,3.8667253E-16,8.707477E-18,1.9930912E-16
4720.0063,4.0054444E-16,8.855609E-18,2.1431413E-16
4724.086,3.9693526E-16,8.9032055E-18,2.307049E-16
4728.166,4.220905E-16,8.959987E-18,2.0938889E-16
4732.246,4.107521E-16,8.830111E-18,1.9493676E-16
4736.326,3.9782387E-16,8.783048E-18,2.0064715E-16
4740.4062,3.8486774E-16,8.771439E-18,2.1519947E-16
4744.4863,3.8223092E-16,8.692038E-18,1.9951804E-16
4748.566,3.58007E-16,8.594136E-18,2.1104742E-16
4752.646,3.5773052E-16,8.592392E-18,2.0946182E-16
4756.726,3.8151327E-16,8.6797964E-18,1.965318E-16
4760.806,3.7474183E-16,8.666482E-18,2.0309971E-16
4764.886,3.7296494E-16,8.665075E-18,2.0358246E-16
4768.9663,3.7188653E-16,8.6364646E-18,1.9868565E-16
4773.046,3.6854404E-16,8.692762E-18,2.1534716E-16
4777.126,3.745992E-16,8.703563E-18,2.0843511E-16
4781.206,3.9964182E-16,8.837101E-18,2.0503755E-16
4785.286,3.8760588E-16,8.7652524E-18,2.0498275E-16
4789.366,3.9905437E-16,8.851795E-18,2.0764801E-16
4793.4463,3.9823048E-16,8.861399E-18,2.1117752E-16
4797.526,3.95316E-16,8.843179E-18,2.10063E-16
4801.606,4.0179193E-16,8.827921E-18,1.9818664E-16
4805.686,3.8399294E-16,8.803452E-18,2.1556688E-16
4809.766,3.8794135E-16,8.800799E-18,2.0914044E-16
4813.846,3.9119425E-16,8.833321E-18,2.1117786E-16
4817.9263,3.9290907E-16,8.911047E-18,2.2576213E-16
4822.0063,3.9079046E-16,8.900654E-18,2.2632154E-16
4826.086,3.917991E-16,8.976809E-18,2.4235418E-16
4830.166,3.819044E-16,8.904017E-18,2.3770945E-16
4834.246,4.2194597E-16,9.0562165E-18,2.1986E-16
4838.326,4.2693573E-16,9.139608E-18,2.31464E-16
4842.4062,4.059928E-16,9.0061605E-18,2.2695324E-16
4846.4863,4.192317E-16,9.065225E-18,2.2199548E-16
4850.566,4.0029552E-16,8.955134E-18,2.2226309E-16
4854.646,3.964361E-16,8.846248E-18,2.0310832E-16
4858.726,4.0631355E-16,8.892079E-18,1.9812282E-16
4862.806,3.9843183E-16,8.771792E-18,1.8097267E-16
4866.886,3.9703036E-16,8.8270445E-18,1.9523059E-16
4870.9663,3.9918066E-16,8.85961E-18,1.992703E-16
4875.046,3.762228E-16,8.727637E-18,1.999379E-16
4879.126,3.9601443E-16,8.910754E-18,2.1309193E-16
4883.206,3.9386542E-16,8.938207E-18,2.2376773E-16
4887.286,3.8025223E-16,8.843829E-18,2.1854478E-16
4891.366,4.076445E-16,9.007155E-18,2.183E-16
4895.4463,3.877272E-16,8.933015E-18,2.2780856E-16
4899.526,3.9695606E-16,8.93587E-18,2.1585004E-16
4903.606,3.8759304E-16,8.8778615E-18,2.1294627E-16
4907.686,3.8710097E-16,8.906433E-18,2.2017244E-16
4911.766,4.0085858E-16,8.971895E-18,2.1621015E-16
4915.846,4.0707805E-16,8.956567E-18,2.0487191E-16
4919.9263,4.148448E-16,9.01485E-18,2.0579647E-16
4924.0063,4.1324075E-16,8.990832E-18,2.018655E-16
4928.086,4.0171948E-16,8.931879E-18,2.029063E-16
4932.166,3.928187E-16,8.869871E-18,2.0045313E-16
4936.246,3.9315177E-16,8.910917E-18,2.0734248E-16
4940.326,3.9085592E-16,8.906617E-18,2.0935959E-16
4944.4062,4.0616064E-16,9.042951E-18,2.1854416E-16
4948.4863,4.2776323E-16,9.127214E-18,2.0823081E-16
4952.566,4.0083097E-16,9.0050074E-18,2.1576224E-16
4956.646,3.8833578E-16,8.946249E-18,2.1802919E-16
4960.726,3.9049352E-16,8.93593E-18,2.1333942E-16
4964.806,4.0831972E-16,9.03098E-18,2.0913318E-16
4968.886,4.2083088E-16,9.11161E-18,2.1060046E-16
4972.9663,4.133939E-16,9.090515E-18,2.1559017E-16
4977.046,4.226349E-16,9.132986E-18,2.1157271E-16
4981.126,4.199302E-16,9.100644E-18,2.0703014E-16
4985.206,3.986754E-16,8.9969515E-18,2.1060639E-16
4989.286,4.086E-16,9.060586E-18,2.1102604E-16
4993.366,4.0487966E-16,9.05621E-18,2.1411423E-16
4997.4463,3.8776864E-16,8.988378E-18,2.2069044E-16
5001.526,4.1304024E-16,9.116162E-18,2.1539411E-16
5005.606,4.3451853E-16,9.222756E-18,2.108425E-16
5009.686,4.2673057E-16,9.149363E-18,2.0265066E-16
5013.766,4.2483657E-16,9.143281E-18,2.032902E-16
5017.846,4.239389E-16,9.147029E-18,2.059396E-16
5021.9263,4.185744E-16,9.128442E-18,2.0723467E-16
5026.0063,4.0426408E-16,9.045087E-18,2.0550592E-16
5030.086,4.271242E-16,9.153547E-18,1.9925029E-16
5034.166,4.1241462E-16,9.113171E-18,2.1011265E-16
5038.246,4.2195807E-16,9.141557E-18,2.033862E-16
5042.326,4.0393612E-16,9.088398E-18,2.132856E-16
5046.4062,4.1623162E-16,9.1188515E-18,2.0372574E-16
5050.4863,4.2466614E-16,9.1529115E-18,1.9969941E-16
5054.566,4.0504276E-16,9.102737E-18,2.1335597E-16
5058.646,4.0153986E-16,9.10575E-18,2.1878119E-16
5062.726,4.3770308E-16,9.229142E-18,1.9404191E-16
5066.806,4.1062175E-16,9.089299E-18,1.9892664E-16
5070.886,4.041384E-16,9.0435805E-18,1.9724794E-16
5074.9663,3.8481694E-16,8.949066E-18,1.9842847E-16
5079.046,4.0357337E-16,9.042977E-18,1.9429364E-16
5083.126,3.8613114E-16,9.037154E-18,2.1416925E-16
5087.206,3.6037268E-16,8.846001E-18,2.0716392E-16
5091.286,3.7096777E-16,8.818557E-18,1.8465635E-16
5095.366,3.5838994E-16,8.791562E-18,1.9500303E-16
5099.4463,3.439263E-16,8.746833E-18,2.0603562E-16
5103.526,3.5024902E-16,8.780634E-18,2.0256755E-16
5107.606,3.9776178E-16,9.02203E-18,1.902909E-16
5111.686,3.9684094E-16,9.080035E-18,2.0523038E-16
5115.766,3.9394846E-16,9.050736E-18,2.0042255E-16
5119.846,3.790892E-16,8.960228E-18,1.9953957E-16
5123.9263,4.0529777E-16,9.074849E-18,1.896294E-16
5128.0063,3.957614E-16,9.090315E-18,2.0551276E-16
5132.086,4.1292456E-16,9.223086E-18,2.1096326E-16
5136.166,4.2487988E-16,9.303084E-18,2.1147514E-16
5140.246,4.1802495E-16,9.256887E-18,2.1083035E-16
5144.326,4.172441E-16,9.2430196E-18,2.0710265E-16
5148.4062,3.9063312E-16,9.1530645E-18,2.2178267E-16
5152.4863,4.0217815E-16,9.199737E-18,2.159313E-16
5156.566,4.0979878E-16,9.1878086E-18,2.0148586E-16
5160.646,3.9946976E-16,9.098241E-18,1.9463795E-16
5164.726,4.0504793E-16,9.124872E-18,1.9258971E-16
5168.806,4.0128705E-16,9.175127E-18,2.0784005E-16
5172.886,4.039654E-16,9.172107E-18,2.0354226E-16
5176.9663,4.1061126E-16,9.158799E-18,1.9020358E-16
5181.046,4.1878153E-16,9.222833E-18,1.9370771E-16
5185.126,4.189042E-16,9.270392E-18,2.0321993E-16
5189.206,4.2536263E-16,9.301298E-18,2.005829E-16
5193.286,4.3283402E-16,9.368923E-18,2.0543776E-16
5197.366,4.192657E-16,9.352075E-18,2.1962956E-16
5201.4463,4.271697E-16,9.35152E-18,2.0755714E-16
5205.526,4.1629888E-16,9.3021845E-18,2.1028374E-16
5209.606,4.2486617E-16,9.296119E-18,1.9617546E-16
5213.686,4.128418E-16,9.293317E-18,2.1206582E-16
5217.766,4.1051944E-16,9.2729106E-18,2.0848512E-16
5221.846,3.9685775E-16,9.188974E-18,2.073945E-16
5225.9263,3.8434943E-16,9.13578E-18,2.1229814E-16
5230.0063,3.8147233E-16,9.162431E-18,2.2162797E-16
5234.086,4.2448829E-16,9.298011E-18,1.9321867E-16
5238.166,3.9941547E-16,9.190333E-18,2.0260053E-16
5242.246,3.872943E-16,9.183712E-18,2.1519032E-16
5246.326,3.8898905E-16,9.1526435E-18,2.0692E-16
5250.4062,3.7959657E-16,9.085523E-18,2.0240081E-16
5254.4863,3.817776E-16,9.144516E-18,2.1228554E-16
5258.566,3.6806755E-16,9.0611374E-18,2.1185812E-16
5262.646,3.9047284E-16,9.07991E-18,1.8550842E-16
5266.726,3.8771787E-16,9.115306E-18,1.9504454E-16
5270.806,4.0727205E-16,9.2400814E-18,1.9380483E-16
5274.886,4.263813E-16,9.314719E-18,1.8494011E-16
5278.9663,4.2182108E-16,9.325426E-18,1.9295802E-16
5283.046,4.0055034E-16,9.236793E-18,2.0118323E-16
5287.126,3.770867E-16,9.133138E-18,2.091911E-16
5291.206,4.0688673E-16,9.304505E-18,2.0561667E-16
5295.286,4.2627245E-16,9.433498E-18,2.0834604E-16
5299.366,4.2020934E-16,9.4113616E-18,2.1099536E-16
5303.4463,4.2806088E-16,9.431715E-18,2.0399441E-16
5307.526,4.247664E-16,9.430062E-18,2.0930868E-16
5311.606,4.1922895E-16,9.423296E-18,2.1499365E-16
5315.686,4.0232072E-16,9.3417154E-18,2.1846994E-16
5319.766,3.9291587E-16,9.263261E-18,2.118787E-16
5323.846,4.0262523E-16,9.3303045E-18,2.1293066E-16
5327.9263,4.1815682E-16,9.401758E-18,2.0717975E-16
5332.0063,4.069873E-16,9.34732E-18,2.0962162E-16
5336.086,4.00914E-16,9.360961E-18,2.1983013E-16
5340.166,4.1788582E-16,9.428902E-18,2.1154837E-16
5344.246,4.0547705E-16,9.38952E-18,2.1758819E-16
5348.326,4.2168368E-16,9.400366E-18,1.976064E-16
5352.4062,4.0904555E-16,9.354121E-18,2.0423089E-16
5356.4863,4.266179E-16,9.41219E-18,1.9270234E-16
5360.566,4.1391774E-16,9.428711E-18,2.1121694E-16
5364.646,4.0145087E-16,9.371396E-18,2.1529774E-16
5368.726,4.2535536E-16,9.465246E-18,2.0218941E-16
5372.806,4.0705947E-16,9.368175E-18,2.0568435E-16
5376.886,3.8182133E-16,9.322109E-18,2.2748414E-16
5380.9663,3.9706686E-16,9.328261E-18,2.0867153E-16
5385.046,3.867671E-16,9.2574415E-18,2.0530813E-16
5389.126,3.9037424E-16,9.3052955E-18,2.0960466E-16
5393.206,3.7530751E-16,9.190704E-18,2.0413994E-16
5397.286,4.117169E-16,9.33042E-18,1.8406414E-16
5401.366,4.0154338E-16,9.3229575E-18,1.9478334E-16
5405.4463,3.92075E-16,9.303371E-18,2.0352738E-16
5409.526,3.9989887E-16,9.331335E-18,1.9767499E-16
5413.606,3.6784767E-16,9.129948E-18,1.9617856E-16
5417.686,3.5728956E-16,9.057797E-18,1.9369427E-16
5421.766,3.4468942E-16,9.031922E-18,2.040804E-16
5425.846,3.563797E-16,9.1540505E-18,2.1314194E-16
5429.9263,3.6481532E-16,9.208557E-18,2.1335042E-16
5434.0063,3.7148922E-16,9.218912E-18,2.0509955E-16
5438.086,3.7095707E-16,9.213021E-18,2.0469376E-16
5442.166,3.8256902E-16,9.317908E-18,2.0978012E-16
5446.246,3.708954E-16,9.239752E-18,2.0743014E-16
5450.326,3.9373802E-16,9.392528E-18,2.0981995E-16
5454.4062,3.7236664E-16,9.33278E-18,2.2566027E-16
5458.4863,3.8553515E-16,9.365713E-18,2.1131246E-16
5462.566,3.9297067E-16,9.3792355E-18,2.0403323E-16
5466.646,4.0511407E-16,9.43882E-18,1.9926269E-16
5470.726,3.7932502E-16,9.340294E-18,2.1246565E-16
5474.806,4.0272028E-16,9.451301E-18,2.0292338E-16
5478.886,3.9495428E-16,9.496238E-18,2.2232053E-16
5482.9663,4.0603517E-16,9.500978E-18,2.0700031E-16
5487.046,4.2025553E-16,9.543075E-18,1.9519993E-16
5491.126,4.2559933E-16,9.6224465E-18,2.0360348E-16
5495.206,4.219165E-16,9.6080205E-18,2.0377479E-16
5499.286,4.1611227E-16,9.606021E-18,2.1030247E-16
5503.366,4.1455277E-16,9.632793E-18,2.1635199E-16
5507.4463,4.1048972E-16,9.608334E-18,2.1587177E-16
5511.526,4.0022537E-16,9.584037E-18,2.2227026E-16
5515.606,3.9129902E-16,9.5015474E-18,2.1513095E-16
5519.686,3.7976857E-16,9.478776E-18,2.2553533E-16
5523.766,3.7865141E-16,9.457229E-18,2.2132624E-16
5527.846,3.8474132E-16,9.474418E-18,2.1463288E-16
5531.9263,4.190054E-16,9.679348E-18,2.1244046E-16
5536.0063,4.1534594E-16,9.664722E-18,2.131039E-16
5540.086,4.3970526E-16,9.831044E-18,2.1757104E-16
5544.166,4.288208E-16,9.850308E-18,2.355892E-16
5548.246,4.1458658E-16,9.767662E-18,2.3539504E-16
5552.326,4.1772745E-16,9.702603E-18,2.1401946E-16
5556.4062,4.2249858E-16,9.7918986E-18,2.2681213E-16
5560.4863,4.450426E-16,9.993688E-18,2.4062898E-16
5564.566,4.6110547E-16,1.0365447E-17,3.0445477E-16
5568.646,4.748205E-16,1.37656535E-17,1.2508534E-15
5572.726,4.633654E-16,1.5440984E-17,1.8484368E-15
5576.806,4.4582716E-16,1.5479724E-17,1.8849056E-15
5580.886,4.1198078E-16,1.4764883E-17,1.6751568E-15
5584.9663,4.017101E-16,1.2031682E-17,8.181236E-16
5589.046,3.9827132E-16,9.6915905E-18,2.263377E-16
5593.126,4.045698E-16,9.823607E-18,2.4713309E-16
5597.206,4.210698E-16,9.766663E-18,2.1045587E-16
5601.286,4.3396608E-16,9.8969604E-18,2.2108713E-16
5605.366,4.3800841E-16,9.959041E-18,2.2940998E-16
5609.4463,4.4484683E-16,9.931729E-18,2.1255307E-16
5613.5264,4.3891993E-16,9.918469E-18,2.1644905E-16
5617.606,4.4494503E-16,1.0022078E-17,2.3052907E-16
5621.686,4.4337095E-16,9.9898975E-18,2.247517E-16
5625.766,4.4433596E-16,9.98863E-18,2.2083971E-16
5629.846,4.317214E-16,9.917078E-18,2.2133592E-16
5633.9263,4.146746E-16,9.872366E-18,2.3235525E-16
5638.0063,4.1961578E-16,9.901247E-18,2.3033838E-16
5642.086,4.3712075E-16,1.0019519E-17,2.320026E-16
5646.166,4.4795226E-16,9.976876E-18,2.0670475E-16
5650.246,4.2411673E-16,9.891038E-18,2.1784418E-16
5654.326,3.9912616E-16,9.804907E-18,2.3242253E-16
5658.4062,4.1152492E-16,9.850715E-18,2.2478105E-16
5662.4863,4.0555623E-16,9.822381E-18,2.2665373E-16
5666.566,4.2176047E-16,9.885182E-18,2.1582163E-16
5670.646,4.3244664E-16,9.966179E-18,2.194909E-16
5674.726,4.1412095E-16,9.917898E-18,2.325419E-16
5678.806,4.2215836E-16,1.0015837E-17,2.4314446E-16
5682.886,4.2869256E-16,1.0068647E-17,2.462764E-16
5686.9663,4.3259908E-16,1.01024544E-17,2.4805823E-16
5691.046,4.153887E-16,9.978028E-18,2.4154148E-16
5695.126,4.0900325E-16,1.0016014E-17,2.5824941E-16
5699.206,4.3032982E-16,1.0050943E-17,2.3621422E-16
5703.286,4.375595E-16,1.00505555E-17,2.2496573E-16
5707.366,4.3988922E-16,1.00451325E-17,2.2030952E-16
5711.4463,4.391642E-16,1.0078749E-17,2.2845945E-16
5715.5264,4.413656E-16,1.00639814E-17,2.2166396E-16
5719.606,4.188071E-16,1.00174906E-17,2.2862555E-16
5723.686,4.079623E-16,9.955276E-18,2.3917698E-16
5727.766,4.3421852E-16,1.0054676E-17,2.258319E-16
5731.846,4.286747E-16,1.0058266E-17,2.3331411E-16
5735.9263,4.1591917E-16,1.0017441E-17,2.4055717E-16
5740.0063,4.0991228E-16,9.932829E-18,2.275993E-16
5744.086,4.2575222E-16,9.944735E-18,2.0774836E-16
5748.166,4.40329E-16,1.00732045E-17,2.1599876E-16
5752.246,4.3697342E-16,1.0082295E-17,2.2136371E-16
5756.326,4.3954371E-16,1.0065126E-17,2.150733E-16
5760.4062,4.2381193E-16,9.963802E-18,2.1313026E-16
5764.4863,4.3053713E-16,1.0047593E-17,2.2011451E-16
5768.566,4.1550762E-16,1.0007173E-17,2.3262717E-16
5772.646,4.1372504E-16,9.977842E-18,2.2615968E-16
5776.726,4.172213E-16,1.0022294E-17,2.316088E-16
5780.806,4.1498712E-16,9.931034E-18,2.1485967E-16
5784.886,4.445674E-16,1.0127792E-17,2.1708382E-16
5788.9663,4.465854E-16,1.0169194E-17,2.2134253E-16
5793.046,4.272296E-16,1.0124217E-17,2.3900258E-16
5797.126,4.3392474E-16,1.0119691E-17,2.2617373E-16
5801.206,4.2828876E-16,1.0059742E-17,2.22225E-16
5805.286,4.3249582E-16,1.0120809E-17,2.2757163E-16
5809.366,4.39366E-16,1.018855E-17,2.3260578E-16
5813.4463,4.393605E-16,1.0138589E-17,2.2117665E-16
5817.5264,4.4978254E-16,1.0198499E-17,2.1929144E-16
5821.606,4.674422E-16,1.0338278E-17,2.2811026E-16
5825.686,4.542361E-16,1.0316051E-17,2.3849695E-16
5829.766,4.3467132E-16,1.0475138E-17,2.3160806E-16
5833.846,4.2746354E-16,1.0144905E-17,2.3476895E-16
5837.9263,4.3194138E-16,1.0128045E-17,2.2349576E-16
5842.0063,4.2603457E-16,1.011739E-17,2.2930916E-16
5846.086,4.2091852E-16,1.0135359E-17,2.399914E-16
5850.166,4.4518225E-16,1.0217111E-17,2.2483412E-16
5854.246,4.1554163E-16,1.01125394E-17,2.3991247E-16
5858.326,4.0322334E-16,1.00553945E-17,2.4367851E-16
5862.4062,4.2043256E-16,1.0200908E-17,2.5239205E-16
5866.4863,4.4523837E-16,1.0334802E-17,2.4880428E-16
5870.566,4.2487337E-16,1.02694514E-17,2.6139876E-16
5874.646,4.172772E-16,1.0185856E-17,2.5253933E-16
5878.726,4.3036047E-16,1.041381E-17,2.862628E-16
5882.806,4.060656E-16,1.0882492E-17,4.3101663E-16
5886.886,4.0159516E-16,1.130722E-17,5.4390887E-16
5890.9663,4.0013521E-16,1.1512365E-17,5.983054E-16
5895.046,3.942563E-16,1.13232175E-17,5.56881E-16
5899.126,4.364393E-16,1.0841979E-17,3.798121E-16
5903.206,4.186009E-16,1.0460517E-17,3.1188918E-16
5907.286,4.1623808E-16,1.0219191E-17,2.5995486E-16
5911.366,4.36388E-16,1.0344983E-17,2.5933486E-16
5915.4463,4.410785E-16,1.03144095E-17,2.46606E-16
5919.5264,4.5793407E-16,1.0458224E-17,2.5477724E-16
5923.606,4.4148342E-16,1.0389961E-17,2.6179033E-16
5927.686,4.1703927E-16,1.0331331E-17,2.8002165E-16
5931.766,4.1451945E-16,1.0219485E-17,2.5786378E-16
5935.846,4.2023703E-16,1.0283731E-17,2.6354157E-16
5939.9263,4.400744E-16,1.0348278E-17,2.507846E-16
5944.0063,4.4519787E-16,1.0331026E-17,2.3985276E-16
5948.086,4.2915575E-16,1.0353885E-17,2.6512597E-16
5952.166,4.3038538E-16,1.0359336E-17,2.632573E-16
5956.246,4.4247858E-16,1.0400331E-17,2.5629107E-16
5960.326,4.3828688E-16,1.0310227E-17,2.3898256E-16
5964.4062,4.240635E-16,1.0270363E-17,2.4847984E-16
5968.4863,4.3333393E-16,1.0328767E-17,2.4886347E-16
5972.566,4.1526433E-16,1.0254722E-17,2.5608334E-16
5976.646,4.1992736E-16,1.03366185E-17,2.6843197E-16
5980.726,4.2034193E-16,1.02377655E-17,2.4412622E-16
5984.806,4.086566E-16,1.0147376E-17,2.397684E-16
5988.886,4.1530097E-16,1.0191318E-17,2.3984177E-16
5992.9663,4.2976265E-16,1.0257071E-17,2.326329E-16
5997.046,4.388056E-16,1.0356487E-17,2.4259217E-16
6001.126,4.5858925E-16,1.0440956E-17,2.3318317E-16
6005.206,4.552076E-16,1.0429493E-17,2.3447386E-16
6009.286,4.525248E-16,1.0439648E-17,2.3943112E-16
6013.366,4.5899784E-16,1.0382314E-17,2.1774765E-16
6017.4463,4.4015622E-16,1.0275116E-17,2.1790191E-16
6021.5264,4.3168412E-16,1.0316193E-17,2.385981E-16
6025.606,4.3781497E-16,1.0307066E-17,2.271477E-16
6029.686,4.3105626E-16,1.0265408E-17,2.2579813E-16
6033.766,4.3294893E-16,1.0257524E-17,2.2080356E-16
6037.846,4.2389743E-16,1.0280103E-17,2.4001817E-16
6041.9263,4.3253176E-16,1.0261203E-17,2.2323342E-16
6046.0063,4.4013775E-16,1.0294679E-17,2.1707411E-16
6050.086,4.4082255E-16,1.0335497E-17,2.227776E-16
6054.166,4.5089565E-16,1.0360448E-17,2.1485753E-16
6058.246,4.2645298E-16,1.03211924E-17,2.3908773E-16
6062.326,4.2013483E-16,1.02439304E-17,2.2927824E-16
6066.4062,4.3835106E-16,1.02740746E-17,2.1111137E-16
6070.4863,4.4737305E-16,1.03516715E-17,2.1601983E-16
6074.566,4.405218E-16,1.0311784E-17,2.1390699E-16
6078.646,4.3735202E-16,1.02847774E-17,2.1319535E-16
6082.726,4.5811115E-16,1.0349892E-17,1.9886207E-16
6086.806,4.3295295E-16,1.0259913E-17,2.1425149E-16
6090.886,4.515102E-16,1.0335609E-17,2.0367712E-16
6094.9663,4.583584E-16,1.0430882E-17,2.1619705E-16
6099.046,4.6104935E-16,1.0452518E-17,2.1697926E-16
6103.126,4.512393E-16,1.0394315E-17,2.1565701E-16
6107.206,4.3000144E-16,1.0310733E-17,2.2504477E-16
6111.286,4.2899847E-16,1.0274784E-17,2.177138E-16
6115.366,4.49409E-16,1.0377627E-17,2.1343089E-16
6119.4463,4.431438E-16,1.0321683E-17,2.0838097E-16
6123.5264,4.335312E-16,1.0337242E-17,2.2406925E-16
6127.606,4.4000188E-16,1.04020965E-17,2.2854484E-16
6131.686,4.491953E-16,1.0382191E-17,2.114464E-16
6135.766,4.5897084E-16,1.0400041E-17,2.0056131E-16
6139.846,4.3236514E-16,1.0292018E-17,2.1190468E-16
6143.9263,4.1981108E-16,1.0280029E-17,2.2693963E-16
6148.0063,4.516099E-16,1.0412649E-17,2.1179E-16
6152.086,4.2610657E-16,1.0318728E-17,2.2569466E-16
6156.166,4.2729683E-16,1.0262786E-17,2.1036953E-16
6160.246,4.1176545E-16,1.026005E-17,2.319916E-16
6164.326,4.175655E-16,1.0203593E-17,2.0861319E-16
6168.4062,4.213355E-16,1.01721E-17,1.974482E-16
6172.4863,3.9039002E-16,1.0084328E-17,2.2027495E-16
6176.566,3.637637E-16,9.8899575E-18,2.145922E-16
6180.646,3.7478828E-16,9.9719584E-18,2.154148E-16
6184.726,4.0697233E-16,1.0141402E-17,2.0753758E-16
6188.806,4.0383053E-16,1.0150495E-17,2.1343228E-16
6192.886,4.1731172E-16,1.0224921E-17,2.1058946E-16
6196.9663,4.3509425E-16,1.0284275E-17,1.9910945E-16
6201.046,4.182857E-16,1.0207136E-17,2.0437525E-16
6205.126,4.184491E-16,1.0229794E-17,2.0864491E-16
6209.206,4.2674806E-16,1.0304542E-17,2.125914E-16
6213.286,4.1706063E-16,1.0265437E-17,2.1791631E-16
6217.366,4.315041E-16,1.033447E-17,2.1245137E-16
6221.4463,4.3922856E-16,1.04039866E-17,2.1573459E-16
6225.5264,4.3205483E-16,1.0331204E-17,2.1020483E-16
6229.606,4.2730605E-16,1.0507659E-17,2.5482078E-16
6233.686,4.1703744E-16,1.052298E-17,2.7203808E-16
6237.766,4.1230308E-16,1.054838E-17,2.8349113E-16
6241.846,4.3005716E-16,1.05769625E-17,2.6390235E-16
6245.9263,4.3300372E-16,1.0452104E-17,2.307104E-16
6250.0063,4.2557275E-16,1.0452327E-17,2.4116013E-16
6254.086,4.291017E-16,1.0517801E-17,2.4965446E-16
6258.166,4.3367925E-16,1.0524381E-17,2.4525791E-16
6262.246,4.3742997E-16,1.0626339E-17,2.6373213E-16
6266.326,4.3615264E-16,1.0511081E-17,2.3962229E-16
6270.4062,4.1713146E-16,1.034977E-17,2.3183763E-16
6274.4863,4.272968E-16,1.0308459E-17,2.1283378E-16
6278.566,4.3264132E-16,1.0377404E-17,2.2128291E-16
6282.646,4.2462484E-16,1.0396151E-17,2.3585058E-16
6286.726,4.1804345E-16,1.03117915E-17,2.2618628E-16
6290.806,4.3087785E-16,1.0970216E-17,3.565366E-16
6294.886,4.402048E-16,1.1957743E-17,5.850577E-16
6298.9663,4.419205E-16,1.23721636E-17,6.894729E-16
6303.046,4.201344E-16,1.2399225E-17,7.2481366E-16
6307.126,4.1379828E-16,1.191937E-17,6.050683E-16
6311.206,4.3306042E-16,1.0874893E-17,3.2082252E-16
6315.286,4.2312983E-16,1.04202225E-17,2.2963452E-16
6319.366,4.2892422E-16,1.0429968E-17,2.2239583E-16
6323.4463,4.4564166E-16,1.0572143E-17,2.3093557E-16
6327.5264,4.490627E-16,1.0651572E-17,2.423326E-16
6331.606,4.3890622E-16,1.0559982E-17,2.3347494E-16
6335.686,4.342379E-16,1.0572517E-17,2.4204607E-16
6339.766,4.2202122E-16,1.0476901E-17,2.3549922E-16
6343.846,4.4337913E-16,1.05356415E-17,2.1964515E-16
6347.9263,4.4117105E-16,1.0578442E-17,2.310606E-16
6352.0063,4.0523536E-16,1.0475913E-17,2.5752787E-16
6356.086,4.316431E-16,1.0846198E-17,3.0336652E-16
6360.166,4.4015718E-16,1.11186615E-17,3.5476972E-16
6364.246,4.1607442E-16,1.1056342E-17,3.7199278E-16
6368.326,4.3678959E-16,1.1156219E-17,3.6600638E-16
6372.4062,4.1671226E-16,1.0747137E-17,2.9814909E-16
6376.4863,4.3271192E-16,1.0455564E-17,2.105188E-16
6380.566,4.2472784E-16,1.0445522E-17,2.1917887E-16
6384.646,4.4558306E-16,1.0579155E-17,2.194989E-16
6388.726,4.3826996E-16,1.0553372E-17,2.2222002E-16
6392.806,4.242603E-16,1.039475E-17,2.0901539E-16
6396.886,4.4529607E-16,1.0505895E-17,2.0359455E-16
6400.9663,4.329568E-16,1.03995835E-17,1.9582997E-16
6405.046,4.2202363E-16,1.0349181E-17,2.0097586E-16
6409.126,4.1867486E-16,1.0361542E-17,2.0598253E-16
6413.206,4.330437E-16,1.0380855E-17,1.904173E-16
6417.286,4.535187E-16,1.0498848E-17,1.8738652E-16
6421.366,4.3548433E-16,1.0454746E-17,2.011483E-16
6425.4463,4.1429911E-16,1.03422235E-17,2.0610037E-16
6429.5264,4.0988853E-16,1.0265983E-17,1.9403207E-16
6433.606,4.092735E-16,1.02714516E-17,1.9538942E-16
6437.686,4.1197827E-16,1.0256355E-17,1.8885102E-16
6441.766,4.2398102E-16,1.0372143E-17,1.9560969E-16
6445.846,4.267295E-16,1.0390741E-17,1.9620978E-16
6449.9263,3.9448786E-16,1.0301453E-17,2.1960538E-16
6454.0063,4.1316605E-16,1.0324871E-17,1.988672E-16
6458.086,4.2714132E-16,1.0366954E-17,1.8853703E-16
6462.166,3.9699373E-16,1.0354206E-17,2.2597283E-16
6466.246,3.8961372E-16,1.03575445E-17,2.3864232E-16
6470.326,3.9053754E-16,1.0382122E-17,2.4117116E-16
6474.4062,3.9265327E-16,1.0407785E-17,2.441303E-16
6478.4863,4.312143E-16,1.0483365E-17,2.0610857E-16
6482.566,4.145885E-16,1.0401112E-17,2.1086002E-16
6486.646,3.9222512E-16,1.0254468E-17,2.0956135E-16
6490.726,4.2274946E-16,1.0406267E-17,1.9715227E-16
6494.806,4.2240276E-16,1.0503867E-17,2.1945931E-16
6498.886,4.0695867E-16,1.0530315E-17,2.4392196E-16
6502.9663,4.0776478E-16,1.0539079E-17,2.43866E-16
6507.046,4.1413638E-16,1.04895725E-17,2.237125E-16
6511.126,4.0434648E-16,1.03746225E-17,2.1216806E-16
6515.206,4.0342427E-16,1.0287077E-17,1.9394581E-16
6519.286,3.9459173E-16,1.0334578E-17,2.1505796E-16
6523.366,4.1214175E-16,1.0416512E-17,2.0897645E-16
6527.4463,4.1372363E-16,1.0466966E-17,2.1392749E-16
6531.5264,4.0960758E-16,1.0523315E-17,2.3283758E-16
6535.606,4.1818707E-16,1.0498023E-17,2.1404937E-16
6539.686,4.069063E-16,1.0488738E-17,2.2577422E-16
6543.766,4.0788882E-16,1.0523358E-17,2.3160348E-16
6547.846,4.0616903E-16,1.0493205E-17,2.2823517E-16
6551.9263,3.8685072E-16,1.0428657E-17,2.3964492E-16
6556.0063,3.8874167E-16,1.0458368E-17,2.409751E-16
6560.086,3.9785685E-16,1.0482419E-17,2.3224953E-16
6564.166,3.8111165E-16,1.03870285E-17,2.3327322E-16
6568.246,3.856313E-16,1.0385446E-17,2.2714925E-16
6572.326,4.0285824E-16,1.0542799E-17,2.3414855E-16
6576.4062,4.1298375E-16,1.0642985E-17,2.4140825E-16
6580.4863,4.210799E-16,1.0566948E-17,2.1459704E-16
6584.566,4.0516013E-16,1.0477104E-17,2.1435213E-16
6588.646,4.2441253E-16,1.0568768E-17,2.0606775E-16
6592.726,4.2967358E-16,1.05674706E-17,1.9856571E-16
6596.806,4.113713E-16,1.0532351E-17,2.1364765E-16
6600.886,3.9615244E-16,1.0475253E-17,2.2108128E-16
6604.9663,4.0467176E-16,1.0449919E-17,2.0365809E-16
6609.046,4.0672574E-16,1.0516722E-17,2.147962E-16
6613.126,3.910551E-16,1.0385586E-17,2.0692463E-16
6617.206,4.1317613E-16,1.0487268E-17,1.979621E-16
6621.286,4.2362127E-16,1.05579935E-17,1.963701E-16
6625.366,3.9774145E-16,1.0391355E-17,1.9634567E-16
6629.4463,3.8992963E-16,1.0417404E-17,2.1224487E-16
6633.5264,4.1964312E-16,1.0572408E-17,2.0241414E-16
6637.606,4.125114E-16,1.0524074E-17,2.0240719E-16
6641.686,4.09392E-16,1.0482849E-17,1.9560438E-16
6645.766,4.1676E-16,1.0512204E-17,1.91188E-16
6649.846,4.2130913E-16,1.0561569E-17,1.9427568E-16
6653.9263,4.2351388E-16,1.0562896E-17,1.9042227E-16
6658.0063,4.0283185E-16,1.0530541E-17,2.1152231E-16
6662.086,4.3937576E-16,1.0641419E-17,1.8381735E-16
6666.166,4.0231116E-16,1.04825E-17,2.0101435E-16
6670.246,4.0154335E-16,1.0447356E-17,1.9278443E-16
6674.326,4.3081075E-16,1.0575573E-17,1.791713E-16
6678.4062,4.318056E-16,1.0582838E-17,1.7843967E-16
6682.4863,4.3027656E-16,1.0575827E-17,1.777285E-16
6686.566,4.332608E-16,1.06580344E-17,1.905749E-16
6690.646,4.2531756E-16,1.0651711E-17,1.994051E-16
6694.726,4.166792E-16,1.0551806E-17,1.8882356E-16
6698.806,4.13942E-16,1.0579394E-17,1.9716641E-16
6702.886,4.1590924E-16,1.06395726E-17,2.0660165E-16
6706.9663,4.3862728E-16,1.0769739E-17,2.0325495E-16
6711.046,4.1994244E-16,1.06400805E-17,2.0092244E-16
6715.126,4.2594658E-16,1.0687168E-17,2.0072007E-16
6719.206,4.1985533E-16,1.06001185E-17,1.902297E-16
6723.286,4.0569572E-16,1.0520976E-17,1.9153007E-16
6727.366,4.2348365E-16,1.0639593E-17,1.910193E-16
6731.4463,4.2861045E-16,1.0689145E-17,1.9272268E-16
6735.5264,4.1434777E-16,1.0610822E-17,1.9640905E-16
6739.606,4.2369644E-16,1.0686968E-17,1.9827383E-16
6743.686,4.3234925E-16,1.0764391E-17,2.0209261E-16
6747.766,4.2184215E-16,1.0643408E-17,1.8984011E-16
6751.846,4.205334E-16,1.06622845E-17,1.9610194E-16
6755.9263,4.3206518E-16,1.0764633E-17,1.9955641E-16
6760.0063,4.3739704E-16,1.0696416E-17,1.7868638E-16
6764.086,4.1598804E-16,1.0654985E-17,1.977157E-16
6768.166,4.285858E-16,1.07038156E-17,1.889137E-16
6772.246,4.2254924E-16,1.06596375E-17,1.8594839E-16
6776.326,4.2706972E-16,1.0718653E-17,1.9224783E-16
6780.4062,4.2383824E-16,1.0719916E-17,1.949603E-16
6784.4863,4.079323E-16,1.0649982E-17,2.0120385E-16
6788.566,4.169094E-16,1.0685115E-17,1.9566019E-16
6792.646,4.1695022E-16,1.0689469E-17,1.9689911E-16
6796.726,4.1854288E-16,1.0683301E-17,1.9182586E-16
6800.806,4.0686206E-16,1.0639264E-17,1.9732441E-16
6804.886,4.0271313E-16,1.0535383E-17,1.8166267E-16
6808.9663,3.9922547E-16,1.0570615E-17,1.915269E-16
6813.046,4.028562E-16,1.0619725E-17,1.9586642E-16
6817.126,4.056899E-16,1.0575014E-17,1.8139793E-16
6821.206,4.1173178E-16,1.0728077E-17,2.0583748E-16
6825.286,4.2979354E-16,1.1069022E-17,2.5280556E-16
6829.366,4.2989736E-16,1.12455105E-17,2.9005942E-16
6833.4463,4.2805083E-16,1.1332261E-17,3.110892E-16
6837.5264,4.1314125E-16,1.1253141E-17,3.1236206E-16
6841.606,4.2412274E-16,1.1083685E-17,2.6070573E-16
6845.686,4.367653E-16,1.0951486E-17,2.1593774E-16
6849.766,4.1348662E-16,1.07593814E-17,2.0469758E-16
6853.846,4.3444354E-16,1.0802856E-17,1.9021938E-16
6857.9263,4.259277E-16,1.0918325E-17,2.3854965E-16
6862.0063,4.3588318E-16,1.1027442E-17,2.7196267E-16
6866.086,4.6182317E-16,1.10230155E-17,2.6953994E-16
6870.166,4.3915416E-16,1.078645E-17,2.7253454E-16
6874.246,3.826774E-16,1.0189907E-17,2.2718345E-16
6878.326,3.7862354E-16,9.964513E-18,1.8231884E-16
6882.4062,3.873649E-16,1.010952E-17,1.894033E-16
6886.4863,3.9835539E-16,1.0273976E-17,1.9774626E-16
6890.566,4.0674488E-16,1.040694E-17,2.074125E-16
6894.646,4.146475E-16,1.056466E-17,2.2586674E-16
6898.726,4.3021187E-16,1.0650347E-17,2.189472E-16
6902.806,4.261242E-16,1.0641005E-17,2.1282308E-16
6906.886,4.2294123E-16,1.0689073E-17,2.1603802E-16
6910.9663,3.968832E-16,1.0590274E-17,2.1916307E-16
6915.046,4.2431885E-16,1.07659385E-17,2.1073092E-16
6919.126,4.085721E-16,1.0861919E-17,2.4306772E-16
6923.206,4.2825888E-16,1.1032788E-17,2.4605206E-16
6927.286,4.2567953E-16,1.1015588E-17,2.4117402E-16
6931.366,3.9799733E-16,1.08447225E-17,2.3586244E-16
6935.4463,4.1250849E-16,1.0838096E-17,2.1148903E-16
6939.5264,4.3841933E-16,1.10386856E-17,2.1783914E-16
6943.606,4.460117E-16,1.1248901E-17,2.4833013E-16
6947.686,4.2195235E-16,1.1195698E-17,2.683252E-16
6951.766,4.0402574E-16,1.1041253E-17,2.5641336E-16
6955.846,4.1194473E-16,1.1052672E-17,2.4501688E-16
6959.9263,4.137085E-16,1.097716E-17,2.251289E-16
6964.0063,4.1163292E-16,1.0917367E-17,2.1168061E-16
6968.086,4.18232E-16,1.1046769E-17,2.2691917E-16
6972.166,4.0040632E-16,1.0981268E-17,2.355289E-16
6976.246,4.1185487E-16,1.1076442E-17,2.3828924E-16
6980.326,4.2886578E-16,1.1162532E-17,2.3222943E-16
6984.4062,4.1525335E-16,1.10858225E-17,2.337487E-16
6988.4863,3.8984313E-16,1.0858289E-17,2.1952079E-16
6992.566,3.774555E-16,1.0740117E-17,2.1158555E-16
6996.646,3.8955673E-16,1.08213166E-17,2.1015348E-16
7000.726,4.3492333E-16,1.0971256E-17,1.780275E-16
7004.806,4.2479875E-16,1.1055909E-17,2.0768847E-16
7008.886,3.842692E-16,1.09668135E-17,2.4292235E-16
7012.9663,4.0667553E-16,1.092892E-17,2.046033E-16
7017.0464,4.2931955E-16,1.1055227E-17,1.9825797E-16
7021.126,4.3104165E-16,1.1025064E-17,1.875354E-16
7025.206,4.0000408E-16,1.0878197E-17,1.9614516E-16
7029.286,3.9476397E-16,1.0869105E-17,2.0071553E-16
7033.366,3.9779587E-16,1.07868455E-17,1.7782839E-16
7037.4463,3.9650782E-16,1.08565925E-17,1.9160821E-16
7041.5264,3.8819123E-16,1.0920645E-17,2.1510302E-16
7045.606,4.0163473E-16,1.1019085E-17,2.1431964E-16
7049.686,4.0651305E-16,1.1139902E-17,2.317466E-16
7053.766,3.9795326E-16,1.11045225E-17,2.3446123E-16
7057.846,3.9473938E-16,1.0995636E-17,2.1604093E-16
7061.9263,3.8802704E-16,1.09378125E-17,2.1062377E-16
7066.0063,3.9668895E-16,1.10026825E-17,2.0874473E-16
7070.086,4.026887E-16,1.1079567E-17,2.1511483E-16
7074.166,4.1258136E-16,1.1167903E-17,2.1865004E-16
7078.246,4.079418E-16,1.1099611E-17,2.0967487E-16
7082.326,4.2114468E-16,1.1111976E-17,1.9248754E-16
7086.4062,4.1847528E-16,1.1124613E-17,1.9697927E-16
7090.4863,4.2520472E-16,1.1204674E-17,2.0402112E-16
7094.566,4.1110183E-16,1.11713074E-17,2.1442173E-16
7098.646,4.0122405E-16,1.1111979E-17,2.1195376E-16
7102.726,4.1484722E-16,1.1160264E-17,2.0232274E-16
7106.806,4.243609E-16,1.1165058E-17,1.9306349E-16
7110.886,4.3295734E-16,1.117175E-17,1.7931453E-16
7114.9663,4.11923E-16,1.1153598E-17,1.9881794E-16
7119.0464,3.9766172E-16,1.1065484E-17,1.9878582E-16
7123.126,4.2082796E-16,1.115594E-17,1.863856E-16
7127.206,4.1865572E-16,1.12118624E-17,1.9690925E-16
7131.286,4.169573E-16,1.1184811E-17,1.9158968E-16
7135.366,3.971801E-16,1.1130119E-17,2.0789288E-16
7139.4463,4.1442228E-16,1.123395E-17,2.0337853E-16
7143.5264,4.2133491E-16,1.1280537E-17,2.0181058E-16
7147.606,4.0997255E-16,1.1180416E-17,1.961803E-16
7151.686,4.1683457E-16,1.1257257E-17,2.0098501E-16
7155.766,4.2324225E-16,1.13780215E-17,2.1607529E-16
7159.846,4.193983E-16,1.12518666E-17,1.968832E-16
7163.9263,4.1600506E-16,1.1142123E-17,1.8096721E-16
7168.0063,4.026976E-16,1.1104127E-17,1.9475343E-16
7172.086,3.8784485E-16,1.1048209E-17,2.062475E-16
7176.166,4.2983137E-16,1.120393E-17,1.8700515E-16
7180.246,4.046531E-16,1.1065271E-17,1.9445525E-16
7184.326,3.7663182E-16,1.0861647E-17,1.9315374E-16
7188.4062,4.139201E-16,1.1050823E-17,1.8264382E-16
7192.4863,3.9815824E-16,1.093956E-17,1.8035887E-16
7196.566,4.0038853E-16,1.0920006E-17,1.7155617E-16
7200.646,4.0020337E-16,1.09945604E-17,1.8200943E-16
7204.726,3.8583433E-16,1.100373E-17,1.9801863E-16
7208.806,3.9363678E-16,1.10686436E-17,1.9420638E-16
7212.886,4.169404E-16,1.1176353E-17,1.7649423E-16
7216.9663,4.202859E-16,1.1270953E-17,1.8440574E-16
7221.0464,4.3280438E-16,1.1371201E-17,1.8522129E-16
7225.126,4.3879274E-16,1.1431969E-17,1.9016637E-16
7229.206,4.1534578E-16,1.1307675E-17,1.9888013E-16
7233.286,4.3130915E-16,1.16318196E-17,2.469228E-16
7237.366,3.9714696E-16,1.22167405E-17,4.2027115E-16
7241.4463,4.1204002E-16,1.2686054E-17,5.058631E-16
7245.5264,4.0874536E-16,1.2612159E-17,4.915036E-16
7249.606,4.1359504E-16,1.2315364E-17,4.1614213E-16
7253.686,3.975738E-16,1.1851299E-17,3.3339206E-16
7257.766,3.9993047E-16,1.15249925E-17,2.5970875E-16
7261.846,3.9983664E-16,1.1435335E-17,2.3767162E-16
7265.9263,4.0873848E-16,1.1567601E-17,2.515439E-16
7270.0063,4.2548313E-16,1.195196E-17,3.1041187E-16
7274.086,4.0237702E-16,1.2224346E-17,3.987027E-16
7278.166,4.028825E-16,1.25492795E-17,4.692558E-16
7282.246,4.0105612E-16,1.2534857E-17,4.635231E-16
7286.326,4.3989356E-16,1.2194002E-17,3.3474586E-16
7290.4062,3.8948317E-16,1.1670947E-17,2.8789186E-16
7294.4863,4.0891146E-16,1.1593962E-17,2.4334918E-16
7298.566,4.2594383E-16,1.1830528E-17,2.6729776E-16
7302.646,4.1506745E-16,1.1728072E-17,2.5878434E-16
7306.726,3.9899858E-16,1.1747051E-17,2.8192494E-16
7310.806,4.097661E-16,1.20690896E-17,3.3249789E-16
7314.886,4.1905123E-16,1.2232226E-17,3.52492E-16
7318.9663,4.175731E-16,1.23267505E-17,3.7261744E-16
7323.0464,4.1062476E-16,1.2309533E-17,3.7429489E-16
7327.126,4.101972E-16,1.1912835E-17,2.87286E-16
7331.206,3.9444982E-16,1.195043E-17,3.1549902E-16
7335.286,4.4258258E-16,1.2645771E-17,3.9859057E-16
7339.366,4.40841E-16,1.2662073E-17,4.0437673E-16
7343.4463,4.388069E-16,1.2565043E-17,3.8151404E-16
7347.5264,4.1311067E-16,1.23160675E-17,3.606774E-16
7351.606,4.0821117E-16,1.1970099E-17,2.9340043E-16
7355.686,4.0040004E-16,1.1899876E-17,2.8869366E-16
7359.766,4.158776E-16,1.220897E-17,3.2837988E-16
7363.846,4.068411E-16,1.2311519E-17,3.6333722E-16
7367.9263,3.7408337E-16,1.2131547E-17,3.6999394E-16
7372.0063,3.915077E-16,1.21413595E-17,3.450191E-16
7376.086,4.0125624E-16,1.21221474E-17,3.2689704E-16
7380.166,4.2191587E-16,1.1849954E-17,2.42588E-16
7384.246,4.2792165E-16,1.1768165E-17,2.1306615E-16
7388.326,4.270962E-16,1.1806076E-17,2.232492E-16
7392.4062,4.2632997E-16,1.202643E-17,2.693548E-16
7396.4863,4.0820379E-16,1.2135083E-17,3.181894E-16
7400.566,3.7035605E-16,1.1886462E-17,3.173574E-16
7404.646,3.9081738E-16,1.18673915E-17,2.8374484E-16
7408.726,3.706079E-16,1.1684769E-17,2.7605667E-16
7412.806,3.908622E-16,1.1597757E-17,2.2756284E-16
7416.886,4.1740214E-16,1.1610565E-17,1.935491E-16
7420.9663,3.8870988E-16,1.1400892E-17,1.9002979E-16
7425.0464,3.9322935E-16,1.14278525E-17,1.8930956E-16
7429.126,3.9767302E-16,1.166651E-17,2.3063066E-16
7433.206,3.9329863E-16,1.1726082E-17,2.490966E-16
7437.286,3.8339046E-16,1.171418E-17,2.611701E-16
7441.366,3.6055254E-16,1.14368035E-17,2.3810258E-16
7445.4463,3.625379E-16,1.14754436E-17,2.4328118E-16
7449.5264,3.511339E-16,1.119657E-17,2.0406379E-16
7453.606,3.6914847E-16,1.12867405E-17,1.9718596E-16
7457.686,3.7560792E-16,1.1413285E-17,2.1301881E-16
