MJD;Magnitude;Error;Facility;Filter;Observer
53680.44967;19.63;0.1;CRTS;CRTS(CL);CRTS
53680.45304;19.65;0.1;CRTS;CRTS(CL);CRTS
53680.45637;19.58;0.1;CRTS;CRTS(CL);CRTS
53680.45977;19.53;0.1;CRTS;CRTS(CL);CRTS
53702.37632;19.75;0.12;CRTS;CRTS(CL);CRTS
53702.38359;19.79;0.12;CRTS;CRTS(CL);CRTS
53702.39097;19.71;0.11;CRTS;CRTS(CL);CRTS
53702.39819;19.72;0.11;CRTS;CRTS(CL);CRTS
53703.4205;19.4;0.11;CRTS;CRTS(CL);CRTS
53703.43517;19.57;0.11;CRTS;CRTS(CL);CRTS
53703.44984;19.62;0.11;CRTS;CRTS(CL);CRTS
53703.46445;19.69;0.12;CRTS;CRTS(CL);CRTS
53742.27034;19.55;0.11;CRTS;CRTS(CL);CRTS
53742.27657;19.64;0.11;CRTS;CRTS(CL);CRTS
53742.28281;19.67;0.11;CRTS;CRTS(CL);CRTS
53742.28905;19.59;0.11;CRTS;CRTS(CL);CRTS
53757.23774;19.57;0.1;CRTS;CRTS(CL);CRTS
53757.24538;19.66;0.1;CRTS;CRTS(CL);CRTS
53757.25301;19.62;0.1;CRTS;CRTS(CL);CRTS
53757.26066;19.58;0.1;CRTS;CRTS(CL);CRTS
53789.2153;19.66;0.13;CRTS;CRTS(CL);CRTS
53789.2234;19.62;0.11;CRTS;CRTS(CL);CRTS
53789.23147;19.69;0.12;CRTS;CRTS(CL);CRTS
53789.23953;20.19;0.2;CRTS;CRTS(CL);CRTS
53818.13711;19.68;0.12;CRTS;CRTS(CL);CRTS
53818.1428;19.64;0.12;CRTS;CRTS(CL);CRTS
53818.14867;19.64;0.12;CRTS;CRTS(CL);CRTS
53818.15436;19.6;0.12;CRTS;CRTS(CL);CRTS
53833.16175;19.61;0.12;CRTS;CRTS(CL);CRTS
53833.1681;19.55;0.11;CRTS;CRTS(CL);CRTS
53833.17445;19.5;0.11;CRTS;CRTS(CL);CRTS
53833.18086;19.57;0.11;CRTS;CRTS(CL);CRTS
54058.42637;19.67;0.12;CRTS;CRTS(CL);CRTS
54058.43137;19.64;0.11;CRTS;CRTS(CL);CRTS
54058.43632;19.49;0.11;CRTS;CRTS(CL);CRTS
54058.44128;19.64;0.11;CRTS;CRTS(CL);CRTS
54127.14103;19.71;0.12;CRTS;CRTS(CL);CRTS
54127.14765;19.78;0.12;CRTS;CRTS(CL);CRTS
54127.15418;19.69;0.12;CRTS;CRTS(CL);CRTS
54127.16071;19.59;0.12;CRTS;CRTS(CL);CRTS
54152.20323;19.51;0.11;CRTS;CRTS(CL);CRTS
54153.18552;19.64;0.12;CRTS;CRTS(CL);CRTS
54153.19213;19.55;0.11;CRTS;CRTS(CL);CRTS
54153.19876;19.65;0.12;CRTS;CRTS(CL);CRTS
54153.20567;19.49;0.11;CRTS;CRTS(CL);CRTS
54504.24354;19.66;0.11;CRTS;CRTS(CL);CRTS
54504.25161;19.58;0.11;CRTS;CRTS(CL);CRTS
54504.25976;19.67;0.11;CRTS;CRTS(CL);CRTS
54504.2679;19.61;0.11;CRTS;CRTS(CL);CRTS
54560.16538;19.57;0.11;CRTS;CRTS(CL);CRTS
54560.17263;19.55;0.11;CRTS;CRTS(CL);CRTS
54560.17987;19.63;0.11;CRTS;CRTS(CL);CRTS
54560.18709;19.6;0.11;CRTS;CRTS(CL);CRTS
54883.2017;19.54;0.12;CRTS;CRTS(CL);CRTS
54883.20978;19.57;0.11;CRTS;CRTS(CL);CRTS
54883.21778;19.59;0.12;CRTS;CRTS(CL);CRTS
54883.22588;19.65;0.12;CRTS;CRTS(CL);CRTS
54893.14928;19.52;0.11;CRTS;CRTS(CL);CRTS
54893.157;19.38;0.11;CRTS;CRTS(CL);CRTS
54893.16737;19.61;0.12;CRTS;CRTS(CL);CRTS
54893.17353;19.51;0.11;CRTS;CRTS(CL);CRTS
54916.2219;19.4;0.11;CRTS;CRTS(CL);CRTS
54916.22791;19.71;0.12;CRTS;CRTS(CL);CRTS
54916.23408;19.45;0.11;CRTS;CRTS(CL);CRTS
54916.24017;19.47;0.11;CRTS;CRTS(CL);CRTS
54948.12985;19.92;0.16;CRTS;CRTS(CL);CRTS
54948.13547;19.66;0.15;CRTS;CRTS(CL);CRTS
54948.14119;19.54;0.14;CRTS;CRTS(CL);CRTS
54948.14695;19.57;0.14;CRTS;CRTS(CL);CRTS
55119.48277;19.61;0.12;CRTS;CRTS(CL);CRTS
55119.48836;19.44;0.11;CRTS;CRTS(CL);CRTS
55119.49378;19.55;0.11;CRTS;CRTS(CL);CRTS
55119.49951;19.54;0.11;CRTS;CRTS(CL);CRTS
55152.42663;19.58;0.11;CRTS;CRTS(CL);CRTS
55152.43305;19.61;0.12;CRTS;CRTS(CL);CRTS
55152.43962;19.51;0.11;CRTS;CRTS(CL);CRTS
55152.446;19.56;0.11;CRTS;CRTS(CL);CRTS
55181.36527;19.43;0.11;CRTS;CRTS(CL);CRTS
55181.37222;19.66;0.12;CRTS;CRTS(CL);CRTS
55181.37918;19.51;0.11;CRTS;CRTS(CL);CRTS
55181.38617;19.59;0.12;CRTS;CRTS(CL);CRTS
55181.39313;19.69;0.13;CRTS;CRTS(CL);CRTS
55206.24397;19.63;0.16;CRTS;CRTS(CL);CRTS
55206.24908;19.53;0.15;CRTS;CRTS(CL);CRTS
55206.25423;19.6;0.17;CRTS;CRTS(CL);CRTS
55206.25939;19.45;0.17;CRTS;CRTS(CL);CRTS
55206.26453;19.81;0.19;CRTS;CRTS(CL);CRTS
55233.21133;19.74;0.21;CRTS;CRTS(CL);CRTS
55233.21205;19.61;0.2;CRTS;CRTS(CL);CRTS
55233.21276;19.56;0.19;CRTS;CRTS(CL);CRTS
55233.21349;19.67;0.21;CRTS;CRTS(CL);CRTS
55244.17159;19.57;0.12;CRTS;CRTS(CL);CRTS
55244.17752;19.46;0.11;CRTS;CRTS(CL);CRTS
55244.18348;19.55;0.12;CRTS;CRTS(CL);CRTS
55244.18943;19.58;0.12;CRTS;CRTS(CL);CRTS
55285.4970211;16.095;0.233;ALLWISE;WISE(W1);ALLWISE
55285.6293252;16.332;0.295;ALLWISE;WISE(W1);ALLWISE
55285.7616293;16.858;0.489;ALLWISE;WISE(W1);ALLWISE
55285.8939334;16.76;0.426;ALLWISE;WISE(W1);ALLWISE
55286.0924531;16.291;0.289;ALLWISE;WISE(W1);ALLWISE
55286.1586688;16.107;0.281;ALLWISE;WISE(W1);ALLWISE
55286.2247571;15.73;0.196;ALLWISE;WISE(W1);ALLWISE
55286.3570612;15.841;0.186;ALLWISE;WISE(W1);ALLWISE
55286.4894926;16.136;0.257;ALLWISE;WISE(W1);ALLWISE
55298.13491;19.56;0.12;CRTS;CRTS(CL);CRTS
55298.14147;19.68;0.13;CRTS;CRTS(CL);CRTS
55298.14804;19.63;0.12;CRTS;CRTS(CL);CRTS
55298.1546;19.51;0.12;CRTS;CRTS(CL);CRTS
55468.7896882;20.3875;0.011506;PS1;PS1(r);PS1
55477.1592644;16.603;0.351;ALLWISE;WISE(W1);ALLWISE
55477.291441;15.593;0.535;ALLWISE;WISE(W2);ALLWISE
55477.291441;16.333;0.286;ALLWISE;WISE(W1);ALLWISE
55477.2915683;16.426;0.291;ALLWISE;WISE(W1);ALLWISE
55477.423745;16.547;0.338;ALLWISE;WISE(W1);ALLWISE
55477.556049;15.895;0.189;ALLWISE;WISE(W1);ALLWISE
55477.8867453;16.78;0.53;ALLWISE;WISE(W1);ALLWISE
55478.018922;16.627;0.368;ALLWISE;WISE(W1);ALLWISE
55478.1512259;16.457;0.308;ALLWISE;WISE(W1);ALLWISE
55508.47028;19.65;0.11;CRTS;CRTS(CL);CRTS
55508.47837;19.65;0.11;CRTS;CRTS(CL);CRTS
55508.48654;19.59;0.11;CRTS;CRTS(CL);CRTS
55508.49475;19.62;0.11;CRTS;CRTS(CL);CRTS
55556.37535;19.57;0.12;CRTS;CRTS(CL);CRTS
55556.38192;19.62;0.12;CRTS;CRTS(CL);CRTS
55556.38848;19.62;0.12;CRTS;CRTS(CL);CRTS
55556.39507;19.49;0.12;CRTS;CRTS(CL);CRTS
55563.19892;19.64;0.1;CRTS;CRTS(CL);CRTS
55563.20877;19.7;0.11;CRTS;CRTS(CL);CRTS
55563.21856;19.97;0.11;CRTS;CRTS(CL);CRTS
55563.2284;19.56;0.1;CRTS;CRTS(CL);CRTS
55625.16961;19.55;0.11;CRTS;CRTS(CL);CRTS
55625.17543;19.43;0.11;CRTS;CRTS(CL);CRTS
55625.18122;19.61;0.11;CRTS;CRTS(CL);CRTS
55625.18698;19.62;0.11;CRTS;CRTS(CL);CRTS
55833.6103655;19.9162;0.026186;PS1;PS1(z);PS1
55882.43925;19.72;0.12;CRTS;CRTS(CL);CRTS
55882.44568;19.72;0.12;CRTS;CRTS(CL);CRTS
55882.4521;19.53;0.11;CRTS;CRTS(CL);CRTS
55882.45851;19.52;0.11;CRTS;CRTS(CL);CRTS
55919.34888;19.58;0.13;CRTS;CRTS(CL);CRTS
55919.35578;19.86;0.14;CRTS;CRTS(CL);CRTS
55919.36271;19.75;0.14;CRTS;CRTS(CL);CRTS
55919.36961;19.68;0.13;CRTS;CRTS(CL);CRTS
55986.1287;19.44;0.11;CRTS;CRTS(CL);CRTS
55986.13569;19.68;0.12;CRTS;CRTS(CL);CRTS
55986.14271;19.6;0.12;CRTS;CRTS(CL);CRTS
55986.14969;19.55;0.11;CRTS;CRTS(CL);CRTS
56036.17896;19.5;0.12;CRTS;CRTS(CL);CRTS
56036.1859;19.6;0.12;CRTS;CRTS(CL);CRTS
56036.19286;19.6;0.12;CRTS;CRTS(CL);CRTS
56036.19973;19.65;0.12;CRTS;CRTS(CL);CRTS
56080.9753295;21.0703;0.030389;PS1;PS1(g);PS1
56296.25881;19.37;0.11;CRTS;CRTS(CL);CRTS
56296.26454;19.49;0.12;CRTS;CRTS(CL);CRTS
56296.27029;19.54;0.12;CRTS;CRTS(CL);CRTS
56296.27611;19.6;0.12;CRTS;CRTS(CL);CRTS
56304.919332;19.993;0.013755;PS1;PS1(i);PS1
56311.18875;19.45;0.12;CRTS;CRTS(CL);CRTS
56311.19522;19.65;0.13;CRTS;CRTS(CL);CRTS
56311.20174;19.68;0.16;CRTS;CRTS(CL);CRTS
56311.21049;19.44;0.13;CRTS;CRTS(CL);CRTS
56629.4600172;19.52210235595703;0.305705189704895;PTF;PTF(R);PTF
56639.31197;19.39;0.11;CRTS;CRTS(CL);CRTS
56639.3205;19.73;0.12;CRTS;CRTS(CL);CRTS
56639.32903;19.64;0.12;CRTS;CRTS(CL);CRTS
56639.33755;19.52;0.11;CRTS;CRTS(CL);CRTS
56647.5268572;19.8758544921875;0.1665868759155273;PTF;PTF(R);PTF
56677.1813572;19.310546875;0.1756253093481063;PTF;PTF(R);PTF
56677.2252272;19.413694381713867;0.1668925434350967;PTF;PTF(R);PTF
56677.2670272;19.456117630004883;0.1613492667675018;PTF;PTF(R);PTF
56677.3094172;19.879568099975582;0.2518953084945678;PTF;PTF(R);PTF
56677.3513272;19.62397003173828;0.1657955050468444;PTF;PTF(R);PTF
56677.3926772;19.75515365600586;0.1727125644683838;PTF;PTF(R);PTF
56677.4768072;19.79736328125;0.2121860831975937;PTF;PTF(R);PTF
56746.1357272;19.79972267150879;0.3825571537017822;PTF;PTF(R);PTF
56747.65451076;14.337;0.4;NEOWISE;WISE(W2);NEOWISE
56748.04951281;16.512;0.481;NEOWISE;WISE(W1);NEOWISE
56748.04951281;14.681;0.359;NEOWISE;WISE(W2);NEOWISE
56748.1433772;19.35738945007324;0.0814424306154251;PTF;PTF(R);PTF
56748.64201576;15.833;0.196;NEOWISE;WISE(W1);NEOWISE
56939.93279882;15.985;0.307;NEOWISE;WISE(W1);NEOWISE
57031.3812072;19.44167137145996;0.2699804902076721;PTF;PTF(R);PTF
57036.1998472;19.481822967529297;0.0844988897442817;PTF;PTF(R);PTF
57106.67543428;15.059;0.187;NEOWISE;WISE(W1);NEOWISE
57107.00371169;16.04;0.274;NEOWISE;WISE(W1);NEOWISE
57107.13499716;16.048;0.294;NEOWISE;WISE(W1);NEOWISE
57110.28674627;15.759;0.215;NEOWISE;WISE(W1);NEOWISE
57304.46972549;16.05;0.26;NEOWISE;WISE(W1);NEOWISE
57304.73216918;16.095;0.284;NEOWISE;WISE(W1);NEOWISE
57468.48178083;16.095;0.262;NEOWISE;WISE(W1);NEOWISE
57469.07161197;15.77;0.294;NEOWISE;WISE(W1);NEOWISE
57469.33380161;15.578;0.249;NEOWISE;WISE(W1);NEOWISE
57668.41003987;16.212;0.3;NEOWISE;WISE(W1);NEOWISE
57668.41003987;15.289;0.495;NEOWISE;WISE(W2);NEOWISE
57668.54094384;16.073;0.274;NEOWISE;WISE(W1);NEOWISE
58032.95444112;16.057;0.309;NEOWISE;WISE(W1);NEOWISE
58033.21624841;16.044;0.315;NEOWISE;WISE(W1);NEOWISE
58190.47914816;15.757;0.245;NEOWISE;WISE(W1);NEOWISE
58205.2306944;20.6855927;0.155189037;ZTF;ZTF(zg);ZTF
58206.2245486;20.7640266;0.160779715;ZTF;ZTF(zg);ZTF
58207.2227431;20.6808929;0.154854059;ZTF;ZTF(zg);ZTF
58217.1532755;19.8270645;0.11811845;ZTF;ZTF(zr);ZTF
58217.1601968;19.7829285;0.114442877;ZTF;ZTF(zr);ZTF
58231.1437963;20.0187187;0.135070682;ZTF;ZTF(zr);ZTF
58243.157662;19.8443127;0.119578876;ZTF;ZTF(zr);ZTF
58368.4705324;20.0426693;0.137295127;ZTF;ZTF(zr);ZTF
58371.5152315;20.5178947;0.143235803;ZTF;ZTF(zg);ZTF
58374.4661343;20.664772;0.153705001;ZTF;ZTF(zg);ZTF
58374.5158912;20.1410332;0.146646038;ZTF;ZTF(zr);ZTF
58377.4741782;20.082922;0.141081348;ZTF;ZTF(zr);ZTF
58377.5147106;20.6061459;0.149526238;ZTF;ZTF(zg);ZTF
58380.4737731;19.9885464;0.132300138;ZTF;ZTF(zr);ZTF
58383.4958102;20.8168526;0.164545059;ZTF;ZTF(zg);ZTF
58383.50625;20.0775108;0.140569121;ZTF;ZTF(zr);ZTF
58386.4313773;19.6783752;0.106094629;ZTF;ZTF(zr);ZTF
58389.5260532;20.1812706;0.150560662;ZTF;ZTF(zr);ZTF
58397.5166782;20.1973419;0.152136609;ZTF;ZTF(zr);ZTF
58399.52343043;14.797;0.334;NEOWISE;WISE(W2);NEOWISE
58399.85068872;15.881;0.216;NEOWISE;WISE(W1);NEOWISE
58399.91614037;16.287;0.288;NEOWISE;WISE(W1);NEOWISE
58400.3741745;16.004;0.224;NEOWISE;WISE(W1);NEOWISE
58422.5054977;19.8830547;0.122907609;ZTF;ZTF(zr);ZTF
58423.4557639;20.368248;0.127116084;ZTF;ZTF(zg);ZTF
58424.4639699;19.9586067;0.129587054;ZTF;ZTF(zr);ZTF
58425.3996644;21.0078773;0.178161025;ZTF;ZTF(zg);ZTF
58425.4480556;20.1124592;0.143895924;ZTF;ZTF(zr);ZTF
58428.4628935;19.825098;0.117952861;ZTF;ZTF(zr);ZTF
58428.5235764;20.7013359;0.156311274;ZTF;ZTF(zg);ZTF
58429.3717477;19.9189758;0.111022629;ZTF;ZTF(zr);ZTF
58429.3721991;20.0006733;0.133409515;ZTF;ZTF(zr);ZTF
58430.3527778;20.9623337;0.174914718;ZTF;ZTF(zg);ZTF
58430.3532407;20.6532879;0.144493818;ZTF;ZTF(zg);ZTF
58432.3452431;20.0343933;0.136524096;ZTF;ZTF(zr);ZTF
58432.345706;19.9485168;0.113190226;ZTF;ZTF(zr);ZTF
58434.4325231;20.3214417;0.126676366;ZTF;ZTF(zg);ZTF
58434.4534028;19.6746807;0.105808981;ZTF;ZTF(zr);ZTF
58435.3669329;19.9051323;0.12483412;ZTF;ZTF(zr);ZTF
58436.3400231;19.6042175;0.0894736052;ZTF;ZTF(zr);ZTF
58437.3803819;19.9774189;0.131287575;ZTF;ZTF(zr);ZTF
58437.4710532;20.5353394;0.144479275;ZTF;ZTF(zg);ZTF
58437.4758102;20.9769268;0.175954938;ZTF;ZTF(zg);ZTF
58438.4161111;20.7155075;0.157321334;ZTF;ZTF(zg);ZTF
58439.3152431;20.2632446;0.137077063;ZTF;ZTF(zr);ZTF
58439.3299653;20.0388279;0.136936933;ZTF;ZTF(zr);ZTF
58439.4241898;20.9637222;0.163735628;ZTF;ZTF(zg);ZTF
58439.4251042;20.697216;0.156017542;ZTF;ZTF(zg);ZTF
58441.3491898;20.010952;0.134354204;ZTF;ZTF(zr);ZTF
58443.365463;19.8696213;0.121745951;ZTF;ZTF(zr);ZTF
58443.3724653;20.1155758;0.12576358;ZTF;ZTF(zr);ZTF
58443.404838;19.9275074;0.126808137;ZTF;ZTF(zr);ZTF
58443.5258333;21.0922966;0.184178352;ZTF;ZTF(zg);ZTF
58450.3922569;19.9790897;0.131439224;ZTF;ZTF(zr);ZTF
58450.4598264;20.8189793;0.164696693;ZTF;ZTF(zg);ZTF
58455.4959259;19.8726788;0.122009598;ZTF;ZTF(zr);ZTF
58461.3590046;19.9976311;0.13313058;ZTF;ZTF(zr);ZTF
58461.509456;19.8958645;0.124022871;ZTF;ZTF(zr);ZTF
58464.3301968;20.5785427;0.147558689;ZTF;ZTF(zg);ZTF
58465.3588079;19.9035721;0.124697372;ZTF;ZTF(zr);ZTF
58471.4662269;19.7179031;0.109190986;ZTF;ZTF(zr);ZTF
58480.284537;19.8671265;0.0925011411;ZTF;ZTF(zg);ZTF
58480.28453700012;19.833982460129548;0.1659681112150487;ZTF;ZTF(zg);ZTF
58480.4249074;19.4616737;0.090417318;ZTF;ZTF(zr);ZTF
58481.486875;19.3893166;0.0856657103;ZTF;ZTF(zr);ZTF
58481.4900694;19.5719376;0.0874460116;ZTF;ZTF(zr);ZTF
58486.4502662;19.0999985;0.0689533204;ZTF;ZTF(zr);ZTF
58486.45026620012;19.08802569771089;0.132924824899326;ZTF;ZTF(zr);ZTF
58488.24921299983;19.09843572797961;0.0859818245704958;ZTF;ZTF(zg);ZTF
58488.249213;19.1187458;0.0536881723;ZTF;ZTF(zg);ZTF
58488.2496644;19.1743202;0.0574748442;ZTF;ZTF(zg);ZTF
58490.21390049998;18.99399320888872;0.088314715256147;ZTF;ZTF(zr);ZTF
58490.2139005;19.0021839;0.0640782639;ZTF;ZTF(zr);ZTF
58492.26581020001;18.862954153176336;0.2325370070242552;ZTF;ZTF(zg);ZTF
58493.234224500135;18.872416742939144;0.084719281302407;ZTF;ZTF(zg);ZTF
58494.2772569;18.8178787;0.055855304;ZTF;ZTF(zr);ZTF
58495.248622700106;18.72030461119928;0.0791581069816035;ZTF;ZTF(zg);ZTF
58505.13146989979;18.560527884352982;0.1253810069587728;ZTF;ZTF(zr);ZTF
58505.1314699;18.6100464;0.0479488187;ZTF;ZTF(zr);ZTF
58505.2385995;18.4882584;0.0346573964;ZTF;ZTF(zg);ZTF
58505.23859950015;18.51551947868396;0.123657274575902;ZTF;ZTF(zg);ZTF
58507.2580324;18.5774574;0.0468286052;ZTF;ZTF(zr);ZTF
58507.25803240016;18.54022047440848;0.0810586448712702;ZTF;ZTF(zr);ZTF
58507.2594097;18.6235428;0.0436956175;ZTF;ZTF(zr);ZTF
58508.2043980998;18.53137164407424;0.064175401675808;ZTF;ZTF(zg);ZTF
58508.2043981;18.5092506;0.0351411738;ZTF;ZTF(zg);ZTF
58508.2261458;18.5963268;0.0474734679;ZTF;ZTF(zr);ZTF
58508.2261458002;18.563577923793677;0.0608156588822171;ZTF;ZTF(zr);ZTF
58508.2557639;18.571476;0.0420815758;ZTF;ZTF(zr);ZTF
58508.257129599806;18.604171753482028;0.0727534598577577;ZTF;ZTF(zr);ZTF
58508.2571296;18.6620941;0.0498027019;ZTF;ZTF(zr);ZTF
58510.2496991;18.6332893;0.0440054461;ZTF;ZTF(zr);ZTF
58511.18310189992;18.54154389827117;0.057649254201936;ZTF;ZTF(zg);ZTF
58511.1831019;18.5708275;0.0366119929;ZTF;ZTF(zg);ZTF
58511.1984259;18.6427307;0.0491035394;ZTF;ZTF(zr);ZTF
58511.19842590019;18.62135199574825;0.0643235729582835;ZTF;ZTF(zr);ZTF
58522.182164399885;18.75553415342993;0.0622795560700659;ZTF;ZTF(zg);ZTF
58522.1821644;18.7610626;0.0416790023;ZTF;ZTF(zg);ZTF
58522.2062269;18.7355957;0.0525616817;ZTF;ZTF(zr);ZTF
58522.20622690022;18.708177989843243;0.0628109131838988;ZTF;ZTF(zr);ZTF
58526.22921299981;18.80362716591159;0.0849192365560263;ZTF;ZTF(zr);ZTF
58526.229213;18.8769875;0.0583613925;ZTF;ZTF(zr);ZTF
58534.2228009;18.9400558;0.0611701868;ZTF;ZTF(zr);ZTF
58534.22280090023;18.880295904871872;0.1372084847241844;ZTF;ZTF(zr);ZTF
58534.24846060015;19.03482977377185;0.1371694540320076;ZTF;ZTF(zg);ZTF
58540.1671296;19.0994492;0.0543664433;ZTF;ZTF(zg);ZTF
58540.24668980017;19.009029095662207;0.0881990892306928;ZTF;ZTF(zr);ZTF
58543.23666669987;19.003945466619125;0.1348396965827498;ZTF;ZTF(zr);ZTF
58547.1166667;19.2393761;0.0687036812;ZTF;ZTF(zr);ZTF
58547.11666670023;19.11533678773921;0.0854177734427892;ZTF;ZTF(zr);ZTF
58547.1702431;19.2379265;0.0764774382;ZTF;ZTF(zr);ZTF
58547.2464352;19.2588387;0.0594205484;ZTF;ZTF(zg);ZTF
58554.23803597;15.888;0.222;NEOWISE;WISE(W1);NEOWISE
58554.43426412;15.942;0.306;NEOWISE;WISE(W1);NEOWISE
58556.18133099983;19.055477386369983;0.1492489746830147;ZTF;ZTF(zr);ZTF
58556.181331;19.1131992;0.0696399435;ZTF;ZTF(zr);ZTF
58560.1220602;19.4395409;0.0889386386;ZTF;ZTF(zr);ZTF
58560.17424769979;19.267102644217623;0.2122373101143353;ZTF;ZTF(zg);ZTF
58561.1217824;18.9060516;0.0697124898;ZTF;ZTF(zi);ZTF
58567.1294792;19.2702179;0.0783536807;ZTF;ZTF(zr);ZTF
58567.12947920011;19.252980092512168;0.0785471170149351;ZTF;ZTF(zr);ZTF
58567.1491204;19.5134277;0.0715528727;ZTF;ZTF(zg);ZTF
58567.149120400194;19.50217576858389;0.0964088097833101;ZTF;ZTF(zg);ZTF
58572.15129629988;19.43345506459649;0.2356367653222251;ZTF;ZTF(zg);ZTF
58581.17240739986;19.69950553982574;0.1344965170119904;ZTF;ZTF(zg);ZTF
58581.1724074;19.7125492;0.0827318728;ZTF;ZTF(zg);ZTF
58591.1548958;19.6649952;0.0799204707;ZTF;ZTF(zg);ZTF
58593.2170486;19.5271091;0.0949208662;ZTF;ZTF(zr);ZTF
58597.2075347;19.5611591;0.0973427743;ZTF;ZTF(zr);ZTF
58597.2078704;19.489521;0.0923097059;ZTF;ZTF(zr);ZTF
58597.208206;19.6166744;0.101407498;ZTF;ZTF(zr);ZTF
58597.2085417;19.5156937;0.0941209644;ZTF;ZTF(zr);ZTF
58598.1959954;19.8429699;0.09091039;ZTF;ZTF(zg);ZTF
58601.1852662;19.594099;0.0997371972;ZTF;ZTF(zr);ZTF
58601.1856134;19.8339367;0.118698731;ZTF;ZTF(zr);ZTF
58601.1859491;19.5315208;0.095231548;ZTF;ZTF(zr);ZTF
58607.1907639;19.3979416;0.0862196535;ZTF;ZTF(zr);ZTF
58607.1991319;19.4220924;0.0877886191;ZTF;ZTF(zr);ZTF
58607.1994676;19.5135193;0.0939692929;ZTF;ZTF(zr);ZTF
58608.1752199;19.8067036;0.0885668024;ZTF;ZTF(zg);ZTF
58618.1720139;19.7838573;0.114519387;ZTF;ZTF(zr);ZTF
58618.1723495;19.5947189;0.0997827426;ZTF;ZTF(zr);ZTF
58723.5054167;19.7393265;0.110899627;ZTF;ZTF(zr);ZTF
58726.5065625;19.972374;0.130830124;ZTF;ZTF(zr);ZTF
58733.4874537;20.3854046;0.13205874;ZTF;ZTF(zg);ZTF
58733.5151273;19.9269714;0.126760572;ZTF;ZTF(zr);ZTF
58736.4921412;20.2774582;0.123043329;ZTF;ZTF(zg);ZTF
58736.51375;19.7638035;0.112877928;ZTF;ZTF(zr);ZTF
58739.4725579;19.5878906;0.0992820337;ZTF;ZTF(zr);ZTF
58740.4987731;20.1040707;0.12488509;ZTF;ZTF(zr);ZTF
58745.4951736;19.897007;0.124122642;ZTF;ZTF(zr);ZTF
58746.5100231;20.3006248;0.124949388;ZTF;ZTF(zg);ZTF
58751.4911806;20.4808331;0.140269786;ZTF;ZTF(zg);ZTF
58756.4685532;20.4311771;0.135973543;ZTF;ZTF(zg);ZTF
58757.3859838;20.1428108;0.112388365;ZTF;ZTF(zg);ZTF
58758.4843056;20.479496;0.140153483;ZTF;ZTF(zg);ZTF
58759.5061921;19.9973736;0.133107007;ZTF;ZTF(zr);ZTF
58760.5191551;19.7928848;0.102026008;ZTF;ZTF(zr);ZTF
58760.5196065;19.7920456;0.101967655;ZTF;ZTF(zr);ZTF
58761.4572338;19.9643402;0.114359513;ZTF;ZTF(zr);ZTF
58763.4759838;20.8733978;0.168575525;ZTF;ZTF(zg);ZTF
58763.507338;19.8714542;0.121903934;ZTF;ZTF(zr);ZTF
58763.66588659;15.651;0.174;NEOWISE;WISE(W1);NEOWISE
58764.18924492;16.082;0.344;NEOWISE;WISE(W1);NEOWISE
58766.4644792;20.5701904;0.146963358;ZTF;ZTF(zg);ZTF
58766.506875;19.7823105;0.114392087;ZTF;ZTF(zr);ZTF
58769.4154861;20.0222702;0.118684083;ZTF;ZTF(zr);ZTF
58769.463912;20.0013065;0.133467466;ZTF;ZTF(zr);ZTF
58770.391956;19.9033813;0.1098869;ZTF;ZTF(zr);ZTF
58771.403912;19.6236134;0.0907092318;ZTF;ZTF(zr);ZTF
58772.5015856;19.8572006;0.106560208;ZTF;ZTF(zr);ZTF
58772.5020486;19.6981316;0.095575735;ZTF;ZTF(zr);ZTF
58772.5392708;19.7330112;0.110393792;ZTF;ZTF(zr);ZTF
58781.4946759;19.6959248;0.10746029;ZTF;ZTF(zr);ZTF
58783.4094213;19.7873058;0.101638436;ZTF;ZTF(zr);ZTF
58783.4098727;20.0660515;0.121991597;ZTF;ZTF(zr);ZTF
58784.5180093;19.6290779;0.102335408;ZTF;ZTF(zr);ZTF
58785.4707639;20.9205723;0.161061049;ZTF;ZTF(zg);ZTF
58785.4712153;20.7020035;0.14751339;ZTF;ZTF(zg);ZTF
58786.4337963;19.4309444;0.0790206492;ZTF;ZTF(zr);ZTF
58786.4342477;19.4815102;0.0819611326;ZTF;ZTF(zr);ZTF
58787.4419329;20.0557308;0.105734289;ZTF;ZTF(zg);ZTF
58787.4512963;20.372282;0.127369225;ZTF;ZTF(zg);ZTF
58787.5154745;20.0570164;0.138638005;ZTF;ZTF(zr);ZTF
58788.4454514;20.6985073;0.147296667;ZTF;ZTF(zg);ZTF
58788.4459144;20.8174095;0.154666662;ZTF;ZTF(zg);ZTF
58788.5431481;19.9271355;0.111619286;ZTF;ZTF(zr);ZTF
58788.5435995;19.8982582;0.109515063;ZTF;ZTF(zr);ZTF
58790.5318056;20.6794071;0.154748201;ZTF;ZTF(zg);ZTF
58792.4883681;19.9478264;0.113139339;ZTF;ZTF(zr);ZTF
58792.4888194;20.0407066;0.120073318;ZTF;ZTF(zr);ZTF
58793.4829282;19.9718266;0.130780563;ZTF;ZTF(zr);ZTF
58796.5385301;19.9097042;0.125235811;ZTF;ZTF(zr);ZTF
58799.3604051;19.8770027;0.107979797;ZTF;ZTF(zr);ZTF
58799.3608565;19.5824604;0.0988853946;ZTF;ZTF(zr);ZTF
58799.3613079;19.8063736;0.102967009;ZTF;ZTF(zr);ZTF
58800.3340394;19.7727585;0.113608606;ZTF;ZTF(zr);ZTF
58800.3344907;19.7714939;0.113505185;ZTF;ZTF(zr);ZTF
58800.3349537;19.8494148;0.120013431;ZTF;ZTF(zr);ZTF
58800.3354051;19.6483173;0.103788942;ZTF;ZTF(zr);ZTF
58800.3367593;19.6417389;0.103290021;ZTF;ZTF(zr);ZTF
58800.3381134;20.1051273;0.143194586;ZTF;ZTF(zr);ZTF
58800.3385648;19.6412067;0.103249781;ZTF;ZTF(zr);ZTF
58800.3394676;20.0252552;0.135675654;ZTF;ZTF(zr);ZTF
58800.339919;19.6155853;0.101326413;ZTF;ZTF(zr);ZTF
58800.3408218;19.8765717;0.122345999;ZTF;ZTF(zr);ZTF
58800.3412731;19.7520981;0.111928433;ZTF;ZTF(zr);ZTF
58800.3417245;19.8272896;0.118137442;ZTF;ZTF(zr);ZTF
58800.3430787;20.0078411;0.134067789;ZTF;ZTF(zr);ZTF
58800.3439815;20.0321617;0.136316627;ZTF;ZTF(zr);ZTF
58800.3453356;20.2479458;0.157140866;ZTF;ZTF(zr);ZTF
58800.34625;19.5981407;0.10003446;ZTF;ZTF(zr);ZTF
58800.3476042;19.8847561;0.123055413;ZTF;ZTF(zr);ZTF
58800.3480556;19.8576984;0.120721482;ZTF;ZTF(zr);ZTF
58800.3485069;19.7317791;0.110295251;ZTF;ZTF(zr);ZTF
58800.3494097;20.0986252;0.142574131;ZTF;ZTF(zr);ZTF
58800.3503009;19.7035084;0.108054966;ZTF;ZTF(zr);ZTF
58800.3512153;19.861948;0.121085912;ZTF;ZTF(zr);ZTF
58800.3521181;20.0300407;0.136119515;ZTF;ZTF(zr);ZTF
58800.3525694;20.0073853;0.134025902;ZTF;ZTF(zr);ZTF
58800.354375;19.7882824;0.114884086;ZTF;ZTF(zr);ZTF
58800.3552778;19.903389;0.124681272;ZTF;ZTF(zr);ZTF
58800.3561806;19.908659;0.125143915;ZTF;ZTF(zr);ZTF
58800.3566319;20.0791855;0.140727475;ZTF;ZTF(zr);ZTF
58800.3570833;19.9071846;0.125014335;ZTF;ZTF(zr);ZTF
58800.3575347;19.962059;0.129898027;ZTF;ZTF(zr);ZTF
58800.3588889;19.9252033;0.126603872;ZTF;ZTF(zr);ZTF
58800.3593403;19.683794;0.106514737;ZTF;ZTF(zr);ZTF
58800.3597917;19.8867111;0.123225302;ZTF;ZTF(zr);ZTF
58800.3602431;20.0234203;0.135505602;ZTF;ZTF(zr);ZTF
58800.3606944;20.1107349;0.143730864;ZTF;ZTF(zr);ZTF
58800.3638542;20.1131954;0.143966511;ZTF;ZTF(zr);ZTF
58800.3652083;20.054615;0.138412535;ZTF;ZTF(zr);ZTF
58800.3656597;19.9413605;0.128040999;ZTF;ZTF(zr);ZTF
58800.3670139;19.7350807;0.110559359;ZTF;ZTF(zr);ZTF
58800.3692708;19.9704742;0.130658075;ZTF;ZTF(zr);ZTF
58800.3697222;19.9260254;0.126676753;ZTF;ZTF(zr);ZTF
58800.370625;20.2637348;0.158713698;ZTF;ZTF(zr);ZTF
58800.3715278;19.8361225;0.118883789;ZTF;ZTF(zr);ZTF
58800.3719792;19.8170204;0.117274262;ZTF;ZTF(zr);ZTF
58800.3724306;19.6039772;0.100465119;ZTF;ZTF(zr);ZTF
58800.3728819;20.0539246;0.138347939;ZTF;ZTF(zr);ZTF
58800.3733333;19.9160652;0.12579605;ZTF;ZTF(zr);ZTF
58800.3737963;19.8637543;0.121241026;ZTF;ZTF(zr);ZTF
58800.3742477;20.0465755;0.137659892;ZTF;ZTF(zr);ZTF
58800.3746991;19.8887825;0.123405404;ZTF;ZTF(zr);ZTF
58800.3751505;19.830183;0.118381515;ZTF;ZTF(zr);ZTF
58800.3760532;19.700592;0.107826009;ZTF;ZTF(zr);ZTF
58800.376956;20.072876;0.140131071;ZTF;ZTF(zr);ZTF
58800.3774074;19.9490776;0.128731221;ZTF;ZTF(zr);ZTF
58800.3778588;19.8425865;0.119432122;ZTF;ZTF(zr);ZTF
58800.3783102;19.8390751;0.119134061;ZTF;ZTF(zr);ZTF
58800.379213;19.756815;0.112310305;ZTF;ZTF(zr);ZTF
58800.3801157;19.6490173;0.103842229;ZTF;ZTF(zr);ZTF
58800.3805671;19.6508713;0.103983261;ZTF;ZTF(zr);ZTF
58800.3810185;20.0474415;0.137740999;ZTF;ZTF(zr);ZTF
58800.3819213;19.7838135;0.114515774;ZTF;ZTF(zr);ZTF
58800.3823727;19.7391243;0.110883459;ZTF;ZTF(zr);ZTF
58800.3828241;19.7864399;0.114732094;ZTF;ZTF(zr);ZTF
58800.3850926;19.896286;0.124059729;ZTF;ZTF(zr);ZTF
58800.385544;19.9852352;0.13199836;ZTF;ZTF(zr);ZTF
58800.3864468;20.0869236;0.141461045;ZTF;ZTF(zr);ZTF
58800.3868981;19.9078636;0.125074014;ZTF;ZTF(zr);ZTF
58800.3873611;19.7899475;0.115021467;ZTF;ZTF(zr);ZTF
58800.3887153;20.1202965;0.144647568;ZTF;ZTF(zr);ZTF
58800.3891667;20.1289577;0.145480648;ZTF;ZTF(zr);ZTF
58800.3896181;19.8751221;0.122220658;ZTF;ZTF(zr);ZTF
58800.3905208;20.006443;0.133939326;ZTF;ZTF(zr);ZTF
58800.3909722;19.8491898;0.119994238;ZTF;ZTF(zr);ZTF
58800.391875;19.7596836;0.112543009;ZTF;ZTF(zr);ZTF
58800.3941435;19.9265289;0.126721337;ZTF;ZTF(zr);ZTF
58800.3945949;19.8747578;0.122189149;ZTF;ZTF(zr);ZTF
58800.3950463;19.8944931;0.123903193;ZTF;ZTF(zr);ZTF
58800.3959491;20.0009575;0.133435547;ZTF;ZTF(zr);ZTF
58800.3964005;20.0405083;0.137093619;ZTF;ZTF(zr);ZTF
58800.3968519;20.0839977;0.141183302;ZTF;ZTF(zr);ZTF
58800.3977546;19.8905811;0.123562038;ZTF;ZTF(zr);ZTF
58800.398206;19.8988876;0.124287091;ZTF;ZTF(zr);ZTF
58800.3986574;19.714468;0.108919069;ZTF;ZTF(zr);ZTF
58800.3991088;20.3018799;0.162531257;ZTF;ZTF(zr);ZTF
58800.3995602;19.8432541;0.119488865;ZTF;ZTF(zr);ZTF
58800.4000116;19.9641647;0.130087912;ZTF;ZTF(zr);ZTF
58800.400463;19.8610992;0.12101306;ZTF;ZTF(zr);ZTF
58800.4009144;20.1420803;0.146747261;ZTF;ZTF(zr);ZTF
58800.4013657;19.9906158;0.13248904;ZTF;ZTF(zr);ZTF
58800.4018171;19.7885227;0.11490386;ZTF;ZTF(zr);ZTF
58800.4022685;19.7806969;0.114259407;ZTF;ZTF(zr);ZTF
58800.4027199;19.9969273;0.133066177;ZTF;ZTF(zr);ZTF
58800.4036227;20.0162506;0.134842739;ZTF;ZTF(zr);ZTF
58800.4040741;19.9388046;0.127812937;ZTF;ZTF(zr);ZTF
58800.4049769;19.7770176;0.113957442;ZTF;ZTF(zr);ZTF
58800.4054282;20.0726681;0.140111268;ZTF;ZTF(zr);ZTF
58800.4058796;20.0873451;0.14150089;ZTF;ZTF(zr);ZTF
58800.406331;20.1447792;0.147008419;ZTF;ZTF(zr);ZTF
58800.4067824;19.9844875;0.131930187;ZTF;ZTF(zr);ZTF
58800.4072338;19.8204727;0.117563933;ZTF;ZTF(zr);ZTF
58800.4076852;19.826149;0.118041299;ZTF;ZTF(zr);ZTF
58800.408588;19.7611637;0.112663269;ZTF;ZTF(zr);ZTF
58800.4090509;19.9191475;0.126068085;ZTF;ZTF(zr);ZTF
58800.4095023;19.9415321;0.128056332;ZTF;ZTF(zr);ZTF
58800.4099537;19.8468647;0.11979612;ZTF;ZTF(zr);ZTF
58800.4104051;19.9047585;0.12480139;ZTF;ZTF(zr);ZTF
58800.4108565;19.7642326;0.112912856;ZTF;ZTF(zr);ZTF
58800.4113079;19.8168545;0.117260359;ZTF;ZTF(zr);ZTF
58800.412662;19.9037056;0.124709077;ZTF;ZTF(zr);ZTF
58800.4140162;19.9046021;0.124787681;ZTF;ZTF(zr);ZTF
58800.414919;20.1598206;0.148467958;ZTF;ZTF(zr);ZTF
58800.4153704;19.9237022;0.126470938;ZTF;ZTF(zr);ZTF
58800.4162731;19.7594204;0.112521619;ZTF;ZTF(zr);ZTF
58805.4739699;20.1153469;0.144172624;ZTF;ZTF(zr);ZTF
58806.4953704;20.0588074;0.121442422;ZTF;ZTF(zr);ZTF
58806.4958218;19.7250214;0.109756328;ZTF;ZTF(zr);ZTF
58806.4962847;19.8893318;0.108868867;ZTF;ZTF(zr);ZTF
58811.4375347;20.6630325;0.153581023;ZTF;ZTF(zg);ZTF
58819.2956829;19.8198662;0.117512971;ZTF;ZTF(zr);ZTF
58819.3352778;20.0452728;0.137538239;ZTF;ZTF(zr);ZTF
58819.3375347;19.943821;0.128260821;ZTF;ZTF(zr);ZTF
58819.3407639;19.9896736;0.132403061;ZTF;ZTF(zr);ZTF
58819.3497801;20.1552334;0.148022145;ZTF;ZTF(zr);ZTF
58819.3502315;19.9837456;0.13186267;ZTF;ZTF(zr);ZTF
58819.3563194;20.0082798;0.134108156;ZTF;ZTF(zr);ZTF
58819.3743403;20.1040764;0.143094167;ZTF;ZTF(zr);ZTF
58819.3777546;19.8623466;0.12112008;ZTF;ZTF(zr);ZTF
58819.3834838;19.8872204;0.123269558;ZTF;ZTF(zr);ZTF
58819.3848611;20.0921822;0.141960531;ZTF;ZTF(zr);ZTF
58819.3853125;20.1265411;0.145247892;ZTF;ZTF(zr);ZTF
58819.4516898;19.7166977;0.109095506;ZTF;ZTF(zr);ZTF
58820.3198032;19.7874222;0.114813104;ZTF;ZTF(zr);ZTF
58827.2836574;19.7974167;0.115639672;ZTF;ZTF(zr);ZTF
58827.2841088;20.0008736;0.11707931;ZTF;ZTF(zr);ZTF
58833.3766204;19.7559566;0.112240747;ZTF;ZTF(zr);ZTF
58833.3775231;19.963583;0.13003543;ZTF;ZTF(zr);ZTF
58834.2349537;19.625248;0.102048114;ZTF;ZTF(zr);ZTF
58834.2473958;19.3116493;0.0808267072;ZTF;ZTF(zr);ZTF
58834.2585069;19.1481037;0.071489051;ZTF;ZTF(zr);ZTF
58834.2667593;19.2069912;0.0747214556;ZTF;ZTF(zr);ZTF
58834.3099884;19.5971451;0.0999611616;ZTF;ZTF(zr);ZTF
58834.3302315;19.7032661;0.108035944;ZTF;ZTF(zr);ZTF
58834.3431481;19.5275249;0.0949500501;ZTF;ZTF(zr);ZTF
58834.3465278;19.4429665;0.0891660601;ZTF;ZTF(zr);ZTF
58834.3469792;19.4667091;0.0907568559;ZTF;ZTF(zr);ZTF
58834.3638542;19.6420326;0.103312224;ZTF;ZTF(zr);ZTF
58835.2706829;19.3151817;0.0810409933;ZTF;ZTF(zr);ZTF
58835.2813426;19.5546398;0.0968748704;ZTF;ZTF(zr);ZTF
58835.2990278;19.2728806;0.0785103366;ZTF;ZTF(zr);ZTF
58835.3018056;19.3679905;0.0843102857;ZTF;ZTF(zr);ZTF
58835.3077546;19.7433319;0.111221448;ZTF;ZTF(zr);ZTF
58835.3198843;19.5867214;0.0991964787;ZTF;ZTF(zr);ZTF
58835.3262037;19.7484703;0.111635461;ZTF;ZTF(zr);ZTF
58835.3329167;19.9825249;0.131751597;ZTF;ZTF(zr);ZTF
58835.3333796;19.8629322;0.121170349;ZTF;ZTF(zr);ZTF
58835.3392014;19.7849998;0.114613444;ZTF;ZTF(zr);ZTF
58835.3405671;19.6854038;0.106639877;ZTF;ZTF(zr);ZTF
58835.3541435;19.7858944;0.114687093;ZTF;ZTF(zr);ZTF
58835.367581;19.6671028;0.105225004;ZTF;ZTF(zr);ZTF
58835.3771991;19.5696125;0.0979523882;ZTF;ZTF(zr);ZTF
58835.3776505;19.8450031;0.119637601;ZTF;ZTF(zr);ZTF
58835.384537;19.5447807;0.0961710811;ZTF;ZTF(zr);ZTF
58835.3862384;19.5770912;0.0984945744;ZTF;ZTF(zr);ZTF
58835.398287;19.7008762;0.107848279;ZTF;ZTF(zr);ZTF
58836.2333333;20.0425301;0.137282223;ZTF;ZTF(zr);ZTF
58836.2351852;20.0160427;0.134823605;ZTF;ZTF(zr);ZTF
58836.2380671;19.8765812;0.122346841;ZTF;ZTF(zr);ZTF
58836.2385185;20.0301189;0.136126816;ZTF;ZTF(zr);ZTF
58836.2403241;19.9661427;0.130266562;ZTF;ZTF(zr);ZTF
58836.2412269;19.8618259;0.121075355;ZTF;ZTF(zr);ZTF
58836.2525;20.1549892;0.147998288;ZTF;ZTF(zr);ZTF
58836.2567014;19.8692608;0.121714815;ZTF;ZTF(zr);ZTF
58836.2594329;20.0095711;0.134227067;ZTF;ZTF(zr);ZTF
58836.2622222;19.8622608;0.121112712;ZTF;ZTF(zr);ZTF
58836.2691551;20.1041164;0.143098041;ZTF;ZTF(zr);ZTF
58836.2710069;19.9039898;0.12473397;ZTF;ZTF(zr);ZTF
58836.2835648;20.0297375;0.136091396;ZTF;ZTF(zr);ZTF
58836.2844676;19.9151878;0.125718683;ZTF;ZTF(zr);ZTF
58836.2853704;19.8952198;0.123966552;ZTF;ZTF(zr);ZTF
58836.2858218;20.0088501;0.134160593;ZTF;ZTF(zr);ZTF
58836.2905093;19.920475;0.126185447;ZTF;ZTF(zr);ZTF
58836.2967361;19.8950901;0.123955205;ZTF;ZTF(zr);ZTF
58836.2976389;20.0646038;0.13935107;ZTF;ZTF(zr);ZTF
58836.3018403;19.9723587;0.130828738;ZTF;ZTF(zr);ZTF
58836.3042014;19.7729492;0.113624208;ZTF;ZTF(zr);ZTF
58836.3046528;19.9588699;0.129610777;ZTF;ZTF(zr);ZTF
58836.3069907;19.9188652;0.126043126;ZTF;ZTF(zr);ZTF
58836.3074421;19.822897;0.117767595;ZTF;ZTF(zr);ZTF
58836.3083449;19.9668999;0.130334944;ZTF;ZTF(zr);ZTF
58836.3092593;19.8438015;0.119535387;ZTF;ZTF(zr);ZTF
58836.3134954;20.0642471;0.139317423;ZTF;ZTF(zr);ZTF
58836.3167824;19.8223381;0.117720678;ZTF;ZTF(zr);ZTF
58836.3182176;19.970871;0.130694017;ZTF;ZTF(zr);ZTF
58836.3196412;19.8912411;0.123619571;ZTF;ZTF(zr);ZTF
58836.320544;19.9803238;0.131551459;ZTF;ZTF(zr);ZTF
58836.3209954;19.9728146;0.130869955;ZTF;ZTF(zr);ZTF
58836.3214468;19.8961601;0.124048695;ZTF;ZTF(zr);ZTF
58836.3300694;19.8891525;0.123437665;ZTF;ZTF(zr);ZTF
58836.3353935;19.8329048;0.118611537;ZTF;ZTF(zr);ZTF
58836.3386921;19.9213257;0.126260579;ZTF;ZTF(zr);ZTF
58836.3431134;19.9449406;0.128360897;ZTF;ZTF(zr);ZTF
58836.3476505;19.8981972;0.124226741;ZTF;ZTF(zr);ZTF
58836.351412;19.8678474;0.12159314;ZTF;ZTF(zr);ZTF
58836.3518634;19.9928856;0.13269639;ZTF;ZTF(zr);ZTF
58836.3566667;19.952858;0.129070342;ZTF;ZTF(zr);ZTF
58836.3571181;20.0851154;0.141289338;ZTF;ZTF(zr);ZTF
58836.3634491;20.1017799;0.142874986;ZTF;ZTF(zr);ZTF
58836.3650463;19.9432182;0.128206909;ZTF;ZTF(zr);ZTF
58836.3716551;20.0120125;0.13445197;ZTF;ZTF(zr);ZTF
58836.372662;20.0453949;0.137549594;ZTF;ZTF(zr);ZTF
58836.3801157;20.0178623;0.134991571;ZTF;ZTF(zr);ZTF
58836.3810764;20.1234245;0.144948155;ZTF;ZTF(zr);ZTF
58836.3820255;19.9282951;0.126878038;ZTF;ZTF(zr);ZTF
58836.3829282;20.1593113;0.148418352;ZTF;ZTF(zr);ZTF
58836.3874306;19.9271355;0.12677516;ZTF;ZTF(zr);ZTF
58836.3883449;20.0033379;0.133653879;ZTF;ZTF(zr);ZTF
58836.3887963;20.0398254;0.137029827;ZTF;ZTF(zr);ZTF
58836.3892477;20.0363235;0.136703566;ZTF;ZTF(zr);ZTF
58836.3901736;19.9296112;0.126994863;ZTF;ZTF(zr);ZTF
58836.3940278;20.0047951;0.133787692;ZTF;ZTF(zr);ZTF
58836.3985301;20.0940113;0.142134503;ZTF;ZTF(zr);ZTF
58836.4039699;19.9095097;0.1252186;ZTF;ZTF(zr);ZTF
58836.4094907;20.6898193;0.155490398;ZTF;ZTF(zg);ZTF
58836.4104398;20.7770653;0.16170907;ZTF;ZTF(zg);ZTF
58836.4552083;20.0342655;0.13651213;ZTF;ZTF(zr);ZTF
58836.4561227;19.8968811;0.124111697;ZTF;ZTF(zr);ZTF
58837.4340972;19.7592201;0.112505347;ZTF;ZTF(zr);ZTF
58846.2473611;20.5007629;0.142014742;ZTF;ZTF(zg);ZTF
58852.4750694;20.7155437;0.157323956;ZTF;ZTF(zg);ZTF
58853.4566667;20.6845093;0.155111909;ZTF;ZTF(zg);ZTF
58860.2626852;19.8560982;0.106481552;ZTF;ZTF(zr);ZTF
58860.2934606;19.608408;0.100793131;ZTF;ZTF(zr);ZTF
58861.1195255;20.4054279;0.13376531;ZTF;ZTF(zg);ZTF
58862.1558102;20.6062431;0.149533153;ZTF;ZTF(zg);ZTF
58862.1825116;19.8514252;0.120185055;ZTF;ZTF(zr);ZTF
58862.3512847;19.6960449;0.10746973;ZTF;ZTF(zr);ZTF
58863.3705787;20.696167;0.155942798;ZTF;ZTF(zg);ZTF
58863.3813194;20.8095875;0.154181838;ZTF;ZTF(zg);ZTF
58863.3933565;19.8610535;0.121009074;ZTF;ZTF(zr);ZTF
58863.4040972;19.9481621;0.113164023;ZTF;ZTF(zr);ZTF
58864.2151042;19.9932137;0.132726341;ZTF;ZTF(zr);ZTF
58867.2459606;19.875927;0.122290209;ZTF;ZTF(zr);ZTF
58873.1957407;19.9499588;0.128810287;ZTF;ZTF(zr);ZTF
58875.2202778;19.9794388;0.131470963;ZTF;ZTF(zr);ZTF
58876.1925231;20.542614;0.13763392;ZTF;ZTF(zg);ZTF
58876.1929745;20.9297333;0.161628842;ZTF;ZTF(zg);ZTF
58876.1934259;20.9455566;0.173718929;ZTF;ZTF(zg);ZTF
58878.1825926;19.6990471;0.107704863;ZTF;ZTF(zr);ZTF
58878.2079167;20.269413;0.122385159;ZTF;ZTF(zg);ZTF
58879.1959259;20.5177689;0.143226862;ZTF;ZTF(zg);ZTF
58879.1972917;20.2282963;0.118059494;ZTF;ZTF(zg);ZTF
58880.2080324;19.912281;0.125462487;ZTF;ZTF(zr);ZTF
58881.1908912;20.5788574;0.139880419;ZTF;ZTF(zg);ZTF
58881.1913426;20.6265678;0.142837644;ZTF;ZTF(zg);ZTF
58882.1438194;19.8495464;0.120024741;ZTF;ZTF(zr);ZTF
58892.2856134;19.8358841;0.11886359;ZTF;ZTF(zr);ZTF
58894.2454514;19.9185638;0.126016587;ZTF;ZTF(zr);ZTF
58895.1543981;20.5956192;0.140919328;ZTF;ZTF(zg);ZTF
58895.1557523;20.6357212;0.151634336;ZTF;ZTF(zg);ZTF
58898.1365856;19.8746605;0.122180797;ZTF;ZTF(zr);ZTF
58898.1640856;20.1826935;0.150699735;ZTF;ZTF(zr);ZTF
58898.1850231;20.7593155;0.151065826;ZTF;ZTF(zg);ZTF
58898.1854745;20.8055458;0.153931379;ZTF;ZTF(zg);ZTF
58898.192662;20.8187008;0.164676785;ZTF;ZTF(zg);ZTF
58903.1190625;20.6792374;0.146102309;ZTF;ZTF(zg);ZTF
58903.1712153;20.048954;0.137882397;ZTF;ZTF(zr);ZTF
58905.1876042;19.90028;0.124408923;ZTF;ZTF(zr);ZTF
58906.1390972;20.666748;0.145328164;ZTF;ZTF(zg);ZTF
58906.1395486;20.3629341;0.126781732;ZTF;ZTF(zg);ZTF
58906.1413773;20.7635612;0.160746574;ZTF;ZTF(zg);ZTF
58906.2073495;19.7259483;0.109830178;ZTF;ZTF(zr);ZTF
58909.1502083;19.7703686;0.113413215;ZTF;ZTF(zr);ZTF
58920.94549389;15.643;0.184;NEOWISE;WISE(W1);NEOWISE
58921.53417725;16.169;0.312;NEOWISE;WISE(W1);NEOWISE
58921.53417725;14.944;0.407;NEOWISE;WISE(W2);NEOWISE
58921.59962889;15.848;0.505;NEOWISE;WISE(W1);NEOWISE
58921.92650549;15.932;0.207;NEOWISE;WISE(W1);NEOWISE
58955.1986806;20.1442127;0.146953493;ZTF;ZTF(zr);ZTF
58964.1659259;20.7153091;0.157307267;ZTF;ZTF(zg);ZTF
58964.221169;20.1616821;0.148649082;ZTF;ZTF(zr);ZTF
58986.1576273;20.0601921;0.138936251;ZTF;ZTF(zr);ZTF
58986.1610417;20.2835922;0.160697937;ZTF;ZTF(zr);ZTF
58986.1644329;19.9575596;0.129492879;ZTF;ZTF(zr);ZTF
58986.1678472;20.3810863;0.170512497;ZTF;ZTF(zr);ZTF
59081.4929167;19.9517899;0.128974497;ZTF;ZTF(zr);ZTF
59081.4978588;20.0107841;0.134338602;ZTF;ZTF(zr);ZTF
59081.5028009;19.8975792;0.124172643;ZTF;ZTF(zr);ZTF
59083.5001157;19.6665783;0.105184697;ZTF;ZTF(zr);ZTF
59083.5098958;19.9143829;0.125647634;ZTF;ZTF(zr);ZTF
59085.4971412;20.0579224;0.138723046;ZTF;ZTF(zr);ZTF
59085.5070486;19.8849716;0.123074055;ZTF;ZTF(zr);ZTF
59087.5005208;19.8319893;0.118534148;ZTF;ZTF(zr);ZTF
59087.5055093;19.9312325;0.127138868;ZTF;ZTF(zr);ZTF
59087.5104745;19.7360439;0.110636488;ZTF;ZTF(zr);ZTF
59089.4979282;19.7493858;0.111709341;ZTF;ZTF(zr);ZTF
59089.5081713;19.7226143;0.109564923;ZTF;ZTF(zr);ZTF
59118.4885764;20.714571;0.157254577;ZTF;ZTF(zg);ZTF
59118.5101505;19.9139576;0.125610232;ZTF;ZTF(zr);ZTF
59120.5263889;19.8003502;0.115883172;ZTF;ZTF(zr);ZTF
59122.5084954;20.2203407;0.154403746;ZTF;ZTF(zr);ZTF
59124.3922338;19.7623329;0.112758353;ZTF;ZTF(zr);ZTF
59125.5023958;20.1373291;0.146288007;ZTF;ZTF(zr);ZTF
59125.5113542;20.038805;0.136934727;ZTF;ZTF(zr);ZTF
59128.08196171;15.773;0.234;NEOWISE;WISE(W1);NEOWISE
59128.40883779;15.798;0.195;NEOWISE;WISE(W1);NEOWISE
59129.4957986;19.8846931;0.123049915;ZTF;ZTF(zr);ZTF
59135.426794;21.1202736;0.186172485;ZTF;ZTF(zg);ZTF
59135.4846412;20.0054359;0.133846611;ZTF;ZTF(zr);ZTF
59137.4643171;20.6160603;0.150232911;ZTF;ZTF(zg);ZTF
59137.4981019;19.9931622;0.132721663;ZTF;ZTF(zr);ZTF
59139.4358912;20.5829315;0.147871494;ZTF;ZTF(zg);ZTF
59139.4846181;20.0406342;0.137105197;ZTF;ZTF(zr);ZTF
59140.4702662;19.563179;0.112205148;ZTF;ZTF(zi);ZTF
59141.4640972;20.7001381;0.15622592;ZTF;ZTF(zg);ZTF
59141.4939236;19.8514194;0.120184533;ZTF;ZTF(zr);ZTF
59143.4347454;20.7310009;0.158425689;ZTF;ZTF(zg);ZTF
59143.4638889;19.9432411;0.128208935;ZTF;ZTF(zr);ZTF
59145.4438194;20.9453411;0.173703551;ZTF;ZTF(zg);ZTF
59145.4877199;20.0243835;0.135594785;ZTF;ZTF(zr);ZTF
59149.5193056;20.6385002;0.151832461;ZTF;ZTF(zg);ZTF
59150.4850463;19.8861504;0.123176485;ZTF;ZTF(zr);ZTF
59152.4547685;20.0287247;0.13599734;ZTF;ZTF(zr);ZTF
59152.5254861;20.3269329;0.127133965;ZTF;ZTF(zg);ZTF
59155.4409838;20.110466;0.14370507;ZTF;ZTF(zr);ZTF
59163.5056134;19.9759674;0.131155789;ZTF;ZTF(zr);ZTF
59165.3938194;20.704422;0.156531215;ZTF;ZTF(zg);ZTF
59165.4216204;19.8738594;0.122111596;ZTF;ZTF(zr);ZTF
59167.4707292;20.0475979;0.137755513;ZTF;ZTF(zr);ZTF
59167.5065162;20.5442181;0.145112157;ZTF;ZTF(zg);ZTF
59169.4683449;20.8657627;0.168031335;ZTF;ZTF(zg);ZTF
59169.5055903;20.0484047;0.137831092;ZTF;ZTF(zr);ZTF
59171.4168287;20.7021389;0.156368494;ZTF;ZTF(zg);ZTF
59171.4779514;19.9831619;0.131809503;ZTF;ZTF(zr);ZTF
59177.5167593;20.4259911;0.135527655;ZTF;ZTF(zg);ZTF
59182.4643634;20.0443726;0.137454048;ZTF;ZTF(zr);ZTF
59184.3398032;19.681839;0.121496022;ZTF;ZTF(zi);ZTF
59193.3080093;19.9690399;0.130528361;ZTF;ZTF(zr);ZTF
59193.3823727;20.0668259;0.139560342;ZTF;ZTF(zr);ZTF
59193.4349074;20.751358;0.159876704;ZTF;ZTF(zg);ZTF
59196.3943171;19.7670021;0.113138482;ZTF;ZTF(zr);ZTF
59198.4009838;20.7711182;0.161285162;ZTF;ZTF(zg);ZTF
59199.2996644;19.6726265;0.105650336;ZTF;ZTF(zr);ZTF
59199.4248611;20.7733574;0.161444783;ZTF;ZTF(zg);ZTF
59199.4423727;19.5819817;0.113650396;ZTF;ZTF(zi);ZTF
59201.4126968;20.8322029;0.165639281;ZTF;ZTF(zg);ZTF
59201.4582523;19.7604237;0.112603121;ZTF;ZTF(zr);ZTF
59202.4228819;19.3953037;0.099819079;ZTF;ZTF(zi);ZTF
59203.3133333;20.5438499;0.145085931;ZTF;ZTF(zg);ZTF
59203.433588;19.6749268;0.10582795;ZTF;ZTF(zr);ZTF
59205.2159606;20.2265816;0.155020952;ZTF;ZTF(zr);ZTF
59205.3017824;20.7875824;0.162458777;ZTF;ZTF(zg);ZTF
59205.3411343;19.760479;0.127847686;ZTF;ZTF(zi);ZTF
59215.3802315;18.5841694;0.0547378361;ZTF;ZTF(zi);ZTF
59217.3259491;19.9529057;0.129074648;ZTF;ZTF(zr);ZTF
59219.2793171;20.6725368;0.15425849;ZTF;ZTF(zg);ZTF
59219.3021875;19.9029064;0.12463896;ZTF;ZTF(zr);ZTF
59221.2346065;20.0022736;0.133556277;ZTF;ZTF(zr);ZTF
59221.3184722;20.7370968;0.158860207;ZTF;ZTF(zg);ZTF
59222.425787;19.5758247;0.113175943;ZTF;ZTF(zi);ZTF
59223.2962847;20.000412;0.133385465;ZTF;ZTF(zr);ZTF
59223.3518287;20.718708;0.1575495;ZTF;ZTF(zg);ZTF
59225.3008912;19.9538536;0.129159734;ZTF;ZTF(zr);ZTF
59225.3167824;19.5324383;0.109866157;ZTF;ZTF(zi);ZTF
59227.2972222;20.0890789;0.141665727;ZTF;ZTF(zr);ZTF
59228.2963773;19.8077431;0.131721377;ZTF;ZTF(zi);ZTF
59229.3330324;19.8486862;0.119951338;ZTF;ZTF(zr);ZTF
59231.2812963;19.5454483;0.110852428;ZTF;ZTF(zi);ZTF
59231.311794;19.7775116;0.113997921;ZTF;ZTF(zr);ZTF
59233.2778588;20.098793;0.142590061;ZTF;ZTF(zr);ZTF
59233.3233912;21.0460701;0.180883408;ZTF;ZTF(zg);ZTF
59248.3111111;19.6554585;0.119397216;ZTF;ZTF(zi);ZTF
59249.3106597;19.7907944;0.115091495;ZTF;ZTF(zr);ZTF
59251.2323727;19.8018208;0.131234109;ZTF;ZTF(zi);ZTF
59251.2754977;20.7148361;0.157273531;ZTF;ZTF(zg);ZTF
59253.1991319;20.7544899;0.160099983;ZTF;ZTF(zg);ZTF
59253.2977894;19.9960289;0.132983893;ZTF;ZTF(zr);ZTF
59255.1863542;20.7331657;0.158580065;ZTF;ZTF(zg);ZTF
59255.3373727;19.5671711;0.112511083;ZTF;ZTF(zi);ZTF
59257.2144213;19.9987946;0.133237183;ZTF;ZTF(zr);ZTF
59262.1919213;19.9362907;0.127588868;ZTF;ZTF(zr);ZTF
59262.2574074;19.5856113;0.113930628;ZTF;ZTF(zi);ZTF
59262.2765625;20.3830261;0.131856591;ZTF;ZTF(zg);ZTF
59264.1911111;20.004982;0.133804992;ZTF;ZTF(zr);ZTF
59265.3197917;19.4364815;0.102766812;ZTF;ZTF(zi);ZTF
59266.13375;20.0732231;0.107033543;ZTF;ZTF(zg);ZTF
59266.2129282;19.7316914;0.110288307;ZTF;ZTF(zr);ZTF
59270.2953125;19.7235718;0.109641001;ZTF;ZTF(zr);ZTF
59272.1704282;20.0587311;0.105956383;ZTF;ZTF(zg);ZTF
59272.2141435;20.1588593;0.148374528;ZTF;ZTF(zr);ZTF
59276.2112384;20.8122425;0.164216518;ZTF;ZTF(zg);ZTF
59276.2824074;20.0654907;0.139434591;ZTF;ZTF(zr);ZTF
59276.3217361;19.5442238;0.11075931;ZTF;ZTF(zi);ZTF
59280.1501505;20.0394173;0.136991829;ZTF;ZTF(zr);ZTF
59280.2114699;20.7141094;0.157221675;ZTF;ZTF(zg);ZTF
59285.30044146;15.938;0.205;NEOWISE;WISE(W1);NEOWISE
59285.43121757;15.872;0.195;NEOWISE;WISE(W1);NEOWISE
59290.2144213;20.8394032;0.166152477;ZTF;ZTF(zg);ZTF
59290.2396296;20.053442;0.138302565;ZTF;ZTF(zr);ZTF
59291.1853125;19.7370987;0.125945851;ZTF;ZTF(zi);ZTF
59292.1741204;20.7735443;0.161458135;ZTF;ZTF(zg);ZTF
59292.196875;19.9688492;0.130511105;ZTF;ZTF(zr);ZTF
59301.1784491;19.846138;0.119734198;ZTF;ZTF(zr);ZTF
59303.1568519;19.962122;0.129903749;ZTF;ZTF(zr);ZTF
59303.1793171;19.6968117;0.122694857;ZTF;ZTF(zi);ZTF
59306.1579861;20.824894;0.165118217;ZTF;ZTF(zg);ZTF
59306.1952546;19.9752884;0.131094292;ZTF;ZTF(zr);ZTF
59307.1794444;19.6119976;0.115979478;ZTF;ZTF(zi);ZTF
59308.1595139;20.9248543;0.172243237;ZTF;ZTF(zg);ZTF
59308.1864352;19.8511124;0.120158292;ZTF;ZTF(zr);ZTF
59310.1847801;20.0523338;0.138198912;ZTF;ZTF(zr);ZTF
59312.1655903;19.6039276;0.115350738;ZTF;ZTF(zi);ZTF
59312.1729861;19.8821888;0.122832552;ZTF;ZTF(zr);ZTF
59313.1935069;20.0915852;0.141903862;ZTF;ZTF(zr);ZTF
59314.1848264;20.0266533;0.13580516;ZTF;ZTF(zr);ZTF
59314.2059491;20.574482;0.147269249;ZTF;ZTF(zg);ZTF
59315.1803241;19.7183571;0.124429107;ZTF;ZTF(zi);ZTF
59315.2074653;20.5942688;0.148679614;ZTF;ZTF(zg);ZTF
59316.1604745;19.9920006;0.132615551;ZTF;ZTF(zr);ZTF
59316.2070255;20.8096237;0.164029837;ZTF;ZTF(zg);ZTF
59319.175463;20.4702187;0.139347643;ZTF;ZTF(zg);ZTF
59321.1638079;20.7008419;0.156275988;ZTF;ZTF(zg);ZTF
59321.2209722;20.0969124;0.142410785;ZTF;ZTF(zr);ZTF
59325.1857986;20.0635986;0.139256388;ZTF;ZTF(zr);ZTF
59329.1996296;19.6924038;0.107185192;ZTF;ZTF(zr);ZTF
59354.1616782;19.1981926;0.0742293447;ZTF;ZTF(zr);ZTF
59358.1681366;19.441864;0.089092806;ZTF;ZTF(zr);ZTF
59442.4998148;20.0185699;0.135057002;ZTF;ZTF(zr);ZTF
59442.5093866;19.6951771;0.107401833;ZTF;ZTF(zr);ZTF
59443.4988194;19.7214317;0.109470956;ZTF;ZTF(zr);ZTF
59443.5036111;19.4933853;0.0925751626;ZTF;ZTF(zr);ZTF
59444.5039699;19.7887001;0.114918515;ZTF;ZTF(zr);ZTF
59451.4934259;20.1072063;0.143393278;ZTF;ZTF(zr);ZTF
59451.4958681;19.9358501;0.127549589;ZTF;ZTF(zr);ZTF
59451.4983218;20.1088562;0.143551081;ZTF;ZTF(zr);ZTF
59451.5007639;19.8652172;0.121366754;ZTF;ZTF(zr);ZTF
59452.4924537;20.1020126;0.14289704;ZTF;ZTF(zr);ZTF
59452.4973958;20.2100372;0.153386444;ZTF;ZTF(zr);ZTF
59452.502338;20.0414619;0.137182564;ZTF;ZTF(zr);ZTF
59453.4913194;20.0574512;0.13867873;ZTF;ZTF(zr);ZTF
59453.4962616;20.0510159;0.138075441;ZTF;ZTF(zr);ZTF
59453.4987269;19.9261894;0.126691237;ZTF;ZTF(zr);ZTF
59453.5011921;19.8297195;0.118342459;ZTF;ZTF(zr);ZTF
59454.4931713;19.9831657;0.13180995;ZTF;ZTF(zr);ZTF
59454.4956481;20.06567;0.139451429;ZTF;ZTF(zr);ZTF
59454.4981134;19.9917526;0.132592902;ZTF;ZTF(zr);ZTF
59454.5005903;19.8333492;0.118649036;ZTF;ZTF(zr);ZTF
59456.4957292;20.1039391;0.143080965;ZTF;ZTF(zr);ZTF
59456.503287;20.0265312;0.13579388;ZTF;ZTF(zr);ZTF
59456.5058102;20.0324478;0.136343226;ZTF;ZTF(zr);ZTF
59469.446794;19.5993633;0.114995912;ZTF;ZTF(zi);ZTF
59469.4754398;20.0939465;0.142128378;ZTF;ZTF(zr);ZTF
59469.4950926;21.15061;0.188334823;ZTF;ZTF(zg);ZTF
59472.4519213;20.5442524;0.145114541;ZTF;ZTF(zg);ZTF
59472.4695255;19.4782791;0.105820477;ZTF;ZTF(zi);ZTF
59472.4958796;20.1807537;0.150510013;ZTF;ZTF(zr);ZTF
59474.4495833;20.5920372;0.148520589;ZTF;ZTF(zg);ZTF
59480.4945486;19.451519;0.103858352;ZTF;ZTF(zi);ZTF
59483.4870949;19.7899551;0.115022138;ZTF;ZTF(zr);ZTF
59484.447581;19.5316277;0.109804899;ZTF;ZTF(zi);ZTF
59488.4682407;19.5489063;0.111115418;ZTF;ZTF(zi);ZTF
59495.78867744;16.39;0.357;NEOWISE;WISE(W1);NEOWISE
59495.78867744;14.547;0.511;NEOWISE;WISE(W2);NEOWISE
59496.463044;19.9495277;0.128771603;ZTF;ZTF(zr);ZTF
59497.4117361;19.5135365;0.108443081;ZTF;ZTF(zi);ZTF
59497.4701505;19.7566357;0.11229571;ZTF;ZTF(zr);ZTF
59497.4902199;20.6407681;0.151994109;ZTF;ZTF(zg);ZTF
59498.4868981;19.9728985;0.130877629;ZTF;ZTF(zr);ZTF
59498.5050463;20.5521736;0.145679235;ZTF;ZTF(zg);ZTF
59500.4875694;19.8114872;0.116811097;ZTF;ZTF(zr);ZTF
59501.4578125;20.6653328;0.153744936;ZTF;ZTF(zg);ZTF
59501.4846065;20.0141888;0.134652436;ZTF;ZTF(zr);ZTF
59502.4831597;19.9771137;0.131259859;ZTF;ZTF(zr);ZTF
59503.4238194;19.7872562;0.114799403;ZTF;ZTF(zr);ZTF
59503.4793287;20.5678387;0.14679575;ZTF;ZTF(zg);ZTF
59504.4528241;20.8020992;0.163493514;ZTF;ZTF(zg);ZTF
59504.4777431;20.0459824;0.137604624;ZTF;ZTF(zr);ZTF
59505.3416551;18.91716;0.0702949241;ZTF;ZTF(zi);ZTF
59509.4629514;19.9981689;0.133179829;ZTF;ZTF(zr);ZTF
59517.4659838;20.6952858;0.155879974;ZTF;ZTF(zg);ZTF
59517.5034838;19.9574051;0.129478931;ZTF;ZTF(zr);ZTF
59518.4785764;19.5847454;0.113863692;ZTF;ZTF(zi);ZTF
59521.3449884;20.7124443;0.157103062;ZTF;ZTF(zg);ZTF
59521.4510185;19.8855019;0.123120137;ZTF;ZTF(zr);ZTF
59523.449456;20.764534;0.160815954;ZTF;ZTF(zg);ZTF
59523.4651389;19.7462978;0.126692846;ZTF;ZTF(zi);ZTF
59523.4993634;19.9638252;0.130057365;ZTF;ZTF(zr);ZTF
59525.4558796;19.955637;0.129319966;ZTF;ZTF(zr);ZTF
59525.4665046;20.7478027;0.159623384;ZTF;ZTF(zg);ZTF
59526.3048843;19.8659172;0.136529148;ZTF;ZTF(zi);ZTF
59529.3098032;19.6395073;0.118136823;ZTF;ZTF(zi);ZTF
59530.4065046;20.5469646;0.145307899;ZTF;ZTF(zg);ZTF
59530.4433681;19.8385239;0.119087249;ZTF;ZTF(zr);ZTF
59532.3334259;19.7888546;0.130169183;ZTF;ZTF(zi);ZTF
59532.4162731;20.6872311;0.155305862;ZTF;ZTF(zg);ZTF
59532.4360069;19.9560928;0.129360914;ZTF;ZTF(zr);ZTF
59550.3071528;20.7018547;0.156348228;ZTF;ZTF(zg);ZTF
59550.3726389;20.0049305;0.133800179;ZTF;ZTF(zr);ZTF
59625.1660185;19.985878;0.132056892;ZTF;ZTF(zr);ZTF
59625.2115856;20.1596909;0.113627829;ZTF;ZTF(zg);ZTF
59628.2287963;19.7751312;0.129044786;ZTF;ZTF(zi);ZTF
59628.300706;20.1502113;0.147534639;ZTF;ZTF(zr);ZTF
59637.2135648;20.4573669;0.13823384;ZTF;ZTF(zg);ZTF
59637.2406134;19.4065475;0.100617886;ZTF;ZTF(zi);ZTF
59672.1553935;20.8620586;0.167767286;ZTF;ZTF(zg);ZTF
59672.1954861;19.6352329;0.117800213;ZTF;ZTF(zi);ZTF
59674.2230324;20.0449295;0.137506157;ZTF;ZTF(zr);ZTF
59683.1590741;20.00811;0.134092584;ZTF;ZTF(zr);ZTF
59689.1879398;19.8549976;0.12049026;ZTF;ZTF(zr);ZTF
59695.2042824;20.0343533;0.136520326;ZTF;ZTF(zr);ZTF
59697.1670718;19.8847485;0.123054683;ZTF;ZTF(zr);ZTF
59725.1649653;19.5788956;0.0986257121;ZTF;ZTF(zr);ZTF
59806.5039236;19.8358822;0.118863396;ZTF;ZTF(zr);ZTF
59808.499838;19.9128895;0.125516132;ZTF;ZTF(zr);ZTF
59808.5046296;19.7718735;0.113536276;ZTF;ZTF(zr);ZTF
59809.5032523;19.8156242;0.117157288;ZTF;ZTF(zr);ZTF
59810.5005324;19.9770947;0.13125813;ZTF;ZTF(zr);ZTF
59810.502963;19.9791603;0.131445721;ZTF;ZTF(zr);ZTF
59810.5054051;19.764801;0.112959154;ZTF;ZTF(zr);ZTF
59811.4989583;19.977438;0.131289303;ZTF;ZTF(zr);ZTF
59811.5083796;19.6313572;0.102506712;ZTF;ZTF(zr);ZTF
59816.4932755;19.9593601;0.129654884;ZTF;ZTF(zr);ZTF
59816.4957292;19.9077244;0.12506175;ZTF;ZTF(zr);ZTF
59816.500625;19.8151131;0.117114462;ZTF;ZTF(zr);ZTF
59819.4921875;19.9091396;0.125186116;ZTF;ZTF(zr);ZTF
59819.4946644;19.8799553;0.122638866;ZTF;ZTF(zr);ZTF
59819.4971296;19.7772598;0.113977291;ZTF;ZTF(zr);ZTF
59819.4996065;20.0659447;0.139477238;ZTF;ZTF(zr);ZTF
59819.5020833;19.8485985;0.119943812;ZTF;ZTF(zr);ZTF
59821.4963426;20.0821362;0.141007006;ZTF;ZTF(zr);ZTF
59821.4988657;20.0424004;0.137269989;ZTF;ZTF(zr);ZTF
59821.5013889;20.0704212;0.139899284;ZTF;ZTF(zr);ZTF
59821.503912;20.0233192;0.135496318;ZTF;ZTF(zr);ZTF
59821.5064352;19.9585457;0.129581586;ZTF;ZTF(zr);ZTF
59828.4944329;19.5450325;0.110820822;ZTF;ZTF(zi);ZTF
59839.4722338;20.1687164;0.114332296;ZTF;ZTF(zg);ZTF
59843.4540856;19.9243355;0.126526982;ZTF;ZTF(zr);ZTF
59843.4649421;20.5497761;0.145508289;ZTF;ZTF(zg);ZTF
59844.4226505;19.7549686;0.127398551;ZTF;ZTF(zi);ZTF
59846.4684954;20.0867481;0.141444311;ZTF;ZTF(zr);ZTF
59846.5042593;20.5871487;0.14817214;ZTF;ZTF(zg);ZTF
59847.4719444;19.4641247;0.104779489;ZTF;ZTF(zi);ZTF
59849.4743866;20.6277618;0.151067019;ZTF;ZTF(zg);ZTF
59849.5029514;19.8545513;0.120452121;ZTF;ZTF(zr);ZTF
59853.4557176;19.978817;0.131414533;ZTF;ZTF(zr);ZTF
59853.5057986;20.6809311;0.154856801;ZTF;ZTF(zg);ZTF
59856.4530093;20.7366085;0.158825397;ZTF;ZTF(zg);ZTF
59856.5011343;19.9951992;0.132907987;ZTF;ZTF(zr);ZTF
59857.4307986;19.7090187;0.123676129;ZTF;ZTF(zi);ZTF
59859.4674769;20.8470383;0.166696668;ZTF;ZTF(zg);ZTF
59859.5105671;19.9710846;0.130713329;ZTF;ZTF(zr);ZTF
59859.73565832;16.054;0.228;NEOWISE;WISE(W1);NEOWISE
59863.4281944;19.536602;0.110181227;ZTF;ZTF(zi);ZTF
59871.4254861;19.6688175;0.105356872;ZTF;ZTF(zr);ZTF
59871.4584954;19.2226028;0.0881437287;ZTF;ZTF(zi);ZTF
59874.4247685;19.3236504;0.094838202;ZTF;ZTF(zi);ZTF
59874.4620255;20.5519714;0.145664811;ZTF;ZTF(zg);ZTF
59874.4851505;19.8261356;0.118040219;ZTF;ZTF(zr);ZTF
59877.4773032;19.3615665;0.097450085;ZTF;ZTF(zi);ZTF
59878.4712384;19.9401703;0.127934709;ZTF;ZTF(zr);ZTF
59879.4458333;20.5447693;0.137767553;ZTF;ZTF(zg);ZTF
59880.4132755;20.6931343;0.155726671;ZTF;ZTF(zg);ZTF
59880.4556481;19.8905869;0.123562552;ZTF;ZTF(zr);ZTF
59880.5034606;19.5653038;0.11236798;ZTF;ZTF(zi);ZTF
59881.4419329;20.8966389;0.159577608;ZTF;ZTF(zg);ZTF
59882.4756366;20.1606178;0.148545399;ZTF;ZTF(zr);ZTF
59883.4154514;19.8812447;0.108285218;ZTF;ZTF(zr);ZTF
59883.4655787;19.5095177;0.108142048;ZTF;ZTF(zi);ZTF
59887.3479514;19.6565666;0.119484954;ZTF;ZTF(zi);ZTF
59889.4462847;20.200861;0.152482659;ZTF;ZTF(zr);ZTF
59898.3606829;19.5400887;0.110445485;ZTF;ZTF(zi);ZTF
59898.4087384;20.2335625;0.15571253;ZTF;ZTF(zr);ZTF
59900.3795949;19.7070217;0.108331323;ZTF;ZTF(zr);ZTF
59901.3313194;19.9402103;0.142699048;ZTF;ZTF(zi);ZTF
59902.3873958;19.7026939;0.107990988;ZTF;ZTF(zr);ZTF
59904.3699421;19.5091515;0.108114667;ZTF;ZTF(zi);ZTF
59904.4502431;20.0869408;0.141462624;ZTF;ZTF(zr);ZTF
59906.3511921;20.6195965;0.15048492;ZTF;ZTF(zg);ZTF
59906.3655208;20.0498505;0.120764285;ZTF;ZTF(zr);ZTF
59906.3827778;20.0417709;0.137211263;ZTF;ZTF(zr);ZTF
59909.3698148;20.7547245;0.150781274;ZTF;ZTF(zg);ZTF
59909.4039352;20.0281487;0.135944039;ZTF;ZTF(zr);ZTF
59909.4778704;20.8394585;0.166156411;ZTF;ZTF(zg);ZTF
59910.4489583;20.8859978;0.158918023;ZTF;ZTF(zg);ZTF
59913.3404282;20.8004704;0.163377404;ZTF;ZTF(zg);ZTF
59913.3599421;19.4480476;0.103605658;ZTF;ZTF(zi);ZTF
59913.4090625;19.9651852;0.130180001;ZTF;ZTF(zr);ZTF
59928.2947338;19.95578;0.129332826;ZTF;ZTF(zr);ZTF
59930.3306597;20.6480598;0.144169807;ZTF;ZTF(zg);ZTF
59933.2447801;19.5244026;0.109259725;ZTF;ZTF(zi);ZTF
59934.3852315;19.8574543;0.120700538;ZTF;ZTF(zr);ZTF
59936.4108681;19.5763206;0.11321412;ZTF;ZTF(zi);ZTF
59937.286331;19.9376183;0.112388179;ZTF;ZTF(zr);ZTF
59940.2817824;20.4481316;0.137435168;ZTF;ZTF(zg);ZTF
59940.3117361;19.5272141;0.109471709;ZTF;ZTF(zi);ZTF
59953.3076157;19.7640285;0.112896264;ZTF;ZTF(zr);ZTF
59965.2203009;20.4147739;0.134565115;ZTF;ZTF(zg);ZTF
59965.2334606;19.8675747;0.121569633;ZTF;ZTF(zr);ZTF
59967.2487616;19.664072;0.104992151;ZTF;ZTF(zr);ZTF
59969.2348611;19.4414253;0.103124782;ZTF;ZTF(zi);ZTF
59969.2998032;19.8494797;0.120019034;ZTF;ZTF(zr);ZTF
59971.3181366;19.8278751;0.118186787;ZTF;ZTF(zr);ZTF
59980.2952778;20.0607681;0.138990253;ZTF;ZTF(zr);ZTF
59985.17125;19.7494221;0.111712232;ZTF;ZTF(zr);ZTF
59992.1694792;19.8196163;0.117491961;ZTF;ZTF(zr);ZTF
59994.2581366;20.5540619;0.145813823;ZTF;ZTF(zg);ZTF
60013.2228125;19.9448032;0.128348649;ZTF;ZTF(zr);ZTF
60016.91812093;15.849;0.196;NEOWISE;WISE(W1);NEOWISE
60016.9830634;15.884;0.249;NEOWISE;WISE(W1);NEOWISE
60017.04813324;16.158;0.277;NEOWISE;WISE(W1);NEOWISE
60021.183125;20.1491661;0.1474334;ZTF;ZTF(zr);ZTF
60021.1979398;21.1217422;0.186277151;ZTF;ZTF(zg);ZTF
60030.1767361;20.012991;0.134542063;ZTF;ZTF(zr);ZTF
60036.1859259;19.9672852;0.130369723;ZTF;ZTF(zr);ZTF
60043.1850347;19.9076519;0.125055373;ZTF;ZTF(zr);ZTF
60045.1792245;20.6733513;0.154316545;ZTF;ZTF(zg);ZTF
60045.2278819;20.2348442;0.155839741;ZTF;ZTF(zr);ZTF
60049.1670602;20.7580223;0.160351753;ZTF;ZTF(zg);ZTF
60051.1746412;20.0398083;0.137028277;ZTF;ZTF(zr);ZTF
60051.2044213;20.9354401;0.172997832;ZTF;ZTF(zg);ZTF
60055.1849653;20.7467709;0.159549832;ZTF;ZTF(zg);ZTF
60174.504838;19.9046917;0.124795534;ZTF;ZTF(zr);ZTF
60181.4905556;19.8383179;0.119069763;ZTF;ZTF(zr);ZTF
60181.5003472;19.734663;0.110525861;ZTF;ZTF(zr);ZTF
60182.4922569;19.7720242;0.113548554;ZTF;ZTF(zr);ZTF
60182.4947454;20.0702;0.139878377;ZTF;ZTF(zr);ZTF
60182.4972338;20.0941544;0.142148122;ZTF;ZTF(zr);ZTF
60182.4997222;19.9803085;0.131550044;ZTF;ZTF(zr);ZTF
60182.5022106;19.920126;0.126154572;ZTF;ZTF(zr);ZTF
60183.4937384;19.8129845;0.116936289;ZTF;ZTF(zr);ZTF
60183.4962037;19.8024712;0.11605943;ZTF;ZTF(zr);ZTF
60183.4986806;19.7267513;0.109894164;ZTF;ZTF(zr);ZTF
60183.5036227;19.8813553;0.122760274;ZTF;ZTF(zr);ZTF
60184.4942593;19.9334621;0.127337068;ZTF;ZTF(zr);ZTF
60184.4992014;19.9285851;0.126903743;ZTF;ZTF(zr);ZTF
60184.5016898;20.0603256;0.138948798;ZTF;ZTF(zr);ZTF
60185.4935648;20.0353184;0.13661015;ZTF;ZTF(zr);ZTF
60185.496088;19.791626;0.115160145;ZTF;ZTF(zr);ZTF
60185.5011227;19.8395081;0.11917077;ZTF;ZTF(zr);ZTF
60185.5036343;19.7723656;0.113576524;ZTF;ZTF(zr);ZTF
60186.4953356;19.5800247;0.0987078696;ZTF;ZTF(zr);ZTF
60186.5028935;20.0105953;0.134321257;ZTF;ZTF(zr);ZTF
60193.4728356;20.1100616;0.143666282;ZTF;ZTF(zr);ZTF
60212.4341551;20.6962147;0.155946255;ZTF;ZTF(zg);ZTF
60212.4554167;20.1349907;0.146062195;ZTF;ZTF(zr);ZTF
60220.4843287;19.8958302;0.124019846;ZTF;ZTF(zr);ZTF
60225.510544;19.9249382;0.126580417;ZTF;ZTF(zr);ZTF
60226.81631147;15.948;0.237;NEOWISE;WISE(W1);NEOWISE
60226.94568669;14.469;0.415;NEOWISE;WISE(W2);NEOWISE
60226.94568669;16.153;0.258;NEOWISE;WISE(W1);NEOWISE
60231.4501273;20.8745613;0.168658495;ZTF;ZTF(zg);ZTF
60231.4687153;19.9569969;0.12944226;ZTF;ZTF(zr);ZTF
60233.4884491;20.1163521;0.144269109;ZTF;ZTF(zr);ZTF
60235.4537847;19.9961987;0.13299939;ZTF;ZTF(zr);ZTF
60235.4946181;20.7042599;0.156519651;ZTF;ZTF(zg);ZTF
60241.4310069;19.7021294;0.107946627;ZTF;ZTF(zr);ZTF
60244.4665509;19.9211349;0.126243711;ZTF;ZTF(zr);ZTF
60253.4832407;19.929491;0.126984164;ZTF;ZTF(zr);ZTF
60257.4136574;19.9307747;0.127098203;ZTF;ZTF(zr);ZTF
60259.423125;20.5979881;0.148944736;ZTF;ZTF(zg);ZTF
60259.4586458;19.8219185;0.117685415;ZTF;ZTF(zr);ZTF
60261.4407523;20.0156002;0.134782657;ZTF;ZTF(zr);ZTF
60261.4639931;20.8754234;0.168719888;ZTF;ZTF(zg);ZTF
60288.4026852;19.9537392;0.129149437;ZTF;ZTF(zr);ZTF
60290.3993403;20.0455132;0.137560725;ZTF;ZTF(zr);ZTF
60290.4754514;20.9744759;0.175780296;ZTF;ZTF(zg);ZTF
60295.3166551;20.1091919;0.143583268;ZTF;ZTF(zr);ZTF
60314.4209954;19.9862595;0.132091671;ZTF;ZTF(zr);ZTF
60324.2368403;20.0441494;0.13743335;ZTF;ZTF(zr);ZTF
60324.3387384;20.958046;0.174609184;ZTF;ZTF(zg);ZTF
60326.2212384;20.0307865;0.13618882;ZTF;ZTF(zr);ZTF
60326.2663773;20.9300785;0.172615647;ZTF;ZTF(zg);ZTF
60340.2328009;20.7066956;0.15669322;ZTF;ZTF(zg);ZTF
60340.351331;19.9221382;0.126332492;ZTF;ZTF(zr);ZTF
60352.243125;20.1051235;0.143194139;ZTF;ZTF(zr);ZTF
60352.2790162;20.5725842;0.147134066;ZTF;ZTF(zg);ZTF
60354.3682639;20.165699;0.149039999;ZTF;ZTF(zr);ZTF
60357.2647801;20.5587749;0.146149755;ZTF;ZTF(zg);ZTF
60357.2817708;20.288456;0.161184996;ZTF;ZTF(zr);ZTF
60368.2573958;20.0132256;0.134563595;ZTF;ZTF(zr);ZTF
60374.2347222;20.8428059;0.166394949;ZTF;ZTF(zg);ZTF
60397.2607176;19.9719391;0.13079071;ZTF;ZTF(zr);ZTF
60399.1554514;20.4254532;0.135481358;ZTF;ZTF(zg);ZTF
60404.1555903;19.8987236;0.124272704;ZTF;ZTF(zr);ZTF
60408.2439815;19.9274654;0.126804441;ZTF;ZTF(zr);ZTF
60429.2014468;20.0928993;0.142028809;ZTF;ZTF(zr);ZTF
