MJD;Magnitude;Error;Facility;Filter;Observer
55143.2270672;19.69693946838379;0.2250898778438568;PTF;PTF(R);PTF
55143.2717872;19.86220359802246;0.2328906655311584;PTF;PTF(R);PTF
55152.1876272;19.507732391357425;0.074698582291603;PTF;PTF(R);PTF
55208.1337772;19.63490104675293;0.1825698018074035;PTF;PTF(R);PTF
55210.2085285;14.984;0.094;ALLWISE;WISE(W1);ALLWISE
55210.2085285;14.907;0.271;ALLWISE;WISE(W2);ALLWISE
55210.3408333;15.324;0.39;ALLWISE;WISE(W2);ALLWISE
55210.3408333;15.257;0.124;ALLWISE;WISE(W1);ALLWISE
55210.3409606;14.924;0.263;ALLWISE;WISE(W2);ALLWISE
55210.3409606;14.874;0.121;ALLWISE;WISE(W1);ALLWISE
55210.60557;14.726;0.078;ALLWISE;WISE(W1);ALLWISE
55210.60557;15.116;0.393;ALLWISE;WISE(W2);ALLWISE
55210.6717861;14.861;0.25;ALLWISE;WISE(W2);ALLWISE
55210.6717861;14.971;0.106;ALLWISE;WISE(W1);ALLWISE
55210.7378748;14.637;0.224;ALLWISE;WISE(W2);ALLWISE
55210.7378748;14.953;0.091;ALLWISE;WISE(W1);ALLWISE
55210.8040908;15.08;0.132;ALLWISE;WISE(W1);ALLWISE
55210.8040908;14.593;0.212;ALLWISE;WISE(W2);ALLWISE
55210.8701795;14.38;0.174;ALLWISE;WISE(W2);ALLWISE
55210.8701795;15.077;0.105;ALLWISE;WISE(W1);ALLWISE
55210.8703068;14.88;0.269;ALLWISE;WISE(W2);ALLWISE
55210.8703068;14.695;0.091;ALLWISE;WISE(W1);ALLWISE
55210.9363955;14.985;0.092;ALLWISE;WISE(W1);ALLWISE
55210.9363955;15.368;0.417;ALLWISE;WISE(W2);ALLWISE
55211.0026116;14.884;0.085;ALLWISE;WISE(W1);ALLWISE
55211.0026116;14.483;0.182;ALLWISE;WISE(W2);ALLWISE
55211.2011323;14.359;0.193;ALLWISE;WISE(W2);ALLWISE
55211.2011323;15.202;0.118;ALLWISE;WISE(W1);ALLWISE
55211.333437;15.017;0.099;ALLWISE;WISE(W1);ALLWISE
55211.333437;15.261;0.376;ALLWISE;WISE(W2);ALLWISE
55378.4758472;19.85626792907715;0.1312285363674163;PTF;PTF(R);PTF
55384.4719672;19.7297306060791;0.0728728547692298;PTF;PTF(R);PTF
55397.1202956;14.829;0.234;ALLWISE;WISE(W2);ALLWISE
55397.1202956;15.43;0.143;ALLWISE;WISE(W1);ALLWISE
55397.2525993;14.831;0.082;ALLWISE;WISE(W1);ALLWISE
55397.2525993;14.763;0.262;ALLWISE;WISE(W2);ALLWISE
55397.3849031;14.938;0.092;ALLWISE;WISE(W1);ALLWISE
55397.3849031;14.736;0.228;ALLWISE;WISE(W2);ALLWISE
55397.5172068;14.983;0.095;ALLWISE;WISE(W1);ALLWISE
55397.5172068;14.714;0.236;ALLWISE;WISE(W2);ALLWISE
55397.5834223;15.089;0.11;ALLWISE;WISE(W1);ALLWISE
55397.5834223;14.958;0.256;ALLWISE;WISE(W2);ALLWISE
55397.6495105;15.079;0.113;ALLWISE;WISE(W1);ALLWISE
55397.6495105;14.616;0.209;ALLWISE;WISE(W2);ALLWISE
55397.7157261;15.272;0.404;ALLWISE;WISE(W2);ALLWISE
55397.7157261;15.164;0.115;ALLWISE;WISE(W1);ALLWISE
55397.7818143;14.875;0.337;ALLWISE;WISE(W2);ALLWISE
55397.7818143;15.056;0.094;ALLWISE;WISE(W1);ALLWISE
55397.8479025;15.322;0.353;ALLWISE;WISE(W2);ALLWISE
55397.8479025;14.984;0.094;ALLWISE;WISE(W1);ALLWISE
55397.8480298;14.36;0.154;ALLWISE;WISE(W2);ALLWISE
55397.8480298;15.163;0.105;ALLWISE;WISE(W1);ALLWISE
55397.9141181;15.524;0.499;ALLWISE;WISE(W2);ALLWISE
55397.9141181;15.088;0.103;ALLWISE;WISE(W1);ALLWISE
55397.9802063;15.027;0.106;ALLWISE;WISE(W1);ALLWISE
55397.9802063;15.264;0.347;ALLWISE;WISE(W2);ALLWISE
55398.0464219;14.748;0.218;ALLWISE;WISE(W2);ALLWISE
55398.0464219;15.034;0.094;ALLWISE;WISE(W1);ALLWISE
55398.1125101;15.136;0.115;ALLWISE;WISE(W1);ALLWISE
55398.1125101;14.631;0.201;ALLWISE;WISE(W2);ALLWISE
55398.2448138;15.199;0.12;ALLWISE;WISE(W1);ALLWISE
55398.2448138;14.855;0.266;ALLWISE;WISE(W2);ALLWISE
55398.3771176;14.855;0.232;ALLWISE;WISE(W2);ALLWISE
55398.3771176;15.131;0.122;ALLWISE;WISE(W1);ALLWISE
55438.4992972;19.651086807250977;0.136180579662323;PTF;PTF(R);PTF
55439.1528272;19.541898727416992;0.1001889184117317;PTF;PTF(R);PTF
55441.4874472;19.85634994506836;0.0882422029972076;PTF;PTF(R);PTF
55444.1557772;19.63485145568848;0.1049758717417717;PTF;PTF(R);PTF
55444.2454772;19.6625919342041;0.0734904408454895;PTF;PTF(R);PTF
55542.0879172;19.740079879760746;0.169677123427391;PTF;PTF(R);PTF
55542.1334472;19.608448028564453;0.1892595291137695;PTF;PTF(R);PTF
55545.0849472;20.06801414489746;0.1487166732549667;PTF;PTF(R);PTF
55545.1288472;19.699729919433597;0.1300725638866424;PTF;PTF(R);PTF
55558.2027472;19.808368682861328;0.1663432419300079;PTF;PTF(R);PTF
55558.2794972;19.808277130126957;0.0934058725833892;PTF;PTF(R);PTF
55567.1011672;19.67208480834961;0.205404445528984;PTF;PTF(R);PTF
55572.8280954;15.265;0.142;ALLWISE;WISE(W1);ALLWISE
55572.8280954;14.312;0.171;ALLWISE;WISE(W2);ALLWISE
55572.9602725;15.137;0.113;ALLWISE;WISE(W1);ALLWISE
55572.9602725;14.782;0.266;ALLWISE;WISE(W2);ALLWISE
55573.0925769;14.912;0.169;ALLWISE;WISE(W1);ALLWISE
55573.0925769;14.907;0.295;ALLWISE;WISE(W2);ALLWISE
55573.1586654;15.211;0.14;ALLWISE;WISE(W1);ALLWISE
55573.1586654;14.765;0.27;ALLWISE;WISE(W2);ALLWISE
55573.2248813;14.962;0.111;ALLWISE;WISE(W1);ALLWISE
55573.2909698;15.041;0.337;ALLWISE;WISE(W2);ALLWISE
55573.2909698;15.108;0.127;ALLWISE;WISE(W1);ALLWISE
55573.3570584;14.964;0.095;ALLWISE;WISE(W1);ALLWISE
55573.3570584;14.571;0.229;ALLWISE;WISE(W2);ALLWISE
55573.4232743;15.202;0.12;ALLWISE;WISE(W1);ALLWISE
55573.4232743;15.061;0.334;ALLWISE;WISE(W2);ALLWISE
55573.4893627;14.823;0.087;ALLWISE;WISE(W1);ALLWISE
55573.4893627;15.282;0.436;ALLWISE;WISE(W2);ALLWISE
55573.5554513;14.92;0.102;ALLWISE;WISE(W1);ALLWISE
55573.5554513;14.935;0.319;ALLWISE;WISE(W2);ALLWISE
55573.6216671;15.25;0.118;ALLWISE;WISE(W1);ALLWISE
55573.6216671;14.766;0.265;ALLWISE;WISE(W2);ALLWISE
55575.3409875;14.905;0.1;ALLWISE;WISE(W1);ALLWISE
55575.3409875;14.778;0.256;ALLWISE;WISE(W2);ALLWISE
55575.4732919;14.771;0.249;ALLWISE;WISE(W2);ALLWISE
55575.4732919;14.933;0.11;ALLWISE;WISE(W1);ALLWISE
55575.6055963;15.166;0.114;ALLWISE;WISE(W1);ALLWISE
55575.6055963;15.453;0.512;ALLWISE;WISE(W2);ALLWISE
55575.7377734;15.239;0.127;ALLWISE;WISE(W1);ALLWISE
55575.7377734;15.349;0.43;ALLWISE;WISE(W2);ALLWISE
55575.8039892;15.462;0.151;ALLWISE;WISE(W1);ALLWISE
55575.8039892;15.099;0.341;ALLWISE;WISE(W2);ALLWISE
55575.8700777;15.131;0.11;ALLWISE;WISE(W1);ALLWISE
55575.8700777;14.73;0.251;ALLWISE;WISE(W2);ALLWISE
55576.0023821;14.67;0.27;ALLWISE;WISE(W2);ALLWISE
55576.0023821;14.857;0.087;ALLWISE;WISE(W1);ALLWISE
55576.0684707;14.705;0.263;ALLWISE;WISE(W2);ALLWISE
55576.0684707;15.268;0.125;ALLWISE;WISE(W1);ALLWISE
55576.200775;15.314;0.131;ALLWISE;WISE(W1);ALLWISE
55576.200775;14.759;0.262;ALLWISE;WISE(W2);ALLWISE
55576.332952;15.231;0.128;ALLWISE;WISE(W1);ALLWISE
55576.332952;14.713;0.262;ALLWISE;WISE(W2);ALLWISE
55576.4652564;15.639;0.191;ALLWISE;WISE(W1);ALLWISE
55576.4652564;14.898;0.396;ALLWISE;WISE(W2);ALLWISE
55577.1351372;19.98735237121582;0.2167966365814209;PTF;PTF(R);PTF
55577.1788672;19.551610946655277;0.2206214815378189;PTF;PTF(R);PTF
55579.1249672;19.719411849975582;0.1097074896097183;PTF;PTF(R);PTF
55579.1688772;19.95970344543457;0.1351604908704757;PTF;PTF(R);PTF
56659.0898572;19.77866554260254;0.0974866300821304;PTF;PTF(R);PTF
56659.1195072;19.609493255615234;0.0841821506619453;PTF;PTF(R);PTF
56659.1497372;19.718244552612305;0.1341137588024139;PTF;PTF(R);PTF
56660.1043672;19.73080825805664;0.0917427241802215;PTF;PTF(R);PTF
56660.1341372;20.40735626220703;0.1873487830162048;PTF;PTF(R);PTF
56660.1639172;19.725574493408203;0.1026926264166832;PTF;PTF(R);PTF
56662.1163872;19.726787567138672;0.1595547646284103;PTF;PTF(R);PTF
56663.1514072;19.51280212402344;0.1112328693270683;PTF;PTF(R);PTF
56664.1152272;19.68313217163086;0.0973258316516876;PTF;PTF(R);PTF
56664.1468072;19.469623565673828;0.1083573102951049;PTF;PTF(R);PTF
56673.10632465;15.218;0.108;NEOWISE;WISE(W1);NEOWISE
56673.10632465;14.484;0.215;NEOWISE;WISE(W2);NEOWISE
56673.23799229;14.832;0.322;NEOWISE;WISE(W2);NEOWISE
56673.23799229;15.73;0.279;NEOWISE;WISE(W1);NEOWISE
56673.36978729;14.868;0.118;NEOWISE;WISE(W1);NEOWISE
56673.36978729;14.485;0.209;NEOWISE;WISE(W2);NEOWISE
56673.50157943;14.95;0.09;NEOWISE;WISE(W1);NEOWISE
56673.56740984;15.633;0.191;NEOWISE;WISE(W1);NEOWISE
56673.633371;14.619;0.215;NEOWISE;WISE(W2);NEOWISE
56673.633371;14.994;0.092;NEOWISE;WISE(W1);NEOWISE
56673.69920479;15.125;0.114;NEOWISE;WISE(W1);NEOWISE
56673.69920479;14.042;0.171;NEOWISE;WISE(W2);NEOWISE
56673.76503858;14.985;0.092;NEOWISE;WISE(W1);NEOWISE
56673.76503858;14.772;0.317;NEOWISE;WISE(W2);NEOWISE
56673.76516595;15.008;0.095;NEOWISE;WISE(W1);NEOWISE
56673.76516595;15.349;0.406;NEOWISE;WISE(W2);NEOWISE
56673.83099973;14.12;0.187;NEOWISE;WISE(W2);NEOWISE
56673.83099973;15.154;0.111;NEOWISE;WISE(W1);NEOWISE
56673.96279464;14.629;0.264;NEOWISE;WISE(W2);NEOWISE
56673.96279464;14.905;0.092;NEOWISE;WISE(W1);NEOWISE
56674.22625721;14.972;0.097;NEOWISE;WISE(W1);NEOWISE
56674.22625721;14.346;0.178;NEOWISE;WISE(W2);NEOWISE
56856.84987322;15.048;0.105;NEOWISE;WISE(W1);NEOWISE
56856.84987322;14.685;0.273;NEOWISE;WISE(W2);NEOWISE
56862.11260955;14.951;0.328;NEOWISE;WISE(W2);NEOWISE
56862.11260955;15.252;0.12;NEOWISE;WISE(W1);NEOWISE
56862.2441492;14.618;0.231;NEOWISE;WISE(W2);NEOWISE
56862.2441492;14.959;0.097;NEOWISE;WISE(W1);NEOWISE
56862.24427656;14.783;0.263;NEOWISE;WISE(W2);NEOWISE
56862.24427656;15.106;0.119;NEOWISE;WISE(W1);NEOWISE
56862.37581631;14.908;0.097;NEOWISE;WISE(W1);NEOWISE
56862.37581631;14.731;0.349;NEOWISE;WISE(W2);NEOWISE
56862.44152249;14.847;0.256;NEOWISE;WISE(W2);NEOWISE
56862.44152249;14.95;0.091;NEOWISE;WISE(W1);NEOWISE
56862.50735604;14.542;0.253;NEOWISE;WISE(W2);NEOWISE
56862.50735604;14.877;0.108;NEOWISE;WISE(W1);NEOWISE
56862.57318955;15.014;0.095;NEOWISE;WISE(W1);NEOWISE
56862.6390231;14.887;0.392;NEOWISE;WISE(W2);NEOWISE
56862.6390231;14.898;0.095;NEOWISE;WISE(W1);NEOWISE
56862.70472934;14.492;0.256;NEOWISE;WISE(W2);NEOWISE
56862.70472934;15.128;0.115;NEOWISE;WISE(W1);NEOWISE
56862.77056285;14.99;0.097;NEOWISE;WISE(W1);NEOWISE
56862.77056285;14.57;0.283;NEOWISE;WISE(W2);NEOWISE
56862.8363964;15.101;0.104;NEOWISE;WISE(W1);NEOWISE
56862.8363964;15.385;0.482;NEOWISE;WISE(W2);NEOWISE
56862.90210264;14.873;0.099;NEOWISE;WISE(W1);NEOWISE
56862.90210264;14.646;0.232;NEOWISE;WISE(W2);NEOWISE
56862.96793624;14.787;0.447;NEOWISE;WISE(W2);NEOWISE
56862.96793624;15.134;0.109;NEOWISE;WISE(W1);NEOWISE
56863.09947602;14.856;0.085;NEOWISE;WISE(W1);NEOWISE
56863.09947602;14.865;0.301;NEOWISE;WISE(W2);NEOWISE
56863.23101572;14.351;0.24;NEOWISE;WISE(W2);NEOWISE
56863.23101572;15.349;0.183;NEOWISE;WISE(W1);NEOWISE
56863.36268278;14.929;0.095;NEOWISE;WISE(W1);NEOWISE
56863.36268278;14.9;0.35;NEOWISE;WISE(W2);NEOWISE
57036.27174242;14.552;0.22;NEOWISE;WISE(W2);NEOWISE
57036.27174242;14.977;0.137;NEOWISE;WISE(W1);NEOWISE
57036.40315549;14.879;0.103;NEOWISE;WISE(W1);NEOWISE
57036.5345685;14.615;0.21;NEOWISE;WISE(W2);NEOWISE
57036.5345685;15.135;0.099;NEOWISE;WISE(W1);NEOWISE
57036.60027497;15.37;0.164;NEOWISE;WISE(W1);NEOWISE
57036.60027497;15.068;0.541;NEOWISE;WISE(W2);NEOWISE
57036.6659815;15.041;0.098;NEOWISE;WISE(W1);NEOWISE
57036.6659815;15.1;0.344;NEOWISE;WISE(W2);NEOWISE
57036.73168803;14.749;0.238;NEOWISE;WISE(W2);NEOWISE
57036.73168803;15.003;0.095;NEOWISE;WISE(W1);NEOWISE
57036.79739456;15.11;0.362;NEOWISE;WISE(W2);NEOWISE
57036.79739456;15.057;0.09;NEOWISE;WISE(W1);NEOWISE
57036.86310109;14.691;0.078;NEOWISE;WISE(W1);NEOWISE
57036.86310109;14.683;0.295;NEOWISE;WISE(W2);NEOWISE
57036.92868025;14.72;0.249;NEOWISE;WISE(W2);NEOWISE
57036.92868025;15.036;0.097;NEOWISE;WISE(W1);NEOWISE
57036.92880762;14.984;0.149;NEOWISE;WISE(W1);NEOWISE
57036.92880762;14.814;0.254;NEOWISE;WISE(W2);NEOWISE
57036.99438678;15.334;0.131;NEOWISE;WISE(W1);NEOWISE
57036.99438678;14.317;0.209;NEOWISE;WISE(W2);NEOWISE
57036.99451414;14.907;0.091;NEOWISE;WISE(W1);NEOWISE
57036.99451414;14.637;0.216;NEOWISE;WISE(W2);NEOWISE
57037.12579984;15.149;0.103;NEOWISE;WISE(W1);NEOWISE
57037.12579984;14.954;0.319;NEOWISE;WISE(W2);NEOWISE
57037.2572127;14.496;0.271;NEOWISE;WISE(W2);NEOWISE
57037.2572127;15.078;0.098;NEOWISE;WISE(W1);NEOWISE
57223.84362345;14.768;0.283;NEOWISE;WISE(W2);NEOWISE
57223.84362345;14.976;0.104;NEOWISE;WISE(W1);NEOWISE
57223.97478128;15.139;0.105;NEOWISE;WISE(W1);NEOWISE
57223.97478128;14.753;0.301;NEOWISE;WISE(W2);NEOWISE
57224.10606654;15.248;0.12;NEOWISE;WISE(W1);NEOWISE
57224.10606654;15.253;0.471;NEOWISE;WISE(W2);NEOWISE
57224.23722428;14.54;0.295;NEOWISE;WISE(W2);NEOWISE
57224.23722428;15.239;0.14;NEOWISE;WISE(W1);NEOWISE
57224.30280319;14.988;0.387;NEOWISE;WISE(W2);NEOWISE
57224.30280319;15.071;0.099;NEOWISE;WISE(W1);NEOWISE
57224.36838212;15.158;0.2;NEOWISE;WISE(W1);NEOWISE
57224.36838212;15.082;0.455;NEOWISE;WISE(W2);NEOWISE
57224.43396098;15.032;0.094;NEOWISE;WISE(W1);NEOWISE
57224.43396098;15.001;0.382;NEOWISE;WISE(W2);NEOWISE
57224.43408836;15.094;0.334;NEOWISE;WISE(W2);NEOWISE
57224.43408836;14.74;0.099;NEOWISE;WISE(W1);NEOWISE
57224.49966727;14.918;0.113;NEOWISE;WISE(W1);NEOWISE
57224.49966727;14.062;0.261;NEOWISE;WISE(W2);NEOWISE
57224.56524619;14.851;0.1;NEOWISE;WISE(W1);NEOWISE
57224.56524619;14.533;0.331;NEOWISE;WISE(W2);NEOWISE
57224.6308251;14.766;0.238;NEOWISE;WISE(W2);NEOWISE
57224.6308251;14.869;0.088;NEOWISE;WISE(W1);NEOWISE
57224.69640398;14.448;0.225;NEOWISE;WISE(W2);NEOWISE
57224.69640398;15.0;0.094;NEOWISE;WISE(W1);NEOWISE
57224.76198291;15.172;0.41;NEOWISE;WISE(W2);NEOWISE
57224.76198291;15.109;0.112;NEOWISE;WISE(W1);NEOWISE
57224.82768918;14.821;0.089;NEOWISE;WISE(W1);NEOWISE
57224.82768918;14.484;0.241;NEOWISE;WISE(W2);NEOWISE
57224.95884703;15.104;0.165;NEOWISE;WISE(W1);NEOWISE
57225.09000491;14.513;0.217;NEOWISE;WISE(W2);NEOWISE
57225.09000491;14.996;0.095;NEOWISE;WISE(W1);NEOWISE
57396.51459027;14.916;0.314;NEOWISE;WISE(W2);NEOWISE
57396.51459027;15.147;0.113;NEOWISE;WISE(W1);NEOWISE
57396.64574882;14.642;0.275;NEOWISE;WISE(W2);NEOWISE
57396.64574882;15.124;0.105;NEOWISE;WISE(W1);NEOWISE
57396.77690747;15.036;0.107;NEOWISE;WISE(W1);NEOWISE
57396.84248674;14.666;0.231;NEOWISE;WISE(W2);NEOWISE
57396.84248674;15.156;0.116;NEOWISE;WISE(W1);NEOWISE
57396.90806606;14.765;0.297;NEOWISE;WISE(W2);NEOWISE
57396.90806606;14.833;0.093;NEOWISE;WISE(W1);NEOWISE
57396.97351802;14.974;0.131;NEOWISE;WISE(W1);NEOWISE
57396.97351802;14.306;0.188;NEOWISE;WISE(W2);NEOWISE
57396.97364539;15.158;0.117;NEOWISE;WISE(W1);NEOWISE
57396.97364539;14.298;0.237;NEOWISE;WISE(W2);NEOWISE
57397.03909735;14.945;0.133;NEOWISE;WISE(W1);NEOWISE
57397.03909735;14.604;0.22;NEOWISE;WISE(W2);NEOWISE
57397.17025595;14.99;0.33;NEOWISE;WISE(W2);NEOWISE
57397.17025595;15.239;0.122;NEOWISE;WISE(W1);NEOWISE
57397.23583522;15.167;0.129;NEOWISE;WISE(W1);NEOWISE
57397.23583522;14.618;0.282;NEOWISE;WISE(W2);NEOWISE
57397.3014145;14.798;0.319;NEOWISE;WISE(W2);NEOWISE
57397.3014145;15.023;0.097;NEOWISE;WISE(W1);NEOWISE
57397.36699382;14.619;0.23;NEOWISE;WISE(W2);NEOWISE
57397.36699382;14.868;0.084;NEOWISE;WISE(W1);NEOWISE
57397.62918376;14.971;0.104;NEOWISE;WISE(W1);NEOWISE
57397.62918376;14.173;0.18;NEOWISE;WISE(W2);NEOWISE
57588.08604706;15.141;0.109;NEOWISE;WISE(W1);NEOWISE
57588.08604706;15.3;0.417;NEOWISE;WISE(W2);NEOWISE
57588.2170776;14.738;0.309;NEOWISE;WISE(W2);NEOWISE
57588.2170776;15.266;0.129;NEOWISE;WISE(W1);NEOWISE
57588.34810818;15.091;0.107;NEOWISE;WISE(W1);NEOWISE
57588.34810818;14.977;0.399;NEOWISE;WISE(W2);NEOWISE
57588.47913872;15.063;0.1;NEOWISE;WISE(W1);NEOWISE
57588.47913872;14.841;0.284;NEOWISE;WISE(W2);NEOWISE
57588.54471766;15.018;0.359;NEOWISE;WISE(W2);NEOWISE
57588.54471766;15.327;0.135;NEOWISE;WISE(W1);NEOWISE
57588.61016925;15.024;0.1;NEOWISE;WISE(W1);NEOWISE
57588.67574819;14.651;0.291;NEOWISE;WISE(W2);NEOWISE
57588.67574819;15.062;0.106;NEOWISE;WISE(W1);NEOWISE
57588.74119978;14.546;0.37;NEOWISE;WISE(W2);NEOWISE
57588.74119978;14.931;0.117;NEOWISE;WISE(W1);NEOWISE
57588.80677873;14.319;0.177;NEOWISE;WISE(W2);NEOWISE
57588.80677873;15.252;0.115;NEOWISE;WISE(W1);NEOWISE
57588.87223036;14.972;0.103;NEOWISE;WISE(W1);NEOWISE
57588.87223036;14.375;0.278;NEOWISE;WISE(W2);NEOWISE
57588.93780936;15.405;0.154;NEOWISE;WISE(W1);NEOWISE
57588.93780936;14.836;0.274;NEOWISE;WISE(W2);NEOWISE
57589.06871253;14.809;0.1;NEOWISE;WISE(W1);NEOWISE
57589.06871253;14.962;0.347;NEOWISE;WISE(W2);NEOWISE
57589.0688399;14.842;0.088;NEOWISE;WISE(W1);NEOWISE
57589.0688399;15.351;0.508;NEOWISE;WISE(W2);NEOWISE
57589.19974311;14.609;0.284;NEOWISE;WISE(W2);NEOWISE
57589.19974311;15.162;0.131;NEOWISE;WISE(W1);NEOWISE
57589.19987043;14.891;0.29;NEOWISE;WISE(W2);NEOWISE
57589.19987043;14.823;0.099;NEOWISE;WISE(W1);NEOWISE
57589.3307736;14.774;0.097;NEOWISE;WISE(W1);NEOWISE
57589.3307736;15.158;0.402;NEOWISE;WISE(W2);NEOWISE
57589.33090091;14.849;0.1;NEOWISE;WISE(W1);NEOWISE
57589.33090091;14.555;0.204;NEOWISE;WISE(W2);NEOWISE
57595.88217541;14.383;0.198;NEOWISE;WISE(W2);NEOWISE
57595.88217541;15.179;0.13;NEOWISE;WISE(W1);NEOWISE
57755.69941119;15.017;0.121;NEOWISE;WISE(W1);NEOWISE
57755.69941119;14.453;0.319;NEOWISE;WISE(W2);NEOWISE
57755.83031503;15.198;0.141;NEOWISE;WISE(W1);NEOWISE
57755.83031503;15.398;0.441;NEOWISE;WISE(W2);NEOWISE
57755.83044235;15.196;0.524;NEOWISE;WISE(W2);NEOWISE
57755.83044235;14.927;0.094;NEOWISE;WISE(W1);NEOWISE
57755.9613462;14.622;0.147;NEOWISE;WISE(W1);NEOWISE
57755.9613462;15.075;0.396;NEOWISE;WISE(W2);NEOWISE
57756.02692544;14.795;0.257;NEOWISE;WISE(W2);NEOWISE
57756.02692544;15.031;0.093;NEOWISE;WISE(W1);NEOWISE
57756.15782924;14.931;0.096;NEOWISE;WISE(W1);NEOWISE
57756.15782924;14.879;0.392;NEOWISE;WISE(W2);NEOWISE
57756.22340844;15.227;0.112;NEOWISE;WISE(W1);NEOWISE
57756.22340844;15.014;0.304;NEOWISE;WISE(W2);NEOWISE
57756.28886036;14.903;0.106;NEOWISE;WISE(W1);NEOWISE
57756.35431223;14.651;0.222;NEOWISE;WISE(W2);NEOWISE
57756.35431223;14.939;0.09;NEOWISE;WISE(W1);NEOWISE
57756.41989152;14.704;0.26;NEOWISE;WISE(W2);NEOWISE
57756.41989152;15.017;0.094;NEOWISE;WISE(W1);NEOWISE
57756.55079528;14.759;0.286;NEOWISE;WISE(W2);NEOWISE
57756.55079528;14.89;0.092;NEOWISE;WISE(W1);NEOWISE
57756.68182649;14.553;0.204;NEOWISE;WISE(W2);NEOWISE
57756.68182649;14.932;0.093;NEOWISE;WISE(W1);NEOWISE
57756.81285765;14.428;0.19;NEOWISE;WISE(W2);NEOWISE
57756.81285765;14.952;0.093;NEOWISE;WISE(W1);NEOWISE
57955.2360722;14.886;0.104;NEOWISE;WISE(W1);NEOWISE
57955.36710269;15.062;0.333;NEOWISE;WISE(W2);NEOWISE
57955.36710269;15.286;0.121;NEOWISE;WISE(W1);NEOWISE
57955.49800586;14.976;0.11;NEOWISE;WISE(W1);NEOWISE
57955.49800586;14.256;0.253;NEOWISE;WISE(W2);NEOWISE
57955.56345749;14.701;0.366;NEOWISE;WISE(W2);NEOWISE
57955.56345749;14.943;0.094;NEOWISE;WISE(W1);NEOWISE
57955.62890903;14.803;0.097;NEOWISE;WISE(W1);NEOWISE
57955.62890903;14.668;0.265;NEOWISE;WISE(W2);NEOWISE
57955.69436066;15.026;0.106;NEOWISE;WISE(W1);NEOWISE
57955.69436066;14.302;0.188;NEOWISE;WISE(W2);NEOWISE
57955.75981225;15.116;0.165;NEOWISE;WISE(W1);NEOWISE
57955.75981225;15.277;0.434;NEOWISE;WISE(W2);NEOWISE
57955.75993961;14.964;0.418;NEOWISE;WISE(W2);NEOWISE
57955.75993961;15.096;0.104;NEOWISE;WISE(W1);NEOWISE
57955.82539115;15.079;0.114;NEOWISE;WISE(W1);NEOWISE
57955.82539115;14.476;0.385;NEOWISE;WISE(W2);NEOWISE
57955.89084278;14.622;0.235;NEOWISE;WISE(W2);NEOWISE
57955.89084278;15.094;0.113;NEOWISE;WISE(W1);NEOWISE
57955.95629441;15.008;0.097;NEOWISE;WISE(W1);NEOWISE
57955.95629441;14.829;0.468;NEOWISE;WISE(W2);NEOWISE
57956.02174661;14.942;0.091;NEOWISE;WISE(W1);NEOWISE
57956.02174661;14.879;0.304;NEOWISE;WISE(W2);NEOWISE
57956.08719815;14.988;0.109;NEOWISE;WISE(W1);NEOWISE
57956.08719815;14.405;0.256;NEOWISE;WISE(W2);NEOWISE
57956.21822868;14.875;0.339;NEOWISE;WISE(W2);NEOWISE
57956.21822868;14.829;0.097;NEOWISE;WISE(W1);NEOWISE
57956.34913181;14.559;0.234;NEOWISE;WISE(W2);NEOWISE
57956.34913181;15.034;0.097;NEOWISE;WISE(W1);NEOWISE
58119.20826429;14.838;0.096;NEOWISE;WISE(W1);NEOWISE
58119.20826429;14.887;0.466;NEOWISE;WISE(W2);NEOWISE
58119.33916784;14.862;0.317;NEOWISE;WISE(W2);NEOWISE
58119.33916784;15.18;0.113;NEOWISE;WISE(W1);NEOWISE
58119.47007142;14.971;0.144;NEOWISE;WISE(W1);NEOWISE
58119.47007142;14.891;0.371;NEOWISE;WISE(W2);NEOWISE
58119.60097501;14.929;0.362;NEOWISE;WISE(W2);NEOWISE
58119.60097501;14.906;0.088;NEOWISE;WISE(W1);NEOWISE
58119.66642683;15.536;0.152;NEOWISE;WISE(W1);NEOWISE
58119.66642683;15.209;0.5;NEOWISE;WISE(W2);NEOWISE
58119.73187865;14.844;0.082;NEOWISE;WISE(W1);NEOWISE
58119.79733041;14.401;0.216;NEOWISE;WISE(W2);NEOWISE
58119.79733041;14.975;0.113;NEOWISE;WISE(W1);NEOWISE
58119.86278222;15.358;0.131;NEOWISE;WISE(W1);NEOWISE
58119.86278222;15.019;0.305;NEOWISE;WISE(W2);NEOWISE
58119.92823399;15.028;0.095;NEOWISE;WISE(W1);NEOWISE
58119.92823399;14.841;0.275;NEOWISE;WISE(W2);NEOWISE
58119.92836135;14.946;0.09;NEOWISE;WISE(W1);NEOWISE
58119.92836135;14.595;0.204;NEOWISE;WISE(W2);NEOWISE
58120.05926499;14.76;0.356;NEOWISE;WISE(W2);NEOWISE
58120.05926499;15.39;0.127;NEOWISE;WISE(W1);NEOWISE
58120.19016853;15.057;0.099;NEOWISE;WISE(W1);NEOWISE
58120.19016853;15.155;0.339;NEOWISE;WISE(W2);NEOWISE
58120.32107207;15.344;0.457;NEOWISE;WISE(W2);NEOWISE
58120.32107207;15.112;0.123;NEOWISE;WISE(W1);NEOWISE
58319.29029824;15.131;0.108;NEOWISE;WISE(W1);NEOWISE
58319.29029824;15.432;0.537;NEOWISE;WISE(W2);NEOWISE
58319.42120154;14.901;0.092;NEOWISE;WISE(W1);NEOWISE
58319.42120154;14.543;0.237;NEOWISE;WISE(W2);NEOWISE
58319.55159544;14.823;0.388;NEOWISE;WISE(W2);NEOWISE
58319.55159544;15.075;0.109;NEOWISE;WISE(W1);NEOWISE
58319.61755642;15.113;0.107;NEOWISE;WISE(W1);NEOWISE
58319.61755642;15.264;0.426;NEOWISE;WISE(W2);NEOWISE
58319.68300806;14.817;0.095;NEOWISE;WISE(W1);NEOWISE
58319.68300806;14.608;0.248;NEOWISE;WISE(W2);NEOWISE
58319.74845964;14.54;0.257;NEOWISE;WISE(W2);NEOWISE
58319.74845964;15.02;0.103;NEOWISE;WISE(W1);NEOWISE
58319.81378395;14.519;0.256;NEOWISE;WISE(W2);NEOWISE
58319.81378395;14.988;0.106;NEOWISE;WISE(W1);NEOWISE
58319.87923562;14.984;0.096;NEOWISE;WISE(W1);NEOWISE
58319.9446873;14.819;0.091;NEOWISE;WISE(W1);NEOWISE
58320.01013888;15.277;0.537;NEOWISE;WISE(W2);NEOWISE
58320.01013888;14.973;0.091;NEOWISE;WISE(W1);NEOWISE
58320.07559056;15.013;0.357;NEOWISE;WISE(W2);NEOWISE
58320.07559056;14.991;0.138;NEOWISE;WISE(W1);NEOWISE
58320.14104275;15.271;0.207;NEOWISE;WISE(W1);NEOWISE
58320.27194596;15.009;0.097;NEOWISE;WISE(W1);NEOWISE
58320.4027219;14.794;0.107;NEOWISE;WISE(W1);NEOWISE
58320.4027219;14.577;0.253;NEOWISE;WISE(W2);NEOWISE
58320.5331158;15.319;0.132;NEOWISE;WISE(W1);NEOWISE
58320.5331158;15.122;0.393;NEOWISE;WISE(W2);NEOWISE
58479.78724247;15.001;0.344;NEOWISE;WISE(W2);NEOWISE
58479.78724247;14.973;0.122;NEOWISE;WISE(W1);NEOWISE
58479.91814598;14.895;0.098;NEOWISE;WISE(W1);NEOWISE
58479.91814598;15.41;0.539;NEOWISE;WISE(W2);NEOWISE
58480.04904954;14.379;0.259;NEOWISE;WISE(W2);NEOWISE
58480.04904954;14.85;0.085;NEOWISE;WISE(W1);NEOWISE
58480.24527744;15.092;0.133;NEOWISE;WISE(W1);NEOWISE
58480.24527744;14.337;0.262;NEOWISE;WISE(W2);NEOWISE
58480.31072919;14.88;0.085;NEOWISE;WISE(W1);NEOWISE
58480.31072919;14.488;0.245;NEOWISE;WISE(W2);NEOWISE
58480.37618095;15.014;0.347;NEOWISE;WISE(W2);NEOWISE
58480.37618095;15.045;0.103;NEOWISE;WISE(W1);NEOWISE
58480.44163275;14.058;0.206;NEOWISE;WISE(W2);NEOWISE
58480.44163275;15.035;0.094;NEOWISE;WISE(W1);NEOWISE
58480.5724089;14.613;0.277;NEOWISE;WISE(W2);NEOWISE
58480.5724089;14.95;0.091;NEOWISE;WISE(W1);NEOWISE
58480.63786065;14.448;0.193;NEOWISE;WISE(W2);NEOWISE
58480.63786065;14.995;0.099;NEOWISE;WISE(W1);NEOWISE
58480.76876415;15.021;0.093;NEOWISE;WISE(W1);NEOWISE
58480.76876415;14.983;0.408;NEOWISE;WISE(W2);NEOWISE
58480.89966772;15.106;0.118;NEOWISE;WISE(W1);NEOWISE
58683.45976034;15.044;0.097;NEOWISE;WISE(W1);NEOWISE
58683.45976034;14.927;0.357;NEOWISE;WISE(W2);NEOWISE
58683.59053619;14.128;0.225;NEOWISE;WISE(W2);NEOWISE
58683.59053619;15.0;0.1;NEOWISE;WISE(W1);NEOWISE
58683.72143926;15.047;0.1;NEOWISE;WISE(W1);NEOWISE
58683.72143926;14.708;0.269;NEOWISE;WISE(W2);NEOWISE
58683.8522151;15.032;0.098;NEOWISE;WISE(W1);NEOWISE
58683.8522151;15.082;0.428;NEOWISE;WISE(W2);NEOWISE
58683.91766664;14.957;0.101;NEOWISE;WISE(W1);NEOWISE
58683.91766664;15.178;0.492;NEOWISE;WISE(W2);NEOWISE
58683.98299091;15.123;0.228;NEOWISE;WISE(W1);NEOWISE
58684.0484425;15.068;0.107;NEOWISE;WISE(W1);NEOWISE
58684.0484425;14.747;0.313;NEOWISE;WISE(W2);NEOWISE
58684.11389407;14.395;0.336;NEOWISE;WISE(W2);NEOWISE
58684.11389407;14.951;0.104;NEOWISE;WISE(W1);NEOWISE
58684.1792183;14.622;0.297;NEOWISE;WISE(W2);NEOWISE
58684.1792183;14.642;0.11;NEOWISE;WISE(W1);NEOWISE
58684.17934566;15.061;0.101;NEOWISE;WISE(W1);NEOWISE
58684.24466988;15.146;0.121;NEOWISE;WISE(W1);NEOWISE
58684.24466988;14.653;0.332;NEOWISE;WISE(W2);NEOWISE
58684.31012137;15.083;0.112;NEOWISE;WISE(W1);NEOWISE
58684.44089722;14.895;0.089;NEOWISE;WISE(W1);NEOWISE
58684.44089722;15.225;0.45;NEOWISE;WISE(W2);NEOWISE
58684.57180034;14.508;0.433;NEOWISE;WISE(W2);NEOWISE
58684.57180034;15.215;0.116;NEOWISE;WISE(W1);NEOWISE
58684.70257605;14.748;0.445;NEOWISE;WISE(W2);NEOWISE
58684.70257605;14.803;0.094;NEOWISE;WISE(W1);NEOWISE
58689.02047113;15.129;0.117;NEOWISE;WISE(W1);NEOWISE
58689.02047113;14.732;0.339;NEOWISE;WISE(W2);NEOWISE
58689.21669847;15.086;0.141;NEOWISE;WISE(W1);NEOWISE
58689.21669847;14.908;0.468;NEOWISE;WISE(W2);NEOWISE
58844.03509608;15.713;0.18;NEOWISE;WISE(W1);NEOWISE
58844.03509608;15.163;0.445;NEOWISE;WISE(W2);NEOWISE
58844.29677564;14.85;0.517;NEOWISE;WISE(W2);NEOWISE
58844.29677564;15.408;0.216;NEOWISE;WISE(W1);NEOWISE
58844.36222733;14.995;0.096;NEOWISE;WISE(W1);NEOWISE
58844.36222733;14.699;0.26;NEOWISE;WISE(W2);NEOWISE
58844.42755171;15.138;0.407;NEOWISE;WISE(W2);NEOWISE
58844.42755171;14.892;0.101;NEOWISE;WISE(W1);NEOWISE
58844.49300351;14.626;0.241;NEOWISE;WISE(W2);NEOWISE
58844.49300351;15.515;0.218;NEOWISE;WISE(W1);NEOWISE
58844.55845524;15.019;0.333;NEOWISE;WISE(W2);NEOWISE
58844.55845524;15.065;0.099;NEOWISE;WISE(W1);NEOWISE
58844.62377958;15.164;0.119;NEOWISE;WISE(W1);NEOWISE
58844.62377958;14.116;0.536;NEOWISE;WISE(W2);NEOWISE
58844.68923132;14.807;0.322;NEOWISE;WISE(W2);NEOWISE
58844.68923132;15.211;0.112;NEOWISE;WISE(W1);NEOWISE
58844.75468311;15.113;0.119;NEOWISE;WISE(W1);NEOWISE
58844.75468311;14.805;0.316;NEOWISE;WISE(W2);NEOWISE
58844.82000749;14.973;0.184;NEOWISE;WISE(W1);NEOWISE
58844.82000749;14.595;0.229;NEOWISE;WISE(W2);NEOWISE
58844.88545924;15.153;0.109;NEOWISE;WISE(W1);NEOWISE
58844.88545924;14.843;0.303;NEOWISE;WISE(W2);NEOWISE
58852.93054892;14.694;0.082;NEOWISE;WISE(W1);NEOWISE
58852.93054892;14.995;0.326;NEOWISE;WISE(W2);NEOWISE
58852.9958733;14.64;0.239;NEOWISE;WISE(W2);NEOWISE
58852.9958733;15.317;0.124;NEOWISE;WISE(W1);NEOWISE
59050.64915627;15.129;0.11;NEOWISE;WISE(W1);NEOWISE
59050.64915627;14.567;0.274;NEOWISE;WISE(W2);NEOWISE
59050.77993206;14.971;0.382;NEOWISE;WISE(W2);NEOWISE
59050.77993206;15.003;0.114;NEOWISE;WISE(W1);NEOWISE
59050.91070793;14.957;0.099;NEOWISE;WISE(W1);NEOWISE
59051.04148376;15.091;0.104;NEOWISE;WISE(W1);NEOWISE
59051.10693535;15.175;0.115;NEOWISE;WISE(W1);NEOWISE
59051.10693535;14.833;0.416;NEOWISE;WISE(W2);NEOWISE
59051.17225963;15.184;0.183;NEOWISE;WISE(W1);NEOWISE
59051.23771113;15.43;0.149;NEOWISE;WISE(W1);NEOWISE
59051.30303536;14.616;0.476;NEOWISE;WISE(W2);NEOWISE
59051.30303536;15.031;0.111;NEOWISE;WISE(W1);NEOWISE
59051.36848752;14.773;0.086;NEOWISE;WISE(W1);NEOWISE
59051.43381171;14.801;0.09;NEOWISE;WISE(W1);NEOWISE
59051.43393907;13.229;0.147;NEOWISE;WISE(W2);NEOWISE
59051.43393907;14.966;0.117;NEOWISE;WISE(W1);NEOWISE
59051.49926331;14.118;0.314;NEOWISE;WISE(W2);NEOWISE
59051.49926331;15.171;0.113;NEOWISE;WISE(W1);NEOWISE
59051.63003913;15.12;0.123;NEOWISE;WISE(W1);NEOWISE
59051.63003913;15.034;0.449;NEOWISE;WISE(W2);NEOWISE
59051.76081495;14.214;0.207;NEOWISE;WISE(W2);NEOWISE
59051.76081495;14.809;0.09;NEOWISE;WISE(W1);NEOWISE
59051.89159079;14.724;0.101;NEOWISE;WISE(W1);NEOWISE
59051.89159079;14.369;0.311;NEOWISE;WISE(W2);NEOWISE
59211.29845125;14.618;0.122;NEOWISE;WISE(W1);NEOWISE
59211.29845125;14.695;0.276;NEOWISE;WISE(W2);NEOWISE
59211.29857857;15.265;0.134;NEOWISE;WISE(W1);NEOWISE
59211.29857857;14.759;0.259;NEOWISE;WISE(W2);NEOWISE
59211.42922734;15.123;0.172;NEOWISE;WISE(W1);NEOWISE
59211.42922734;15.159;0.348;NEOWISE;WISE(W2);NEOWISE
59211.4293547;15.178;0.202;NEOWISE;WISE(W1);NEOWISE
59211.56000352;15.212;0.117;NEOWISE;WISE(W1);NEOWISE
59211.56000352;15.13;0.355;NEOWISE;WISE(W2);NEOWISE
59211.62545527;14.793;0.269;NEOWISE;WISE(W2);NEOWISE
59211.62545527;15.045;0.1;NEOWISE;WISE(W1);NEOWISE
59211.69077965;14.792;0.295;NEOWISE;WISE(W2);NEOWISE
59211.69077965;15.048;0.101;NEOWISE;WISE(W1);NEOWISE
59211.75623141;14.99;0.099;NEOWISE;WISE(W1);NEOWISE
59211.75623141;14.864;0.31;NEOWISE;WISE(W2);NEOWISE
59211.82155584;14.388;0.191;NEOWISE;WISE(W2);NEOWISE
59211.82155584;14.913;0.119;NEOWISE;WISE(W1);NEOWISE
59211.88700759;15.174;0.379;NEOWISE;WISE(W2);NEOWISE
59211.88700759;14.837;0.083;NEOWISE;WISE(W1);NEOWISE
59212.01778373;14.705;0.306;NEOWISE;WISE(W2);NEOWISE
59212.01778373;15.143;0.112;NEOWISE;WISE(W1);NEOWISE
59212.27933591;14.791;0.319;NEOWISE;WISE(W2);NEOWISE
59212.27933591;15.002;0.175;NEOWISE;WISE(W1);NEOWISE
59414.80696247;14.002;0.198;NEOWISE;WISE(W2);NEOWISE
59414.80696247;15.106;0.113;NEOWISE;WISE(W1);NEOWISE
59414.93773835;14.833;0.117;NEOWISE;WISE(W1);NEOWISE
59415.06838688;15.201;0.163;NEOWISE;WISE(W1);NEOWISE
59415.06838688;15.377;0.517;NEOWISE;WISE(W2);NEOWISE
59415.19916267;15.022;0.11;NEOWISE;WISE(W1);NEOWISE
59415.19916267;14.265;0.27;NEOWISE;WISE(W2);NEOWISE
59415.26448691;15.042;0.116;NEOWISE;WISE(W1);NEOWISE
59415.32981119;14.554;0.26;NEOWISE;WISE(W2);NEOWISE
59415.32981119;15.282;0.131;NEOWISE;WISE(W1);NEOWISE
59415.39513538;14.643;0.331;NEOWISE;WISE(W2);NEOWISE
59415.39513538;15.013;0.104;NEOWISE;WISE(W1);NEOWISE
59415.46058704;15.032;0.104;NEOWISE;WISE(W1);NEOWISE
59415.52591127;15.046;0.107;NEOWISE;WISE(W1);NEOWISE
59415.52591127;14.739;0.412;NEOWISE;WISE(W2);NEOWISE
59415.59123546;15.036;0.107;NEOWISE;WISE(W1);NEOWISE
59415.6565597;15.076;0.259;NEOWISE;WISE(W1);NEOWISE
59415.78733554;15.227;0.315;NEOWISE;WISE(W1);NEOWISE
59415.91798407;14.684;0.099;NEOWISE;WISE(W1);NEOWISE
59415.91798407;15.035;0.473;NEOWISE;WISE(W2);NEOWISE
59416.04875991;14.046;0.196;NEOWISE;WISE(W2);NEOWISE
59416.04875991;15.001;0.093;NEOWISE;WISE(W1);NEOWISE
59575.35172362;14.806;0.376;NEOWISE;WISE(W2);NEOWISE
59575.35172362;14.719;0.075;NEOWISE;WISE(W1);NEOWISE
59575.61302118;15.092;0.154;NEOWISE;WISE(W1);NEOWISE
59575.61302118;14.563;0.257;NEOWISE;WISE(W2);NEOWISE
59575.74367056;14.56;0.227;NEOWISE;WISE(W2);NEOWISE
59575.74367056;15.043;0.142;NEOWISE;WISE(W1);NEOWISE
59575.80899494;14.646;0.265;NEOWISE;WISE(W2);NEOWISE
59575.80899494;15.333;0.126;NEOWISE;WISE(W1);NEOWISE
59575.87431936;15.168;0.106;NEOWISE;WISE(W1);NEOWISE
59575.87431936;15.369;0.501;NEOWISE;WISE(W2);NEOWISE
59575.87444672;15.113;0.322;NEOWISE;WISE(W2);NEOWISE
59575.87444672;15.229;0.122;NEOWISE;WISE(W1);NEOWISE
59575.9397711;14.853;0.084;NEOWISE;WISE(W1);NEOWISE
59575.9397711;15.242;0.51;NEOWISE;WISE(W2);NEOWISE
59576.00509549;15.126;0.12;NEOWISE;WISE(W1);NEOWISE
59576.07041991;14.891;0.119;NEOWISE;WISE(W1);NEOWISE
59576.07041991;13.819;0.162;NEOWISE;WISE(W2);NEOWISE
59576.20106862;15.219;0.151;NEOWISE;WISE(W1);NEOWISE
59576.20106862;14.454;0.247;NEOWISE;WISE(W2);NEOWISE
59576.33171742;14.962;0.1;NEOWISE;WISE(W1);NEOWISE
59576.33171742;14.87;0.48;NEOWISE;WISE(W2);NEOWISE
59778.86126146;14.953;0.403;NEOWISE;WISE(W2);NEOWISE
59778.86126146;15.061;0.106;NEOWISE;WISE(W1);NEOWISE
59778.99178267;14.953;0.106;NEOWISE;WISE(W1);NEOWISE
59779.12217043;15.095;0.103;NEOWISE;WISE(W1);NEOWISE
59779.12217043;14.826;0.33;NEOWISE;WISE(W2);NEOWISE
59779.25269164;14.96;0.098;NEOWISE;WISE(W1);NEOWISE
59779.25269164;14.506;0.383;NEOWISE;WISE(W2);NEOWISE
59779.31788853;14.702;0.278;NEOWISE;WISE(W2);NEOWISE
59779.31788853;15.116;0.107;NEOWISE;WISE(W1);NEOWISE
59779.38308545;15.039;0.161;NEOWISE;WISE(W1);NEOWISE
59779.44840975;14.786;0.103;NEOWISE;WISE(W1);NEOWISE
59779.51360667;15.402;0.147;NEOWISE;WISE(W1);NEOWISE
59779.57880354;14.341;0.253;NEOWISE;WISE(W2);NEOWISE
59779.57880354;15.263;0.122;NEOWISE;WISE(W1);NEOWISE
59779.64400043;15.037;0.118;NEOWISE;WISE(W1);NEOWISE
59779.70932466;14.953;0.113;NEOWISE;WISE(W1);NEOWISE
59779.83971852;15.143;0.117;NEOWISE;WISE(W1);NEOWISE
59779.83971852;14.525;0.254;NEOWISE;WISE(W2);NEOWISE
59779.97023973;14.443;0.241;NEOWISE;WISE(W2);NEOWISE
59779.97023973;14.927;0.093;NEOWISE;WISE(W1);NEOWISE
59780.10063411;14.879;0.088;NEOWISE;WISE(W1);NEOWISE
59781.86235174;14.227;0.241;NEOWISE;WISE(W2);NEOWISE
59781.86235174;14.948;0.095;NEOWISE;WISE(W1);NEOWISE
59781.99287295;14.352;0.215;NEOWISE;WISE(W2);NEOWISE
59781.99287295;15.043;0.137;NEOWISE;WISE(W1);NEOWISE
59782.12275744;14.264;0.213;NEOWISE;WISE(W2);NEOWISE
59782.12275744;15.257;0.121;NEOWISE;WISE(W1);NEOWISE
59782.25378797;14.364;0.252;NEOWISE;WISE(W2);NEOWISE
59782.25378797;14.907;0.105;NEOWISE;WISE(W1);NEOWISE
59782.31898485;15.14;0.11;NEOWISE;WISE(W1);NEOWISE
59782.31898485;14.466;0.262;NEOWISE;WISE(W2);NEOWISE
59782.38418178;15.285;0.126;NEOWISE;WISE(W1);NEOWISE
59782.44937927;15.062;0.521;NEOWISE;WISE(W2);NEOWISE
59782.44937927;15.04;0.131;NEOWISE;WISE(W1);NEOWISE
59782.51470352;14.829;0.096;NEOWISE;WISE(W1);NEOWISE
59782.57990044;14.564;0.466;NEOWISE;WISE(W2);NEOWISE
59782.57990044;15.273;0.131;NEOWISE;WISE(W1);NEOWISE
59782.64509733;14.892;0.098;NEOWISE;WISE(W1);NEOWISE
59782.64509733;14.555;0.331;NEOWISE;WISE(W2);NEOWISE
59782.7102942;15.075;0.151;NEOWISE;WISE(W1);NEOWISE
59782.7102942;15.189;0.497;NEOWISE;WISE(W2);NEOWISE
59782.84081542;14.873;0.165;NEOWISE;WISE(W1);NEOWISE
59782.84081542;14.156;0.338;NEOWISE;WISE(W2);NEOWISE
59782.97120927;14.577;0.259;NEOWISE;WISE(W2);NEOWISE
59782.97120927;14.971;0.115;NEOWISE;WISE(W1);NEOWISE
59783.10173044;14.797;0.093;NEOWISE;WISE(W1);NEOWISE
59939.66750481;15.367;0.192;NEOWISE;WISE(W1);NEOWISE
59939.66750481;14.985;0.348;NEOWISE;WISE(W2);NEOWISE
59939.79777174;15.001;0.144;NEOWISE;WISE(W1);NEOWISE
59939.86296877;14.853;0.087;NEOWISE;WISE(W1);NEOWISE
59939.86296877;15.022;0.326;NEOWISE;WISE(W2);NEOWISE
59939.9280386;14.834;0.131;NEOWISE;WISE(W1);NEOWISE
59939.9280386;15.018;0.43;NEOWISE;WISE(W2);NEOWISE
59939.99323569;14.675;0.26;NEOWISE;WISE(W2);NEOWISE
59939.99323569;15.158;0.12;NEOWISE;WISE(W1);NEOWISE
59940.05830547;15.002;0.104;NEOWISE;WISE(W1);NEOWISE
59940.05830547;14.876;0.363;NEOWISE;WISE(W2);NEOWISE
59940.18857234;15.462;0.533;NEOWISE;WISE(W2);NEOWISE
59940.18857234;14.639;0.096;NEOWISE;WISE(W1);NEOWISE
59940.25376943;15.277;0.128;NEOWISE;WISE(W1);NEOWISE
59940.38403631;15.456;0.516;NEOWISE;WISE(W2);NEOWISE
59940.38403631;14.97;0.09;NEOWISE;WISE(W1);NEOWISE
59940.64457;14.974;0.091;NEOWISE;WISE(W1);NEOWISE
59940.64457;14.551;0.291;NEOWISE;WISE(W2);NEOWISE
59945.00793802;14.958;0.092;NEOWISE;WISE(W1);NEOWISE
59945.00793802;14.805;0.338;NEOWISE;WISE(W2);NEOWISE
60146.02033294;14.973;0.1;NEOWISE;WISE(W1);NEOWISE
60146.14996278;15.324;0.163;NEOWISE;WISE(W1);NEOWISE
60146.14996278;14.487;0.219;NEOWISE;WISE(W2);NEOWISE
60146.15009014;15.141;0.12;NEOWISE;WISE(W1);NEOWISE
60146.27971994;14.752;0.092;NEOWISE;WISE(W1);NEOWISE
60146.40934978;14.912;0.106;NEOWISE;WISE(W1);NEOWISE
60146.47429205;14.405;0.372;NEOWISE;WISE(W2);NEOWISE
60146.47429205;15.177;0.136;NEOWISE;WISE(W1);NEOWISE
60146.53859759;15.059;0.103;NEOWISE;WISE(W1);NEOWISE
60146.60392184;14.979;0.098;NEOWISE;WISE(W1);NEOWISE
60146.60392184;15.137;0.426;NEOWISE;WISE(W2);NEOWISE
60146.66873679;15.163;0.162;NEOWISE;WISE(W1);NEOWISE
60146.66873679;14.957;0.502;NEOWISE;WISE(W2);NEOWISE
60146.733679;15.036;0.108;NEOWISE;WISE(W1);NEOWISE
60146.79849395;14.57;0.251;NEOWISE;WISE(W2);NEOWISE
60146.79849395;14.84;0.09;NEOWISE;WISE(W1);NEOWISE
60146.86330885;15.1;0.114;NEOWISE;WISE(W1);NEOWISE
60146.9281238;15.056;0.116;NEOWISE;WISE(W1);NEOWISE
60146.99293936;15.279;0.166;NEOWISE;WISE(W1);NEOWISE
60147.12269652;14.713;0.288;NEOWISE;WISE(W2);NEOWISE
60147.12269652;15.043;0.124;NEOWISE;WISE(W1);NEOWISE
60147.25232632;14.605;0.321;NEOWISE;WISE(W2);NEOWISE
60147.25232632;15.055;0.112;NEOWISE;WISE(W1);NEOWISE
60147.38208347;15.033;0.105;NEOWISE;WISE(W1);NEOWISE
60147.38208347;14.974;0.346;NEOWISE;WISE(W2);NEOWISE
60196.32297449978;20.53444316244739;0.2249334684852129;ZTF;ZTF(zg);ZTF
60200.37221059995;20.26446072000976;0.1504945961810392;ZTF;ZTF(zg);ZTF
60202.266145799775;19.57557301194564;0.0970695171235757;ZTF;ZTF(zr);ZTF
60202.43773149978;20.250832369110885;0.1816746440673936;ZTF;ZTF(zg);ZTF
60204.35063660005;19.97113209641165;0.1435476279362687;ZTF;ZTF(zg);ZTF
60204.40510419989;19.56993609968803;0.0842415038115224;ZTF;ZTF(zr);ZTF
60206.41362270014;19.75768987528997;0.126050183099633;ZTF;ZTF(zg);ZTF
60206.4294906999;19.477068294594478;0.0858361231491251;ZTF;ZTF(zr);ZTF
60209.31043979991;19.269590369012107;0.093484942354366;ZTF;ZTF(zr);ZTF
60209.34994209977;19.72017906265154;0.1627474487913013;ZTF;ZTF(zg);ZTF
60212.3833912001;19.254989941455097;0.0774314523743782;ZTF;ZTF(zr);ZTF
60212.41009260016;19.53602544001049;0.113936146239269;ZTF;ZTF(zg);ZTF
60214.27741899993;19.244302013915764;0.0982409357752812;ZTF;ZTF(zr);ZTF
60214.36952550011;19.39632186526;0.1588640551845157;ZTF;ZTF(zg);ZTF
60216.485671299975;19.039764498084253;0.1499988875546839;ZTF;ZTF(zr);ZTF
60221.17881939979;19.21823436678984;0.1057855200384824;ZTF;ZTF(zg);ZTF
60221.28443290014;19.113201467606324;0.1150074806062114;ZTF;ZTF(zr);ZTF
60223.215428200085;18.942387492620337;0.0778000935055745;ZTF;ZTF(zr);ZTF
60223.28827549983;19.078897968167567;0.0984699445045547;ZTF;ZTF(zg);ZTF
60226.28203700017;18.89349713677568;0.0759566761105408;ZTF;ZTF(zr);ZTF
60228.257060199976;18.96502343088205;0.0828978840638328;ZTF;ZTF(zg);ZTF
60231.195185199846;18.9056588270676;0.0760152741218201;ZTF;ZTF(zg);ZTF
60231.33180559985;18.923443101412232;0.0711609175390332;ZTF;ZTF(zr);ZTF
60233.17899309984;18.88118851930028;0.0690812121098279;ZTF;ZTF(zr);ZTF
60233.21849540016;18.932374636485783;0.0901213052360437;ZTF;ZTF(zg);ZTF
60235.20121529978;18.93034181559859;0.0944066139523613;ZTF;ZTF(zg);ZTF
60235.24312500004;18.860890883376086;0.0691819968634178;ZTF;ZTF(zr);ZTF
60237.19858800015;18.90547008072336;0.0792510605702663;ZTF;ZTF(zr);ZTF
60237.21539349994;18.90732307567135;0.105770375241622;ZTF;ZTF(zg);ZTF
60239.2843865999;18.905102855092327;0.0824596763023725;ZTF;ZTF(zg);ZTF
60239.3445255002;18.859316758962365;0.0653818378717827;ZTF;ZTF(zr);ZTF
60242.24405089999;18.903188743018447;0.0995451386121222;ZTF;ZTF(zr);ZTF
60242.31850690022;18.849745932275745;0.0944332165073403;ZTF;ZTF(zg);ZTF
60245.22380790021;18.882612150338424;0.1250966186782532;ZTF;ZTF(zr);ZTF
60245.285138899926;18.82919786166848;0.1251014244812526;ZTF;ZTF(zg);ZTF
60250.18170139985;18.954702428121884;0.1044623444081175;ZTF;ZTF(zg);ZTF
60250.26829859987;18.952453633314494;0.0821199443198902;ZTF;ZTF(zr);ZTF
60252.1948032002;19.02099685609304;0.1133844444406195;ZTF;ZTF(zg);ZTF
60252.28918980016;18.85067566828969;0.07395755424119;ZTF;ZTF(zr);ZTF
60254.141990699805;18.91464199552827;0.0711416045126019;ZTF;ZTF(zr);ZTF
60254.195081000216;18.990789063960044;0.0809174168795086;ZTF;ZTF(zg);ZTF
60257.17672450002;19.013282768992333;0.0933884442593446;ZTF;ZTF(zr);ZTF
60257.228703700006;18.98223858459424;0.1316007231333616;ZTF;ZTF(zg);ZTF
60259.202326400205;19.035291570016103;0.1129968219324518;ZTF;ZTF(zg);ZTF
60259.29476850014;19.02464209072881;0.0928800035325618;ZTF;ZTF(zr);ZTF
60261.15836809995;19.022932592958984;0.0657230926340347;ZTF;ZTF(zr);ZTF
60261.19790509995;19.10159489396333;0.1041582883679596;ZTF;ZTF(zg);ZTF
60284.15859950008;19.19362693608328;0.0853302115229085;ZTF;ZTF(zr);ZTF
60284.21976849996;19.384396676012624;0.1373999370022876;ZTF;ZTF(zg);ZTF
60288.13767360011;19.46277731415873;0.1793119743134508;ZTF;ZTF(zg);ZTF
60288.197233799845;19.125007775749246;0.1273868234281207;ZTF;ZTF(zr);ZTF
60290.18032409996;19.28818047611366;0.0928291243969389;ZTF;ZTF(zr);ZTF
60290.21987270005;19.522841409314427;0.120846033585374;ZTF;ZTF(zg);ZTF
60306.67342531;14.909;0.091;NEOWISE;WISE(W1);NEOWISE
60306.8024188;14.71;0.258;NEOWISE;WISE(W2);NEOWISE
60306.8024188;15.024;0.109;NEOWISE;WISE(W1);NEOWISE
60306.86697917;14.98;0.102;NEOWISE;WISE(W1);NEOWISE
60306.86697917;14.665;0.302;NEOWISE;WISE(W2);NEOWISE
60306.9315396;14.94;0.102;NEOWISE;WISE(W1);NEOWISE
60306.9315396;14.491;0.233;NEOWISE;WISE(W2);NEOWISE
60306.99610002;15.226;0.411;NEOWISE;WISE(W2);NEOWISE
60306.99610002;15.006;0.109;NEOWISE;WISE(W1);NEOWISE
60307.06066039;14.678;0.276;NEOWISE;WISE(W2);NEOWISE
60307.06066039;14.967;0.126;NEOWISE;WISE(W1);NEOWISE
60307.1897812;14.877;0.306;NEOWISE;WISE(W2);NEOWISE
60307.1897812;15.128;0.123;NEOWISE;WISE(W1);NEOWISE
60307.25421421;14.811;0.323;NEOWISE;WISE(W2);NEOWISE
60307.25421421;14.984;0.133;NEOWISE;WISE(W1);NEOWISE
60307.25434153;14.85;0.263;NEOWISE;WISE(W2);NEOWISE
60307.25434153;14.968;0.126;NEOWISE;WISE(W1);NEOWISE
60307.31877459;14.977;0.109;NEOWISE;WISE(W1);NEOWISE
60307.31877459;14.49;0.27;NEOWISE;WISE(W2);NEOWISE
60307.38333497;14.873;0.09;NEOWISE;WISE(W1);NEOWISE
60307.38333497;15.085;0.449;NEOWISE;WISE(W2);NEOWISE
60307.64157719;15.074;0.098;NEOWISE;WISE(W1);NEOWISE
60311.14469909994;19.422530712404757;0.1044129108368439;ZTF;ZTF(zr);ZTF
60510.21011132;15.147;0.131;NEOWISE;WISE(W1);NEOWISE
60510.21023863;15.352;0.202;NEOWISE;WISE(W1);NEOWISE
60510.33770363;15.099;0.131;NEOWISE;WISE(W1);NEOWISE
60510.46529595;15.479;0.182;NEOWISE;WISE(W1);NEOWISE
60510.59288822;14.957;0.108;NEOWISE;WISE(W1);NEOWISE
60510.65668439;14.99;0.203;NEOWISE;WISE(W1);NEOWISE
60510.65668439;14.403;0.413;NEOWISE;WISE(W2);NEOWISE
60510.72035318;14.585;0.432;NEOWISE;WISE(W2);NEOWISE
60510.72035318;14.951;0.169;NEOWISE;WISE(W1);NEOWISE
60510.78414939;15.401;0.17;NEOWISE;WISE(W1);NEOWISE
60510.78414939;14.286;0.392;NEOWISE;WISE(W2);NEOWISE
60510.9117417;14.281;0.355;NEOWISE;WISE(W2);NEOWISE
60510.9117417;14.823;0.131;NEOWISE;WISE(W1);NEOWISE
60510.97553791;14.778;0.525;NEOWISE;WISE(W2);NEOWISE
60510.97553791;15.064;0.121;NEOWISE;WISE(W1);NEOWISE
60511.03933407;15.111;0.127;NEOWISE;WISE(W1);NEOWISE
60511.10300344;15.477;0.186;NEOWISE;WISE(W1);NEOWISE
60511.10300344;14.691;0.404;NEOWISE;WISE(W2);NEOWISE
60511.16679964;14.422;0.413;NEOWISE;WISE(W2);NEOWISE
60511.16679964;14.955;0.134;NEOWISE;WISE(W1);NEOWISE
60511.29439196;14.858;0.183;NEOWISE;WISE(W1);NEOWISE
60511.42185691;15.148;0.199;NEOWISE;WISE(W1);NEOWISE
60511.42198424;15.88;0.247;NEOWISE;WISE(W1);NEOWISE
60511.54944919;14.759;0.399;NEOWISE;WISE(W2);NEOWISE
60511.54944919;14.83;0.096;NEOWISE;WISE(W1);NEOWISE
60519.00737192;14.979;0.139;NEOWISE;WISE(W1);NEOWISE
