WAVE,FLUX,ERR,SKYBACK
3638.404,8.5187374E-17,8.371934E-18,2.3308412E-16
3643.928,9.424735E-17,8.232436E-18,2.114844E-16
3649.4517,1.00957195E-16,8.0977954E-18,1.9665688E-16
3654.9756,9.2423854E-17,7.912319E-18,1.9871945E-16
3660.4993,7.426657E-17,7.604032E-18,1.9962294E-16
3666.0232,7.746464E-17,7.583515E-18,2.0526374E-16
3671.5469,6.6911765E-17,7.525219E-18,2.3179467E-16
3677.0708,9.1523233E-17,7.656113E-18,2.2482226E-16
3682.5945,9.285198E-17,7.539947E-18,2.193067E-16
3688.1184,8.1895096E-17,7.282695E-18,2.0965928E-16
3693.642,7.534685E-17,7.080144E-18,2.024337E-16
3699.166,9.631088E-17,7.161398E-18,1.9340737E-16
3704.69,8.0918235E-17,6.923006E-18,1.9428576E-16
3710.2136,6.3231956E-17,6.8414363E-18,2.2195135E-16
3715.7375,7.42674E-17,6.8145285E-18,2.1113227E-16
3721.2612,7.314027E-17,6.738591E-18,2.1515745E-16
3726.7852,8.282056E-17,6.626817E-18,1.8982546E-16
3732.3088,8.783007E-17,6.6346867E-18,1.9358837E-16
3737.8328,8.3491085E-17,6.4553456E-18,1.8251355E-16
3743.3564,8.290389E-17,6.4523653E-18,1.9249544E-16
3748.8804,8.360349E-17,6.4377097E-18,1.9981456E-16
3754.404,7.52275E-17,6.3142236E-18,2.0337233E-16
3759.928,8.084066E-17,6.3083225E-18,2.0284025E-16
3765.4517,8.7051045E-17,6.2655E-18,1.9454592E-16
3770.9756,7.106469E-17,5.9996225E-18,1.859357E-16
3776.4993,7.4372206E-17,5.9717618E-18,1.8356407E-16
3782.0232,8.3463186E-17,5.9817272E-18,1.785866E-16
3787.5469,8.779495E-17,6.0041174E-18,1.8363946E-16
3793.0708,7.098839E-17,5.7750363E-18,1.8081152E-16
3798.5945,8.0833115E-17,5.7240042E-18,1.6368576E-16
3804.1184,6.9101504E-17,5.550543E-18,1.6064385E-16
3809.642,8.177644E-17,5.5780503E-18,1.5280629E-16
3815.166,7.524504E-17,5.522229E-18,1.6000994E-16
3820.6897,7.950297E-17,5.5473784E-18,1.6521349E-16
3826.2136,7.901525E-17,5.524731E-18,1.6886706E-16
3831.7373,7.7968185E-17,5.517981E-18,1.7490547E-16
3837.2612,7.361255E-17,5.3840772E-18,1.6569872E-16
3842.785,6.9849255E-17,5.256677E-18,1.580366E-16
3848.3088,7.191758E-17,5.20357E-18,1.5099277E-16
3853.8325,7.7803967E-17,5.23712E-18,1.5226142E-16
3859.3564,7.74656E-17,5.1492965E-18,1.4378383E-16
3864.8801,8.1313674E-17,5.1197273E-18,1.3741772E-16
3870.404,7.3531254E-17,5.1136487E-18,1.5488657E-16
3875.9277,6.981761E-17,5.132655E-18,1.7026688E-16
3881.4517,8.6330716E-17,5.3153567E-18,1.8087912E-16
3886.9753,6.6246017E-17,5.196589E-18,1.9748796E-16
3892.4993,8.5688923E-17,5.308451E-18,1.9093065E-16
3898.023,8.642209E-17,5.2210503E-18,1.7940131E-16
3903.5469,6.990241E-17,5.0390747E-18,1.5664221E-16
3909.0706,7.880774E-17,4.783414E-18,1.236282E-16
3914.5945,7.741641E-17,4.727967E-18,1.1924776E-16
3920.1182,6.531147E-17,4.6686893E-18,1.3515106E-16
3925.642,7.674214E-17,4.9131315E-18,1.6161363E-16
3931.1658,8.273518E-17,5.0318613E-18,1.7785873E-16
3936.6897,7.7998314E-17,4.9151428E-18,1.7009454E-16
3942.2134,7.636819E-17,4.7719715E-18,1.4903379E-16
3947.7373,6.6253025E-17,4.524657E-18,1.2718185E-16
3953.261,7.135996E-17,4.6037924E-18,1.3557281E-16
3958.785,7.239356E-17,4.7216077E-18,1.5935093E-16
3964.3086,8.866609E-17,4.9818127E-18,1.8372143E-16
3969.8325,8.817454E-17,5.0208432E-18,1.9656088E-16
3975.3562,7.417798E-17,4.941155E-18,2.0844987E-16
3980.8801,8.234273E-17,5.013008E-18,2.1296268E-16
3986.404,7.3809796E-17,4.9597042E-18,2.2114482E-16
3991.9277,8.4571045E-17,5.0350434E-18,2.2247347E-16
3997.4517,7.6874235E-17,5.028967E-18,2.335872E-16
4002.9753,6.615474E-17,4.929995E-18,2.3985308E-16
4008.4993,7.708186E-17,4.9329123E-18,2.2560196E-16
4014.023,8.084264E-17,4.9384453E-18,2.2472147E-16
4019.5469,7.523828E-17,4.8864706E-18,2.265232E-16
4025.0706,7.6186584E-17,4.9107926E-18,2.3326049E-16
4030.5945,7.19596E-17,4.8253176E-18,2.272453E-16
4036.1182,7.2990464E-17,4.8207457E-18,2.2776348E-16
4041.642,9.2769384E-17,4.9636218E-18,2.272478E-16
4047.1658,9.136833E-17,4.8983957E-18,2.1978825E-16
4052.6897,1.1031724E-16,5.015217E-18,2.159316E-16
4058.2134,8.583946E-17,4.871118E-18,2.3056568E-16
4063.7373,6.548765E-17,4.704324E-18,2.3397067E-16
4069.261,6.311597E-17,4.6632137E-18,2.3382583E-16
4074.785,7.1445085E-17,4.656102E-18,2.1924888E-16
4080.3086,7.200598E-17,4.580412E-18,2.0563711E-16
4085.8325,7.783127E-17,4.6126937E-18,2.0475489E-16
4091.3562,7.2729524E-17,4.5628424E-18,2.0627076E-16
4096.88,6.8075E-17,4.5605296E-18,2.1780306E-16
4102.404,7.239179E-17,4.6050787E-18,2.2117523E-16
4107.9277,7.564825E-17,4.642315E-18,2.2649666E-16
4113.4517,7.3517636E-17,4.6382763E-18,2.3108922E-16
4118.975,7.792294E-17,4.6077666E-18,2.2028598E-16
4124.499,6.2984245E-17,4.479342E-18,2.2261344E-16
4130.023,7.174838E-17,4.4971167E-18,2.1338597E-16
4135.547,6.948604E-17,4.4937588E-18,2.1809226E-16
4141.0703,7.698186E-17,4.5714906E-18,2.2367546E-16
4146.594,7.4272805E-17,4.5745896E-18,2.318514E-16
4152.118,6.970156E-17,4.5362184E-18,2.3405042E-16
4157.642,6.3815806E-17,4.4696874E-18,2.3201964E-16
4163.1655,5.844729E-17,4.383565E-18,2.2563084E-16
4168.6895,7.0079847E-17,4.418594E-18,2.1434997E-16
4174.2134,7.047836E-17,4.3611737E-18,2.0423685E-16
4179.7373,6.6657026E-17,4.3205728E-18,2.0449523E-16
4185.2607,7.825198E-17,4.3825055E-18,1.9923009E-16
4190.7847,7.627092E-17,4.33973E-18,1.9636315E-16
4196.3086,7.700313E-17,4.402047E-18,2.1067529E-16
4201.8325,7.474659E-17,4.3187352E-18,1.9806551E-16
4207.356,7.414757E-17,4.2683483E-18,1.9014157E-16
4212.88,7.1338816E-17,4.2402904E-18,1.9154564E-16
4218.404,7.0847424E-17,4.2257163E-18,1.910275E-16
4223.9277,6.737277E-17,4.216091E-18,1.9584487E-16
4229.451,7.0901806E-17,4.225316E-18,1.9364205E-16
4234.975,7.0945183E-17,4.2488145E-18,1.9968718E-16
4240.499,6.766153E-17,4.247228E-18,2.0636962E-16
4246.023,7.549025E-17,4.2887044E-18,2.0349898E-16
4251.5464,6.889078E-17,4.1954353E-18,1.9607416E-16
4257.0703,8.233094E-17,4.2568873E-18,1.8776633E-16
4262.594,7.2947794E-17,4.1670555E-18,1.860831E-16
4268.118,5.5576135E-17,4.0248276E-18,1.881577E-16
4273.642,5.4053858E-17,4.0035095E-18,1.8758122E-16
4279.1655,6.7953615E-17,4.0727218E-18,1.7965804E-16
4284.6895,6.323721E-17,4.5573276E-18,1.6567193E-16
4290.2134,7.4706665E-17,4.018169E-18,1.5875136E-16
4295.7373,8.123876E-17,4.1163047E-18,1.6959241E-16
4301.2607,7.864796E-17,4.1583664E-18,1.8268881E-16
4306.7847,6.401855E-17,4.08757E-18,1.9354532E-16
4312.3086,5.5006366E-17,4.0154883E-18,1.9622398E-16
4317.8325,6.034878E-17,4.022029E-18,1.8865086E-16
4323.356,6.865641E-17,4.087474E-18,1.8936828E-16
4328.88,7.127024E-17,4.0949824E-18,1.8735993E-16
4334.404,6.5818516E-17,4.071078E-18,1.9223063E-16
4339.9277,7.270782E-17,4.175749E-18,2.031978E-16
4345.451,7.329074E-17,4.1714826E-18,2.0237981E-16
4350.975,7.839361E-17,4.229567E-18,2.072803E-16
4356.499,9.0661675E-17,4.256215E-18,1.9275556E-16
4362.023,9.289136E-17,4.258533E-18,1.912887E-16
4367.5464,7.57059E-17,4.1084473E-18,1.8861695E-16
4373.0703,7.7265075E-17,4.1083828E-18,1.8623954E-16
4378.594,7.788484E-17,4.112107E-18,1.8724555E-16
4384.118,7.6611774E-17,4.158209E-18,1.9972928E-16
4389.6416,7.6825776E-17,4.195074E-18,2.0749876E-16
4395.1655,7.5741574E-17,4.2069906E-18,2.1305062E-16
4400.6895,8.551828E-17,4.295195E-18,2.1570796E-16
4406.2134,8.196584E-17,4.268974E-18,2.1675606E-16
4411.737,7.4747256E-17,4.2025358E-18,2.1530532E-16
4417.2607,7.6621284E-17,4.2032463E-18,2.1293731E-16
4422.7847,7.7831634E-17,4.2006965E-18,2.1088238E-16
4428.3086,7.7122734E-17,4.191587E-18,2.108049E-16
4433.832,7.738056E-17,4.164168E-18,2.0551447E-16
4439.356,7.9991654E-17,4.162684E-18,2.0171121E-16
4444.88,7.362149E-17,4.0691256E-18,1.9309072E-16
4450.404,7.344156E-17,4.0826227E-18,1.9580722E-16
4455.9272,7.281728E-17,4.069543E-18,1.9439936E-16
4461.451,8.230021E-17,4.1510727E-18,1.9658225E-16
4466.975,8.4309464E-17,4.1763973E-18,1.994606E-16
4472.499,7.3879504E-17,4.1295007E-18,2.06733E-16
4478.0225,7.6610954E-17,4.1424994E-18,2.0592672E-16
4483.5464,7.909966E-17,4.1740832E-18,2.0894834E-16
4489.0703,7.4094234E-17,4.1593743E-18,2.1433502E-16
4494.594,7.9736274E-17,4.18632E-18,2.1093773E-16
4500.1177,7.709388E-17,4.182253E-18,2.1493276E-16
4505.6416,7.4277484E-17,4.115092E-18,2.0587487E-16
4511.1655,7.8239414E-17,4.117725E-18,2.0019286E-16
4516.6895,7.653297E-17,4.1334095E-18,2.0680628E-16
4522.213,7.924156E-17,4.1251435E-18,2.0102645E-16
4527.737,6.959167E-17,4.070992E-18,2.0574003E-16
4533.2607,7.4592964E-17,4.1035756E-18,2.0414051E-16
4538.7847,7.393333E-17,4.10857E-18,2.0744631E-16
4544.3086,7.794928E-17,4.118923E-18,2.0219096E-16
4549.832,7.44975E-17,4.0803935E-18,2.0178695E-16
4555.356,7.165094E-17,4.0996577E-18,2.0904647E-16
4560.88,8.855607E-17,4.17826E-18,1.991503E-16
4566.404,7.762147E-17,4.1069873E-18,2.0166335E-16
4571.9272,7.3251575E-17,4.0730266E-18,2.0191485E-16
4577.451,7.827996E-17,4.108808E-18,2.0123934E-16
4582.975,7.803705E-17,4.096222E-18,2.0019427E-16
4588.499,7.7913307E-17,4.0734646E-18,1.9526738E-16
4594.0225,7.742814E-17,4.0907245E-18,2.0002114E-16
4599.5464,7.0026656E-17,4.02074E-18,1.9732301E-16
4605.0703,7.7546244E-17,4.0665593E-18,1.9546769E-16
4610.594,7.5867696E-17,4.0566956E-18,1.9601708E-16
4616.1177,7.4710046E-17,4.045321E-18,1.9530047E-16
4621.6416,8.3930814E-17,4.0999757E-18,1.925931E-16
4627.1655,7.7691675E-17,4.042623E-18,1.906176E-16
4632.6895,7.265823E-17,4.0404807E-18,1.9788457E-16
4638.213,6.951794E-17,4.008715E-18,1.9653638E-16
4643.737,7.425155E-17,4.0601983E-18,2.0063012E-16
4649.2607,7.7407304E-17,4.029018E-18,1.8906809E-16
4654.7847,8.04413E-17,4.0725232E-18,1.9280493E-16
4660.308,7.422643E-17,4.0125E-18,1.9069112E-16
4665.832,7.335667E-17,3.991541E-18,1.8797609E-16
4671.356,7.489273E-17,4.0015338E-18,1.8794032E-16
4676.88,7.0895546E-17,3.9644753E-18,1.8765898E-16
4682.4033,7.012727E-17,3.9304384E-18,1.8088632E-16
4687.9272,6.4425505E-17,3.8997777E-18,1.8442426E-16
4693.451,7.491495E-17,3.961596E-18,1.8108576E-16
4698.975,7.433793E-17,3.982746E-18,1.8633515E-16
4704.4985,6.805341E-17,3.942947E-18,1.8811547E-16
4710.0225,7.3996176E-17,3.933805E-18,1.7800695E-16
4715.5464,7.389601E-17,3.9604986E-18,1.8353166E-16
4721.0703,7.267997E-17,3.9604403E-18,1.8551033E-16
4726.5938,7.8996265E-17,3.9900418E-18,1.8215598E-16
4732.1177,7.781772E-17,4.025963E-18,1.8132131E-16
4737.6416,7.168715E-17,3.9467293E-18,1.8488285E-16
4743.1655,7.946315E-17,3.985502E-18,1.8130663E-16
4748.689,7.9738596E-17,3.9854492E-18,1.8078202E-16
4754.213,8.380229E-17,4.00686E-18,1.7856438E-16
4759.737,7.9699553E-17,3.975477E-18,1.7852456E-16
4765.2607,7.412127E-17,3.9526797E-18,1.8272961E-16
4770.784,7.267005E-17,3.9323554E-18,1.8140481E-16
4776.308,7.328535E-17,3.9310204E-18,1.805688E-16
4781.832,7.758459E-17,4.008808E-18,1.9001755E-16
4787.356,8.010371E-17,3.996507E-18,1.829771E-16
4792.8794,7.9812526E-17,3.9774074E-18,1.8078866E-16
4798.4033,7.8008565E-17,3.9920626E-18,1.8552699E-16
4803.9272,7.9191406E-17,4.0167105E-18,1.899099E-16
4809.451,8.248301E-17,4.0393914E-18,1.894508E-16
4814.9746,6.94068E-17,3.944099E-18,1.9178822E-16
4820.4985,8.701534E-17,4.0599224E-18,1.869392E-16
4826.0225,7.2492236E-17,3.95106E-18,1.8830679E-16
4831.5464,8.1095715E-17,3.970303E-18,1.7784564E-16
4837.0703,8.039093E-17,3.9134055E-18,1.6824998E-16
4842.5938,8.12509E-17,3.9059783E-18,1.6495903E-16
4848.1177,7.097481E-17,3.8083474E-18,1.6183535E-16
4853.6416,7.778965E-17,3.8587885E-18,1.6123451E-16
4859.1655,7.893882E-17,3.895155E-18,1.6671236E-16
4864.689,8.3248516E-17,3.962374E-18,1.7401976E-16
4870.213,7.782863E-17,3.925045E-18,1.7503588E-16
4875.737,7.488347E-17,3.9097283E-18,1.7679837E-16
4881.2607,7.883176E-17,3.9216914E-18,1.7327394E-16
4886.784,8.0035204E-17,3.9336024E-18,1.7386519E-16
4892.308,7.733795E-17,3.9033425E-18,1.7194646E-16
4897.832,8.9315515E-17,3.9461458E-18,1.6274873E-16
4903.356,9.031954E-17,3.9494247E-18,1.6214877E-16
4908.8794,7.937E-17,3.9081687E-18,1.7074006E-16
4914.4033,7.8785426E-17,3.896067E-18,1.6917597E-16
4919.9272,8.591657E-17,3.92358E-18,1.6395871E-16
4925.451,7.554962E-17,3.8398754E-18,1.630691E-16
4930.9746,7.744563E-17,3.8577665E-18,1.6371753E-16
4936.4985,8.137992E-17,3.9316465E-18,1.7263753E-16
4942.0225,8.16908E-17,3.914615E-18,1.6916864E-16
4947.5464,8.083129E-17,3.9193964E-18,1.7127557E-16
4953.07,7.433394E-17,3.9014077E-18,1.7890888E-16
4958.5938,8.106959E-17,3.9215065E-18,1.7210117E-16
4964.1177,8.483185E-17,3.918115E-18,1.6574668E-16
4969.6416,7.913203E-17,3.879555E-18,1.6650336E-16
4975.165,7.548314E-17,3.8394076E-18,1.6415325E-16
4980.689,7.862066E-17,3.866873E-18,1.6554036E-16
4986.213,8.0549664E-17,3.8629177E-18,1.6131254E-16
4991.737,7.250738E-17,3.8002526E-18,1.6182047E-16
4997.2603,8.479709E-17,3.863146E-18,1.5516249E-16
5002.784,8.4637054E-17,3.856971E-18,1.5549516E-16
5008.308,8.713312E-17,3.877317E-18,1.5606467E-16
5013.832,7.596948E-17,3.8088292E-18,1.5851989E-16
5019.3555,8.826785E-17,3.906727E-18,1.5960769E-16
5024.8794,9.236045E-17,3.9359454E-18,1.5929513E-16
5030.4033,7.610191E-17,3.79181E-18,1.5515654E-16
5035.9272,8.1624595E-17,3.8379663E-18,1.5634255E-16
5041.4507,7.822319E-17,3.848259E-18,1.6368859E-16
5046.9746,7.870568E-17,3.829964E-18,1.6054681E-16
5052.4985,7.537659E-17,3.792982E-18,1.5783089E-16
5058.0225,7.3753256E-17,3.7871736E-18,1.5857232E-16
5063.546,7.810854E-17,3.819835E-18,1.5804375E-16
5069.07,7.726937E-17,3.8183927E-18,1.5935153E-16
5074.5938,8.263296E-17,3.856531E-18,1.5873821E-16
5080.1177,7.956739E-17,3.8314183E-18,1.5816888E-16
5085.641,7.674059E-17,3.7811017E-18,1.5343026E-16
5091.165,7.954338E-17,3.831625E-18,1.5849801E-16
5096.689,7.658629E-17,3.814643E-18,1.6026328E-16
5102.213,8.282216E-17,3.827365E-18,1.5260629E-16
5107.737,8.7464205E-17,3.8637296E-18,1.5365552E-16
5113.2603,8.57451E-17,3.862926E-18,1.5557088E-16
5118.784,8.426376E-17,3.8400714E-18,1.5350667E-16
5124.308,8.5927807E-17,3.8426928E-18,1.5118148E-16
5129.832,8.356182E-17,3.835961E-18,1.5391081E-16
5135.3555,8.06985E-17,3.8243926E-18,1.5554406E-16
5140.8794,8.214142E-17,3.816159E-18,1.5164976E-16
5146.4033,7.80197E-17,3.7553214E-18,1.4626724E-16
5151.9272,8.143476E-17,3.7417883E-18,1.3855875E-16
5157.4507,8.046834E-17,3.738488E-18,1.3930726E-16
5162.9746,8.274091E-17,3.7412184E-18,1.3628593E-16
5168.4985,8.130316E-17,3.7546266E-18,1.4111005E-16
5174.0225,7.633761E-17,3.7830543E-18,1.545939E-16
5179.546,7.4062086E-17,3.8099348E-18,1.6328694E-16
5185.07,8.050345E-17,3.8567213E-18,1.6300941E-16
5190.5938,8.12769E-17,3.8415848E-18,1.5811747E-16
5196.1177,7.331562E-17,3.750872E-18,1.5265346E-16
5201.641,8.1617574E-17,3.8127774E-18,1.5243127E-16
5207.165,8.367964E-17,3.8153677E-18,1.4956925E-16
5212.689,7.530552E-17,3.755509E-18,1.505386E-16
5218.213,8.190419E-17,3.797366E-18,1.4865033E-16
5223.7363,8.0995024E-17,3.8061033E-18,1.5126796E-16
5229.2603,8.004267E-17,3.806941E-18,1.5334205E-16
5234.784,8.0518575E-17,3.8012824E-18,1.5134177E-16
5240.308,7.762068E-17,3.7607163E-18,1.4753128E-16
5245.8315,7.853247E-17,3.7323808E-18,1.4051371E-16
5251.3555,8.1931724E-17,3.7405864E-18,1.366239E-16
5256.8794,8.1331005E-17,3.760844E-18,1.4166645E-16
5262.4033,8.1993034E-17,3.763273E-18,1.4163211E-16
5267.927,7.179444E-17,3.715986E-18,1.4773278E-16
5273.4507,8.2346273E-17,3.786117E-18,1.4488571E-16
5278.9746,8.370633E-17,3.8056988E-18,1.4649931E-16
5284.4985,7.9682924E-17,3.80923E-18,1.5376335E-16
5290.022,8.733586E-17,3.8211625E-18,1.4457026E-16
5295.546,8.560312E-17,3.818677E-18,1.4630541E-16
5301.07,7.533845E-17,3.7496275E-18,1.4827228E-16
5306.5938,7.999237E-17,3.7891212E-18,1.486153E-16
5312.117,7.7608494E-17,3.7743585E-18,1.494521E-16
5317.641,6.905365E-17,3.732332E-18,1.5468329E-16
5323.165,7.830131E-17,3.7734747E-18,1.4751636E-16
5328.689,8.028867E-17,3.8158603E-18,1.5304398E-16
5334.2124,7.6054506E-17,3.7841482E-18,1.5339542E-16
5339.7363,7.981908E-17,3.770877E-18,1.4448942E-16
5345.2603,7.4093956E-17,3.721391E-18,1.4422643E-16
5350.784,7.339493E-17,3.7372843E-18,1.4800838E-16
5356.3076,7.4034604E-17,3.7298455E-18,1.4550975E-16
5361.8315,6.701348E-17,3.6958103E-18,1.4985114E-16
5367.3555,7.4544796E-17,3.72206E-18,1.4265826E-16
5372.8794,7.7130694E-17,3.7257476E-18,1.394127E-16
5378.4033,7.452854E-17,3.6883984E-18,1.3604437E-16
5383.927,7.804382E-17,3.694435E-18,1.3193302E-16
5389.4507,6.963703E-17,3.6634303E-18,1.3831133E-16
5394.9746,7.1998945E-17,3.684653E-18,1.388306E-16
5400.4985,6.974255E-17,3.6928606E-18,1.4360121E-16
5406.022,7.84853E-17,3.737589E-18,1.3859333E-16
5411.546,6.959771E-17,3.6836214E-18,1.4214384E-16
5417.07,7.4401435E-17,3.705971E-18,1.3849563E-16
5422.5938,7.1929456E-17,3.6906818E-18,1.3970707E-16
5428.117,7.6600326E-17,3.7499377E-18,1.4321333E-16
5433.641,7.817308E-17,3.731408E-18,1.3710058E-16
5439.165,7.8557124E-17,3.755702E-18,1.4047638E-16
5444.689,7.2505266E-17,3.7448344E-18,1.4864868E-16
5450.2124,7.7587067E-17,3.753349E-18,1.4201806E-16
5455.7363,6.868911E-17,3.6717708E-18,1.399799E-16
5461.2603,7.035654E-17,3.681098E-18,1.3807076E-16
5466.784,6.8799814E-17,3.6894696E-18,1.4228238E-16
5472.3076,6.988924E-17,3.695041E-18,1.4090936E-16
5477.8315,7.5221065E-17,3.719395E-18,1.3825063E-16
5483.3555,7.407234E-17,3.721279E-18,1.3963845E-16
5488.8794,8.068281E-17,3.7569704E-18,1.3564826E-16
5494.403,7.1770696E-17,3.707877E-18,1.3972112E-16
5499.927,7.9475804E-17,3.7596686E-18,1.3783206E-16
5505.4507,8.198056E-17,3.8396545E-18,1.3973676E-16
5510.9746,7.810651E-17,3.7552854E-18,1.3847288E-16
5516.498,6.8880024E-17,3.6936584E-18,1.4096036E-16
5522.022,7.118566E-17,3.704314E-18,1.3971186E-16
5527.546,7.660479E-17,3.7701478E-18,1.4334685E-16
5533.07,6.9881985E-17,3.7111123E-18,1.421361E-16
5538.5933,6.812418E-17,3.7354165E-18,1.4959299E-16
5544.117,4.2623227E-17,3.8602244E-18,2.1340767E-16
5549.641,6.2799387E-17,5.468403E-18,5.685633E-16
5555.165,9.783313E-17,6.6667176E-18,8.882018E-16
5560.6885,8.644524E-17,6.740353E-18,9.304654E-16
5566.2124,1.3535172E-16,6.5346623E-18,7.817847E-16
5571.7363,4.8025064E-17,4.8501975E-18,4.2716586E-16
5577.2603,5.65098E-17,3.7626668E-18,1.7138862E-16
5582.7837,7.1257983E-17,3.72727E-18,1.4196738E-16
5588.3076,6.405876E-17,3.6236384E-18,1.3279031E-16
5593.8315,6.5283887E-17,3.6804735E-18,1.4065807E-16
5599.3555,6.9458277E-17,3.705557E-18,1.3893618E-16
5604.879,7.715922E-17,3.7446404E-18,1.3451512E-16
5610.403,7.021853E-17,3.692776E-18,1.3560528E-16
5615.927,6.98836E-17,3.7121136E-18,1.3911502E-16
5621.4507,5.733193E-17,3.629905E-18,1.42212E-16
5626.974,5.701447E-17,3.591158E-18,1.3515529E-16
5632.498,6.853002E-17,3.6610675E-18,1.3022427E-16
5638.022,6.2948074E-17,3.6353058E-18,1.338983E-16
5643.546,5.7329605E-17,3.6183436E-18,1.3890597E-16
5649.0693,6.970293E-17,3.6864896E-18,1.3322465E-16
5654.5933,7.0620525E-17,3.717966E-18,1.3660466E-16
5660.117,6.518423E-17,3.668077E-18,1.3493424E-16
5665.641,6.4838605E-17,3.7029497E-18,1.4213073E-16
5671.165,6.152838E-17,3.695621E-18,1.4519995E-16
5676.6885,6.1998504E-17,3.691694E-18,1.4364664E-16
5682.2124,6.9881826E-17,3.7335794E-18,1.3924416E-16
5687.7363,7.1135746E-17,3.7061203E-18,1.3220036E-16
5693.2603,7.021531E-17,3.709984E-18,1.3358644E-16
5698.7837,7.170143E-17,3.727196E-18,1.344994E-16
5704.3076,6.382225E-17,3.683067E-18,1.3820896E-16
5709.8315,6.4310275E-17,3.6808876E-18,1.3763303E-16
5715.3555,6.81885E-17,3.687818E-18,1.3177763E-16
5720.879,6.8889137E-17,3.7272428E-18,1.3745807E-16
5726.403,6.525342E-17,3.6717125E-18,1.3235561E-16
5731.927,6.47367E-17,3.667703E-18,1.3223972E-16
5737.4507,6.3006566E-17,3.6778807E-18,1.3682737E-16
5742.974,5.650758E-17,3.641631E-18,1.401867E-16
5748.498,7.495303E-17,3.7413503E-18,1.3020763E-16
5754.022,7.343454E-17,3.7470355E-18,1.3332696E-16
5759.546,7.011909E-17,3.712748E-18,1.3179217E-16
5765.0693,6.680027E-17,3.705928E-18,1.355991E-16
5770.5933,6.858324E-17,3.6788506E-18,1.2834978E-16
5776.117,7.191184E-17,3.7283834E-18,1.317912E-16
5781.641,6.912074E-17,3.710444E-18,1.3289006E-16
5787.1646,6.376644E-17,3.678591E-18,1.349643E-16
5792.6885,7.198672E-17,3.709133E-18,1.2803243E-16
5798.2124,6.331534E-17,3.6817722E-18,1.3632033E-16
5803.7363,6.9855906E-17,3.7213396E-18,1.3344243E-16
5809.26,6.4387745E-17,3.694474E-18,1.3625316E-16
5814.7837,6.9511004E-17,3.7280025E-18,1.345995E-16
5820.3076,6.901579E-17,3.7165126E-18,1.3338843E-16
5825.8315,6.916477E-17,3.712263E-18,1.3339594E-16
5831.355,6.602438E-17,3.689474E-18,1.3231981E-16
5836.879,6.588724E-17,3.721951E-18,1.3858221E-16
5842.403,6.765365E-17,3.7678325E-18,1.4446922E-16
5847.927,6.884812E-17,3.7830456E-18,1.4624654E-16
5853.45,6.593773E-17,3.7811336E-18,1.5027006E-16
5858.974,6.529264E-17,3.842454E-18,1.6244901E-16
5864.498,7.203956E-17,4.0286756E-18,1.8910981E-16
5870.022,6.435483E-17,4.08649E-18,2.1226247E-16
5875.5454,6.3487713E-17,4.081075E-18,2.1215494E-16
5881.0693,6.567004E-17,3.9980795E-18,1.924012E-16
5886.5933,6.76185E-17,3.8621385E-18,1.6312922E-16
5892.117,7.1662144E-17,3.813422E-18,1.4806962E-16
5897.6406,6.910774E-17,3.7898674E-18,1.4680422E-16
5903.1646,6.600614E-17,3.7682453E-18,1.474405E-16
5908.6885,7.016291E-17,3.7928316E-18,1.4559905E-16
5914.2124,6.7821094E-17,3.7601017E-18,1.4436894E-16
5919.736,7.156724E-17,3.7887713E-18,1.4336107E-16
5925.26,7.288279E-17,3.7826324E-18,1.3926655E-16
5930.7837,7.102805E-17,3.7484058E-18,1.3591663E-16
5936.3076,6.51661E-17,3.736775E-18,1.4197454E-16
5941.8315,6.3558216E-17,3.7052807E-18,1.3914824E-16
5947.355,6.5299596E-17,3.7314407E-18,1.4088833E-16
5952.879,6.428928E-17,3.7140252E-18,1.389147E-16
5958.403,6.330763E-17,3.6864987E-18,1.3586608E-16
5963.927,6.6420955E-17,3.7242674E-18,1.3733821E-16
5969.45,6.4014654E-17,3.6776582E-18,1.3225296E-16
5974.974,6.32638E-17,3.6595095E-18,1.308394E-16
5980.498,6.6922836E-17,3.6951134E-18,1.311512E-16
5986.022,6.572129E-17,3.6677374E-18,1.2813684E-16
5991.5454,6.332269E-17,3.6467953E-18,1.2725848E-16
5997.0693,6.2922E-17,3.640351E-18,1.2702677E-16
6002.5933,6.4045385E-17,3.644515E-18,1.2585257E-16
6008.117,6.441214E-17,3.6427645E-18,1.2458922E-16
6013.6406,7.3587754E-17,3.7126455E-18,1.2354394E-16
6019.1646,6.8361065E-17,3.658577E-18,1.2190206E-16
6024.6885,6.905798E-17,3.663546E-18,1.2109269E-16
6030.2124,7.7695414E-17,3.7175242E-18,1.1799682E-16
6035.736,7.213455E-17,3.6730893E-18,1.1809206E-16
6041.26,6.893415E-17,3.6770263E-18,1.2348652E-16
6046.7837,6.588784E-17,3.63469E-18,1.2024216E-16
6052.3076,5.86508E-17,3.5999215E-18,1.2543953E-16
6057.831,6.9300265E-17,3.663835E-18,1.2028814E-16
6063.355,6.507192E-17,3.6113022E-18,1.1726954E-16
6068.879,6.312348E-17,3.6200323E-18,1.2210374E-16
6074.403,6.6549843E-17,3.622195E-18,1.1723266E-16
6079.9263,6.125166E-17,3.5949203E-18,1.2010148E-16
6085.45,6.060213E-17,3.5908907E-18,1.2067096E-16
6090.974,6.659161E-17,3.6151205E-18,1.1629175E-16
6096.498,6.739658E-17,3.6436822E-18,1.1901799E-16
6102.0215,6.4499395E-17,3.6282E-18,1.2054759E-16
6107.5454,6.8747503E-17,3.6329996E-18,1.1512775E-16
6113.0693,6.326708E-17,3.597055E-18,1.1657848E-16
6118.5933,6.430569E-17,3.619552E-18,1.1936424E-16
6124.1167,6.549154E-17,3.643703E-18,1.2214433E-16
6129.6406,6.47358E-17,3.6627227E-18,1.2596293E-16
6135.1646,6.6631E-17,3.6877358E-18,1.2739251E-16
6140.6885,6.2693686E-17,3.670022E-18,1.2994573E-16
6146.212,6.2513195E-17,3.6245028E-18,1.2170302E-16
6151.736,6.17844E-17,3.642483E-18,1.2630851E-16
6157.26,6.167611E-17,3.604079E-18,1.1978404E-16
6162.7837,5.8212214E-17,3.577121E-18,1.2004286E-16
6168.307,6.9431344E-17,3.64899E-18,1.1525651E-16
6173.831,6.736858E-17,3.6375673E-18,1.1624717E-16
6179.355,6.7849086E-17,3.6320913E-18,1.1520177E-16
6184.879,6.331947E-17,3.6207317E-18,1.1955061E-16
6190.4023,7.020074E-17,3.655437E-18,1.1550583E-16
6195.9263,6.527356E-17,3.6379742E-18,1.1904172E-16
6201.45,6.474903E-17,3.619759E-18,1.1642486E-16
6206.974,5.4505607E-17,3.588401E-18,1.2631892E-16
6212.498,6.142497E-17,3.7121963E-18,1.3788918E-16
6218.0215,7.269123E-17,3.7732584E-18,1.3174417E-16
6223.5454,6.4466467E-17,3.7436135E-18,1.388934E-16
6229.0693,6.574179E-17,3.72601E-18,1.3363256E-16
6234.5933,6.8666804E-17,3.7642996E-18,1.3599966E-16
6240.1167,6.354179E-17,3.731859E-18,1.3795451E-16
6245.6406,7.211186E-17,3.786054E-18,1.3463847E-16
6251.1646,7.590344E-17,3.7528903E-18,1.227353E-16
6256.6885,7.05167E-17,3.689735E-18,1.1930617E-16
6262.212,6.606636E-17,3.6970833E-18,1.2745854E-16
6267.736,6.098049E-17,3.9707734E-18,1.873297E-16
6273.26,6.9757623E-17,4.7346185E-18,3.379426E-16
6278.7837,7.4846604E-17,5.161948E-18,4.3437128E-16
6284.307,7.6275065E-17,5.1392107E-18,4.2614627E-16
6289.831,8.002887E-17,4.8378663E-18,3.4648349E-16
6295.355,6.480562E-17,4.10082E-18,2.0776761E-16
6300.879,6.756078E-17,3.7208544E-18,1.3050378E-16
6306.4023,7.709167E-17,3.7676145E-18,1.2375077E-16
6311.9263,7.143944E-17,3.7066575E-18,1.2130765E-16
6317.45,6.7399206E-17,3.68265E-18,1.2322543E-16
6322.974,5.906698E-17,3.5953513E-18,1.1956701E-16
6328.4976,5.866592E-17,3.6062593E-18,1.22151E-16
6334.0215,7.023709E-17,3.9176295E-18,1.6142436E-16
6339.5454,7.66779E-17,4.185598E-18,2.0437603E-16
6345.0693,7.0655955E-17,4.204233E-18,2.1799566E-16
6350.593,6.987418E-17,4.1268603E-18,2.0343909E-16
6356.1167,7.142657E-17,3.9140123E-18,1.5904736E-16
6361.6406,6.3191735E-17,3.6874438E-18,1.2935204E-16
6367.1646,7.058642E-17,3.6510863E-18,1.1165292E-16
6372.688,6.48087E-17,3.5989185E-18,1.1197506E-16
6378.212,6.363954E-17,3.574063E-18,1.08801375E-16
6383.736,7.188114E-17,3.622119E-18,1.04384476E-16
6389.26,6.7723474E-17,3.590258E-18,1.0535452E-16
6394.783,6.6611E-17,3.577761E-18,1.0522876E-16
6400.307,7.027197E-17,3.6015696E-18,1.037521E-16
6405.831,5.84005E-17,3.5487517E-18,1.1182966E-16
6411.355,6.336303E-17,3.5390066E-18,1.0296332E-16
6416.8784,5.8849785E-17,3.5031814E-18,1.03731195E-16
6422.4023,6.61799E-17,3.574934E-18,1.047818E-16
6427.9263,6.730064E-17,3.6248816E-18,1.1176319E-16
6433.45,5.6275665E-17,3.529541E-18,1.1225238E-16
6438.9736,6.242517E-17,3.597034E-18,1.1437953E-16
6444.4976,5.709951E-17,3.6149873E-18,1.2520747E-16
6450.0215,6.016234E-17,3.635762E-18,1.2485619E-16
6455.5454,7.0907815E-17,3.6841326E-18,1.1652684E-16
6461.069,6.8626484E-17,3.628493E-18,1.10260006E-16
6466.593,6.515658E-17,3.5778626E-18,1.06716966E-16
6472.1167,6.3150436E-17,3.5876494E-18,1.1115952E-16
6477.6406,5.940425E-17,3.6340472E-18,1.254752E-16
6483.164,6.189018E-17,3.6710714E-18,1.2772385E-16
6488.688,6.1000534E-17,3.6118697E-18,1.1880528E-16
6494.212,6.2429174E-17,3.579103E-18,1.10783505E-16
6499.736,6.279263E-17,3.594081E-18,1.1302348E-16
6505.26,5.834185E-17,3.5546445E-18,1.125775E-16
6510.783,5.7883836E-17,3.585057E-18,1.1858645E-16
6516.307,6.9839044E-17,3.674392E-18,1.1630984E-16
6521.831,6.08786E-17,3.6260236E-18,1.2158729E-16
6527.355,5.91602E-17,3.6204587E-18,1.2218598E-16
6532.8784,6.262435E-17,3.632323E-18,1.1953267E-16
6538.4023,6.100347E-17,3.6143045E-18,1.1848503E-16
6543.9263,6.191078E-17,3.6145216E-18,1.1663473E-16
6549.45,5.91968E-17,3.5990906E-18,1.1780465E-16
6554.9736,6.987636E-17,3.6484195E-18,1.1027444E-16
6560.4976,6.600943E-17,3.606856E-18,1.0909082E-16
6566.0215,6.7951385E-17,3.637723E-18,1.1060134E-16
6571.5454,6.739303E-17,3.5919115E-18,1.0328776E-16
6577.069,6.008983E-17,3.543683E-18,1.05542105E-16
6582.593,6.8105664E-17,3.5960056E-18,1.0264575E-16
6588.1167,6.162755E-17,3.5575797E-18,1.0576934E-16
6593.6406,7.042002E-17,3.5910206E-18,9.8421423E-17
6599.164,6.700664E-17,3.596297E-18,1.03656914E-16
6604.688,6.405846E-17,3.5520914E-18,1.0063136E-16
6610.212,6.0399014E-17,3.50208E-18,9.681288E-17
6615.736,6.200974E-17,3.518407E-18,9.657616E-17
6621.2593,6.8840776E-17,3.55833E-18,9.3195296E-17
6626.783,5.778384E-17,3.5061126E-18,1.0049575E-16
6632.307,6.343842E-17,3.5268897E-18,9.6029925E-17
6637.831,6.231053E-17,3.531388E-18,9.735604E-17
6643.3545,6.100682E-17,3.525339E-18,9.8373844E-17
6648.8784,5.634593E-17,3.500532E-18,1.00949E-16
6654.4023,6.073791E-17,3.5135167E-18,9.5950205E-17
6659.9263,6.0427886E-17,3.5115686E-18,9.6023056E-17
6665.4497,6.161504E-17,3.5198773E-18,9.516561E-17
6670.9736,6.18192E-17,3.5219018E-18,9.508007E-17
6676.4976,6.509634E-17,3.542835E-18,9.343596E-17
6682.0215,6.876635E-17,3.5692575E-18,9.191834E-17
6687.545,6.538302E-17,3.5479158E-18,9.3750096E-17
6693.069,6.661757E-17,3.5529512E-18,9.1989545E-17
6698.593,6.271901E-17,3.5319285E-18,9.437384E-17
6704.1167,5.327834E-17,3.4685308E-18,9.767663E-17
6709.64,5.253427E-17,3.4522763E-18,9.552462E-17
6715.164,5.770081E-17,3.503681E-18,9.656493E-17
6720.688,6.4547345E-17,3.5419456E-18,9.236987E-17
6726.212,6.163245E-17,3.5153187E-18,9.149802E-17
6731.7354,6.1073034E-17,3.532181E-18,9.5157633E-17
6737.2593,5.880217E-17,3.4934046E-18,9.1936645E-17
6742.783,6.9942693E-17,3.5539414E-18,8.453624E-17
6748.307,6.444199E-17,3.537915E-18,9.0173486E-17
6753.8306,6.0320684E-17,3.5047188E-18,9.0398354E-17
6759.3545,6.105677E-17,3.5088216E-18,9.0157935E-17
6764.8784,6.142815E-17,3.5416267E-18,9.486562E-17
6770.4023,5.610622E-17,3.5156115E-18,9.787494E-17
6775.9263,6.200004E-17,3.567979E-18,9.699727E-17
6781.4497,5.981268E-17,3.500726E-18,8.909077E-17
6786.9736,6.1465965E-17,3.5305744E-18,9.157956E-17
6792.4976,6.1038736E-17,3.515668E-18,8.86271E-17
6798.0215,5.576514E-17,3.5244904E-18,9.82731E-17
6803.545,6.333182E-17,3.695135E-18,1.1568531E-16
6809.069,5.683508E-17,3.76516E-18,1.3793492E-16
6814.593,5.5733875E-17,3.76553E-18,1.3941507E-16
6820.1167,5.8161134E-17,3.748537E-18,1.3187836E-16
6825.64,5.821705E-17,3.646562E-18,1.1354343E-16
6831.164,5.8172516E-17,3.6021635E-18,1.06077986E-16
6836.688,6.272441E-17,3.688997E-18,1.1413835E-16
6842.212,5.968625E-17,3.7142846E-18,1.2314657E-16
6847.7354,6.151013E-17,3.7361126E-18,1.2388729E-16
6853.2593,6.0526566E-17,3.679208E-18,1.1596907E-16
6858.783,5.6480647E-17,3.548443E-18,1.01944776E-16
6864.307,6.0797074E-17,3.4968506E-18,9.146707E-17
6869.8306,6.079836E-17,3.493678E-18,9.429091E-17
6875.3545,6.4013615E-17,3.53035E-18,9.749555E-17
6880.8784,6.756424E-17,3.559596E-18,9.48542E-17
6886.4023,6.688613E-17,3.5770524E-18,9.728755E-17
6891.926,6.5330394E-17,3.6182232E-18,1.0548383E-16
6897.4497,6.405883E-17,3.6509027E-18,1.1145294E-16
6902.9736,6.689692E-17,3.7171644E-18,1.172813E-16
6908.4976,6.371884E-17,3.6663147E-18,1.1170427E-16
6914.021,6.722394E-17,3.7077114E-18,1.1167526E-16
6919.545,5.9535755E-17,3.6395273E-18,1.10419155E-16
6925.069,6.4410635E-17,3.733155E-18,1.1788111E-16
6930.593,6.180408E-17,3.728359E-18,1.2176464E-16
6936.116,7.3474695E-17,3.795055E-18,1.1422141E-16
6941.64,7.558196E-17,3.7461484E-18,1.0192943E-16
6947.164,6.987436E-17,3.7105192E-18,1.036539E-16
6952.688,7.096167E-17,3.7236482E-18,1.0386054E-16
6958.2114,6.155223E-17,3.6804897E-18,1.0988634E-16
6963.7354,6.52728E-17,3.695512E-18,1.0655221E-16
6969.2593,7.089124E-17,3.705089E-18,9.8726104E-17
6974.783,5.9324977E-17,3.5836897E-18,9.533622E-17
6980.3066,5.564846E-17,3.5832443E-18,1.0074083E-16
6985.8306,6.4719366E-17,3.6517865E-18,9.885077E-17
6991.3545,6.270598E-17,3.6579465E-18,1.0227176E-16
6996.8784,6.21946E-17,3.6220734E-18,9.680225E-17
7002.402,6.5557425E-17,3.5972426E-18,8.7185E-17
7007.926,6.68124E-17,3.6162273E-18,8.842377E-17
7013.4497,6.657716E-17,3.6030234E-18,8.604687E-17
7018.9736,6.1258634E-17,3.5699717E-18,8.861659E-17
7024.497,6.528833E-17,3.6525095E-18,9.584227E-17
7030.021,7.8883265E-17,3.728819E-18,8.859555E-17
7035.545,6.887719E-17,3.678277E-18,9.4432084E-17
7041.069,5.9514513E-17,3.6203053E-18,9.8487565E-17
7046.5923,6.7297985E-17,3.6768017E-18,9.5988546E-17
7052.116,6.909321E-17,3.6845172E-18,9.526026E-17
7057.64,5.996264E-17,3.592876E-18,9.254736E-17
7063.164,6.786236E-17,3.629669E-18,8.717516E-17
7068.688,6.1390705E-17,3.604652E-18,9.183414E-17
7074.2114,6.919185E-17,3.635044E-18,8.486721E-17
7079.7354,6.169262E-17,3.5811767E-18,8.7087E-17
7085.2593,5.683832E-17,3.539488E-18,8.792918E-17
7090.783,5.733104E-17,3.5251596E-18,8.504606E-17
7096.3066,6.447996E-17,3.584216E-18,8.267055E-17
7101.8306,6.641499E-17,3.6034204E-18,8.24294E-17
7107.3545,7.191078E-17,3.6711405E-18,8.562492E-17
7112.8784,6.138624E-17,3.6031462E-18,8.926245E-17
7118.402,7.0245144E-17,3.6601282E-18,8.562749E-17
7123.926,6.635409E-17,3.6534545E-18,9.0652325E-17
7129.4497,7.8722924E-17,3.7288264E-18,8.485394E-17
7134.9736,7.56602E-17,3.75744E-18,9.348681E-17
7140.497,7.761912E-17,3.755129E-18,8.982473E-17
7146.021,9.4721325E-17,3.8855118E-18,8.672383E-17
7151.545,8.8426084E-17,3.8380155E-18,8.736086E-17
7157.069,6.959624E-17,3.647661E-18,8.3061507E-17
7162.5923,6.694406E-17,3.5913887E-18,7.865823E-17
7168.116,7.961853E-17,3.716331E-18,8.133127E-17
7173.64,7.404912E-17,3.6569986E-18,8.0788514E-17
7179.164,6.793678E-17,3.56086E-18,7.442716E-17
7184.6875,7.619976E-17,3.597916E-18,6.952996E-17
7190.2114,6.2625E-17,3.5091293E-18,7.447434E-17
7195.7354,5.792713E-17,3.508129E-18,8.0572825E-17
7201.2593,6.729011E-17,3.6122113E-18,8.278165E-17
7206.7827,6.747254E-17,3.636812E-18,8.564335E-17
7212.3066,5.984247E-17,3.7394912E-18,1.1230879E-16
7217.8306,5.7144787E-17,3.984916E-18,1.5870486E-16
7223.3545,6.53681E-17,4.23895E-18,1.9354188E-16
7228.878,5.741572E-17,4.2340224E-18,2.055092E-16
7234.402,6.805697E-17,4.1685515E-18,1.7706214E-16
7239.926,6.82473E-17,3.9106246E-18,1.2845676E-16
7245.4497,6.0472217E-17,3.757225E-18,1.1316748E-16
7250.973,6.360703E-17,3.9629425E-18,1.4348165E-16
7256.497,6.726979E-17,4.2059508E-18,1.8235518E-16
7262.021,7.2980875E-17,4.2753736E-18,1.8708012E-16
7267.545,8.101636E-17,4.300656E-18,1.7851152E-16
7273.0684,5.4475687E-17,3.940076E-18,1.5060762E-16
7278.5923,5.4229607E-17,3.776604E-18,1.214664E-16
7284.116,6.7063906E-17,3.818524E-18,1.0885792E-16
7289.64,6.4370984E-17,3.9521763E-18,1.3557555E-16
7295.1636,6.936609E-17,4.0851853E-18,1.5060444E-16
7300.6875,5.2883093E-17,4.0294863E-18,1.6609465E-16
7306.2114,6.4020345E-17,4.078504E-18,1.5637177E-16
7311.7354,6.724639E-17,4.078625E-18,1.5031481E-16
7317.259,6.530486E-17,4.186295E-18,1.7197888E-16
7322.7827,6.857873E-17,4.2298695E-18,1.7375532E-16
7328.3066,6.286833E-17,4.1534405E-18,1.6726047E-16
7333.8306,6.908162E-17,4.1371153E-18,1.5291651E-16
7339.3545,5.881877E-17,3.957728E-18,1.3568625E-16
7344.878,5.564859E-17,4.0167857E-18,1.5061254E-16
7350.402,6.681948E-17,4.1714313E-18,1.6005589E-16
7355.926,5.8890866E-17,4.0120075E-18,1.4274428E-16
7361.4497,5.654722E-17,3.9136553E-18,1.2862616E-16
7366.973,5.2281342E-17,3.7623446E-18,1.0885658E-16
7372.497,5.730391E-17,3.7956067E-18,1.05131116E-16
7378.021,6.111331E-17,3.976624E-18,1.2991719E-16
7383.545,6.6951595E-17,4.023085E-18,1.2714248E-16
7389.0684,5.5040595E-17,3.8694727E-18,1.1840111E-16
7394.5923,4.721678E-17,3.768367E-18,1.1341915E-16
7400.116,6.034453E-17,3.7640093E-18,9.031237E-17
7405.64,6.531227E-17,3.76845E-18,8.284148E-17
7411.1636,5.56287E-17,3.758256E-18,9.538498E-17
7416.6875,5.9339555E-17,3.8403837E-18,1.0218673E-16
7422.2114,5.5362636E-17,3.8304695E-18,1.0577374E-16
7427.7354,6.057119E-17,3.8452603E-18,9.834209E-17
7433.259,6.0938277E-17,3.835352E-18,9.5323566E-17
7438.7827,6.485466E-17,3.820748E-18,8.545658E-17
7444.3066,6.368581E-17,3.861154E-18,9.2355344E-17
7449.8306,5.9434495E-17,3.8819024E-18,1.01898355E-16
7455.354,5.2875794E-17,3.92486E-18,1.1790176E-16
7460.878,5.36593E-17,3.984279E-18,1.2604082E-16
7466.402,6.134006E-17,4.0268695E-18,1.1982474E-16
7471.926,6.2557565E-17,4.0171935E-18,1.1561763E-16
7477.449,6.202505E-17,3.916423E-18,9.761706E-17
7482.973,5.569648E-17,3.790758E-18,8.7013656E-17
7488.497,4.9855923E-17,3.7463833E-18,8.7742767E-17
7494.021,5.1208657E-17,3.785092E-18,9.13127E-17
7499.5444,6.017578E-17,4.0142872E-18,1.1263439E-16
7505.0684,6.7686085E-17,4.2271498E-18,1.3684304E-16
7510.5923,7.212545E-17,4.2958322E-18,1.4054444E-16
7516.116,4.8624436E-17,4.100983E-18,1.4250137E-16
7521.6396,4.5594602E-17,3.9160968E-18,1.1596927E-16
7527.1636,5.1530785E-17,3.8227317E-18,8.957047E-17
7532.6875,5.4016052E-17,3.8834968E-18,9.4834834E-17
7538.2114,5.924978E-17,3.9382532E-18,9.362414E-17
7543.735,5.915455E-17,3.969193E-18,9.750835E-17
7549.259,5.47648E-17,4.069298E-18,1.2063659E-16
7554.7827,5.2530674E-17,4.106472E-18,1.2835739E-16
7560.3066,5.0890987E-17,4.0795737E-18,1.2584914E-16
7565.83,6.3640404E-17,4.1436012E-18,1.1559902E-16
7571.354,6.2698636E-17,4.0430446E-18,9.843889E-17
7576.878,5.756663E-17,3.8871446E-18,8.1212354E-17
7582.402,4.6602843E-17,3.6658995E-18,6.580261E-17
7587.9253,3.6850893E-17,3.4637264E-18,5.502907E-17
7593.449,2.2812195E-17,3.3420065E-18,6.2317326E-17
7598.973,4.33195E-17,3.4333385E-18,6.0445376E-17
7604.497,7.5078684E-17,3.6338983E-18,6.999642E-17
7610.021,9.0634656E-17,3.7618842E-18,7.559547E-17
7615.5444,6.5419935E-17,3.6367463E-18,6.888953E-17
7621.0684,3.3649267E-17,3.454483E-18,6.8104996E-17
7626.5923,5.466609E-17,3.5470865E-18,5.7790636E-17
7632.116,5.3645382E-17,3.5867875E-18,6.4282806E-17
7637.6396,6.453108E-17,3.7132667E-18,6.858527E-17
7643.1636,7.7272917E-17,3.872356E-18,7.3923345E-17
7648.6875,5.1744306E-17,3.818933E-18,8.797403E-17
7654.2114,5.136598E-17,3.8254924E-18,8.403724E-17
7659.735,6.289015E-17,3.9140127E-18,7.5818025E-17
7665.259,5.7271636E-17,3.9321383E-18,8.219927E-17
7670.7827,5.3397917E-17,3.9296505E-18,8.302488E-17
7676.3066,7.084309E-17,4.1078596E-18,8.210664E-17
7681.83,5.832538E-17,4.063797E-18,9.1990174E-17
7687.354,4.0940404E-17,4.142608E-18,1.2864873E-16
7692.878,5.4459156E-17,4.6976302E-18,2.0117694E-16
7698.402,5.2464066E-17,4.8893385E-18,2.3776787E-16
7703.9253,6.455302E-17,5.049928E-18,2.4729945E-16
7709.449,7.0956744E-17,4.8889844E-18,2.0507798E-16
7714.973,6.3424424E-17,4.460021E-18,1.3916244E-16
7720.497,4.6728865E-17,4.1929657E-18,1.1955113E-16
7726.0205,4.8144026E-17,4.4455168E-18,1.5768631E-16
7731.5444,4.8595382E-17,4.7068707E-18,2.0220118E-16
7737.0684,5.944055E-17,4.9788535E-18,2.329124E-16
7742.5923,7.34938E-17,5.0882113E-18,2.3011397E-16
7748.1157,6.160118E-17,4.891819E-18,2.1105749E-16
7753.6396,4.6200826E-17,4.795177E-18,2.1705542E-16
7759.1636,4.4933268E-17,4.8099262E-18,2.2075494E-16
7764.6875,5.4709822E-17,4.840962E-18,2.0905175E-16
7770.211,6.862416E-17,4.9350923E-18,2.0282376E-16
7775.735,6.6008656E-17,4.8423256E-18,1.8856421E-16
7781.259,6.577202E-17,4.8021706E-18,1.802415E-16
7786.7827,6.6645816E-17,4.8592667E-18,1.8813236E-16
7792.306,4.0409235E-17,4.480963E-18,1.633606E-16
7797.83,3.2180244E-17,4.5491137E-18,1.8733048E-16
7803.354,5.561264E-17,4.898682E-18,2.0959057E-16
7808.878,4.6466795E-17,4.7492426E-18,1.9599821E-16
7814.4014,6.102559E-17,4.7915727E-18,1.7896713E-16
7819.9253,6.058032E-17,4.573516E-18,1.4077652E-16
7825.449,4.2080134E-17,4.3561813E-18,1.3297247E-16
7830.973,4.4253614E-17,4.7259016E-18,1.9065457E-16
7836.4966,3.8031435E-17,4.944083E-18,2.3815046E-16
7842.0205,5.4878937E-17,5.144057E-18,2.46255E-16
7847.5444,6.9333915E-17,5.2265337E-18,2.3697658E-16
7853.0684,5.557994E-17,4.976383E-18,2.1107857E-16
7858.592,4.972942E-17,4.7995935E-18,1.8761629E-16
7864.1157,5.0327194E-17,4.834698E-18,1.9095756E-16
7869.6396,4.4091354E-17,5.2344477E-18,1.8361774E-16
7875.1636,6.672847E-17,4.8255525E-18,1.639375E-16
7880.687,5.805875E-17,5.646279E-18,1.3964263E-16
7886.211,6.704189E-17,5.0601566E-18,1.359198E-16
7891.735,6.290129E-17,4.9849465E-18,1.9288266E-16
7897.259,4.0404818E-17,5.6920027E-18,2.514687E-16
7902.7827,4.8660908E-17,5.306665E-18,2.6863253E-16
7908.306,5.297258E-17,5.2712233E-18,2.539758E-16
7913.83,5.480393E-17,4.9917682E-18,1.980922E-16
7919.354,6.2780117E-17,4.753769E-18,1.4380744E-16
7924.878,5.570772E-17,4.584616E-18,1.2535988E-16
7930.4014,5.2662146E-17,4.5067343E-18,1.1607084E-16
7935.9253,3.998888E-17,4.3930975E-18,1.1750545E-16
7941.449,4.2977853E-17,4.7208922E-18,1.6297989E-16
7946.973,5.661281E-17,5.033816E-18,1.9225059E-16
7952.4966,5.597608E-17,5.0858795E-18,2.0095965E-16
7958.0205,7.165878E-17,5.1808625E-18,1.9208572E-16
7963.5444,4.580418E-17,4.820215E-18,1.6850876E-16
7969.0684,3.9119158E-17,4.7665824E-18,1.7003725E-16
7974.592,4.328245E-17,5.0628896E-18,2.094892E-16
7980.1157,4.3875483E-17,4.987205E-18,1.9403585E-16
7985.6396,5.823225E-17,5.050181E-18,1.8052257E-16
7991.1636,6.2052085E-17,4.912619E-18,1.5092532E-16
7996.687,5.5297775E-17,4.673272E-18,1.2012751E-16
8002.211,5.0282255E-17,4.7789392E-18,1.4254388E-16
8007.735,4.7198588E-17,4.9213268E-18,1.6952405E-16
8013.259,5.038462E-17,4.9010385E-18,1.5913131E-16
8018.782,5.343336E-17,4.8519578E-18,1.448814E-16
8024.306,5.2471193E-17,4.6652457E-18,1.1494725E-16
8029.83,5.653266E-17,4.5704467E-18,9.257953E-17
8035.354,5.8917845E-17,4.6351926E-18,9.62587E-17
8040.8774,5.0190262E-17,4.6602574E-18,1.1261205E-16
8046.4014,4.531375E-17,4.6934815E-18,1.2356854E-16
8051.9253,4.8662453E-17,4.6551694E-18,1.10318914E-16
8057.449,5.852058E-17,4.672466E-18,9.644431E-17
8062.9727,5.5962157E-17,4.5992665E-18,8.754777E-17
8068.4966,5.936438E-17,4.582552E-18,7.823748E-17
8074.0205,5.1113128E-17,4.4629814E-18,7.253766E-17
8079.5444,4.257654E-17,4.508519E-18,9.044362E-17
8085.068,5.11535E-17,4.5869444E-18,8.614382E-17
8090.592,5.3425362E-17,4.6315323E-18,8.786446E-17
8096.1157,6.225113E-17,4.7045207E-18,8.543914E-17
8101.6396,7.005684E-17,4.757759E-18,7.8030495E-17
8107.163,5.0729644E-17,4.5420004E-18,7.498931E-17
8112.687,4.436593E-17,4.4849534E-18,7.588518E-17
8118.211,5.4283145E-17,4.57594E-18,7.160084E-17
8123.735,4.3147938E-17,4.5551037E-18,8.4874144E-17
8129.2583,4.756113E-17,4.5977325E-18,8.3119866E-17
8134.782,6.016553E-17,4.7527887E-18,8.458605E-17
8140.306,6.1939794E-17,4.724295E-18,7.689344E-17
8145.83,4.8876064E-17,4.53944E-18,6.8947866E-17
8151.3535,5.120299E-17,4.5211037E-18,6.0990766E-17
8156.8774,4.662299E-17,4.495332E-18,6.343233E-17
8162.4014,4.7216763E-17,4.5158834E-18,6.41417E-17
8167.9253,5.418805E-17,4.6664447E-18,7.343109E-17
8173.449,5.9423914E-17,4.7606395E-18,7.768927E-17
8178.9727,6.168877E-17,4.757155E-18,7.1074435E-17
8184.4966,4.828692E-17,4.6356285E-18,7.2979194E-17
8190.0205,4.519334E-17,4.554382E-18,6.500934E-17
8195.544,4.965242E-17,4.6451436E-18,6.751106E-17
8201.068,5.0535114E-17,4.7118056E-18,7.38992E-17
8206.592,5.3001098E-17,4.742279E-18,7.139251E-17
8212.115,5.839255E-17,4.7994674E-18,6.956057E-17
8217.64,5.501629E-17,4.69434E-18,5.978929E-17
8223.163,5.7104744E-17,4.7256746E-18,5.986418E-17
8228.6875,4.2260082E-17,4.5988756E-18,6.456753E-17
8234.211,5.670618E-17,4.8172153E-18,7.087012E-17
8239.734,5.048429E-17,4.8260587E-18,7.8964084E-17
8245.259,6.296473E-17,4.928644E-18,7.212144E-17
8250.782,4.7679197E-17,4.792024E-18,7.454655E-17
8256.306,5.1715593E-17,4.9850846E-18,9.272186E-17
8261.83,2.5177684E-17,5.0601256E-18,1.4390382E-16
8267.354,5.1553674E-17,5.6805284E-18,1.9496286E-16
8272.878,5.2786468E-17,6.036098E-18,2.51881E-16
8278.401,7.827911E-17,6.4401586E-18,2.8218786E-16
8283.925,7.0053086E-17,6.3474804E-18,2.7306571E-16
8289.449,6.705784E-17,6.0821916E-18,2.3145707E-16
8294.973,5.784363E-17,5.689364E-18,1.7874656E-16
8300.496,3.734597E-17,5.0875193E-18,1.1613302E-16
8306.0205,4.3000375E-17,4.9572326E-18,8.728529E-17
8311.544,4.7345764E-17,4.9384403E-18,7.754489E-17
8317.068,3.769398E-17,5.0337783E-18,1.0357175E-16
8322.592,5.249265E-17,5.9983246E-18,2.259012E-16
8328.115,4.7486192E-17,6.6507906E-18,3.4459444E-16
8333.64,3.7959153E-17,6.695782E-18,3.6645933E-16
8339.163,5.1625156E-17,6.6840937E-18,3.394015E-16
8344.687,4.2787244E-17,6.071358E-18,2.4418745E-16
8350.211,5.5835724E-17,5.6362904E-18,1.5219806E-16
8355.734,3.9886553E-17,5.35463E-18,1.3205837E-16
8361.259,4.960868E-17,5.4367757E-18,1.2745015E-16
8366.782,5.0380974E-17,5.4837347E-18,1.317339E-16
8372.306,3.561721E-17,5.4349166E-18,1.4513509E-16
8377.83,4.1541586E-17,6.073297E-18,2.3419183E-16
8383.354,2.604204E-17,6.1326654E-18,2.6548845E-16
8388.877,5.88904E-17,6.4568743E-18,2.6653432E-16
8394.401,8.850074E-17,6.6874633E-18,2.582021E-16
8399.925,4.397533E-17,5.8574115E-18,1.8807209E-16
8405.449,4.4550843E-17,5.932599E-18,1.9421738E-16
8410.973,4.6983177E-17,6.4445935E-18,2.714187E-16
8416.496,2.5667949E-17,6.3605648E-18,2.9005947E-16
8422.0205,5.3540284E-17,6.5148447E-18,2.691016E-16
8427.544,6.108965E-17,6.3875056E-18,2.3330406E-16
8433.067,5.2828925E-17,6.055124E-18,1.9023191E-16
8438.592,4.8233835E-17,5.9534985E-18,1.7908069E-16
8444.115,6.255236E-17,6.2777384E-18,2.0637718E-16
8449.64,5.1262206E-17,6.2587575E-18,2.1757853E-16
8455.163,4.7999167E-17,6.1042616E-18,1.9673624E-16
8460.687,4.9094152E-17,5.9424374E-18,1.6782556E-16
8466.211,4.5352993E-17,5.5369845E-18,1.1230881E-16
8471.734,4.8006512E-17,5.416354E-18,8.9831126E-17
8477.259,4.394894E-17,5.4945183E-18,1.04516004E-16
8482.782,4.609529E-17,5.7305733E-18,1.3287496E-16
8488.306,4.5914632E-17,5.9073815E-18,1.5687606E-16
8493.83,4.210246E-17,5.740139E-18,1.3678264E-16
8499.354,5.558876E-17,5.8122354E-18,1.2367495E-16
8504.877,5.8294277E-17,5.6181962E-18,9.037688E-17
8510.401,5.014906E-17,5.407759E-18,7.227526E-17
8515.925,6.2406085E-17,5.496125E-18,6.430929E-17
8521.449,4.2843386E-17,5.386221E-18,7.727164E-17
8526.973,4.8022808E-17,5.477303E-18,8.067761E-17
8532.496,4.6583153E-17,5.572837E-18,9.257808E-17
8538.0205,5.3966305E-17,5.691083E-18,9.736637E-17
8543.544,7.214114E-17,5.836654E-18,8.6732514E-17
8549.067,4.2415853E-17,5.471732E-18,8.170821E-17
8554.592,5.5220136E-17,5.4896243E-18,6.346946E-17
8560.115,4.4901137E-17,5.371046E-18,5.976889E-17
8565.64,4.486399E-17,5.3925674E-18,6.079977E-17
8571.163,4.4589995E-17,5.556133E-18,8.1934794E-17
8576.687,5.1809055E-17,5.69666E-18,8.7539915E-17
8582.211,6.101997E-17,5.81111E-18,8.665058E-17
8587.734,4.8111074E-17,5.765734E-18,9.761167E-17
8593.258,4.3124254E-17,5.7860382E-18,1.06061264E-16
8598.782,3.416811E-17,5.9208666E-18,1.3730476E-16
8604.306,3.7829047E-17,6.3535147E-18,1.9146969E-16
8609.83,4.2747642E-17,6.952151E-18,2.7578167E-16
8615.354,5.702165E-17,7.37984E-18,3.2182562E-16
8620.877,6.68952E-17,7.347434E-18,2.9861257E-16
8626.401,6.027375E-17,7.012364E-18,2.492175E-16
8631.925,5.573475E-17,6.795464E-18,2.194217E-16
8637.448,5.0743127E-17,6.8395524E-18,2.314441E-16
8642.973,3.2365807E-17,6.94331E-18,2.7570928E-16
8648.496,3.483049E-17,7.10352E-18,2.9543675E-16
8654.0205,6.1973913E-17,7.3902376E-18,2.96462E-16
8659.544,6.1245955E-17,7.165716E-18,2.5663267E-16
8665.067,5.617285E-17,6.7502103E-18,1.9698095E-16
8670.592,3.9719258E-17,6.319714E-18,1.5592437E-16
8676.115,5.2818265E-17,6.1535934E-18,1.10707074E-16
8681.639,3.7605877E-17,5.8995096E-18,9.711421E-17
8687.163,4.8510904E-17,5.981507E-18,8.943441E-17
8692.687,6.9940854E-17,6.2156353E-18,8.598818E-17
8698.211,4.7931957E-17,6.0152525E-18,8.988555E-17
8703.734,4.918268E-17,5.9654955E-18,8.0539823E-17
8709.258,5.355626E-17,5.917699E-18,6.442065E-17
8714.782,4.2640323E-17,5.7485996E-18,5.702428E-17
8720.306,3.484602E-17,5.7793257E-18,7.169482E-17
8725.83,3.9194607E-17,5.841066E-18,6.953231E-17
8731.354,3.7145032E-17,5.972903E-18,8.9651535E-17
8736.877,5.8221385E-17,6.606104E-18,1.4024428E-16
8742.401,7.715876E-17,7.33962E-18,2.177651E-16
8747.925,6.310929E-17,7.767156E-18,3.0654252E-16
8753.448,5.0047087E-17,8.123234E-18,3.8556506E-16
8758.973,5.1479605E-17,8.408563E-18,4.2842265E-16
8764.496,3.7721815E-17,8.101422E-18,3.9212646E-16
8770.0205,4.9830786E-17,7.779502E-18,3.1671467E-16
8775.544,5.6343156E-17,7.265459E-18,2.22701E-16
8781.067,5.550908E-17,6.693847E-18,1.3665797E-16
8786.592,5.578282E-17,6.478679E-18,1.0373615E-16
8792.115,3.5827095E-17,6.0998114E-18,8.2292566E-17
8797.639,3.0415504E-17,6.29772E-18,1.1469453E-16
8803.163,3.6371055E-17,7.5968474E-18,2.898926E-16
8808.687,7.6664515E-17,9.201327E-18,5.0036306E-16
8814.211,1.1584854E-16,9.9499314E-18,5.8365504E-16
8819.734,9.954161E-17,9.5592275E-18,5.2759946E-16
8825.258,4.719641E-17,8.256434E-18,3.6739482E-16
8830.782,4.0155556E-17,7.3254255E-18,2.2834439E-16
8836.306,3.098973E-17,6.773714E-18,1.5999158E-16
8841.829,5.606313E-17,7.064372E-18,1.5850881E-16
8847.354,7.211892E-17,7.38608E-18,1.8066686E-16
8852.877,7.75568E-17,7.30933E-18,1.5785452E-16
8858.401,3.473556E-17,7.139146E-18,1.933039E-16
8863.925,4.658371E-17,7.917777E-18,2.8878635E-16
8869.448,1.5886531E-17,7.9627905E-18,3.398629E-16
8874.973,3.5221466E-17,8.33637E-18,3.6714908E-16
8880.496,7.91412E-17,8.552965E-18,3.3660946E-16
8886.02,6.372533E-17,7.860119E-18,2.4101814E-16
8891.544,4.889903E-17,7.635692E-18,2.263319E-16
8897.067,4.0521447E-17,8.191131E-18,3.2243977E-16
8902.592,3.421708E-17,8.442772E-18,3.6721642E-16
8908.115,3.7253574E-17,8.5467E-18,3.7638007E-16
8913.639,6.519582E-17,8.4058185E-18,3.0598133E-16
8919.163,7.044746E-17,7.822002E-18,2.0459495E-16
8924.687,5.6656095E-17,7.41672E-18,1.646575E-16
8930.21,5.2653745E-17,7.549896E-18,1.8542222E-16
8935.734,4.1977113E-17,8.02793E-18,2.6822063E-16
8941.258,4.0259406E-17,8.246668E-18,3.0074204E-16
8946.782,4.982462E-17,8.285269E-18,2.897915E-16
8952.306,5.84258E-17,8.009779E-18,2.3128354E-16
8957.829,5.8923536E-17,7.304908E-18,1.312005E-16
8963.354,5.727027E-17,7.0430715E-18,9.543475E-17
8968.877,5.039925E-17,7.09702E-18,1.0793765E-16
8974.4,4.304827E-17,7.3811675E-18,1.537527E-16
8979.925,5.0267676E-17,7.902484E-18,2.1293102E-16
8985.448,5.847461E-17,8.035956E-18,2.1763367E-16
8990.973,6.900915E-17,7.829539E-18,1.7454662E-16
8996.496,5.0130778E-17,7.3471266E-18,1.291583E-16
9002.02,2.9855863E-17,6.7954372E-18,8.583548E-17
9007.544,3.5511946E-17,6.792063E-18,7.4077E-17
9013.067,3.5644874E-17,6.8988075E-18,8.393521E-17
9018.592,3.850373E-17,7.0824395E-18,9.957526E-17
9024.115,4.1906968E-17,7.351115E-18,1.2343258E-16
9029.639,7.0005E-17,7.757948E-18,1.3241524E-16
9035.163,3.1707798E-17,7.2450285E-18,1.1753554E-16
9040.687,3.7627258E-17,7.2933E-18,1.1012213E-16
9046.21,4.3764806E-17,7.312236E-18,1.0164128E-16
9051.734,5.4893115E-17,7.272005E-18,7.613951E-17
9057.258,3.068171E-17,7.006167E-18,7.646621E-17
9062.782,3.2266367E-17,6.992214E-18,6.812596E-17
9068.306,3.9602116E-17,7.113743E-18,7.1265646E-17
9073.829,4.1990252E-17,7.244763E-18,8.107439E-17
9079.354,3.5558982E-17,7.2820035E-18,9.105421E-17
9084.877,3.5404558E-17,7.454462E-18,1.0832357E-16
9090.4,6.343133E-17,7.633572E-18,8.7045003E-17
9095.925,4.7956282E-17,7.3899555E-18,7.475369E-17
9101.448,3.8814127E-17,7.2734694E-18,7.0291876E-17
9106.973,4.4350433E-17,7.270648E-18,5.7623784E-17
9112.496,4.285105E-17,7.290463E-18,6.137814E-17
9118.02,4.778477E-17,7.505945E-18,7.389703E-17
9123.544,4.735762E-17,7.4410984E-18,6.480892E-17
9129.067,2.924038E-17,7.301843E-18,7.059034E-17
9134.591,3.603669E-17,7.447356E-18,7.469757E-17
9140.115,4.396094E-17,7.623803E-18,8.166457E-17
9145.639,5.176784E-17,7.794288E-18,8.8770045E-17
9151.163,6.2815235E-17,7.8577435E-18,7.5663534E-17
9156.687,4.4688628E-17,7.57295E-18,6.50392E-17
9162.21,3.2454547E-17,7.5227635E-18,7.0515724E-17
9167.734,4.639331E-17,7.70866E-18,6.897309E-17
9173.258,5.5988904E-17,7.778281E-18,5.879342E-17
9178.781,4.6766185E-17,7.758252E-18,6.71597E-17
9184.306,3.8198076E-17,7.667981E-18,6.415652E-17
9189.829,3.7229676E-17,7.6715005E-18,6.166209E-17
9195.354,3.2453138E-17,7.663934E-18,6.368276E-17
9200.877,2.965094E-17,7.842792E-18,8.700596E-17
9206.4,5.563614E-17,8.191375E-18,8.421185E-17
9211.925,5.778835E-17,8.1871185E-18,7.721695E-17
9217.448,4.6320698E-17,8.1125565E-18,8.135826E-17
9222.972,4.644656E-17,8.019762E-18,6.475379E-17
9228.496,4.6640063E-17,8.031701E-18,6.401502E-17
9234.02,4.6927127E-17,8.103001E-18,6.8999694E-17
9239.544,4.3235913E-17,8.208737E-18,8.397664E-17
